Is_3D_Phase,Iteration,Envelope_Compliance_Nm,Max_Delta_Rho,Compute_Time_sec,Peak_VRAM_GB
0,1,0.6079427539358324,0.20000000000000007,0.6613860130310059,1.1377930641174316
0,2,0.6106844590178069,0.19850000000000007,0.1639842987060547,1.1441259384155273
0,3,0.6076709509205074,0.19700000000000006,0.13082098960876465,1.1441259384155273
0,4,0.6117349771495828,0.19550000000000006,0.1186072826385498,1.1441259384155273
0,5,0.6132899516454415,0.17949282574289652,0.0994727611541748,1.1441259384155273
0,6,0.6177674342273942,0.1925,0.11800861358642578,1.1441259384155273
0,7,0.6201538691329229,0.11859115555363038,0.10034847259521484,1.1441259384155273
0,8,0.6244248942112329,0.13391170139518938,0.11425185203552246,1.1441259384155273
0,9,0.6288602443110829,0.1593005192891062,0.13109850883483887,1.1441259384155273
0,10,0.6327565411267446,0.1461530591686637,0.11279153823852539,1.1441259384155273
0,11,0.6354543334402134,0.13194565960809346,0.10905957221984863,1.1441259384155273
0,12,0.6404944985249744,0.13194565960809346,0.12423539161682129,1.1441259384155273
0,13,0.6457998952640613,0.1762748969874122,0.11217355728149414,1.1441259384155273
0,14,0.64747321699653,0.1762748969874122,0.06275010108947754,1.1441259384155273
0,15,0.6518118773703446,0.17489446591516003,0.09062981605529785,1.1441259384155273
0,16,0.6571130204761739,0.09303879123675726,0.10829925537109375,1.1441259384155273
0,17,0.658910142264138,0.04660386786468351,0.07152152061462402,1.1441259384155273
0,18,0.6659463349546331,0.08967657577282605,0.12723398208618164,1.1441259384155273
0,19,0.6678624504872599,0.04655141143098429,0.06607246398925781,1.1441259384155273
0,20,0.6740381579446988,0.03874252603612553,0.12535977363586426,1.1441259384155273
0,21,0.6776733839907396,0.05694816957543525,0.07448315620422363,1.1441259384155273
0,22,0.680385094206603,0.04510685247675239,0.07925796508789062,1.1441259384155273
0,23,0.6875699892545297,0.0930660729429735,0.14113259315490723,1.1441259384155273
0,24,0.6897706740681342,0.08960404838008296,0.07289004325866699,1.1441259384155273
0,25,0.6957728878566857,0.11457568152452771,0.12178444862365723,1.1441259384155273
0,26,0.6995272894519515,0.06729583922773553,0.0820610523223877,1.1441259384155273
0,27,0.7026446702114828,0.050745204997390506,0.07442164421081543,1.1441259384155273
0,28,0.7099738531178044,0.15560071133602008,0.12449336051940918,1.1441259384155273
0,29,0.7115078767085188,0.14585353821496364,0.05291485786437988,1.1441259384155273
0,30,0.7184126227732212,0.13583993162588834,0.13207626342773438,1.1441259384155273
0,31,0.722656448528636,0.03332215121778559,0.09055709838867188,1.1441259384155273
0,32,0.725340698399749,0.04290312606745304,0.07393121719360352,1.1441259384155273
0,33,0.7310511195254474,0.07227555735553375,0.12721896171569824,1.1441259384155273
0,34,0.7366114922756448,0.034457375470897667,0.12439441680908203,1.1441259384155273
0,35,0.7401856581928237,0.03723361952119064,0.08484530448913574,1.1441259384155273
0,36,0.7456384615510512,0.05275808462321663,0.10867118835449219,1.1441259384155273
0,37,0.7476251880373099,0.08638851267685246,0.06262564659118652,1.1441259384155273
0,38,0.7570720035180896,0.129868243181479,0.16371774673461914,1.1441259384155273
0,39,0.7592719802759105,0.05081433594831394,0.06867623329162598,1.1441259384155273
0,40,0.7636824875429165,0.045767669206696865,0.10464596748352051,1.1441259384155273
0,41,0.8026286585576465,0.14,0.3144385814666748,1.1441259384155273
0,42,0.8045778159645749,0.1385,0.11519241333007812,1.1441259384155273
0,43,0.8084694724604631,0.137,0.11741399765014648,1.1441259384155273
0,44,0.8143635808082481,0.07188952287855743,0.1524503231048584,1.1441259384155273
0,45,0.8188288449276896,0.07558955894222652,0.1318070888519287,1.1441259384155273
0,46,0.821978299113686,0.07214947860274201,0.1044454574584961,1.1441259384155273
0,47,0.8270658047419999,0.07298472582999527,0.15418124198913574,1.1441259384155273
0,48,0.8302476595362243,0.08278261035324053,0.115875244140625,1.1441259384155273
0,49,0.8336628037873881,0.09855356299218077,0.13243794441223145,1.1441259384155273
0,50,0.8367363255783412,0.10965300985925475,0.1354048252105713,1.1441259384155273
0,51,0.8399256636937027,0.125,0.16425251960754395,1.1441259384155273
0,52,0.8410449290986661,0.12350000000000001,0.11524248123168945,1.1441259384155273
0,53,0.8417376016730627,0.12200000000000001,0.12289834022521973,1.1441259384155273
0,54,0.8423443837017639,0.12050000000000005,0.12925052642822266,1.1441259384155273
0,55,0.843426419454416,0.10776619390178666,0.0981137752532959,1.1441259384155273
0,56,0.8466777572461428,0.11750000000000005,0.19622015953063965,1.1441259384155273
0,57,0.8481049599378188,0.0888328425791094,0.09530377388000488,1.1441259384155273
0,58,0.8502367222127856,0.09752527559667579,0.12035703659057617,1.1441259384155273
0,59,0.8531754732273065,0.10354641318580282,0.1600024700164795,1.1441259384155273
0,60,0.8540125515178667,0.11150000000000004,0.07291889190673828,1.1441259384155273
0,61,0.8566928317578802,0.10999999999999999,0.11340832710266113,1.1441259384155273
0,62,0.8589831870108497,0.08383736358797234,0.14051532745361328,1.1441259384155273
0,63,0.8618470478620337,0.08564038780060124,0.13927340507507324,1.1441259384155273
0,64,0.863237711942862,0.09459590793610939,0.08430218696594238,1.1441259384155273
0,65,0.8661281988068854,0.10192877694129154,0.16389727592468262,1.1441259384155273
0,66,0.867038977549957,0.10250000000000004,0.0710592269897461,1.1441259384155273
0,67,0.8707004543516511,0.10099999999999998,0.155653715133667,1.1441259384155273
0,68,0.8727668242906844,0.09950000000000003,0.13429617881774902,1.1441259384155273
0,69,0.8742404950253104,0.09799999999999998,0.08978486061096191,1.1441259384155273
0,70,0.8752700459419227,0.09650000000000003,0.07488679885864258,1.1441259384155273
0,71,0.8792368230852496,0.08872643085476128,0.20792245864868164,1.1441259384155273
0,72,0.8798926785884817,0.0922413262271532,0.0740976333618164,1.1441259384155273
0,73,0.8823707610172051,0.09199999999999997,0.14032292366027832,1.1441259384155273
0,74,0.8843360108042275,0.09050000000000002,0.1401822566986084,1.1441259384155273
0,75,0.8853147695458694,0.08899999999999997,0.07542037963867188,1.1441259384155273
0,76,0.8877633649060528,0.08750000000000002,0.14321494102478027,1.1441259384155273
0,77,0.8889975899928235,0.08600000000000008,0.09279131889343262,1.1441259384155273
0,78,0.8891860605720275,0.08450000000000002,0.054112911224365234,1.1441259384155273
0,79,0.8938732546943717,0.08299999999999996,0.2460319995880127,1.1441259384155273
0,80,0.8943650590388696,0.08150000000000002,0.06831192970275879,1.1441259384155273
0,81,0.8767153526137534,0.08000000000000007,0.34511518478393555,1.1441259384155273
0,82,0.8761762291796993,0.07850000000000001,0.20158171653747559,1.1441259384155273
0,83,0.876384859022906,0.07700000000000001,0.22936511039733887,1.1441259384155273
0,84,0.877344622406732,0.07550000000000001,0.15421772003173828,1.1441259384155273
0,85,0.8779975488433271,0.07400000000000007,0.10518026351928711,1.1441259384155273
0,86,0.879142310206644,0.07250000000000001,0.10088062286376953,1.1441259384155273
0,87,0.8793148832456255,0.07100000000000006,0.05608701705932617,1.1441259384155273
0,88,0.8818688860698434,0.0695,0.16425323486328125,1.1441259384155273
0,89,0.8822800896568613,0.06800000000000006,0.06749367713928223,1.1441259384155273
0,90,0.8835408770518615,0.0665,0.09492707252502441,1.1441259384155273
0,91,0.883693468593737,0.06500000000000006,0.053511857986450195,1.1441259384155273
0,92,0.8865118525832285,0.06350000000000003,0.16605091094970703,1.1441259384155273
0,93,0.8867808902934691,0.062000000000000055,0.05829906463623047,1.1441259384155273
0,94,0.8885139043473068,0.060500000000000026,0.12313699722290039,1.1441259384155273
0,95,0.8894329828515911,0.05900000000000005,0.09162330627441406,1.1441259384155273
0,96,0.8911205984638666,0.05750000000000005,0.1456742286682129,1.1441259384155273
0,97,0.893041035418425,0.05600000000000005,0.16674280166625977,1.1441259384155273
0,98,0.8936581326977143,0.05449999999999999,0.0796363353729248,1.1441259384155273
0,99,0.8949254576697933,0.05300000000000005,0.10443329811096191,1.1441259384155273
0,100,0.8951107879837741,0.05149999999999999,0.058644771575927734,1.1441259384155273
0,101,0.898352523881149,0.050000000000000044,0.2445814609527588,1.1441259384155273
0,102,0.8988615149724876,0.048500000000000015,0.08393573760986328,1.1441259384155273
0,103,0.8998701571977157,0.04700000000000004,0.11542034149169922,1.1441259384155273
0,104,0.9012595863161988,0.04550000000000001,0.12330341339111328,1.1441259384155273
0,105,0.9014229095694521,0.04400000000000004,0.05936384201049805,1.1441259384155273
0,106,0.9043541902463839,0.04250000000000001,0.25090527534484863,1.1441259384155273
0,107,0.9049908989274871,0.041000000000000036,0.0821070671081543,1.1441259384155273
0,108,0.9061199443811242,0.03950000000000001,0.09704852104187012,1.1441259384155273
0,109,0.9075877220393884,0.038000000000000034,0.11596131324768066,1.1441259384155273
0,110,0.9096381414720616,0.036500000000000005,0.2256758213043213,1.1441259384155273
0,111,0.9102390362129454,0.03500000000000003,0.086273193359375,1.1441259384155273
0,112,0.9114518470778062,0.0335,0.10087442398071289,1.1441259384155273
0,113,0.913497800805612,0.03200000000000003,0.2281932830810547,1.1441259384155273
0,114,0.9142844605416302,0.030500000000000083,0.09415698051452637,1.1441259384155273
0,115,0.9155487663517268,0.029000000000000026,0.11243796348571777,1.1441259384155273
0,116,0.9175587726587295,0.02750000000000008,0.24764609336853027,1.1441259384155273
0,117,0.9185044127052406,0.026000000000000023,0.10652995109558105,1.1441259384155273
0,118,0.9201233504886357,0.024500000000000077,0.20188403129577637,1.1441259384155273
0,119,0.9214800598834751,0.02300000000000002,0.18576431274414062,1.1441259384155273
0,120,0.92293854867104,0.021500000000000075,0.19653034210205078,1.1441259384155273
0,121,0.8763710681971038,0.020000000000000073,0.6808593273162842,1.1441259384155273
0,122,0.875545613251316,0.020000000000000073,0.2809600830078125,1.1441259384155273
0,123,0.8752887358952078,0.020000000000000025,0.2007460594177246,1.1441259384155273
0,124,0.8747784210665857,0.020000000000000046,0.2453007698059082,1.1441259384155273
0,125,0.8746146217367314,0.020000000000000018,0.10481905937194824,1.1441259384155273
0,126,0.8743916223387649,0.020000000000000018,0.14967846870422363,1.1441259384155273
0,127,0.8741042063238812,0.020000000000000018,0.16992592811584473,1.1441259384155273
0,128,0.87394764006294,0.020000000000000018,0.11334013938903809,1.1441259384155273
0,129,0.8737985065921373,0.020000000000000073,0.08402895927429199,1.1441259384155273
0,130,0.8735998825881065,0.020000000000000073,0.11704373359680176,1.1441259384155273
0,131,0.8735489388467808,0.020000000000000018,0.05926156044006348,1.1441259384155273
0,132,0.8731783000006947,0.020000000000000073,0.16990208625793457,1.1441259384155273
0,133,0.8730897439334324,0.020000000000000018,0.0830378532409668,1.1441259384155273
0,134,0.8728798725712338,0.020000000000000018,0.09862375259399414,1.1441259384155273
0,135,0.8728473361384548,0.020000000000000018,0.04774332046508789,1.1441259384155273
0,136,0.872576363100303,0.020000000000000018,0.10106158256530762,1.1441259384155273
0,137,0.872548436453801,0.020000000000000073,0.047122955322265625,1.1441259384155273
0,138,0.8722904414856845,0.020000000000000018,0.09791994094848633,1.1441259384155273
0,139,0.8722682669243162,0.020000000000000018,0.04647493362426758,1.1441259384155273
0,140,0.8720626882433654,0.020000000000000018,0.09636998176574707,1.1441259384155273
0,141,0.8719575437084706,0.020000000000000018,0.07633113861083984,1.1441259384155273
0,142,0.8718845858903266,0.020000000000000018,0.05633711814880371,1.1441259384155273
0,143,0.8718545904870978,0.020000000000000018,0.04614830017089844,1.1441259384155273
0,144,0.8714316857531522,0.020000000000000018,0.17570924758911133,1.1441259384155273
0,145,0.8714160719911666,0.020000000000000073,0.04186511039733887,1.1441259384155273
0,146,0.8712933415086946,0.020000000000000073,0.06303572654724121,1.1441259384155273
0,147,0.8712215495630544,0.020000000000000018,0.07372546195983887,1.1441259384155273
0,148,0.8710746803798115,0.020000000000000018,0.0576784610748291,1.1441259384155273
0,149,0.8710523164655734,0.020000000000000018,0.04410076141357422,1.1441259384155273
0,150,0.8707913089249252,0.020000000000000018,0.12129640579223633,1.1441259384155273
0,1,0.6081780240465089,0.20000000000000007,0.6520524024963379,2.22432804107666
0,2,0.6088985877491118,0.19850000000000007,0.15596318244934082,2.230660915374756
0,3,0.6076596123676039,0.197,0.11506247520446777,2.230660915374756
0,4,0.6106293332705077,0.1955,0.10082483291625977,2.230660915374756
0,5,0.6131118372263733,0.12311357080345642,0.10001468658447266,2.230660915374756
0,6,0.617099347274184,0.10554298108993854,0.09071063995361328,2.230660915374756
0,7,0.6208056201182486,0.14166929588512467,0.08709073066711426,2.230660915374756
0,8,0.6245816646571873,0.10920842487249716,0.08210277557373047,2.230660915374756
0,9,0.6283642806684318,0.09717201280382204,0.08001399040222168,2.230660915374756
0,10,0.6321952981226207,0.07221486204628402,0.08677268028259277,2.230660915374756
0,11,0.6360401553281803,0.06796316393143953,0.0858311653137207,2.230660915374756
0,12,0.640014255621826,0.0761021366904292,0.08012533187866211,2.230660915374756
0,13,0.6443919624336961,0.07333211391406602,0.09442996978759766,2.230660915374756
0,14,0.6488332672633887,0.062354457525088614,0.0952901840209961,2.230660915374756
0,15,0.6512852240064089,0.062297811135719416,0.06398797035217285,2.230660915374756
0,16,0.653351987208368,0.0391235038115505,0.05722665786743164,2.230660915374756
0,17,0.6612762503109855,0.13551220627419244,0.12879419326782227,2.230660915374756
0,18,0.6631444189842457,0.11335228833229603,0.07021188735961914,2.230660915374756
0,19,0.6691985971727259,0.11197951699037399,0.11558389663696289,2.230660915374756
0,20,0.6735770885247623,0.04282120780764542,0.11224484443664551,2.230660915374756
0,21,0.6752862706722363,0.06565488518706263,0.05995941162109375,2.230660915374756
0,22,0.6829674750365604,0.11999667490591022,0.14703726768493652,2.230660915374756
0,23,0.6844028239403912,0.0779724810613519,0.060494184494018555,2.230660915374756
0,24,0.6906798869531436,0.03223964453641792,0.12436676025390625,2.230660915374756
0,25,0.6943735622048262,0.07523994540586319,0.07585334777832031,2.230660915374756
0,26,0.6997127870262606,0.035941948343804236,0.13233661651611328,2.230660915374756
0,27,0.7035844841328823,0.02823931494844034,0.08853912353515625,2.230660915374756
0,28,0.7084006081838017,0.029078646232445604,0.11134791374206543,2.230660915374756
0,29,0.7139234288319708,0.025997087572090405,0.12008452415466309,2.230660915374756
0,30,0.7170493579756493,0.028007298765125865,0.08051085472106934,2.230660915374756
0,31,0.7222638525887857,0.028366767155348138,0.12197613716125488,2.230660915374756
0,32,0.7260562149430563,0.028108220284288832,0.08329582214355469,2.230660915374756
0,33,0.7312796771378178,0.03215498315158938,0.10823822021484375,2.230660915374756
0,34,0.7369684237818573,0.03069356264572254,0.11704111099243164,2.230660915374756
0,35,0.7402173743525142,0.033171471964371646,0.08818674087524414,2.230660915374756
0,36,0.7459156780123894,0.03381894855037326,0.11632847785949707,2.230660915374756
0,37,0.7476873254977576,0.07353895995218315,0.06742501258850098,2.230660915374756
0,38,0.7573731444227589,0.07043290582356276,0.1927490234375,2.230660915374756
0,39,0.7595319072633525,0.04469630361722188,0.06819796562194824,2.230660915374756
0,40,0.7638930821047354,0.06606012810169856,0.09592485427856445,2.230660915374756
0,41,0.8034684237724665,0.14000000000000007,0.30364394187927246,2.230660915374756
0,42,0.8058585896345554,0.13850000000000004,0.1107637882232666,2.230660915374756
0,43,0.8097622066510828,0.137,0.11387896537780762,2.230660915374756
0,44,0.8159689770897334,0.07269495958542316,0.14896178245544434,2.230660915374756
0,45,0.8204806517008629,0.05966254061581899,0.12862849235534668,2.230660915374756
0,46,0.8236338013123464,0.06564884495690848,0.09459257125854492,2.230660915374756
0,47,0.8292797299822804,0.06962536559798316,0.1533031463623047,2.230660915374756
0,48,0.8329193206042393,0.06801937338362007,0.1284189224243164,2.230660915374756
0,49,0.8363360158021022,0.07474792117086404,0.12755703926086426,2.230660915374756
0,50,0.8407718220793202,0.0835337153853607,0.17351460456848145,2.230660915374756
0,51,0.8431161609484256,0.09958808941348618,0.1292886734008789,2.230660915374756
0,52,0.8454976327177455,0.12305674841230563,0.15193700790405273,2.230660915374756
0,53,0.8472936182237746,0.122,0.1689622402191162,2.230660915374756
0,54,0.8477852461652906,0.12050000000000005,0.10651707649230957,2.230660915374756
0,55,0.8493784938042988,0.119,0.16057801246643066,2.230660915374756
0,56,0.8504338380384546,0.09731093925418233,0.09780669212341309,2.230660915374756
0,57,0.85229356009283,0.10739357085958412,0.13583016395568848,2.230660915374756
0,58,0.8548007777440509,0.09636911374002655,0.17856645584106445,2.230660915374756
0,59,0.8559702262144377,0.09205165406091187,0.10758137702941895,2.230660915374756
0,60,0.8581238761318994,0.09785528304210545,0.13181185722351074,2.230660915374756
0,61,0.8606947526010031,0.1076026709429525,0.1807408332824707,2.230660915374756
0,62,0.8621643458034938,0.08162536328912762,0.10474205017089844,2.230660915374756
0,63,0.8634224869235896,0.08001369755649368,0.09706950187683105,2.230660915374756
0,64,0.8672443702277859,0.09236322822159782,0.20522189140319824,2.230660915374756
0,65,0.8681784469679346,0.10030019324722472,0.08679628372192383,2.230660915374756
0,66,0.8709648237570129,0.10250000000000004,0.14513659477233887,2.230660915374756
0,67,0.8729751528170939,0.10099999999999998,0.14771413803100586,2.230660915374756
0,68,0.8742729553659723,0.09950000000000003,0.09451580047607422,2.230660915374756
0,69,0.8764740704845267,0.09799999999999998,0.1128847599029541,2.230660915374756
0,70,0.8783332544636022,0.09650000000000003,0.13889074325561523,2.230660915374756
0,71,0.8808354642447324,0.08801773962882253,0.1501767635345459,2.230660915374756
0,72,0.8816794805893071,0.08542112946797775,0.07349610328674316,2.230660915374756
0,73,0.8843129392967808,0.09199999999999997,0.15552258491516113,2.230660915374756
0,74,0.8848344009155416,0.09050000000000002,0.07106351852416992,2.230660915374756
0,75,0.8874841726514082,0.08899999999999997,0.17245244979858398,2.230660915374756
0,76,0.8878364929425612,0.08750000000000002,0.05771136283874512,2.230660915374756
0,77,0.8910362282776388,0.08599999999999997,0.17292475700378418,2.230660915374756
0,78,0.8914410456583632,0.08450000000000002,0.06920742988586426,2.230660915374756
0,79,0.8942570380661227,0.07900689820400841,0.159043550491333,2.230660915374756
0,80,0.8945753304116908,0.08150000000000002,0.05848097801208496,2.230660915374756
0,81,0.877987070275239,0.08000000000000007,0.3484156131744385,2.230660915374756
0,82,0.8772960481151748,0.07850000000000001,0.22196650505065918,2.230660915374756
0,83,0.8772986014272105,0.07700000000000007,0.2264859676361084,2.230660915374756
0,84,0.8781771082530684,0.07550000000000001,0.14302873611450195,2.230660915374756
0,85,0.8786422138350238,0.07400000000000001,0.09088897705078125,2.230660915374756
0,86,0.8798204867355841,0.07250000000000006,0.1094064712524414,2.230660915374756
0,87,0.8800067058643701,0.07100000000000006,0.05668234825134277,2.230660915374756
0,88,0.8823500115244601,0.0695,0.1580507755279541,2.230660915374756
0,89,0.882692153787746,0.06800000000000006,0.06594324111938477,2.230660915374756
0,90,0.8838939575468223,0.0665,0.09049010276794434,2.230660915374756
0,91,0.8840344344890083,0.06500000000000006,0.05387473106384277,2.230660915374756
0,92,0.886750986595241,0.0635,0.1681368350982666,2.230660915374756
0,93,0.8869705765973455,0.062000000000000055,0.060434579849243164,2.230660915374756
0,94,0.8884181064194987,0.0605,0.10232830047607422,2.230660915374756
0,95,0.888584303249925,0.05900000000000005,0.058646202087402344,2.230660915374756
0,96,0.8918942603090028,0.057499999999999996,0.23218226432800293,2.230660915374756
0,97,0.8922809974768,0.05600000000000005,0.07517313957214355,2.230660915374756
0,98,0.893326835562783,0.05449999999999999,0.0951547622680664,2.230660915374756
0,99,0.8941785833016337,0.05300000000000005,0.0892338752746582,2.230660915374756
0,100,0.8958430767001591,0.05150000000000002,0.15408968925476074,2.230660915374756
0,101,0.8974399741945482,0.050000000000000044,0.15164923667907715,2.230660915374756
0,102,0.8981512192177514,0.048500000000000015,0.08617901802062988,2.230660915374756
0,103,0.8988999165740967,0.04700000000000004,0.0793607234954834,2.230660915374756
0,104,0.9004513785796686,0.045499999999999985,0.16828083992004395,2.230660915374756
0,105,0.902155893149763,0.04400000000000004,0.15497970581054688,2.230660915374756
0,106,0.9029389535755563,0.04250000000000001,0.08298897743225098,2.230660915374756
0,107,0.9041704736554343,0.041000000000000036,0.10114836692810059,2.230660915374756
0,108,0.9061144501798124,0.03950000000000001,0.17655467987060547,2.230660915374756
0,109,0.9066089447187851,0.038000000000000034,0.07663369178771973,2.230660915374756
0,110,0.9084615248856908,0.036500000000000005,0.17314553260803223,2.230660915374756
0,111,0.9099594028571956,0.03500000000000003,0.16928482055664062,2.230660915374756
0,112,0.9109819291495558,0.03350000000000003,0.09642696380615234,2.230660915374756
0,113,0.9123548532855679,0.03200000000000003,0.11595726013183594,2.230660915374756
0,114,0.9143685013798788,0.030500000000000083,0.2280867099761963,2.230660915374756
0,115,0.9150597645600931,0.029000000000000026,0.09381747245788574,2.230660915374756
0,116,0.9163576656277472,0.02750000000000008,0.12858939170837402,2.230660915374756
0,117,0.9183573053304481,0.026000000000000023,0.2691817283630371,2.230660915374756
0,118,0.9192941040441063,0.024500000000000077,0.10934829711914062,2.230660915374756
0,119,0.9211166286426724,0.02300000000000002,0.26572132110595703,2.230660915374756
0,120,0.9220590089047302,0.021500000000000075,0.11450362205505371,2.230660915374756
0,121,0.8756059088346113,0.020000000000000073,0.6677796840667725,2.230660915374756
0,122,0.8748098280024437,0.020000000000000018,0.27324461936950684,2.230660915374756
0,123,0.8745347358045538,0.020000000000000025,0.1980907917022705,2.230660915374756
0,124,0.8740759054961362,0.020000000000000018,0.21168732643127441,2.230660915374756
0,125,0.8738085833416511,0.020000000000000018,0.13407468795776367,2.230660915374756
0,126,0.8736314114074311,0.020000000000000018,0.10811924934387207,2.230660915374756
0,127,0.8732974755279159,0.020000000000000018,0.19423460960388184,2.230660915374756
0,128,0.8731823768486364,0.020000000000000018,0.08159947395324707,2.230660915374756
0,129,0.8729578130233351,0.020000000000000073,0.10944581031799316,2.230660915374756
0,130,0.8727928149484638,0.020000000000000073,0.08526611328125,2.230660915374756
0,131,0.8725607327750615,0.020000000000000073,0.11348962783813477,2.230660915374756
0,132,0.872517750800889,0.020000000000000018,0.061836957931518555,2.230660915374756
0,133,0.8720853383881011,0.020000000000000073,0.19460654258728027,2.230660915374756
0,134,0.8719868687708368,0.020000000000000018,0.0662543773651123,2.230660915374756
0,135,0.8718781541466512,0.020000000000000018,0.07889485359191895,2.230660915374756
0,136,0.8716801979676159,0.020000000000000018,0.0696556568145752,2.230660915374756
0,137,0.8715551235983467,0.020000000000000073,0.10237812995910645,2.230660915374756
0,138,0.8713643356598688,0.020000000000000073,0.06775355339050293,2.230660915374756
0,139,0.8712425706512112,0.020000000000000018,0.07541322708129883,2.230660915374756
0,140,0.871063592990233,0.020000000000000073,0.07358479499816895,2.230660915374756
0,141,0.8710276379162187,0.020000000000000018,0.04924511909484863,2.230660915374756
0,142,0.8707047315376228,0.020000000000000018,0.13126516342163086,2.230660915374756
0,143,0.8706783790670991,0.020000000000000018,0.046265363693237305,2.230660915374756
0,144,0.87059010867925,0.020000000000000018,0.059790849685668945,2.230660915374756
0,145,0.8704774493877429,0.020000000000000018,0.08956503868103027,2.230660915374756
0,146,0.8703013136942153,0.020000000000000018,0.06748247146606445,2.230660915374756
0,147,0.870275122345612,0.020000000000000018,0.04582500457763672,2.230660915374756
0,148,0.8700798720902302,0.020000000000000018,0.07843446731567383,2.230660915374756
0,149,0.870073743690418,0.020000000000000018,0.03721308708190918,2.230660915374756
0,150,0.869716223665058,0.020000000000000018,0.13307690620422363,2.230660915374756
0,1,0.6081796123907139,0.20000000000000007,0.7118630409240723,2.22432804107666
0,2,0.60866238119565,0.19850000000000007,0.1414623260498047,2.230660915374756
0,3,0.6076220410944864,0.197,0.11334037780761719,2.230660915374756
0,4,0.6104365240465888,0.1955,0.09841299057006836,2.230660915374756
0,5,0.61317576710136,0.13023486998960865,0.09317326545715332,2.230660915374756
0,6,0.6171345216823144,0.10315401991871553,0.09055542945861816,2.230660915374756
0,7,0.6204899080393573,0.12266612413383926,0.09427666664123535,2.230660915374756
0,8,0.6242421184584086,0.10593138442330796,0.08852171897888184,2.230660915374756
0,9,0.6285165827073756,0.09558645094075624,0.09117627143859863,2.230660915374756
0,10,0.6324691361040926,0.07927785287342581,0.08359336853027344,2.230660915374756
0,11,0.6348024093569552,0.0670896458512068,0.07363748550415039,2.230660915374756
0,12,0.6388815469805632,0.07271749964408758,0.08639097213745117,2.230660915374756
0,13,0.6439722941646955,0.06645411705037274,0.095245361328125,2.230660915374756
0,14,0.6489178977257708,0.06546974865024868,0.0951077938079834,2.230660915374756
0,15,0.6513245271303745,0.056531178043033314,0.07052874565124512,2.230660915374756
0,16,0.6538376735687954,0.04060242183345508,0.06418251991271973,2.230660915374756
0,17,0.6599347212994207,0.039903733899402716,0.1092841625213623,2.230660915374756
0,18,0.6655203560537268,0.05611326675800793,0.10738039016723633,2.230660915374756
0,19,0.6678935354605201,0.047140110312655525,0.06164264678955078,2.230660915374756
0,20,0.672286625343258,0.03453021299612935,0.08984136581420898,2.230660915374756
0,21,0.6759475639853365,0.044723948029909866,0.06871390342712402,2.230660915374756
0,22,0.6815214094584754,0.03896976188475765,0.10870194435119629,2.230660915374756
0,23,0.6872506115609965,0.040560062937007424,0.10765194892883301,2.230660915374756
0,24,0.6899175580224521,0.03394313177407404,0.06566739082336426,2.230660915374756
0,25,0.6944991313095157,0.029420107771952475,0.0885324478149414,2.230660915374756
0,26,0.6982743257272781,0.03217626304066035,0.08051562309265137,2.230660915374756
0,27,0.7036770886319527,0.027420807882904796,0.10992431640625,2.230660915374756
0,28,0.7095375738776748,0.028519251225081477,0.11163210868835449,2.230660915374756
0,29,0.7122196138081401,0.02624562905202965,0.07217836380004883,2.230660915374756
0,30,0.7172424411375373,0.026026109047081913,0.09223771095275879,2.230660915374756
0,31,0.7211774521745844,0.029606579135276867,0.08500552177429199,2.230660915374756
0,32,0.7268050287990808,0.02585297382120988,0.10831403732299805,2.230660915374756
0,33,0.7327045947460252,0.030472989221337454,0.11410117149353027,2.230660915374756
0,34,0.7355420016117507,0.030827932044598105,0.07473945617675781,2.230660915374756
0,35,0.7385312852565484,0.03277776214137862,0.06563329696655273,2.230660915374756
0,36,0.747870689317508,0.032296129818686015,0.16560959815979004,2.230660915374756
0,37,0.7501198144828879,0.03544895544511051,0.06930327415466309,2.230660915374756
0,38,0.7543941182826086,0.03969764225615591,0.08384323120117188,2.230660915374756
0,39,0.7607734530579011,0.04462772957801642,0.12117362022399902,2.230660915374756
0,40,0.7622236381660399,0.04655646399076041,0.05656242370605469,2.230660915374756
0,41,0.8035301399746879,0.14000000000000007,0.3000004291534424,2.230660915374756
0,42,0.8062772094221023,0.1385,0.10757613182067871,2.230660915374756
0,43,0.8098956089999463,0.08703047881342996,0.1107935905456543,2.230660915374756
0,44,0.8146337400025627,0.0720394591198662,0.11797928810119629,2.230660915374756
0,45,0.8221430943837111,0.06084747680117386,0.17620515823364258,2.230660915374756
0,46,0.8243427916754593,0.0622501307923885,0.08847522735595703,2.230660915374756
0,47,0.8283457754077002,0.07223577740495812,0.1105356216430664,2.230660915374756
0,48,0.8346132663021847,0.06904030748209344,0.18281173706054688,2.230660915374756
0,49,0.8365083711993273,0.07188942654006247,0.09183573722839355,2.230660915374756
0,50,0.8401591040450926,0.08044622788583111,0.12091898918151855,2.230660915374756
0,51,0.844336641949801,0.09318354726844724,0.16694140434265137,2.230660915374756
0,52,0.8463607964058537,0.11457966964431765,0.11533832550048828,2.230660915374756
0,53,0.8481383269011791,0.122,0.1245567798614502,2.230660915374756
0,54,0.8492469902891955,0.12050000000000005,0.13665366172790527,2.230660915374756
0,55,0.8493194161410796,0.119,0.09311270713806152,2.230660915374756
0,56,0.8516079286011543,0.09521099042209602,0.15701913833618164,2.230660915374756
0,57,0.8529281425849162,0.104893140373024,0.08855175971984863,2.230660915374756
0,58,0.8548639865024544,0.11401335352342157,0.1146841049194336,2.230660915374756
0,59,0.8573695407547386,0.08955659029613061,0.15529322624206543,2.230660915374756
0,60,0.8586178005334737,0.0953783152816835,0.0888664722442627,2.230660915374756
0,61,0.8600857296132949,0.10535414380708674,0.09542417526245117,2.230660915374756
0,62,0.8635620908045363,0.0993070586131568,0.17518973350524902,2.230660915374756
0,63,0.8643578804959957,0.079119604912126,0.07700586318969727,2.230660915374756
0,64,0.8667945497015019,0.09014214509938534,0.11666011810302734,2.230660915374756
0,65,0.8688722466665391,0.09807528344231808,0.14212250709533691,2.230660915374756
0,66,0.871450651497347,0.10250000000000004,0.1289653778076172,2.230660915374756
0,67,0.8726697222913766,0.10099999999999998,0.08051300048828125,2.230660915374756
0,68,0.8752405447332463,0.09950000000000003,0.15940618515014648,2.230660915374756
0,69,0.8759208321075123,0.09799999999999998,0.08296060562133789,2.230660915374756
0,70,0.8790367981546447,0.09650000000000003,0.15999126434326172,2.230660915374756
0,71,0.8793941036002575,0.08624900751556053,0.05865740776062012,2.230660915374756
0,72,0.8826928084116519,0.08216887625831004,0.1753835678100586,2.230660915374756
0,73,0.8832416825729483,0.09199999999999997,0.06988954544067383,2.230660915374756
0,74,0.8860550261086373,0.09050000000000002,0.16177582740783691,2.230660915374756
0,75,0.8864104414203179,0.08092561209194071,0.060973167419433594,2.230660915374756
0,76,0.8895961789007469,0.08750000000000002,0.17662310600280762,2.230660915374756
0,77,0.8899678635216959,0.08600000000000008,0.06148862838745117,2.230660915374756
0,78,0.8928196313582983,0.08003407548136787,0.16219782829284668,2.230660915374756
0,79,0.8931302955823508,0.07375408484642576,0.05982089042663574,2.230660915374756
0,80,0.896063092856083,0.08150000000000002,0.17322206497192383,2.230660915374756
0,81,0.8779176522500991,0.08000000000000007,0.3589446544647217,2.230660915374756
0,82,0.8773207019713806,0.07850000000000001,0.2044382095336914,2.230660915374756
0,83,0.8773482893239795,0.07699999999999996,0.2431931495666504,2.230660915374756
0,84,0.8778720942231024,0.07550000000000001,0.1017308235168457,2.230660915374756
0,85,0.8790816423050736,0.07400000000000007,0.14754271507263184,2.230660915374756
0,86,0.879466673741461,0.07250000000000001,0.07711505889892578,2.230660915374756
0,87,0.8807270679426303,0.07100000000000006,0.10784554481506348,2.230660915374756
0,88,0.880949943382029,0.0695,0.056169748306274414,2.230660915374756
0,89,0.8835075437669161,0.06800000000000006,0.15929913520812988,2.230660915374756
0,90,0.8838032025855398,0.0665,0.061151742935180664,2.230660915374756
0,91,0.8849830564791226,0.06500000000000006,0.09365677833557129,2.230660915374756
0,92,0.8858806069185833,0.0635,0.07969021797180176,2.230660915374756
0,93,0.8866522714176137,0.062000000000000055,0.07645750045776367,2.230660915374756
0,94,0.8885771493289327,0.0605,0.15250444412231445,2.230660915374756
0,95,0.8896168823850228,0.05900000000000005,0.09808349609375,2.230660915374756
0,96,0.89039421641187,0.057499999999999996,0.08193254470825195,2.230660915374756
0,97,0.8920650051867384,0.05600000000000005,0.15051555633544922,2.230660915374756
0,98,0.8938127662974187,0.05450000000000002,0.16547203063964844,2.230660915374756
0,99,0.8944017882181485,0.05300000000000005,0.08776521682739258,2.230660915374756
0,100,0.8951400719510899,0.051500000000000046,0.08031940460205078,2.230660915374756
0,101,0.896830177529889,0.050000000000000044,0.1637876033782959,2.230660915374756
0,102,0.8984792294371762,0.048500000000000015,0.14612293243408203,2.230660915374756
0,103,0.8992396108087366,0.04700000000000004,0.09473443031311035,2.230660915374756
0,104,0.8999277635062397,0.04550000000000001,0.07996273040771484,2.230660915374756
0,105,0.9013879147342609,0.04400000000000004,0.15325021743774414,2.230660915374756
0,106,0.9033386337512626,0.04250000000000001,0.16608810424804688,2.230660915374756
0,107,0.9040657033938366,0.041000000000000036,0.08318233489990234,2.230660915374756
0,108,0.9053337244271813,0.03950000000000001,0.10125446319580078,2.230660915374756
0,109,0.9063107922267535,0.038000000000000034,0.09176158905029297,2.230660915374756
0,110,0.9081307663155653,0.036500000000000005,0.16911029815673828,2.230660915374756
0,111,0.9098373409517305,0.03500000000000003,0.19688773155212402,2.230660915374756
0,112,0.9108375779628337,0.0335,0.11612510681152344,2.230660915374756
0,113,0.9125617013388486,0.03200000000000003,0.18878412246704102,2.230660915374756
0,114,0.9138598875068014,0.030500000000000083,0.16681671142578125,2.230660915374756
0,115,0.9148800915927264,0.02900000000000008,0.10506343841552734,2.230660915374756
0,116,0.9166344698034867,0.02750000000000008,0.19301891326904297,2.230660915374756
0,117,0.917981513556015,0.02600000000000008,0.17767119407653809,2.230660915374756
0,118,0.9193958468663748,0.024500000000000077,0.1877121925354004,2.230660915374756
0,119,0.9207185928294201,0.02300000000000002,0.18601608276367188,2.230660915374756
0,120,0.9221608712176876,0.021500000000000075,0.1990196704864502,2.230660915374756
0,121,0.8754503752148599,0.020000000000000073,0.666795015335083,2.230660915374756
0,122,0.8746473218134678,0.020000000000000046,0.3151743412017822,2.230660915374756
0,123,0.874371934933823,0.020000000000000025,0.1970994472503662,2.230660915374756
0,124,0.8739031959711498,0.020000000000000018,0.21321892738342285,2.230660915374756
0,125,0.8736342204184961,0.020000000000000046,0.13908743858337402,2.230660915374756
0,126,0.8734554334990714,0.020000000000000018,0.10988402366638184,2.230660915374756
0,127,0.8731386291166947,0.020000000000000018,0.18933820724487305,2.230660915374756
0,128,0.8730213257427332,0.020000000000000018,0.08441329002380371,2.230660915374756
0,129,0.8728086096004635,0.020000000000000073,0.10940337181091309,2.230660915374756
0,130,0.8726310028109995,0.020000000000000018,0.08350825309753418,2.230660915374756
0,131,0.8723917322114959,0.020000000000000018,0.11535406112670898,2.230660915374756
0,132,0.8723499494232924,0.020000000000000018,0.05717206001281738,2.230660915374756
0,133,0.8719180026944657,0.020000000000000018,0.19516372680664062,2.230660915374756
0,134,0.87182086968424,0.020000000000000018,0.06350827217102051,2.230660915374756
0,135,0.8716126590572555,0.020000000000000018,0.09564805030822754,2.230660915374756
0,136,0.8715757458648243,0.020000000000000018,0.047681331634521484,2.230660915374756
0,137,0.8712890457150324,0.020000000000000018,0.10101580619812012,2.230660915374756
0,138,0.8712565680157651,0.020000000000000018,0.04783058166503906,2.230660915374756
0,139,0.8710567968994706,0.020000000000000018,0.08318662643432617,2.230660915374756
0,140,0.870901274225711,0.020000000000000018,0.08654499053955078,2.230660915374756
0,141,0.8707171861457563,0.020000000000000018,0.07281208038330078,2.230660915374756
0,142,0.8706835764829265,0.020000000000000018,0.050490617752075195,2.230660915374756
0,143,0.8703532134723146,0.020000000000000018,0.15821170806884766,2.230660915374756
0,144,0.8703281643667626,0.020000000000000046,0.043212890625,2.230660915374756
0,145,0.8702029710114307,0.020000000000000018,0.06347775459289551,2.230660915374756
0,146,0.8701636718445865,0.020000000000000018,0.054553985595703125,2.230660915374756
0,147,0.8700072886209427,0.020000000000000018,0.06069231033325195,2.230660915374756
0,148,0.8698511663746066,0.020000000000000018,0.08607339859008789,2.230660915374756
0,149,0.8696861852108141,0.020000000000000018,0.06524181365966797,2.230660915374756
0,150,0.86966278330105,0.020000000000000018,0.045318603515625,2.230660915374756
0,1,0.6081718853593354,0.20000000000000007,0.8117678165435791,2.22432804107666
0,2,0.6082683489804228,0.19850000000000007,0.1442732810974121,2.230660915374756
0,3,0.6074940094121866,0.19700000000000004,0.10901594161987305,2.230660915374756
0,4,0.6101555287167946,0.1955,0.08708405494689941,2.230660915374756
0,5,0.6135460283719203,0.13439265069668524,0.09180474281311035,2.230660915374756
0,6,0.6169117667876591,0.10648745118357716,0.08265399932861328,2.230660915374756
0,7,0.6201659374839099,0.13186201517918716,0.08127546310424805,2.230660915374756
0,8,0.624123591775555,0.10462427082192227,0.08194351196289062,2.230660915374756
0,9,0.6281757992476805,0.09171919638455961,0.0835423469543457,2.230660915374756
0,10,0.632215162133229,0.09247620361735631,0.0782318115234375,2.230660915374756
0,11,0.6363496786710937,0.06440357765236526,0.0930483341217041,2.230660915374756
0,12,0.6402786309691723,0.07041285683977738,0.07751774787902832,2.230660915374756
0,13,0.6427599648773878,0.06840688876288825,0.06598210334777832,2.230660915374756
0,14,0.6491168229075024,0.06279582004764184,0.10506415367126465,2.230660915374756
0,15,0.6500767403171412,0.060350427626228886,0.0459599494934082,2.230660915374756
0,16,0.6584850265176556,0.045706922486476426,0.1394948959350586,2.230660915374756
0,17,0.6597274664778962,0.04143649298800278,0.04926133155822754,2.230660915374756
0,18,0.6634822554979294,0.03927039978996516,0.08743453025817871,2.230660915374756
0,19,0.6692213833380132,0.0442743212462009,0.09107565879821777,2.230660915374756
0,20,0.6697901644600592,0.03919907229765962,0.043398141860961914,2.230660915374756
0,21,0.6795575021992699,0.03998518612244811,0.16989374160766602,2.230660915374756
0,22,0.6813553918390837,0.036798457362386516,0.07047820091247559,2.230660915374756
0,23,0.6851560894107364,0.04006070971913278,0.07804632186889648,2.230660915374756
0,24,0.6890564163246047,0.040750561415502595,0.07278704643249512,2.230660915374756
0,25,0.6947610302522349,0.03279157779034164,0.11070394515991211,2.230660915374756
0,26,0.7002134344500872,0.0300755256479992,0.10283446311950684,2.230660915374756
0,27,0.7032721899942662,0.02836825781060881,0.0727987289428711,2.230660915374756
0,28,0.7081509413040834,0.029917069824074938,0.09289360046386719,2.230660915374756
0,29,0.7100359371499924,0.026957658860574774,0.05902814865112305,2.230660915374756
0,30,0.719803721336724,0.03647441651501632,0.1658327579498291,2.230660915374756
0,31,0.7219709627943168,0.028692203468099198,0.06352782249450684,2.230660915374756
0,32,0.7260327333213148,0.025862615527585175,0.08217215538024902,2.230660915374756
0,33,0.7300307527730796,0.029600368585953052,0.07934045791625977,2.230660915374756
0,34,0.7359735002730323,0.02947403285307848,0.11576366424560547,2.230660915374756
0,35,0.7418309349220417,0.030798399660682985,0.10915565490722656,2.230660915374756
0,36,0.7451430792183182,0.0323681518199288,0.07333779335021973,2.230660915374756
0,37,0.750635790684199,0.03302296685640971,0.09835386276245117,2.230660915374756
0,38,0.7547282417045151,0.03800690060639689,0.08258247375488281,2.230660915374756
0,39,0.7600346451357618,0.04374988547981262,0.10570478439331055,2.230660915374756
0,40,0.7658956044555965,0.04007279659149954,0.12266230583190918,2.230660915374756
0,41,0.8039185489213602,0.14,0.2939486503601074,2.230660915374756
0,42,0.8065266610682083,0.11596487361835461,0.11218476295471191,2.230660915374756
0,43,0.8101685140923396,0.08607628751246166,0.10653042793273926,2.230660915374756
0,44,0.8163347732600226,0.07264460935886863,0.1440722942352295,2.230660915374756
0,45,0.8211003403604948,0.059425374585626134,0.13334870338439941,2.230660915374756
0,46,0.8243734135823197,0.05681605820085778,0.12057852745056152,2.230660915374756
0,47,0.8300712318561181,0.06599429854203254,0.14824986457824707,2.230660915374756
0,48,0.8344411178606687,0.06564696523938374,0.13034462928771973,2.230660915374756
0,49,0.8373260914482221,0.06838253653084814,0.1018226146697998,2.230660915374756
0,50,0.8410307897233202,0.07608897301559447,0.13335824012756348,2.230660915374756
0,51,0.8453766354469913,0.08665335733672597,0.1600337028503418,2.230660915374756
0,52,0.8475153332034844,0.102691971679999,0.10932493209838867,2.230660915374756
0,53,0.8494589129430894,0.11906069639656577,0.14176607131958008,2.230660915374756
0,54,0.8507966735291719,0.12050000000000005,0.13317251205444336,2.230660915374756
0,55,0.8510999634900899,0.119,0.09532904624938965,2.230660915374756
0,56,0.8529730051973651,0.09304516906856497,0.1652228832244873,2.230660915374756
0,57,0.8541500575630612,0.10113548575354214,0.08912444114685059,2.230660915374756
0,58,0.8561035677191339,0.10776851904817197,0.11345696449279785,2.230660915374756
0,59,0.8584981962771581,0.08700597944289934,0.15299320220947266,2.230660915374756
0,60,0.8596527408696482,0.09205641002378029,0.09018802642822266,2.230660915374756
0,61,0.8621274809615224,0.09927547756243038,0.15580081939697266,2.230660915374756
0,62,0.8628750964204525,0.10850000000000004,0.07527709007263184,2.230660915374756
0,63,0.8663692098104046,0.07859448591410645,0.16447091102600098,2.230660915374756
0,64,0.8671327213062516,0.08585575580913096,0.0718536376953125,2.230660915374756
0,65,0.8706286657227081,0.09694625528019218,0.1681966781616211,2.230660915374756
0,66,0.8711626768845626,0.10250000000000004,0.06740427017211914,2.230660915374756
0,67,0.874004939757158,0.10099999999999998,0.1374499797821045,2.230660915374756
0,68,0.8760641253028215,0.09950000000000003,0.1378166675567627,2.230660915374756
0,69,0.8772424280557776,0.09799999999999998,0.09089970588684082,2.230660915374756
0,70,0.8781963597209126,0.09650000000000003,0.07651519775390625,2.230660915374756
0,71,0.8823061588387631,0.08171829325937263,0.21785879135131836,2.230660915374756
0,72,0.8828355846579263,0.08004373992651648,0.07237887382507324,2.230660915374756
0,73,0.8843498465657136,0.09199999999999997,0.0966792106628418,2.230660915374756
0,74,0.8846588767777948,0.09050000000000002,0.05953073501586914,2.230660915374756
0,75,0.8890439408119886,0.07881689614501552,0.23899173736572266,2.230660915374756
0,76,0.8894360597948152,0.08750000000000002,0.06339764595031738,2.230660915374756
0,77,0.8909830158639085,0.08600000000000008,0.09919333457946777,2.230660915374756
0,78,0.8917639015061197,0.07551540950973479,0.07866120338439941,2.230660915374756
0,79,0.8941655985528567,0.08035326453953906,0.1446835994720459,2.230660915374756
0,80,0.896479165724025,0.08150000000000002,0.15313386917114258,2.230660915374756
0,81,0.8784548591978345,0.08000000000000007,0.344271183013916,2.230660915374756
0,82,0.8778015839955667,0.07850000000000001,0.1971123218536377,2.230660915374756
0,83,0.8777479603431377,0.07700000000000007,0.22710585594177246,2.230660915374756
0,84,0.878550182137946,0.07550000000000001,0.1444845199584961,2.230660915374756
0,85,0.8790081553912694,0.07399999999999995,0.09086322784423828,2.230660915374756
0,86,0.8801295340430533,0.07250000000000001,0.10913443565368652,2.230660915374756
0,87,0.8803444538253158,0.07100000000000006,0.06449484825134277,2.230660915374756
0,88,0.8826062573038227,0.0695,0.15931296348571777,2.230660915374756
0,89,0.8828901597620442,0.06800000000000006,0.06656694412231445,2.230660915374756
0,90,0.8841685752425761,0.0665,0.09705424308776855,2.230660915374756
0,91,0.8843152148643075,0.06500000000000006,0.05578494071960449,2.230660915374756
0,92,0.8869058815165657,0.0635,0.17385172843933105,2.230660915374756
0,93,0.8871116911838731,0.062000000000000055,0.057883262634277344,2.230660915374756
0,94,0.8885001664444626,0.0605,0.10463547706604004,2.230660915374756
0,95,0.8886431283490746,0.05900000000000005,0.05911397933959961,2.230660915374756
0,96,0.8918516610262266,0.057499999999999996,0.22590422630310059,2.230660915374756
0,97,0.8922273845693813,0.05600000000000005,0.07705521583557129,2.230660915374756
0,98,0.893226080794983,0.05450000000000002,0.09193801879882812,2.230660915374756
0,99,0.8940583592863083,0.05300000000000005,0.08259868621826172,2.230660915374756
0,100,0.8957096655934866,0.05149999999999999,0.1485905647277832,2.230660915374756
0,101,0.8973157186434274,0.050000000000000044,0.14983081817626953,2.230660915374756
0,102,0.8979608949534477,0.048500000000000015,0.08007264137268066,2.230660915374756
0,103,0.8986915700951039,0.04700000000000004,0.07749295234680176,2.230660915374756
0,104,0.9002683323976213,0.04550000000000004,0.15802502632141113,2.230660915374756
0,105,0.901938706988086,0.04400000000000004,0.15470266342163086,2.230660915374756
0,106,0.9027094481008304,0.04250000000000001,0.08374500274658203,2.230660915374756
0,107,0.90397711846205,0.041000000000000036,0.12054777145385742,2.230660915374756
0,108,0.9059263841946067,0.03950000000000001,0.17699241638183594,2.230660915374756
0,109,0.906429091669662,0.038000000000000034,0.07799887657165527,2.230660915374756
0,110,0.9082250419037945,0.036500000000000005,0.16118335723876953,2.230660915374756
0,111,0.9097173282144424,0.03500000000000003,0.16403985023498535,2.230660915374756
0,112,0.9107351281867893,0.0335,0.09286189079284668,2.230660915374756
0,113,0.9121041480905601,0.03200000000000003,0.1146996021270752,2.230660915374756
0,114,0.9140793426516132,0.030500000000000083,0.2337942123413086,2.230660915374756
0,115,0.9148564197145166,0.029000000000000026,0.11909842491149902,2.230660915374756
0,116,0.9164964257447634,0.02750000000000008,0.1872241497039795,2.230660915374756
0,117,0.9178301912565546,0.026000000000000023,0.17260456085205078,2.230660915374756
0,118,0.9192733043515139,0.024500000000000077,0.18349456787109375,2.230660915374756
0,119,0.9205923728718827,0.02300000000000002,0.1773388385772705,2.230660915374756
0,120,0.9220416506733764,0.021500000000000075,0.21274709701538086,2.230660915374756
0,121,0.8752686810911244,0.020000000000000073,0.6523332595825195,2.230660915374756
0,122,0.8744780739056699,0.020000000000000073,0.2755286693572998,2.230660915374756
0,123,0.8740834171503502,0.020000000000000025,0.24170732498168945,2.230660915374756
0,124,0.8738610661491533,0.020000000000000046,0.11720561981201172,2.230660915374756
0,125,0.8733458129306193,0.020000000000000073,0.2233567237854004,2.230660915374756
0,126,0.8731996470078739,0.020000000000000018,0.08984160423278809,2.230660915374756
0,127,0.8729893827087898,0.020000000000000073,0.12000727653503418,2.230660915374756
0,128,0.8727589786904448,0.020000000000000073,0.11595821380615234,2.230660915374756
0,129,0.8725955062699856,0.020000000000000018,0.10263919830322266,2.230660915374756
0,130,0.8724163429035652,0.020000000000000073,0.08751344680786133,2.230660915374756
0,131,0.8720379488419576,0.020000000000000073,0.17949414253234863,2.230660915374756
0,132,0.8719254370368205,0.020000000000000018,0.0657644271850586,2.230660915374756
0,133,0.8717379871894042,0.020000000000000018,0.09352588653564453,2.230660915374756
0,134,0.8716930932770055,0.020000000000000018,0.05012154579162598,2.230660915374756
0,135,0.8714026554256387,0.020000000000000073,0.10024189949035645,2.230660915374756
0,136,0.871369658066438,0.020000000000000018,0.048612356185913086,2.230660915374756
0,137,0.8710783546071599,0.020000000000000018,0.10112714767456055,2.230660915374756
0,138,0.8710533655596516,0.020000000000000073,0.04554605484008789,2.230660915374756
0,139,0.8708454907354399,0.020000000000000018,0.07455945014953613,2.230660915374756
0,140,0.8707357512679168,0.020000000000000018,0.08696126937866211,2.230660915374756
0,141,0.8704726001018886,0.020000000000000018,0.12068510055541992,2.230660915374756
0,142,0.8704299026419864,0.020000000000000046,0.04841876029968262,2.230660915374756
0,143,0.8701859530819371,0.020000000000000018,0.10720682144165039,2.230660915374756
0,144,0.8701556552575834,0.020000000000000073,0.04312634468078613,2.230660915374756
0,145,0.8699744064047202,0.020000000000000018,0.0649566650390625,2.230660915374756
0,146,0.8699553128328177,0.020000000000000018,0.03904986381530762,2.230660915374756
0,147,0.8696885772975682,0.020000000000000018,0.09284734725952148,2.230660915374756
0,148,0.8696658159883441,0.020000000000000018,0.04091143608093262,2.230660915374756
0,149,0.8694929823624492,0.020000000000000073,0.06801056861877441,2.230660915374756
0,150,0.8693420244894321,0.020000000000000018,0.07227945327758789,2.230660915374756
0,1,0.6081684330138335,0.20000000000000007,0.8640637397766113,2.22432804107666
0,2,0.6068288744964652,0.19850000000000007,0.13369417190551758,2.230660915374756
0,3,0.6071031666105886,0.197,0.10027885437011719,2.230660915374756
0,4,0.6103111963577467,0.14697932522104074,0.10163164138793945,2.230660915374756
0,5,0.6118003816384695,0.150359662183968,0.05978226661682129,2.230660915374756
0,6,0.6172816233415517,0.09057504352373036,0.09408807754516602,2.230660915374756
0,7,0.6183131847788184,0.10445429065262324,0.04418039321899414,2.230660915374756
0,8,0.6248188198018967,0.08572971971415733,0.09878230094909668,2.230660915374756
0,9,0.6259089231241661,0.09846956537181928,0.04775691032409668,2.230660915374756
0,10,0.6339077544763799,0.08456875700247146,0.13696908950805664,2.230660915374756
0,11,0.6348916813183119,0.06740542235245528,0.04380655288696289,2.230660915374756
0,12,0.6381965175189197,0.05365339750073572,0.07192444801330566,2.230660915374756
0,13,0.6435700388167116,0.05609082131038834,0.08570480346679688,2.230660915374756
0,14,0.6445226794646081,0.06666993845150382,0.05054950714111328,2.230660915374756
0,15,0.653908516525999,0.05317975490864579,0.14337873458862305,2.230660915374756
0,16,0.6551713678488131,0.056027004256017476,0.04401707649230957,2.230660915374756
0,17,0.6588816676387711,0.03945076461703878,0.08005738258361816,2.230660915374756
0,18,0.6648662691276054,0.04069423400498362,0.09407377243041992,2.230660915374756
0,19,0.6659716048143567,0.039302834518966434,0.046738624572753906,2.230660915374756
0,20,0.6752640373232295,0.03433252472522341,0.1476888656616211,2.230660915374756
0,21,0.6765506685266058,0.04281367801464109,0.04479622840881348,2.230660915374756
0,22,0.6803710618831545,0.032893332940236,0.08085274696350098,2.230660915374756
0,23,0.686209914362998,0.03501303859942295,0.09346127510070801,2.230660915374756
0,24,0.6873032901790568,0.034347705420856633,0.0481562614440918,2.230660915374756
0,25,0.697180138893149,0.030378122164795185,0.16199469566345215,2.230660915374756
0,26,0.6990709149732264,0.03512646396461694,0.058457374572753906,2.230660915374756
0,27,0.7028713707313523,0.02487487042929304,0.08738493919372559,2.230660915374756
0,28,0.7067825586856353,0.03111306881010023,0.0776057243347168,2.230660915374756
0,29,0.7127847973736074,0.024361958549492635,0.1189565658569336,2.230660915374756
0,30,0.7185529790917653,0.026422010975887478,0.10343742370605469,2.230660915374756
0,31,0.7217041244627166,0.02637614063148863,0.06866812705993652,2.230660915374756
0,32,0.7269031636449206,0.02620182845443353,0.09917402267456055,2.230660915374756
0,33,0.7308695435837735,0.02616593647012533,0.0871436595916748,2.230660915374756
0,34,0.7363182199805403,0.026202698405055402,0.10857510566711426,2.230660915374756
0,35,0.7420718480731503,0.026986376306501914,0.11063671112060547,2.230660915374756
0,36,0.7453628619508862,0.027347434693182238,0.07926821708679199,2.230660915374756
0,37,0.7510739911446627,0.028064811796238653,0.10293769836425781,2.230660915374756
0,38,0.7528354660652148,0.03160571950681301,0.05988335609436035,2.230660915374756
0,39,0.7626541835811091,0.03014460225343385,0.17934370040893555,2.230660915374756
0,40,0.7648407886988511,0.03512077894612031,0.06886553764343262,2.230660915374756
0,41,0.8047117212930041,0.14,0.2883594036102295,2.230660915374756
0,42,0.8080021653515717,0.11028065980339674,0.11386322975158691,2.230660915374756
0,43,0.8116754078932729,0.08251216428246311,0.11093640327453613,2.230660915374756
0,44,0.8179555264057294,0.06936926073525307,0.14376616477966309,2.230660915374756
0,45,0.8227562997442738,0.05885846673445061,0.12460565567016602,2.230660915374756
0,46,0.8261760061283965,0.05833793470971271,0.11870694160461426,2.230660915374756
0,47,0.8324065431127665,0.04470947497224548,0.15312409400939941,2.230660915374756
0,48,0.8368558792569148,0.05296166876017305,0.12732601165771484,2.230660915374756
0,49,0.8398382366945203,0.06301465640431836,0.10066914558410645,2.230660915374756
0,50,0.8456946205754817,0.06048913971161951,0.17261481285095215,2.230660915374756
0,51,0.8487349268493025,0.06461417588889173,0.11929845809936523,2.230660915374756
0,52,0.8518232315289955,0.0729983669105595,0.11929893493652344,2.230660915374756
0,53,0.8556246959520807,0.08278646148606783,0.1560039520263672,2.230660915374756
0,54,0.8575106979086199,0.10069049024356647,0.11234140396118164,2.230660915374756
0,55,0.8592967570720457,0.10074442879066556,0.12971758842468262,2.230660915374756
0,56,0.8605726061329313,0.10493821567980188,0.13795113563537598,2.230660915374756
0,57,0.8608097289256196,0.11599999999999999,0.08802628517150879,2.230660915374756
0,58,0.8625930781693613,0.09232003172032821,0.1541736125946045,2.230660915374756
0,59,0.8637615087055144,0.09702251055556721,0.08669066429138184,2.230660915374756
0,60,0.8654735816839945,0.10715466601001344,0.1127939224243164,2.230660915374756
0,61,0.8677999568634858,0.08304141535448362,0.15086579322814941,2.230660915374756
0,62,0.8688467034838465,0.09017534186838116,0.08498167991638184,2.230660915374756
0,63,0.8707703671566446,0.09899494466719139,0.11569786071777344,2.230660915374756
0,64,0.871117715699006,0.08414749985935488,0.06764030456542969,2.230660915374756
0,65,0.8749777705349538,0.08179717211424786,0.18436503410339355,2.230660915374756
0,66,0.8758599858901734,0.08833622622344706,0.08257293701171875,2.230660915374756
0,67,0.8777945417134254,0.0983378151991815,0.12076687812805176,2.230660915374756
0,68,0.8795635219637339,0.09950000000000003,0.145355224609375,2.230660915374756
0,69,0.881737286356197,0.09799999999999998,0.13269448280334473,2.230660915374756
0,70,0.882623004787713,0.09650000000000003,0.07824373245239258,2.230660915374756
0,71,0.8848442018416809,0.09499999999999997,0.1649484634399414,2.230660915374756
0,72,0.8854426547334209,0.08334166455893322,0.08301925659179688,2.230660915374756
0,73,0.8880675674865601,0.0858723350271191,0.17086052894592285,2.230660915374756
0,74,0.8898226719330271,0.09050000000000002,0.1461186408996582,2.230660915374756
0,75,0.8907357232417714,0.0703834308403477,0.08859729766845703,2.230660915374756
0,76,0.8913401909228316,0.08280184451584705,0.0708005428314209,2.230660915374756
0,77,0.8949505028352045,0.08600000000000008,0.2267310619354248,2.230660915374756
0,78,0.895442117812993,0.08450000000000002,0.07724523544311523,2.230660915374756
0,79,0.8963905482049952,0.07834832909962741,0.09087753295898438,2.230660915374756
0,80,0.8970363429261968,0.08150000000000002,0.07734036445617676,2.230660915374756
0,81,0.8808322265003635,0.08000000000000007,0.340606689453125,2.230660915374756
0,82,0.8797781259202921,0.07850000000000007,0.21213698387145996,2.230660915374756
0,83,0.8796411936094177,0.07700000000000007,0.2282421588897705,2.230660915374756
0,84,0.8800501203036997,0.07550000000000001,0.10464954376220703,2.230660915374756
0,85,0.8809980722466859,0.07399999999999995,0.1520543098449707,2.230660915374756
0,86,0.8813532871735128,0.07250000000000001,0.07137513160705566,2.230660915374756
0,87,0.882536707337368,0.07100000000000006,0.11755156517028809,2.230660915374756
0,88,0.882755352501557,0.0695,0.05931878089904785,2.230660915374756
0,89,0.8849071408444823,0.06800000000000006,0.15781927108764648,2.230660915374756
0,90,0.8851939053265843,0.0665,0.0651545524597168,2.230660915374756
0,91,0.8861379441574544,0.06500000000000006,0.09246277809143066,2.230660915374756
0,92,0.8870457513827568,0.0635,0.08166193962097168,2.230660915374756
0,93,0.8876209617691013,0.062000000000000055,0.07653522491455078,2.230660915374756
0,94,0.8894031443873105,0.060500000000000054,0.1431589126586914,2.230660915374756
0,95,0.8901263997916544,0.05900000000000005,0.08522152900695801,2.230660915374756
0,96,0.8907903519797582,0.05750000000000002,0.07830476760864258,2.230660915374756
0,97,0.8921257031525243,0.05600000000000005,0.14022207260131836,2.230660915374756
0,98,0.8937863623703195,0.05449999999999999,0.14036297798156738,2.230660915374756
0,99,0.8943401472432393,0.05300000000000005,0.08310317993164062,2.230660915374756
0,100,0.8949113556027946,0.051500000000000046,0.07403731346130371,2.230660915374756
0,101,0.8971939490238018,0.050000000000000044,0.1734006404876709,2.230660915374756
0,102,0.8973349407215986,0.048500000000000015,0.05481743812561035,2.230660915374756
0,103,0.8992529800005948,0.04700000000000004,0.16110920906066895,2.230660915374756
0,104,0.9000003335413858,0.04550000000000001,0.0881502628326416,2.230660915374756
0,105,0.9006366342515387,0.04400000000000004,0.07749605178833008,2.230660915374756
0,106,0.9029290311609948,0.04249999999999998,0.20527935028076172,2.230660915374756
0,107,0.9032907042659368,0.041000000000000036,0.06812810897827148,2.230660915374756
0,108,0.9052042537191844,0.03949999999999998,0.1654493808746338,2.230660915374756
0,109,0.9061115478359816,0.038000000000000034,0.10501813888549805,2.230660915374756
0,110,0.90691976018767,0.03650000000000003,0.0900425910949707,2.230660915374756
0,111,0.9093747536915072,0.03500000000000009,0.20124197006225586,2.230660915374756
0,112,0.9106309942705275,0.033499999999999974,0.1471245288848877,2.230660915374756
0,113,0.9114126755214493,0.03200000000000003,0.08660340309143066,2.230660915374756
0,114,0.9132401582906065,0.030500000000000083,0.19010305404663086,2.230660915374756
0,115,0.9145938685410693,0.02900000000000008,0.16988897323608398,2.230660915374756
0,116,0.9156028453248668,0.02750000000000008,0.11973047256469727,2.230660915374756
0,117,0.9176347233389036,0.026000000000000023,0.2722511291503906,2.230660915374756
0,118,0.9185318219223669,0.024500000000000077,0.11349773406982422,2.230660915374756
0,119,0.9203662242081437,0.02300000000000002,0.2698934078216553,2.230660915374756
0,120,0.9212919493873968,0.021500000000000075,0.11387348175048828,2.230660915374756
0,121,0.8745089919876838,0.020000000000000073,0.675837516784668,2.230660915374756
0,122,0.8737329422447945,0.020000000000000073,0.2710716724395752,2.230660915374756
0,123,0.8734369736085719,0.020000000000000018,0.1803574562072754,2.230660915374756
0,124,0.8729283758418918,0.020000000000000018,0.2287003993988037,2.230660915374756
0,125,0.872711731879263,0.020000000000000018,0.12524747848510742,2.230660915374756
0,126,0.8725086403861504,0.020000000000000018,0.10219025611877441,2.230660915374756
0,127,0.8721141599319652,0.020000000000000018,0.1965780258178711,2.230660915374756
0,128,0.8719917053023749,0.020000000000000073,0.08538389205932617,2.230660915374756
0,129,0.8717737384425808,0.020000000000000018,0.11005496978759766,2.230660915374756
0,130,0.87159734743473,0.020000000000000073,0.08217859268188477,2.230660915374756
0,131,0.8714664564960579,0.020000000000000018,0.093597412109375,2.230660915374756
0,132,0.8711178642051163,0.020000000000000018,0.14298295974731445,2.230660915374756
0,133,0.8709369621825649,0.020000000000000018,0.09259319305419922,2.230660915374756
0,134,0.8707928253267097,0.020000000000000018,0.07554459571838379,2.230660915374756
0,135,0.8706519714146848,0.020000000000000073,0.0819540023803711,2.230660915374756
0,136,0.8704435746990415,0.020000000000000018,0.06845450401306152,2.230660915374756
0,137,0.8703861951115073,0.020000000000000018,0.08658146858215332,2.230660915374756
0,138,0.8701692958254809,0.020000000000000018,0.07761812210083008,2.230660915374756
0,139,0.8699958832648881,0.020000000000000018,0.09732484817504883,2.230660915374756
0,140,0.8697972082050924,0.020000000000000018,0.07747173309326172,2.230660915374756
0,141,0.8697660202528612,0.020000000000000018,0.05156517028808594,2.230660915374756
0,142,0.869489929718058,0.020000000000000018,0.14164161682128906,2.230660915374756
0,143,0.8694201805146693,0.020000000000000018,0.05935502052307129,2.230660915374756
0,144,0.8692628072218541,0.020000000000000018,0.09375715255737305,2.230660915374756
0,145,0.8691150869715725,0.020000000000000073,0.06344866752624512,2.230660915374756
0,146,0.8690763189633324,0.020000000000000018,0.0532224178314209,2.230660915374756
0,147,0.8688734812712828,0.020000000000000018,0.07956123352050781,2.230660915374756
0,148,0.8688459503656989,0.020000000000000073,0.04259514808654785,2.230660915374756
0,149,0.8685773554589371,0.020000000000000018,0.10171318054199219,2.230660915374756
0,150,0.8685611103352724,0.020000000000000018,0.045346736907958984,2.230660915374756
0,1,0.608177666865678,0.20000000000000007,0.945509672164917,2.22432804107666
0,2,0.6066010202545351,0.19850000000000007,0.1333611011505127,2.230660915374756
0,3,0.606967864472832,0.197,0.10787343978881836,2.230660915374756
0,4,0.6103436913267103,0.14797921986832907,0.0965118408203125,2.230660915374756
0,5,0.611544363247456,0.14457132373881976,0.05088496208190918,2.230660915374756
0,6,0.6170902210427922,0.08694418820475214,0.10040831565856934,2.230660915374756
0,7,0.6182359747707808,0.09899715252846963,0.04768681526184082,2.230660915374756
0,8,0.6247710051056753,0.10044373920825955,0.12284064292907715,2.230660915374756
0,9,0.6259129711029113,0.09246052842792218,0.0491487979888916,2.230660915374756
0,10,0.6339066937195876,0.08190120850699834,0.16892147064208984,2.230660915374756
0,11,0.6350307828548415,0.07836172075602577,0.06563258171081543,2.230660915374756
0,12,0.6376522099171978,0.05343948109383212,0.07428956031799316,2.230660915374756
0,13,0.6426573973555647,0.05398535956798001,0.08922791481018066,2.230660915374756
0,14,0.6435618108378991,0.061969207646640045,0.04683065414428711,2.230660915374756
0,15,0.6537493398983621,0.05345428563701882,0.17138171195983887,2.230660915374756
0,16,0.6557582320380513,0.049705678761328254,0.07298660278320312,2.230660915374756
0,17,0.6586701780655291,0.040144151811910445,0.07396197319030762,2.230660915374756
0,18,0.6646624125026325,0.039976154060610725,0.09424042701721191,2.230660915374756
0,19,0.665672935765439,0.034884645465000697,0.049486637115478516,2.230660915374756
0,20,0.6752460943522003,0.03684932184276957,0.1473696231842041,2.230660915374756
0,21,0.6768071721297407,0.03890736791155458,0.056459665298461914,2.230660915374756
0,22,0.6800439940713751,0.03697420911511329,0.06818842887878418,2.230660915374756
0,23,0.6856649474322924,0.03365373679761541,0.09033036231994629,2.230660915374756
0,24,0.6869662424259209,0.03399394132110256,0.0481114387512207,2.230660915374756
0,25,0.6971608992014235,0.030457924466866793,0.17436718940734863,2.230660915374756
0,26,0.6993286754584342,0.03353873473679758,0.07375860214233398,2.230660915374756
0,27,0.7026972239432676,0.03312040977372832,0.07217717170715332,2.230660915374756
0,28,0.7084624709435059,0.028784533269932577,0.09875631332397461,2.230660915374756
0,29,0.7099396128853614,0.029673365791501927,0.07140803337097168,2.230660915374756
0,30,0.7199178801518573,0.022636850445529655,0.17694902420043945,2.230660915374756
0,31,0.7220680472720311,0.026904092584870476,0.06762170791625977,2.230660915374756
0,32,0.7261269914681443,0.023334410135107952,0.09195160865783691,2.230660915374756
0,33,0.7300270862846814,0.025842555195249806,0.08243227005004883,2.230660915374756
0,34,0.7361090575191443,0.024729318353901797,0.11941742897033691,2.230660915374756
0,35,0.7420384629577546,0.024998890593799228,0.11119484901428223,2.230660915374756
0,36,0.7453840596195976,0.02698911194762421,0.0849463939666748,2.230660915374756
0,37,0.7508344995765033,0.027103167994905975,0.09830522537231445,2.230660915374756
0,38,0.7549482956542521,0.028189155451576853,0.08301520347595215,2.230660915374756
0,39,0.760424602154067,0.03253950157036978,0.10800433158874512,2.230660915374756
0,40,0.7662696168488561,0.032182800941093825,0.1263883113861084,2.230660915374756
0,41,0.8051096700266769,0.14,0.30612826347351074,2.230660915374756
0,42,0.8083557186113592,0.10909665236376742,0.10631370544433594,2.230660915374756
0,43,0.8118839049785815,0.08140951757760206,0.10893940925598145,2.230660915374756
0,44,0.8183247836113356,0.06894078122288205,0.14219236373901367,2.230660915374756
0,45,0.8231503913903149,0.05743295685560312,0.1505413055419922,2.230660915374756
0,46,0.8266465898231181,0.058739105181082496,0.12496328353881836,2.230660915374756
0,47,0.8328961931553318,0.04581068248047049,0.1607990264892578,2.230660915374756
0,48,0.8373604388922803,0.04866078031067134,0.13242077827453613,2.230660915374756
0,49,0.8403222827227732,0.05842260145149336,0.0992274284362793,2.230660915374756
0,50,0.8469921528074873,0.06729119437747366,0.20266270637512207,2.230660915374756
0,51,0.8490859456574869,0.06495544676995346,0.10651588439941406,2.230660915374756
0,52,0.8526174484726351,0.06755884455458083,0.13706445693969727,2.230660915374756
0,53,0.8567062912172534,0.07917230066926162,0.17348742485046387,2.230660915374756
0,54,0.8587653735786324,0.09652736530426531,0.12077879905700684,2.230660915374756
0,55,0.8607388623387114,0.09415312290482619,0.14518046379089355,2.230660915374756
0,56,0.8626169467361909,0.09791960172907103,0.16825485229492188,2.230660915374756
0,57,0.8630091345584217,0.10824550491184515,0.09843063354492188,2.230660915374756
0,58,0.863612515410485,0.08928609866224424,0.11707878112792969,2.230660915374756
0,59,0.8656312386949458,0.09218435639552114,0.1601848602294922,2.230660915374756
0,60,0.8667209326532811,0.10303167573935856,0.09737443923950195,2.230660915374756
0,61,0.8688194036503954,0.08457968069664268,0.16303682327270508,2.230660915374756
0,62,0.8699315645209382,0.08729277527762314,0.12098169326782227,2.230660915374756
0,63,0.8722985728675177,0.09637189397090584,0.16929268836975098,2.230660915374756
0,64,0.8734463369917802,0.09914024962440182,0.10913443565368652,2.230660915374756
0,65,0.8752500264856138,0.07738001641989589,0.1376028060913086,2.230660915374756
0,66,0.8770843961201754,0.08591691755672504,0.11673164367675781,2.230660915374756
0,67,0.8789498665382631,0.09300215961250735,0.1545865535736084,2.230660915374756
0,68,0.8806206210848697,0.09950000000000003,0.11730575561523438,2.230660915374756
0,69,0.8824436990484966,0.09762167706115754,0.14401459693908691,2.230660915374756
0,70,0.8842471335398033,0.09650000000000003,0.13867950439453125,2.230660915374756
0,71,0.8849400637176834,0.09449077960975427,0.07798099517822266,2.230660915374756
0,72,0.887142041117315,0.09350000000000003,0.16883301734924316,2.230660915374756
0,73,0.8885518718809566,0.08567463149993726,0.12825703620910645,2.230660915374756
0,74,0.8892112371801064,0.09050000000000002,0.07989335060119629,2.230660915374756
0,75,0.8925964512152378,0.07714229149622476,0.23778963088989258,2.230660915374756
0,76,0.8929232178123786,0.0826715097505939,0.08790254592895508,2.230660915374756
0,77,0.8940803293317922,0.08600000000000008,0.10278201103210449,2.230660915374756
0,78,0.8957389898948508,0.08450000000000002,0.16022086143493652,2.230660915374756
0,79,0.8979299501329416,0.0814084548461641,0.17109131813049316,2.230660915374756
0,80,0.8983350604853991,0.08150000000000002,0.0769186019897461,2.230660915374756
0,81,0.8814449688433267,0.08000000000000007,0.3858480453491211,2.230660915374756
0,82,0.8802993060519386,0.07850000000000001,0.23200082778930664,2.230660915374756
0,83,0.8800546930259774,0.07700000000000007,0.24431824684143066,2.230660915374756
0,84,0.8804072630699418,0.07550000000000001,0.11496758460998535,2.230660915374756
0,85,0.8812545064965362,0.07400000000000001,0.14838361740112305,2.230660915374756
0,86,0.8815765054903961,0.07250000000000001,0.06982040405273438,2.230660915374756
0,87,0.8827503201123411,0.07100000000000006,0.14148259162902832,2.230660915374756
0,88,0.8829442802655718,0.0695,0.05924844741821289,2.230660915374756
0,89,0.8850420553063078,0.06800000000000006,0.1859898567199707,2.230660915374756
0,90,0.8853372161493004,0.0665,0.08045029640197754,2.230660915374756
0,91,0.8862139936967206,0.06500000000000006,0.10705709457397461,2.230660915374756
0,92,0.8871394321383992,0.0635,0.09421443939208984,2.230660915374756
0,93,0.8877011867372198,0.062000000000000055,0.08704829216003418,2.230660915374756
0,94,0.8894070291505232,0.060500000000000054,0.15511560440063477,2.230660915374756
0,95,0.8900849669751784,0.05900000000000005,0.10845947265625,2.230660915374756
0,96,0.8907273219980418,0.05750000000000002,0.08360862731933594,2.230660915374756
0,97,0.891629690437906,0.05600000000000005,0.11049962043762207,2.230660915374756
0,98,0.8932940539937477,0.05449999999999999,0.15674066543579102,2.230660915374756
0,99,0.8947522217169815,0.05300000000000005,0.15396404266357422,2.230660915374756
0,100,0.8954380029189404,0.05150000000000002,0.08590960502624512,2.230660915374756
0,101,0.8958694532110447,0.050000000000000044,0.07763910293579102,2.230660915374756
0,102,0.897874652452544,0.048500000000000015,0.19195151329040527,2.230660915374756
0,103,0.8981714959031956,0.04700000000000004,0.07380056381225586,2.230660915374756
0,104,0.9002534748381787,0.04550000000000001,0.1794602870941162,2.230660915374756
0,105,0.9013320738726942,0.04400000000000004,0.10871767997741699,2.230660915374756
0,106,0.9017903133330645,0.04249999999999998,0.09590697288513184,2.230660915374756
0,107,0.9037698602992703,0.041000000000000036,0.18156838417053223,2.230660915374756
0,108,0.9041872781809739,0.039500000000000035,0.08135271072387695,2.230660915374756
0,109,0.9064195398005729,0.038000000000000034,0.18921518325805664,2.230660915374756
0,110,0.9075629337004534,0.036500000000000005,0.12204647064208984,2.230660915374756
0,111,0.9089921350399459,0.03500000000000003,0.14607954025268555,2.230660915374756
0,112,0.910323972038952,0.033499999999999974,0.16864490509033203,2.230660915374756
0,113,0.9114325672151755,0.03200000000000003,0.10730528831481934,2.230660915374756
0,114,0.9128748995258096,0.030500000000000083,0.1577310562133789,2.230660915374756
0,115,0.9143930634045343,0.029000000000000026,0.18573784828186035,2.230660915374756
0,116,0.9155266340083825,0.02750000000000008,0.11802816390991211,2.230660915374756
0,117,0.9173800036323794,0.026000000000000023,0.2533409595489502,2.230660915374756
0,118,0.9183077534955655,0.024500000000000077,0.10811758041381836,2.230660915374756
0,119,0.9201610612832978,0.02300000000000002,0.28083181381225586,2.230660915374756
0,120,0.9210859545991243,0.021500000000000075,0.12629389762878418,2.230660915374756
0,121,0.8742537083038497,0.020000000000000073,0.6799881458282471,2.230660915374756
0,122,0.8734608408317712,0.020000000000000046,0.30365538597106934,2.230660915374756
0,123,0.873175450879877,0.020000000000000046,0.20465970039367676,2.230660915374756
0,124,0.8727082405707824,0.020000000000000018,0.2236166000366211,2.230660915374756
0,125,0.872438215317199,0.020000000000000018,0.14228582382202148,2.230660915374756
0,126,0.8722498464614774,0.020000000000000073,0.11015963554382324,2.230660915374756
0,127,0.8718878349494728,0.020000000000000073,0.20572543144226074,2.230660915374756
0,128,0.8717608178588598,0.020000000000000073,0.08735513687133789,2.230660915374756
0,129,0.871539527270616,0.020000000000000018,0.12607622146606445,2.230660915374756
0,130,0.8713745047195522,0.020000000000000018,0.09190058708190918,2.230660915374756
0,131,0.8711357178326207,0.020000000000000018,0.11449503898620605,2.230660915374756
0,132,0.8710866136059296,0.020000000000000018,0.06011629104614258,2.230660915374756
0,133,0.870629418801522,0.020000000000000018,0.18699049949645996,2.230660915374756
0,134,0.8705189549778438,0.020000000000000018,0.0682981014251709,2.230660915374756
0,135,0.8703553770000354,0.020000000000000018,0.08180880546569824,2.230660915374756
0,136,0.8703083265148608,0.020000000000000018,0.05222582817077637,2.230660915374756
0,137,0.8699402510150385,0.020000000000000018,0.12795186042785645,2.230660915374756
0,138,0.8699067526353566,0.020000000000000018,0.052820682525634766,2.230660915374756
0,139,0.8696916238971524,0.020000000000000018,0.08582735061645508,2.230660915374756
0,140,0.8696663280791201,0.020000000000000073,0.04671502113342285,2.230660915374756
0,141,0.8693543935417221,0.020000000000000073,0.12154030799865723,2.230660915374756
0,142,0.8693349552552858,0.020000000000000018,0.047749996185302734,2.230660915374756
0,143,0.8690807542024471,0.020000000000000073,0.1481609344482422,2.230660915374756
0,144,0.8690316212080675,0.020000000000000018,0.07718491554260254,2.230660915374756
0,145,0.8688038634207543,0.020000000000000018,0.1204376220703125,2.230660915374756
0,146,0.8687864900774617,0.020000000000000018,0.049219608306884766,2.230660915374756
0,147,0.8686173571206521,0.020000000000000018,0.0714874267578125,2.230660915374756
0,148,0.8685071622850445,0.020000000000000018,0.09758925437927246,2.230660915374756
0,149,0.8683376753114739,0.020000000000000018,0.08293604850769043,2.230660915374756
0,150,0.8683114110364152,0.020000000000000018,0.06339502334594727,2.230660915374756
0,1,0.6081777060911424,0.20000000000000007,0.7823715209960938,2.22432804107666
0,2,0.6062887852424912,0.19850000000000007,0.15680623054504395,2.230660915374756
0,3,0.6069494818923482,0.18614707331237373,0.12424540519714355,2.230660915374756
0,4,0.6103135492435656,0.15718220156131646,0.12032628059387207,2.230660915374756
0,5,0.6114184806500756,0.14298745554809944,0.05417442321777344,2.230660915374756
0,6,0.6169603520171268,0.10327285800659103,0.09613561630249023,2.230660915374756
0,7,0.6181042368387868,0.0940813948943321,0.049115657806396484,2.230660915374756
0,8,0.6246677971699475,0.10593412267220748,0.10616040229797363,2.230660915374756
0,9,0.6258257763373241,0.08754623584578003,0.0455629825592041,2.230660915374756
0,10,0.6338500372906395,0.08691017535464751,0.13606715202331543,2.230660915374756
0,11,0.6348441044542674,0.08575812187030774,0.040944576263427734,2.230660915374756
0,12,0.6381502343844956,0.05129499286245032,0.08121204376220703,2.230660915374756
0,13,0.6433783088991906,0.05111772191059871,0.0818178653717041,2.230660915374756
0,14,0.6442776036292805,0.06197836170517457,0.047959089279174805,2.230660915374756
0,15,0.6537830031823331,0.053191310797716884,0.18976497650146484,2.230660915374756
0,16,0.6553370870523866,0.05119137439093957,0.05161452293395996,2.230660915374756
0,17,0.6587752345431522,0.03989503429719288,0.08393216133117676,2.230660915374756
0,18,0.6645996617713478,0.04074876419622242,0.11798238754272461,2.230660915374756
0,19,0.6652280988074006,0.03554722012559397,0.03794980049133301,2.230660915374756
0,20,0.6753258949369619,0.03257442821620904,0.18120861053466797,2.230660915374756
0,21,0.676990494988626,0.037525644906224565,0.05476880073547363,2.230660915374756
0,22,0.6805617242369495,0.035968240227357784,0.08272528648376465,2.230660915374756
0,23,0.6843565934874537,0.03460916196548647,0.07405257225036621,2.230660915374756
0,24,0.6896859452903857,0.031916572470764404,0.11380410194396973,2.230660915374756
0,25,0.6958872041679731,0.030155840752236318,0.14341425895690918,2.230660915374756
0,26,0.6989004595680048,0.02964450181275058,0.07710695266723633,2.230660915374756
0,27,0.7036996074479874,0.030792069385167653,0.09981656074523926,2.230660915374756
0,28,0.7050555194757546,0.03123053719875235,0.06420183181762695,2.230660915374756
0,29,0.7152746576928828,0.02410498979415654,0.17821979522705078,2.230660915374756
0,30,0.7173466556378969,0.028272365470535243,0.06135916709899902,2.230660915374756
0,31,0.7215779592530734,0.021902085133916116,0.08671712875366211,2.230660915374756
0,32,0.7254062688410694,0.026540729088012416,0.09419608116149902,2.230660915374756
0,33,0.7314833252345038,0.023681458656177767,0.14081358909606934,2.230660915374756
0,34,0.7374361379561948,0.0247086983780076,0.1295630931854248,2.230660915374756
0,35,0.7408897831841081,0.025448059933040668,0.07958054542541504,2.230660915374756
0,36,0.7462517743896543,0.024020867637502885,0.12182402610778809,2.230660915374756
0,37,0.7499817486392293,0.02804643014464714,0.08048486709594727,2.230660915374756
0,38,0.7554573040385153,0.029950613468726517,0.1103203296661377,2.230660915374756
0,39,0.7614319282657549,0.02739292445256325,0.12155818939208984,2.230660915374756
0,40,0.7650105290500238,0.030036550775652926,0.0800485610961914,2.230660915374756
0,41,0.8054066159893618,0.14,0.3104567527770996,2.230660915374756
0,42,0.808759806819885,0.10720371257460815,0.10916543006896973,2.230660915374756
0,43,0.8123229106786939,0.08043109778323632,0.1080317497253418,2.230660915374756
0,44,0.8187994229237674,0.06794866392296439,0.14523768424987793,2.230660915374756
0,45,0.8235824748057567,0.05636079265464866,0.129652738571167,2.230660915374756
0,46,0.8270434241856304,0.0571183620386394,0.09342217445373535,2.230660915374756
0,47,0.8346648134289039,0.053519665031903974,0.17693281173706055,2.230660915374756
0,48,0.8369006132548078,0.04445941617236637,0.08467435836791992,2.230660915374756
0,49,0.841374553831694,0.05115550744074626,0.1148838996887207,2.230660915374756
0,50,0.847567496785371,0.05798179126802061,0.17541193962097168,2.230660915374756
0,51,0.8506963712284734,0.059605478622048236,0.12501883506774902,2.230660915374756
0,52,0.8539259709687814,0.0621064883829604,0.12546944618225098,2.230660915374756
0,53,0.8581647567900066,0.0721324655143466,0.17970013618469238,2.230660915374756
0,54,0.8603520323446349,0.08724890243217676,0.11752629280090332,2.230660915374756
0,55,0.8626877125568642,0.0983775416024748,0.13225269317626953,2.230660915374756
0,56,0.8645229906270067,0.09199084596995427,0.13239431381225586,2.230660915374756
0,57,0.8651202746789852,0.0982967447140718,0.10179424285888672,2.230660915374756
0,58,0.8670339531251131,0.11117290284096548,0.18939638137817383,2.230660915374756
0,59,0.8675743634820542,0.08538758947173697,0.10921597480773926,2.230660915374756
0,60,0.8688861231936746,0.09482345002726444,0.11680912971496582,2.230660915374756
0,61,0.8709727419977064,0.09676734884299787,0.1536555290222168,2.230660915374756
0,62,0.8719654289144212,0.08212442206638837,0.0968942642211914,2.230660915374756
0,63,0.8740769886103041,0.09137020029825993,0.15561628341674805,2.230660915374756
0,64,0.8747785413799696,0.0933854295838612,0.08317422866821289,2.230660915374756
0,65,0.8775245847627507,0.07374992853009632,0.18686413764953613,2.230660915374756
0,66,0.8782776073175076,0.07979957550556982,0.08688998222351074,2.230660915374756
0,67,0.8810103912393056,0.08831788472199953,0.18081235885620117,2.230660915374756
0,68,0.8815456753509665,0.09838269041074543,0.08134150505065918,2.230660915374756
0,69,0.884557934228132,0.09799999999999998,0.1927645206451416,2.230660915374756
0,70,0.8849629901712031,0.09650000000000003,0.08089065551757812,2.230660915374756
0,71,0.8868262437340808,0.08699821655191975,0.14542579650878906,2.230660915374756
0,72,0.888529123609471,0.09350000000000003,0.15314674377441406,2.230660915374756
0,73,0.8899890513773541,0.08516193287501028,0.13650107383728027,2.230660915374756
0,74,0.8905891941442899,0.09050000000000002,0.08366751670837402,2.230660915374756
0,75,0.8934772132888151,0.07609042363898055,0.2138822078704834,2.230660915374756
0,76,0.8937757139361869,0.08014460001458013,0.08776307106018066,2.230660915374756
0,77,0.8955852446247686,0.08600000000000008,0.14761781692504883,2.230660915374756
0,78,0.8972222013921661,0.08450000000000002,0.14745521545410156,2.230660915374756
0,79,0.8987590244616737,0.07972850170652646,0.13528728485107422,2.230660915374756
0,80,0.899123677095546,0.08150000000000002,0.0821533203125,2.230660915374756
0,81,0.882375694173299,0.08000000000000007,0.3687469959259033,2.230660915374756
0,82,0.8811515762873197,0.07850000000000001,0.2417142391204834,2.230660915374756
0,83,0.8808328094779181,0.07699999999999996,0.24238276481628418,2.230660915374756
0,84,0.8811357739208071,0.07550000000000001,0.11722564697265625,2.230660915374756
0,85,0.8818923243900297,0.07399999999999995,0.15665459632873535,2.230660915374756
0,86,0.8822140314735475,0.07250000000000001,0.07790541648864746,2.230660915374756
0,87,0.8832371608304529,0.07099999999999995,0.12598586082458496,2.230660915374756
0,88,0.8834487349511082,0.06950000000000006,0.06415987014770508,2.230660915374756
0,89,0.8854445247395337,0.06800000000000006,0.17000985145568848,2.230660915374756
0,90,0.8856989068399785,0.0665,0.06929278373718262,2.230660915374756
0,91,0.8865736156941395,0.06500000000000006,0.09848809242248535,2.230660915374756
0,92,0.8874631940131474,0.0635,0.09505200386047363,2.230660915374756
0,93,0.8880127165826559,0.062000000000000055,0.09964823722839355,2.230660915374756
0,94,0.889679143711237,0.0605,0.16466331481933594,2.230660915374756
0,95,0.8903066339521866,0.05900000000000005,0.08898234367370605,2.230660915374756
0,96,0.8909366620162134,0.057499999999999996,0.08588767051696777,2.230660915374756
0,97,0.8915780674202747,0.05600000000000005,0.0898890495300293,2.230660915374756
0,98,0.8932046150605939,0.05449999999999999,0.15970897674560547,2.230660915374756
0,99,0.8947165928342726,0.05300000000000005,0.15603923797607422,2.230660915374756
0,100,0.8954593908475985,0.05150000000000002,0.10722804069519043,2.230660915374756
0,101,0.8959096066582489,0.050000000000000044,0.08104872703552246,2.230660915374756
0,102,0.8974757955391575,0.048500000000000015,0.15315485000610352,2.230660915374756
0,103,0.8992377256007891,0.04700000000000004,0.18677186965942383,2.230660915374756
0,104,0.899888537216326,0.04550000000000001,0.08200526237487793,2.230660915374756
0,105,0.901166745167697,0.04400000000000004,0.11096930503845215,2.230660915374756
0,106,0.9013241671645974,0.04249999999999998,0.05984830856323242,2.230660915374756
0,107,0.9041881329249672,0.041000000000000036,0.26867246627807617,2.230660915374756
0,108,0.9047896581356757,0.03949999999999998,0.08778214454650879,2.230660915374756
0,109,0.9059184476991893,0.038000000000000034,0.09514856338500977,2.230660915374756
0,110,0.9077967897183412,0.03649999999999998,0.18268251419067383,2.230660915374756
0,111,0.9083074928667243,0.03500000000000003,0.08063244819641113,2.230660915374756
0,112,0.910185238769834,0.033499999999999974,0.18451523780822754,2.230660915374756
0,113,0.9116800407708696,0.03200000000000003,0.17843246459960938,2.230660915374756
0,114,0.9126976016106851,0.030500000000000083,0.10456633567810059,2.230660915374756
0,115,0.9141589715082656,0.029000000000000026,0.17480111122131348,2.230660915374756
0,116,0.9157170231553079,0.02750000000000008,0.18877530097961426,2.230660915374756
0,117,0.9168643151770972,0.026000000000000023,0.12576889991760254,2.230660915374756
0,118,0.9186705180357114,0.024500000000000077,0.26151347160339355,2.230660915374756
0,119,0.919613801089485,0.02300000000000002,0.11382508277893066,2.230660915374756
0,120,0.9214494546266445,0.021500000000000075,0.2834165096282959,2.230660915374756
0,121,0.8740772281303302,0.020000000000000073,0.7034623622894287,2.230660915374756
0,122,0.8732909928635322,0.020000000000000073,0.2937619686126709,2.230660915374756
0,123,0.8730028957152169,0.020000000000000018,0.18919110298156738,2.230660915374756
0,124,0.8725433786775099,0.020000000000000018,0.2123422622680664,2.230660915374756
0,125,0.8722717453492168,0.020000000000000018,0.13843369483947754,2.230660915374756
0,126,0.8720824259596984,0.020000000000000018,0.11357855796813965,2.230660915374756
0,127,0.8716938876307943,0.020000000000000073,0.21507573127746582,2.230660915374756
0,128,0.8715635546958408,0.020000000000000073,0.08425426483154297,2.230660915374756
0,129,0.8713426237491546,0.020000000000000018,0.1137685775756836,2.230660915374756
0,130,0.8711668867265814,0.020000000000000073,0.08684277534484863,2.230660915374756
0,131,0.8710348922450356,0.020000000000000018,0.09263062477111816,2.230660915374756
0,132,0.8706816251570164,0.020000000000000018,0.158189058303833,2.230660915374756
0,133,0.8704741081913847,0.020000000000000018,0.10718679428100586,2.230660915374756
0,134,0.8703239822958637,0.020000000000000073,0.0667884349822998,2.230660915374756
0,135,0.8702524508057425,0.020000000000000018,0.06635451316833496,2.230660915374756
0,136,0.8700201762717484,0.020000000000000018,0.07465100288391113,2.230660915374756
0,137,0.8698505339692071,0.020000000000000018,0.09606194496154785,2.230660915374756
0,138,0.8696223656679288,0.020000000000000018,0.07575678825378418,2.230660915374756
0,139,0.869574124449412,0.020000000000000073,0.05696606636047363,2.230660915374756
0,140,0.8693574763327041,0.020000000000000018,0.08339262008666992,2.230660915374756
0,141,0.869205548069347,0.020000000000000018,0.09033751487731934,2.230660915374756
0,142,0.8691022546119014,0.020000000000000073,0.058531761169433594,2.230660915374756
0,143,0.8690626709422244,0.020000000000000018,0.04656386375427246,2.230660915374756
0,144,0.8687089979882373,0.020000000000000018,0.15182018280029297,2.230660915374756
0,145,0.868673293546337,0.020000000000000018,0.0475921630859375,2.230660915374756
0,146,0.8684608935344023,0.020000000000000018,0.0913081169128418,2.230660915374756
0,147,0.8684382465421627,0.020000000000000018,0.04318356513977051,2.230660915374756
0,148,0.8682767441147523,0.020000000000000018,0.06272315979003906,2.230660915374756
0,149,0.8682407574200539,0.020000000000000018,0.05008745193481445,2.230660915374756
0,150,0.8680183379367588,0.020000000000000018,0.09923529624938965,2.230660915374756
0,1,0.608172478243806,0.20000000000000007,0.7815604209899902,2.22432804107666
0,2,0.6058246123487706,0.19850000000000007,0.13173151016235352,2.230660915374756
0,3,0.6068316704817545,0.16161888033505611,0.10617613792419434,2.230660915374756
0,4,0.6089124048153987,0.15457731813724485,0.07143425941467285,2.230660915374756
0,5,0.612190997809015,0.14036924248040739,0.06948590278625488,2.230660915374756
0,6,0.6157899001604383,0.10561781266154446,0.06859612464904785,2.230660915374756
0,7,0.6195431456846798,0.08800491125975685,0.07071805000305176,2.230660915374756
0,8,0.6237549524185322,0.09436739391645987,0.07127022743225098,2.230660915374756
0,9,0.6253062295963279,0.07642657167741274,0.04683041572570801,2.230660915374756
0,10,0.6335934282153228,0.07825842041348408,0.12925982475280762,2.230660915374756
0,11,0.634751010284668,0.0824475179337999,0.043996572494506836,2.230660915374756
0,12,0.6372738642826579,0.0513252059476661,0.05692768096923828,2.230660915374756
0,13,0.6425632441835835,0.04752370521739169,0.07648921012878418,2.230660915374756
0,14,0.6464464102099671,0.05175275123171452,0.06635451316833496,2.230660915374756
0,15,0.6520085337665202,0.054050420581180925,0.10617804527282715,2.230660915374756
0,16,0.6570029521787787,0.05021609566023577,0.09462809562683105,2.230660915374756
0,17,0.6593783597580384,0.04597497787378846,0.05969882011413574,2.230660915374756
0,18,0.6637507657404376,0.03833285921950813,0.08148789405822754,2.230660915374756
0,19,0.6670057383369988,0.040272620467220466,0.07133603096008301,2.230660915374756
0,20,0.6724283061463887,0.03255834429362825,0.09664106369018555,2.230660915374756
0,21,0.6781202091204162,0.03263151128762565,0.10396456718444824,2.230660915374756
0,22,0.6809353258274391,0.03472743675128365,0.06322169303894043,2.230660915374756
0,23,0.6856027620470833,0.03517647829582582,0.07993745803833008,2.230660915374756
0,24,0.6887148261337996,0.030253171619915475,0.06155681610107422,2.230660915374756
0,25,0.6941787427497806,0.031035273907258132,0.10178279876708984,2.230660915374756
0,26,0.7002861782839391,0.029323330502098233,0.12061190605163574,2.230660915374756
0,27,0.7031975977894029,0.028116822227995053,0.06603527069091797,2.230660915374756
0,28,0.7082186166894614,0.027786563209932336,0.08632826805114746,2.230660915374756
0,29,0.7096393787894745,0.03568918354226158,0.0475308895111084,2.230660915374756
0,30,0.7200553210491325,0.02239181088947273,0.16451573371887207,2.230660915374756
0,31,0.7221753422076456,0.027082395828328276,0.06022143363952637,2.230660915374756
0,32,0.7262242406929966,0.02538314093826255,0.07545137405395508,2.230660915374756
0,33,0.732345820581361,0.023361821922808113,0.09755349159240723,2.230660915374756
0,34,0.7339264921254245,0.023901568610210977,0.05417180061340332,2.230660915374756
0,35,0.743735882251995,0.023080034300255625,0.16112303733825684,2.230660915374756
0,36,0.7458766468211708,0.025795718358147535,0.06257057189941406,2.230660915374756
0,37,0.7501941626054571,0.02375483815951529,0.08160948753356934,2.230660915374756
0,38,0.7567451925947999,0.024947276586976264,0.10428476333618164,2.230660915374756
0,39,0.758253022215273,0.028542473932296586,0.05564522743225098,2.230660915374756
0,40,0.7680549090543458,0.025551441474551684,0.1772322654724121,2.230660915374756
0,41,0.8058852913981231,0.14,0.27907824516296387,2.230660915374756
0,42,0.8093411887954105,0.1027661348471064,0.0954446792602539,2.230660915374756
0,43,0.8131230130178733,0.07781283409405126,0.10529160499572754,2.230660915374756
0,44,0.8196901475422382,0.06548993847334705,0.13721799850463867,2.230660915374756
0,45,0.8246588990553763,0.05460317576541596,0.12500715255737305,2.230660915374756
0,46,0.8280404341514549,0.04897355206662879,0.08689761161804199,2.230660915374756
0,47,0.8358245546980283,0.05089847538238956,0.16779565811157227,2.230660915374756
0,48,0.8381094946429728,0.056531649582342025,0.08058547973632812,2.230660915374756
0,49,0.8427666375725623,0.04467132620600267,0.1089625358581543,2.230660915374756
0,50,0.84978055473611,0.0471557773396577,0.17595124244689941,2.230660915374756
0,51,0.8517233943093303,0.05665367869145277,0.0884249210357666,2.230660915374756
0,52,0.8558461106319124,0.06495131615550231,0.11600923538208008,2.230660915374756
0,53,0.861127247328376,0.06655150094614004,0.1638333797454834,2.230660915374756
0,54,0.8635180631018504,0.076048027254489,0.11384463310241699,2.230660915374756
0,55,0.8662363553054242,0.07708462511787051,0.12294793128967285,2.230660915374756
0,56,0.8693313533743698,0.09117267017572528,0.15868806838989258,2.230660915374756
0,57,0.87050263283318,0.08314872544651106,0.10537981986999512,2.230660915374756
0,58,0.8715250059233435,0.09165999953733706,0.11769533157348633,2.230660915374756
0,59,0.8727306126441302,0.10354815521869087,0.1495203971862793,2.230660915374756
0,60,0.873244469102884,0.08208458733502044,0.08998990058898926,2.230660915374756
0,61,0.8745009771783427,0.09131746879765978,0.11751389503479004,2.230660915374756
0,62,0.8765467819205478,0.09173765370672471,0.15619778633117676,2.230660915374756
0,63,0.8773968508310311,0.0815102764523854,0.09665966033935547,2.230660915374756
0,64,0.8793354784423002,0.09037998142186954,0.14637041091918945,2.230660915374756
0,65,0.8804391392871326,0.0882288029649051,0.09046769142150879,2.230660915374756
0,66,0.8820782493116098,0.07982729562728741,0.14210176467895508,2.230660915374756
0,67,0.8836878420697086,0.07887525066117296,0.10753512382507324,2.230660915374756
0,68,0.8854718369831982,0.09082788278418341,0.1399996280670166,2.230660915374756
0,69,0.8868340186619107,0.09799999999999998,0.10512208938598633,2.230660915374756
0,70,0.88838635495941,0.09650000000000003,0.13852715492248535,2.230660915374756
0,71,0.8900192415340447,0.09499999999999997,0.13150358200073242,2.230660915374756
0,72,0.8915931015937885,0.08427963929803894,0.1465287208557129,2.230660915374756
0,73,0.8921941616194804,0.09199999999999997,0.09083914756774902,2.230660915374756
0,74,0.8927593612353646,0.09050000000000002,0.08478331565856934,2.230660915374756
0,75,0.8959247458348096,0.07054941230971445,0.2218644618988037,2.230660915374756
0,76,0.8962755031459232,0.07383089193698078,0.08158183097839355,2.230660915374756
0,77,0.8971074437740627,0.08600000000000008,0.09191226959228516,2.230660915374756
0,78,0.8986850656164285,0.08049960661934152,0.13991022109985352,2.230660915374756
0,79,0.9006623413636591,0.07752813230131894,0.153029203414917,2.230660915374756
0,80,0.9010478802156716,0.08150000000000002,0.06945610046386719,2.230660915374756
0,81,0.884517066251097,0.08000000000000007,0.34655213356018066,2.230660915374756
0,82,0.8830574560061363,0.07850000000000001,0.21525168418884277,2.230660915374756
0,83,0.8825109074439283,0.07700000000000007,0.22266674041748047,2.230660915374756
0,84,0.8826836468035747,0.07550000000000001,0.10904788970947266,2.230660915374756
0,85,0.8832376841464368,0.07400000000000007,0.15282440185546875,2.230660915374756
0,86,0.8835214136503383,0.07250000000000001,0.09824585914611816,2.230660915374756
0,87,0.8838861043207951,0.07100000000000001,0.07181549072265625,2.230660915374756
0,88,0.8854087253415748,0.0695,0.1564478874206543,2.230660915374756
0,89,0.8855870210675079,0.06800000000000006,0.06313395500183105,2.230660915374756
0,90,0.8862673991901668,0.0665,0.09133434295654297,2.230660915374756
0,91,0.8876293289126117,0.06500000000000006,0.12225890159606934,2.230660915374756
0,92,0.8881693740173771,0.0635,0.0792546272277832,2.230660915374756
0,93,0.8887425184714735,0.062000000000000055,0.08236384391784668,2.230660915374756
0,94,0.8892439030947958,0.0605,0.08002328872680664,2.230660915374756
0,95,0.8910311687921102,0.05900000000000005,0.14191746711730957,2.230660915374756
0,96,0.8915617009524196,0.057499999999999996,0.07952189445495605,2.230660915374756
0,97,0.8922119887853475,0.05600000000000005,0.07734990119934082,2.230660915374756
0,98,0.8929827640147106,0.05449999999999999,0.09059715270996094,2.230660915374756
0,99,0.8945334324620666,0.05300000000000005,0.14579534530639648,2.230660915374756
0,100,0.8959621239415313,0.05150000000000002,0.14434266090393066,2.230660915374756
0,101,0.8965986405139414,0.050000000000000044,0.07452702522277832,2.230660915374756
0,102,0.8977607118815012,0.048500000000000015,0.09752440452575684,2.230660915374756
0,103,0.8983046746553252,0.04700000000000004,0.07564306259155273,2.230660915374756
0,104,0.899857184781964,0.04550000000000001,0.14670872688293457,2.230660915374756
0,105,0.9015925928247599,0.04400000000000004,0.16064143180847168,2.230660915374756
0,106,0.9025063963996143,0.04249999999999998,0.08990025520324707,2.230660915374756
0,107,0.9036619396918725,0.041000000000000036,0.09995365142822266,2.230660915374756
0,108,0.9043122148569374,0.03950000000000001,0.07552909851074219,2.230660915374756
0,109,0.9058261785114643,0.038000000000000034,0.1484520435333252,2.230660915374756
0,110,0.9076875041596851,0.03650000000000003,0.17589187622070312,2.230660915374756
0,111,0.90866855444388,0.03500000000000003,0.09654068946838379,2.230660915374756
0,112,0.9100357058329672,0.033499999999999974,0.11524319648742676,2.230660915374756
0,113,0.9119593594567184,0.03200000000000003,0.2194385528564453,2.230660915374756
0,114,0.912528290231915,0.030500000000000083,0.08517050743103027,2.230660915374756
0,115,0.9141177428377267,0.029000000000000026,0.19039344787597656,2.230660915374756
0,116,0.9155559468766841,0.02750000000000008,0.18719696998596191,2.230660915374756
0,117,0.9168425312382689,0.02600000000000008,0.1550276279449463,2.230660915374756
0,118,0.9182110619176914,0.024500000000000077,0.18630123138427734,2.230660915374756
0,119,0.9196287077295906,0.02300000000000002,0.18183088302612305,2.230660915374756
0,120,0.921044952700385,0.021500000000000075,0.19935917854309082,2.230660915374756
0,121,0.8737260860028104,0.020000000000000073,0.6780500411987305,2.230660915374756
0,122,0.8729328105186456,0.020000000000000018,0.27313804626464844,2.230660915374756
0,123,0.8726465183720687,0.020000000000000018,0.17719554901123047,2.230660915374756
0,124,0.8721639835921344,0.020000000000000018,0.20809721946716309,2.230660915374756
0,125,0.8719135826320532,0.020000000000000018,0.12433671951293945,2.230660915374756
0,126,0.8717123891424479,0.020000000000000073,0.1015157699584961,2.230660915374756
0,127,0.8713027341088566,0.020000000000000018,0.1883716583251953,2.230660915374756
0,128,0.8711748362633682,0.020000000000000018,0.07841062545776367,2.230660915374756
0,129,0.8709850056241192,0.020000000000000073,0.09991025924682617,2.230660915374756
0,130,0.8707953807088377,0.020000000000000018,0.08411979675292969,2.230660915374756
0,131,0.8705526092636404,0.020000000000000073,0.11754846572875977,2.230660915374756
0,132,0.8705019837271759,0.020000000000000073,0.05441117286682129,2.230660915374756
0,133,0.870085186174232,0.020000000000000073,0.1671907901763916,2.230660915374756
0,134,0.869969156981122,0.020000000000000018,0.0618748664855957,2.230660915374756
0,135,0.8697720934844454,0.020000000000000018,0.0949549674987793,2.230660915374756
0,136,0.8697277403228287,0.020000000000000018,0.04905819892883301,2.230660915374756
0,137,0.8694420719942713,0.020000000000000073,0.10982275009155273,2.230660915374756
0,138,0.8694066173234802,0.020000000000000018,0.0451970100402832,2.230660915374756
0,139,0.8691919811778661,0.020000000000000018,0.0736081600189209,2.230660915374756
0,140,0.8690614286377192,0.020000000000000018,0.07707428932189941,2.230660915374756
0,141,0.8688572819809256,0.020000000000000018,0.0704958438873291,2.230660915374756
0,142,0.8688170031169498,0.020000000000000018,0.04794001579284668,2.230660915374756
0,143,0.868546122335039,0.020000000000000073,0.09936356544494629,2.230660915374756
0,144,0.8685186244218888,0.020000000000000018,0.042851924896240234,2.230660915374756
0,145,0.8682088313143392,0.020000000000000018,0.13156819343566895,2.230660915374756
0,146,0.8681110971167488,0.020000000000000018,0.0728144645690918,2.230660915374756
0,147,0.867977378775741,0.020000000000000018,0.05817079544067383,2.230660915374756
0,148,0.8679419228291246,0.020000000000000018,0.046869754791259766,2.230660915374756
0,149,0.8677279988950799,0.020000000000000018,0.08470892906188965,2.230660915374756
0,150,0.8677025674945158,0.020000000000000018,0.043007850646972656,2.230660915374756
0,1,0.608180662346719,0.20000000000000007,0.9574439525604248,2.22432804107666
0,2,0.6056481644776175,0.19850000000000007,0.17324447631835938,2.230660915374756
0,3,0.6068052056351021,0.1543454263680798,0.13145065307617188,2.230660915374756
0,4,0.6087040947549651,0.16610070642316643,0.08379173278808594,2.230660915374756
0,5,0.612200822624118,0.13378413330563343,0.11101841926574707,2.230660915374756
0,6,0.6157363712759187,0.10106019771159747,0.10088419914245605,2.230660915374756
0,7,0.619796707594876,0.0846123977195472,0.09931397438049316,2.230660915374756
0,8,0.6238390375361745,0.09049660661386638,0.0959477424621582,2.230660915374756
0,9,0.6252410213296026,0.07779604749575264,0.05107426643371582,2.230660915374756
0,10,0.6309369658453523,0.07826558179646803,0.11139130592346191,2.230660915374756
0,11,0.6361369526009177,0.07618681741701305,0.12868905067443848,2.230660915374756
0,12,0.6382323497694479,0.05383170863969522,0.07062101364135742,2.230660915374756
0,13,0.6431485569443693,0.049600470504210126,0.10260319709777832,2.230660915374756
0,14,0.6444937010903313,0.053601821476756406,0.05437421798706055,2.230660915374756
0,15,0.6539063276513545,0.04902219030809063,0.18741726875305176,2.230660915374756
0,16,0.6554092802791731,0.05427374716635225,0.06298613548278809,2.230660915374756
0,17,0.6587545623619595,0.044068309341289136,0.09539794921875,2.230660915374756
0,18,0.6646115145647407,0.03724451206891932,0.10878658294677734,2.230660915374756
0,19,0.6657542352895485,0.03703153681271365,0.047353267669677734,2.230660915374756
0,20,0.6752183013432764,0.032243569160119834,0.18785405158996582,2.230660915374756
0,21,0.6765786839565151,0.03474232566991564,0.048370361328125,2.230660915374756
0,22,0.6804905682647706,0.03073220880076688,0.08796811103820801,2.230660915374756
0,23,0.6841569830822174,0.03174707019648415,0.09595084190368652,2.230660915374756
0,24,0.6900272698712144,0.03580088304407569,0.13822650909423828,2.230660915374756
0,25,0.6959720172685969,0.02995930431916216,0.15530085563659668,2.230660915374756
0,26,0.69874007787057,0.028373918312799895,0.07544493675231934,2.230660915374756
0,27,0.7035255181245397,0.024697717762457105,0.11140775680541992,2.230660915374756
0,28,0.7099210413986216,0.02663616941977931,0.15172290802001953,2.230660915374756
0,29,0.7110211442023433,0.031333228925308876,0.04473090171813965,2.230660915374756
0,30,0.7185350931314358,0.0281160799592326,0.15234851837158203,2.230660915374756
0,31,0.7205905462443698,0.024844280097787053,0.08254718780517578,2.230660915374756
0,32,0.7276566049517281,0.0230368403417216,0.14220762252807617,2.230660915374756
0,33,0.7319856503607427,0.027292932378786494,0.10048103332519531,2.230660915374756
0,34,0.7351631380125865,0.022125393527652526,0.0992887020111084,2.230660915374756
0,35,0.7409741647111854,0.02255614285545826,0.14938592910766602,2.230660915374756
0,36,0.7472998831683437,0.023455229849346892,0.14057683944702148,2.230660915374756
0,37,0.7504987845567666,0.024391618705578266,0.10507631301879883,2.230660915374756
0,38,0.7561999225153784,0.02399946348404597,0.1055152416229248,2.230660915374756
0,39,0.7603857657932231,0.025967740029767317,0.10533666610717773,2.230660915374756
0,40,0.7660771251338366,0.026105209038956412,0.14419865608215332,2.230660915374756
0,41,0.8062792224314903,0.14,0.3292064666748047,2.230660915374756
0,42,0.8099449175586418,0.10071819142815575,0.12146115303039551,2.230660915374756
0,43,0.8134521279412124,0.07642041111407993,0.12496829032897949,2.230660915374756
0,44,0.8200508354426167,0.06449811762941426,0.17699480056762695,2.230660915374756
0,45,0.8248208829579973,0.05365274395304531,0.13802576065063477,2.230660915374756
0,46,0.8299594987036163,0.04886877870153128,0.15266966819763184,2.230660915374756
0,47,0.8350814450163886,0.04846073013857033,0.14484596252441406,2.230660915374756
0,48,0.8385234296962896,0.05482108742097047,0.11478376388549805,2.230660915374756
0,49,0.8448616285789352,0.0501377343572772,0.18607711791992188,2.230660915374756
0,50,0.8493382794806572,0.044490934505230006,0.14087295532226562,2.230660915374756
0,51,0.8523200509129047,0.05150643739834726,0.14288711547851562,2.230660915374756
0,52,0.857989749204582,0.05884496319753607,0.2074871063232422,2.230660915374756
0,53,0.8614585797227796,0.06068650462793468,0.15045642852783203,2.230660915374756
0,54,0.864573882796444,0.07151848694570984,0.14818978309631348,2.230660915374756
0,55,0.8686302709978413,0.06839451643507388,0.1723470687866211,2.230660915374756
0,56,0.8705670066004424,0.0788912581151181,0.11797690391540527,2.230660915374756
0,57,0.8724893234073892,0.07700661077993928,0.14808154106140137,2.230660915374756
0,58,0.8746387637600617,0.0821010874145619,0.1705772876739502,2.230660915374756
0,59,0.8751339310487387,0.09224990134084354,0.12322711944580078,2.230660915374756
0,60,0.8756191641732896,0.08687942775633928,0.16070294380187988,2.230660915374756
0,61,0.8770434356533151,0.08569561553972105,0.2025768756866455,2.230660915374756
0,62,0.878030643498068,0.09541865469163024,0.13414573669433594,2.230660915374756
0,63,0.8799108289812578,0.0760206650236277,0.173323392868042,2.230660915374756
0,64,0.8809347006929302,0.08506233570540833,0.10936474800109863,2.230660915374756
0,65,0.8830705264139393,0.09391300535738556,0.20961928367614746,2.230660915374756
0,66,0.884041063803909,0.0898114825094325,0.1080784797668457,2.230660915374756
0,67,0.8854092794667496,0.07540437852424742,0.14038372039794922,2.230660915374756
0,68,0.8868867034019261,0.08508231377467823,0.11547160148620605,2.230660915374756
0,69,0.8886610917719424,0.09742204423854628,0.15181589126586914,2.230660915374756
0,70,0.8899957510410833,0.09596223791816794,0.11677312850952148,2.230660915374756
0,71,0.891486083805271,0.09499999999999997,0.1557450294494629,2.230660915374756
0,72,0.8928165268335354,0.07679968644324997,0.12427282333374023,2.230660915374756
0,73,0.8942624116305145,0.08660996186506831,0.1395258903503418,2.230660915374756
0,74,0.8955663945930328,0.09050000000000002,0.13573431968688965,2.230660915374756
0,75,0.8959767719235621,0.07030671976383662,0.08281230926513672,2.230660915374756
0,76,0.8985060226120745,0.07048182942145542,0.2417452335357666,2.230660915374756
0,77,0.8987297241841441,0.08142047671321528,0.08477663993835449,2.230660915374756
0,78,0.9001448093906764,0.07556879653502646,0.1781773567199707,2.230660915374756
0,79,0.9016839787020531,0.07606063210262004,0.16219091415405273,2.230660915374756
0,80,0.9030649161875636,0.08150000000000002,0.13838458061218262,2.230660915374756
0,81,0.8858446538994427,0.08000000000000007,0.4000716209411621,2.230660915374756
0,82,0.884284575073051,0.07850000000000001,0.245497465133667,2.230660915374756
0,83,0.8835155467172782,0.07700000000000007,0.25725460052490234,2.230660915374756
0,84,0.8837281785974335,0.07550000000000001,0.17050933837890625,2.230660915374756
0,85,0.8838304476661989,0.07400000000000007,0.11987781524658203,2.230660915374756
0,86,0.8846904454184568,0.07250000000000001,0.17327427864074707,2.230660915374756
0,87,0.8849195954269022,0.07100000000000006,0.07253241539001465,2.230660915374756
0,88,0.8860516639362428,0.0695,0.19426727294921875,2.230660915374756
0,89,0.8861909044844785,0.06800000000000006,0.06456875801086426,2.230660915374756
0,90,0.8875444286450677,0.0665,0.21349525451660156,2.230660915374756
0,91,0.8876358405562281,0.06500000000000006,0.05697989463806152,2.230660915374756
0,92,0.8891956427909963,0.0635,0.15520715713500977,2.230660915374756
0,93,0.8892478828803215,0.061999999999999944,0.05547499656677246,2.230660915374756
0,94,0.8902858766500807,0.0605,0.1302778720855713,2.230660915374756
0,95,0.8903892785832208,0.05900000000000005,0.06841158866882324,2.230660915374756
0,96,0.8924215861976935,0.057499999999999996,0.2303612232208252,2.230660915374756
0,97,0.8925926907524684,0.05600000000000005,0.06721901893615723,2.230660915374756
0,98,0.8936460423032013,0.05449999999999999,0.12511825561523438,2.230660915374756
0,99,0.8937200004649912,0.05300000000000005,0.07323789596557617,2.230660915374756
0,100,0.8966001875815557,0.05150000000000002,0.2526521682739258,2.230660915374756
0,101,0.8968754587675254,0.050000000000000044,0.0863792896270752,2.230660915374756
0,102,0.8978313728479037,0.048500000000000015,0.14196276664733887,2.230660915374756
0,103,0.8979538875210107,0.04700000000000004,0.059290409088134766,2.230660915374756
0,104,0.9010162102103556,0.04550000000000001,0.2698948383331299,2.230660915374756
0,105,0.9014288913567396,0.04400000000000004,0.08669734001159668,2.230660915374756
0,106,0.9024456401770178,0.04250000000000004,0.11044645309448242,2.230660915374756
0,107,0.9038070913620058,0.041000000000000036,0.14594650268554688,2.230660915374756
0,108,0.9039911169219088,0.03950000000000001,0.06705951690673828,2.230660915374756
0,109,0.9069012642665139,0.038000000000000034,0.3147280216217041,2.230660915374756
0,110,0.9075245009828307,0.03649999999999998,0.10197901725769043,2.230660915374756
0,111,0.9086706755075489,0.03500000000000003,0.12673425674438477,2.230660915374756
0,112,0.9104924637229714,0.03350000000000003,0.25118088722229004,2.230660915374756
0,113,0.9117217464804521,0.03200000000000003,0.19175362586975098,2.230660915374756
0,114,0.9124833465381144,0.030500000000000083,0.1294851303100586,2.230660915374756
0,115,0.9142860796968448,0.029000000000000026,0.27562975883483887,2.230660915374756
0,116,0.915601090909802,0.02750000000000008,0.22072863578796387,2.230660915374756
0,117,0.9169642944653027,0.026000000000000023,0.20802855491638184,2.230660915374756
0,118,0.9180563612703674,0.024500000000000077,0.11302924156188965,2.230660915374756
0,119,0.919859909627204,0.02300000000000002,0.278228759765625,2.230660915374756
0,120,0.9207839418387487,0.021500000000000075,0.14032816886901855,2.230660915374756
0,121,0.8736345636230539,0.020000000000000073,0.8475372791290283,2.230660915374756
0,122,0.872855603852037,0.020000000000000073,0.35457777976989746,2.230660915374756
0,123,0.8725511095256837,0.020000000000000018,0.2406473159790039,2.230660915374756
0,124,0.8720704195795761,0.020000000000000018,0.294417142868042,2.230660915374756
0,125,0.8718306608567079,0.020000000000000018,0.14456701278686523,2.230660915374756
0,126,0.8716265524833928,0.020000000000000018,0.14005517959594727,2.230660915374756
0,127,0.8711995673543396,0.020000000000000018,0.24451565742492676,2.230660915374756
0,128,0.8710773289201976,0.020000000000000073,0.10161519050598145,2.230660915374756
0,129,0.8708869987454289,0.020000000000000018,0.12573480606079102,2.230660915374756
0,130,0.8707065826908884,0.020000000000000018,0.09842252731323242,2.230660915374756
0,131,0.8704426975900574,0.020000000000000073,0.17009782791137695,2.230660915374756
0,132,0.8703882085039694,0.020000000000000018,0.06508445739746094,2.230660915374756
0,133,0.869938509130241,0.020000000000000018,0.1930997371673584,2.230660915374756
0,134,0.8698188813994422,0.020000000000000018,0.07123970985412598,2.230660915374756
0,135,0.8696013488243702,0.020000000000000018,0.12151908874511719,2.230660915374756
0,136,0.8695579093351541,0.020000000000000018,0.06064105033874512,2.230660915374756
0,137,0.8692731605929009,0.020000000000000018,0.10823726654052734,2.230660915374756
0,138,0.8692333881539122,0.020000000000000018,0.055957794189453125,2.230660915374756
0,139,0.869020294694448,0.020000000000000018,0.07399773597717285,2.230660915374756
0,140,0.8689094921094648,0.020000000000000018,0.09460735321044922,2.230660915374756
0,141,0.8687082893255225,0.020000000000000018,0.09974145889282227,2.230660915374756
0,142,0.8686740177722188,0.020000000000000018,0.06404685974121094,2.230660915374756
0,143,0.8684059921252716,0.020000000000000073,0.11073017120361328,2.230660915374756
0,144,0.8683787608520037,0.020000000000000018,0.06620359420776367,2.230660915374756
0,145,0.8681831207256541,0.020000000000000018,0.0883185863494873,2.230660915374756
0,146,0.868101156600789,0.020000000000000018,0.09045958518981934,2.230660915374756
0,147,0.8679246166304785,0.020000000000000018,0.07396507263183594,2.230660915374756
0,148,0.8678975251165287,0.020000000000000018,0.059142351150512695,2.230660915374756
0,149,0.8676590815621215,0.020000000000000018,0.10828661918640137,2.230660915374756
0,150,0.867639304952404,0.020000000000000018,0.0430455207824707,2.230660915374756
0,1,0.6081760567543798,0.20000000000000007,0.7440023422241211,2.22432804107666
0,2,0.6055418857034832,0.19850000000000007,0.12412285804748535,2.230660915374756
0,3,0.6068024561743535,0.15213261610400297,0.10108780860900879,2.230660915374756
0,4,0.6087027758374643,0.17383888399022096,0.06989598274230957,2.230660915374756
0,5,0.6119082586381417,0.13017251211973313,0.07135963439941406,2.230660915374756
0,6,0.6154458952887927,0.10430579118385253,0.06916284561157227,2.230660915374756
0,7,0.6194633342783382,0.08201577605169541,0.07644033432006836,2.230660915374756
0,8,0.6236852629831792,0.08841479098890637,0.07564973831176758,2.230660915374756
0,9,0.6252555658070111,0.07785918653640023,0.04694724082946777,2.230660915374756
0,10,0.6310567330488506,0.07643974587289182,0.10084772109985352,2.230660915374756
0,11,0.6361683391871187,0.08029422040855638,0.09814167022705078,2.230660915374756
0,12,0.6385989417430663,0.06080250027443934,0.06960916519165039,2.230660915374756
0,13,0.6410295038986923,0.04779954837926581,0.05906391143798828,2.230660915374756
0,14,0.6485728539356048,0.0467470776485962,0.1303093433380127,2.230660915374756
0,15,0.6500190023180348,0.05177259543198731,0.05180835723876953,2.230660915374756
0,16,0.6560636583090881,0.049688022733054504,0.10472917556762695,2.230660915374756
0,17,0.6599136691298461,0.04919627898876522,0.07401680946350098,2.230660915374756
0,18,0.6619805157470504,0.043305773441780215,0.056940555572509766,2.230660915374756
0,19,0.6696120661142271,0.036275933083848355,0.12357664108276367,2.230660915374756
0,20,0.6709423391008915,0.03668456360096639,0.04818010330200195,2.230660915374756
0,21,0.6775408714802125,0.03315323179316043,0.11907577514648438,2.230660915374756
0,22,0.6812779195048821,0.03262576403480111,0.07345438003540039,2.230660915374756
0,23,0.6835221250071225,0.03399071982948165,0.058272600173950195,2.230660915374756
0,24,0.6912765112459383,0.030600728426102064,0.12437105178833008,2.230660915374756
0,25,0.6961125516627761,0.029055855785435458,0.09357023239135742,2.230660915374756
0,26,0.6987389248570326,0.03100560357613591,0.06333255767822266,2.230660915374756
0,27,0.7020096263205096,0.02765650106354356,0.0728452205657959,2.230660915374756
0,28,0.7078050684756279,0.027134813278003933,0.10622620582580566,2.230660915374756
0,29,0.7141022395521686,0.027772609733629383,0.11602210998535156,2.230660915374756
0,30,0.7173759710580265,0.028484535524681887,0.07544255256652832,2.230660915374756
0,31,0.7225825840564755,0.029121736650561614,0.09377026557922363,2.230660915374756
0,32,0.7259736294942298,0.02462050021468709,0.07239055633544922,2.230660915374756
0,33,0.7317495596935816,0.02547447422266136,0.11682844161987305,2.230660915374756
0,34,0.7377024479174158,0.022614494456482337,0.11943292617797852,2.230660915374756
0,35,0.7411257931615115,0.02311894397034131,0.08519911766052246,2.230660915374756
0,36,0.746463011132386,0.023236039538160447,0.09579801559448242,2.230660915374756
0,37,0.7502270729333904,0.024656580049026267,0.07849335670471191,2.230660915374756
0,38,0.7558057884441461,0.02478579176493434,0.11643242835998535,2.230660915374756
0,39,0.7619150569544786,0.02334957538125848,0.12210202217102051,2.230660915374756
0,40,0.7654956001999799,0.0261350653233694,0.08135104179382324,2.230660915374756
0,41,0.8064567920695282,0.14,0.30119991302490234,2.230660915374756
0,42,0.8102092932445277,0.09993555547018651,0.09845280647277832,2.230660915374756
0,43,0.813567837207734,0.07632151864942238,0.10093903541564941,2.230660915374756
0,44,0.8203138243455403,0.06384316980143379,0.1312699317932129,2.230660915374756
0,45,0.8251060786713972,0.053347876025592544,0.11842226982116699,2.230660915374756
0,46,0.8287300919698928,0.04790956600066454,0.0943751335144043,2.230660915374756
0,47,0.8367598729423892,0.044020718579974805,0.17645955085754395,2.230660915374756
0,48,0.8390062093285535,0.0522120834558677,0.0809326171875,2.230660915374756
0,49,0.8437515072814563,0.048992875262342195,0.11725282669067383,2.230660915374756
0,50,0.8510412554305244,0.04579960475525191,0.1747446060180664,2.230660915374756
0,51,0.8530321317662451,0.048131662642835416,0.08565521240234375,2.230660915374756
0,52,0.8583426243059722,0.05546354300291134,0.15610575675964355,2.230660915374756
0,53,0.8626170708623537,0.06218982462108247,0.13870763778686523,2.230660915374756
0,54,0.8654156586457149,0.06784663938726254,0.10833096504211426,2.230660915374756
0,55,0.8685594304780773,0.06564915532460291,0.13055992126464844,2.230660915374756
0,56,0.8723410145714866,0.07401060612852517,0.17101597785949707,2.230660915374756
0,57,0.8739009865292247,0.08883530984764687,0.11406373977661133,2.230660915374756
0,58,0.8752915573600386,0.07686576662259303,0.12314391136169434,2.230660915374756
0,59,0.8770113766713368,0.08952797646236066,0.16340327262878418,2.230660915374756
0,60,0.8774437203038421,0.09820606328903736,0.09626507759094238,2.230660915374756
0,61,0.8780102273793753,0.08105360620554158,0.11123180389404297,2.230660915374756
0,62,0.8797750064367327,0.091806980370711,0.15729522705078125,2.230660915374756
0,63,0.8808055256225256,0.07488080444190193,0.09482669830322266,2.230660915374756
0,64,0.8825401260316641,0.08136543915241112,0.16138601303100586,2.230660915374756
0,65,0.883537418773582,0.0906240277342405,0.10176205635070801,2.230660915374756
0,66,0.8855110862656309,0.08699397961817101,0.1583995819091797,2.230660915374756
0,67,0.8860910073846472,0.07698998370215726,0.07810425758361816,2.230660915374756
0,68,0.8885498912385132,0.08247589125405552,0.18055248260498047,2.230660915374756
0,69,0.8891300120738665,0.09405744515635306,0.08234405517578125,2.230660915374756
0,70,0.8914531661063723,0.09542539037303066,0.1903824806213379,2.230660915374756
0,71,0.891855433555955,0.09393747268035879,0.07667255401611328,2.230660915374756
0,72,0.8943497199065467,0.07404474511791825,0.19066619873046875,2.230660915374756
0,73,0.8946117285354356,0.08225711226330701,0.07450199127197266,2.230660915374756
0,74,0.8961701645132153,0.0903587279901914,0.1546783447265625,2.230660915374756
0,75,0.8976667549093817,0.08769612375670321,0.14431142807006836,2.230660915374756
0,76,0.898697257099949,0.06978159964609765,0.12756133079528809,2.230660915374756
0,77,0.8991097046083356,0.07896968836609641,0.0887303352355957,2.230660915374756
0,78,0.9018271435834566,0.08173484867645153,0.22095179557800293,2.230660915374756
0,79,0.9020942062852821,0.08230325912502945,0.07944512367248535,2.230660915374756
0,80,0.90283011535696,0.08150000000000002,0.09717798233032227,2.230660915374756
0,81,0.8866032749868618,0.08000000000000007,0.3660709857940674,2.230660915374756
0,82,0.8849378428634982,0.07850000000000001,0.23015880584716797,2.230660915374756
0,83,0.8842690208408704,0.07699999999999996,0.23357033729553223,2.230660915374756
0,84,0.8844616690456525,0.07550000000000001,0.15520715713500977,2.230660915374756
0,85,0.8844984659545685,0.07400000000000007,0.1012871265411377,2.230660915374756
0,86,0.8853400271322686,0.07250000000000001,0.16401934623718262,2.230660915374756
0,87,0.8855090770420645,0.07100000000000006,0.060788869857788086,2.230660915374756
0,88,0.8861477709302839,0.0695,0.12024950981140137,2.230660915374756
0,89,0.8862886953121965,0.06800000000000006,0.061293601989746094,2.230660915374756
0,90,0.888024747636329,0.0665,0.16512632369995117,2.230660915374756
0,91,0.8881993394597971,0.06500000000000006,0.06689810752868652,2.230660915374756
0,92,0.8889257677840974,0.0635,0.09701967239379883,2.230660915374756
0,93,0.8897765602823908,0.062000000000000055,0.0871589183807373,2.230660915374756
0,94,0.890227507125062,0.0605,0.08095622062683105,2.230660915374756
0,95,0.891816472043468,0.05900000000000005,0.15240073204040527,2.230660915374756
0,96,0.8922531181923736,0.057499999999999996,0.08258581161499023,2.230660915374756
0,97,0.89285634786637,0.05600000000000005,0.07717180252075195,2.230660915374756
0,98,0.8934395849963832,0.05449999999999999,0.0870811939239502,2.230660915374756
0,99,0.8949934977414823,0.05300000000000005,0.1477203369140625,2.230660915374756
0,100,0.8963187935138944,0.05150000000000002,0.1476612091064453,2.230660915374756
0,101,0.8969921156780356,0.050000000000000044,0.08083033561706543,2.230660915374756
0,102,0.8974425657461487,0.048500000000000015,0.07428097724914551,2.230660915374756
0,103,0.8995261587899814,0.04700000000000004,0.1675875186920166,2.230660915374756
0,104,0.8998335891329787,0.04550000000000001,0.06638813018798828,2.230660915374756
0,105,0.9018560764586074,0.04400000000000004,0.1679837703704834,2.230660915374756
0,106,0.9028761806372172,0.04249999999999998,0.09568190574645996,2.230660915374756
0,107,0.9033431443802731,0.041000000000000036,0.07076787948608398,2.230660915374756
0,108,0.9053631049244761,0.03950000000000001,0.1786975860595703,2.230660915374756
0,109,0.9057696927643024,0.038000000000000034,0.07147932052612305,2.230660915374756
0,110,0.9079373585559232,0.03649999999999998,0.18442964553833008,2.230660915374756
0,111,0.9090367257488117,0.03500000000000009,0.10858607292175293,2.230660915374756
0,112,0.9104266387055227,0.033499999999999974,0.15284490585327148,2.230660915374756
0,113,0.9116791058467157,0.03200000000000003,0.1638317108154297,2.230660915374756
0,114,0.912746833541483,0.030500000000000083,0.10532736778259277,2.230660915374756
0,115,0.914170674529444,0.029000000000000026,0.17847895622253418,2.230660915374756
0,116,0.9156587257440594,0.02750000000000008,0.18073105812072754,2.230660915374756
0,117,0.916764722094281,0.026000000000000023,0.11535239219665527,2.230660915374756
0,118,0.918566353313834,0.024500000000000077,0.2611865997314453,2.230660915374756
0,119,0.9194670391953984,0.02300000000000002,0.10978531837463379,2.230660915374756
0,120,0.9212543572067777,0.021500000000000075,0.26465725898742676,2.230660915374756
0,121,0.8735930299788828,0.020000000000000046,0.6713383197784424,2.230660915374756
0,122,0.8728084840310815,0.020000000000000073,0.2752227783203125,2.230660915374756
0,123,0.8725083062197427,0.020000000000000018,0.1837754249572754,2.230660915374756
0,124,0.8719900490875934,0.020000000000000018,0.22599053382873535,2.230660915374756
0,125,0.8718214943247358,0.020000000000000018,0.09879612922668457,2.230660915374756
0,126,0.8715586452961535,0.020000000000000018,0.13442778587341309,2.230660915374756
0,127,0.8711832789720696,0.020000000000000018,0.1605243682861328,2.230660915374756
0,128,0.8710004831122822,0.020000000000000018,0.11013936996459961,2.230660915374756
0,129,0.8708262692791718,0.020000000000000073,0.08002066612243652,2.230660915374756
0,130,0.8706085116817643,0.020000000000000018,0.10515069961547852,2.230660915374756
0,131,0.8705343136370274,0.020000000000000018,0.05982255935668945,2.230660915374756
0,132,0.8700796756982361,0.020000000000000018,0.1725754737854004,2.230660915374756
0,133,0.8699486728533388,0.020000000000000018,0.06719279289245605,2.230660915374756
0,134,0.8697494115621436,0.020000000000000018,0.09220576286315918,2.230660915374756
0,135,0.8696968711820773,0.020000000000000018,0.04993271827697754,2.230660915374756
0,136,0.8693889206293721,0.020000000000000018,0.10506343841552734,2.230660915374756
0,137,0.8693425937662796,0.020000000000000018,0.049385786056518555,2.230660915374756
0,138,0.8690495441445736,0.020000000000000073,0.10689043998718262,2.230660915374756
0,139,0.8690177315464509,0.020000000000000018,0.04605865478515625,2.230660915374756
0,140,0.8687137492408552,0.020000000000000018,0.13787174224853516,2.230660915374756
0,141,0.8685998666179573,0.020000000000000018,0.07517457008361816,2.230660915374756
0,142,0.8684428830895368,0.020000000000000018,0.07052135467529297,2.230660915374756
0,143,0.8684000776853125,0.020000000000000018,0.052625179290771484,2.230660915374756
0,144,0.8681559650402491,0.020000000000000018,0.09931540489196777,2.230660915374756
0,145,0.8681244757577515,0.020000000000000018,0.04685783386230469,2.230660915374756
0,146,0.8679343359811076,0.020000000000000018,0.06557917594909668,2.230660915374756
0,147,0.8678450408862457,0.020000000000000018,0.07258415222167969,2.230660915374756
0,148,0.8676860544949551,0.020000000000000018,0.06472325325012207,2.230660915374756
0,149,0.8676539788005324,0.020000000000000018,0.04862856864929199,2.230660915374756
0,150,0.8674852684312842,0.020000000000000018,0.0685732364654541,2.230660915374756
0,1,0.6081861830221922,0.20000000000000007,0.8349184989929199,2.22432804107666
0,2,0.6054722860736622,0.19850000000000007,0.14072275161743164,2.230660915374756
0,3,0.6067050119910815,0.15453057763661382,0.09071135520935059,2.230660915374756
0,4,0.6085731457123519,0.18035513819826554,0.06624841690063477,2.230660915374756
0,5,0.6120692735586134,0.12663633609847347,0.07220196723937988,2.230660915374756
0,6,0.6156373931179758,0.11287539140520675,0.0686500072479248,2.230660915374756
0,7,0.6199705709006614,0.08069155876729306,0.08776187896728516,2.230660915374756
0,8,0.623987870137044,0.08665440376227096,0.0722646713256836,2.230660915374756
0,9,0.6263454414040786,0.0832622364554666,0.05917978286743164,2.230660915374756
0,10,0.628211340396226,0.07554868698334571,0.04859042167663574,2.230660915374756
0,11,0.6373269972006511,0.07703602115651476,0.13681864738464355,2.230660915374756
0,12,0.6388139585815766,0.0658966633967576,0.0476374626159668,2.230660915374756
0,13,0.6415891015881845,0.04604388252414193,0.060487985610961914,2.230660915374756
0,14,0.6468756065000207,0.0444821047148114,0.07387995719909668,2.230660915374756
0,15,0.6474075754831272,0.0509193879742339,0.03844881057739258,2.230660915374756
0,16,0.6580594369472863,0.04963818356820204,0.17321228981018066,2.230660915374756
0,17,0.6597378817646958,0.05176011335633901,0.049663543701171875,2.230660915374756
0,18,0.6630883364052855,0.04409015900765745,0.06690764427185059,2.230660915374756
0,19,0.6682825501070729,0.03558059505403255,0.08008861541748047,2.230660915374756
0,20,0.6693326687933636,0.03715192599177719,0.04800558090209961,2.230660915374756
0,21,0.6795510900467323,0.030840175274722936,0.1754310131072998,2.230660915374756
0,22,0.6812861569444197,0.03350752454043371,0.060152530670166016,2.230660915374756
0,23,0.6848978402408843,0.031238339710980334,0.0765538215637207,2.230660915374756
0,24,0.6903900437123369,0.03066205100248265,0.08889174461364746,2.230660915374756
0,25,0.6914659335236952,0.03183814752458125,0.0485081672668457,2.230660915374756
0,26,0.701835323978474,0.02560155906809769,0.19138622283935547,2.230660915374756
0,27,0.703594136032803,0.02690154440338155,0.05328822135925293,2.230660915374756
0,28,0.7077453921408867,0.024764131278480872,0.07708621025085449,2.230660915374756
0,29,0.713389019736981,0.025884585145451777,0.0871734619140625,2.230660915374756
0,30,0.7144292283673352,0.03140625031171296,0.0472722053527832,2.230660915374756
0,31,0.7247824479713221,0.02556395083288343,0.1643695831298828,2.230660915374756
0,32,0.7269209566293271,0.024744323936469637,0.0603945255279541,2.230660915374756
0,33,0.7309466662068722,0.023499372459014567,0.07689690589904785,2.230660915374756
0,34,0.7385175199286027,0.02353407099794702,0.12630891799926758,2.230660915374756
0,35,0.7403558202862546,0.02258171939855791,0.05774068832397461,2.230660915374756
0,36,0.7469065201495714,0.02304437164278006,0.11062240600585938,2.230660915374756
0,37,0.7520565668058388,0.023337299911642795,0.10782337188720703,2.230660915374756
0,38,0.7555524624353726,0.023702461480372805,0.07564926147460938,2.230660915374756
0,39,0.7614263226841183,0.02352506531658599,0.09816861152648926,2.230660915374756
0,40,0.7655753229196313,0.02520478441153562,0.08027291297912598,2.230660915374756
0,41,0.8065465518922119,0.14,0.29883432388305664,2.230660915374756
0,42,0.810450006721697,0.09893221517497708,0.0951848030090332,2.230660915374756
0,43,0.8138330003397669,0.07567588454202656,0.09688925743103027,2.230660915374756
0,44,0.8205279069409455,0.06340906243296218,0.12817597389221191,2.230660915374756
0,45,0.8253308797122985,0.05303380537823377,0.12082982063293457,2.230660915374756
0,46,0.828918425969577,0.04771652832468265,0.09510207176208496,2.230660915374756
0,47,0.836943057692672,0.04285550099594648,0.1670665740966797,2.230660915374756
0,48,0.8392093379148342,0.04985804996823895,0.08187675476074219,2.230660915374756
0,49,0.8451187100925557,0.054489132793798745,0.13233351707458496,2.230660915374756
0,50,0.8500941249553227,0.05110046315068795,0.13574576377868652,2.230660915374756
0,51,0.8546764586299548,0.045224749437191236,0.13155508041381836,2.230660915374756
0,52,0.8577762382825069,0.052786877866741744,0.09879589080810547,2.230660915374756
0,53,0.8631561622932957,0.06086397429671864,0.15511226654052734,2.230660915374756
0,54,0.8660918256863931,0.06680769325547031,0.11348390579223633,2.230660915374756
0,55,0.8694379986279861,0.062468855721900196,0.12470555305480957,2.230660915374756
0,56,0.8731802831392137,0.07084208660181213,0.1695995330810547,2.230660915374756
0,57,0.8748947331345506,0.08205436750157036,0.11230301856994629,2.230660915374756
0,58,0.8764279431312715,0.07576386696302279,0.12189006805419922,2.230660915374756
0,59,0.8775512816084573,0.08466654388108918,0.12787652015686035,2.230660915374756
0,60,0.8778777626447454,0.09372008450500724,0.0908365249633789,2.230660915374756
0,61,0.879805432759518,0.07754349151258222,0.16546630859375,2.230660915374756
0,62,0.8806441151262668,0.08824809377296805,0.10808396339416504,2.230660915374756
0,63,0.8818843019716912,0.09184938144450872,0.11993956565856934,2.230660915374756
0,64,0.8838089493372829,0.079872632195506,0.15476584434509277,2.230660915374756
0,65,0.8846285926055608,0.08860815409083422,0.09580588340759277,2.230660915374756
0,66,0.886582473264548,0.08420313328649986,0.16419029235839844,2.230660915374756
0,67,0.8874434083109137,0.07805826577680697,0.09163761138916016,2.230660915374756
0,68,0.888948224008389,0.08215568962357456,0.13736677169799805,2.230660915374756
0,69,0.8903965744842608,0.09174991864454751,0.11090874671936035,2.230660915374756
0,70,0.8919819890771874,0.09650000000000003,0.13979125022888184,2.230660915374756
0,71,0.8931825453389739,0.0922518617133985,0.11168909072875977,2.230660915374756
0,72,0.8946538931810382,0.09220021567479364,0.14953923225402832,2.230660915374756
0,73,0.8960631477434122,0.07937457733784459,0.1340169906616211,2.230660915374756
0,74,0.8965564889172593,0.08824233752570443,0.08949780464172363,2.230660915374756
0,75,0.898397691717483,0.08711653578953449,0.16757845878601074,2.230660915374756
0,76,0.8987012937656123,0.06875721510397315,0.07370424270629883,2.230660915374756
0,77,0.9006128853015941,0.07764816713294542,0.16669487953186035,2.230660915374756
0,78,0.9020161143034524,0.0820395861918386,0.1631016731262207,2.230660915374756
0,79,0.9025838454051283,0.08097372660378177,0.09505438804626465,2.230660915374756
0,80,0.9030025304479401,0.07954533265490882,0.07583808898925781,2.230660915374756
0,81,0.8871687401463512,0.08000000000000007,0.3646559715270996,2.230660915374756
0,82,0.8854481034450772,0.07850000000000001,0.23519587516784668,2.230660915374756
0,83,0.8852154034355129,0.07700000000000007,0.17874479293823242,2.230660915374756
0,84,0.8845875157702241,0.07550000000000001,0.23201489448547363,2.230660915374756
0,85,0.8845757710467923,0.07400000000000001,0.0892789363861084,2.230660915374756
0,86,0.8851839546515596,0.07250000000000001,0.14404511451721191,2.230660915374756
0,87,0.8853463512958604,0.07100000000000006,0.06168007850646973,2.230660915374756
0,88,0.8864657820595175,0.0695,0.14269042015075684,2.230660915374756
0,89,0.8865888045786229,0.06800000000000006,0.05685162544250488,2.230660915374756
0,90,0.8871875034045231,0.0665,0.09496903419494629,2.230660915374756
0,91,0.8884493852488226,0.06500000000000006,0.12045884132385254,2.230660915374756
0,92,0.8890054589844503,0.0635,0.08989119529724121,2.230660915374756
0,93,0.8896308104767261,0.062000000000000055,0.09033203125,2.230660915374756
0,94,0.8901330471454867,0.0605,0.08099555969238281,2.230660915374756
0,95,0.8916927467831817,0.05900000000000005,0.13669395446777344,2.230660915374756
0,96,0.8922549111898417,0.057499999999999996,0.09046173095703125,2.230660915374756
0,97,0.8927176112597386,0.05600000000000005,0.07507085800170898,2.230660915374756
0,98,0.8934321132601779,0.05449999999999999,0.10746288299560547,2.230660915374756
0,99,0.8951488897666928,0.05300000000000005,0.15099072456359863,2.230660915374756
0,100,0.8964434887337296,0.05150000000000002,0.14214611053466797,2.230660915374756
0,101,0.8971189190547926,0.050000000000000044,0.07863903045654297,2.230660915374756
0,102,0.8975069858077818,0.048500000000000015,0.07006144523620605,2.230660915374756
0,103,0.8995227911914909,0.04700000000000004,0.16487836837768555,2.230660915374756
0,104,0.8998463535203729,0.04550000000000001,0.06528067588806152,2.230660915374756
0,105,0.9019001445006685,0.04400000000000004,0.16654205322265625,2.230660915374756
0,106,0.9028980280396918,0.04249999999999998,0.0932149887084961,2.230660915374756
0,107,0.903397165883019,0.041000000000000036,0.07040715217590332,2.230660915374756
0,108,0.9054047156315979,0.03950000000000001,0.1733078956604004,2.230660915374756
0,109,0.9058033372937171,0.038000000000000034,0.0703282356262207,2.230660915374756
0,110,0.9079545574671084,0.03649999999999998,0.18116044998168945,2.230660915374756
0,111,0.909050078625918,0.03500000000000003,0.10698938369750977,2.230660915374756
0,112,0.9104519255624306,0.033499999999999974,0.14806580543518066,2.230660915374756
0,113,0.9116864675847042,0.03200000000000003,0.1630258560180664,2.230660915374756
0,114,0.9127598115426521,0.030500000000000083,0.10508227348327637,2.230660915374756
0,115,0.9141626327337867,0.029000000000000026,0.16083478927612305,2.230660915374756
0,116,0.915611609189869,0.02750000000000008,0.1864759922027588,2.230660915374756
0,117,0.9167447687386859,0.026000000000000023,0.11618471145629883,2.230660915374756
0,118,0.9185169928800065,0.024500000000000077,0.25687599182128906,2.230660915374756
0,119,0.9194131689822048,0.023000000000000076,0.10687661170959473,2.230660915374756
0,120,0.9212013296146082,0.021500000000000075,0.2607846260070801,2.230660915374756
0,121,0.8735092179704779,0.020000000000000073,0.6773250102996826,2.230660915374756
0,122,0.8727283261931855,0.020000000000000018,0.263164758682251,2.230660915374756
0,123,0.8724152983015515,0.020000000000000073,0.18237924575805664,2.230660915374756
0,124,0.8718885660909053,0.020000000000000018,0.2292928695678711,2.230660915374756
0,125,0.8717230144327216,0.020000000000000073,0.0938115119934082,2.230660915374756
0,126,0.8714428543800983,0.020000000000000018,0.13665223121643066,2.230660915374756
0,127,0.8710641630321254,0.020000000000000018,0.1608901023864746,2.230660915374756
0,128,0.8708786118707483,0.020000000000000073,0.11230635643005371,2.230660915374756
0,129,0.8707050369125862,0.020000000000000018,0.07641816139221191,2.230660915374756
0,130,0.8705116600928912,0.020000000000000018,0.09920716285705566,2.230660915374756
0,131,0.8704377807544084,0.020000000000000018,0.06082963943481445,2.230660915374756
0,132,0.8699402673275616,0.020000000000000018,0.18968987464904785,2.230660915374756
0,133,0.8698189899876414,0.020000000000000073,0.06455016136169434,2.230660915374756
0,134,0.8696377573496501,0.020000000000000018,0.07753920555114746,2.230660915374756
0,135,0.86953327326449,0.020000000000000073,0.06729006767272949,2.230660915374756
0,136,0.8693130792334677,0.020000000000000018,0.0705103874206543,2.230660915374756
0,137,0.8691827497004091,0.020000000000000018,0.07925295829772949,2.230660915374756
0,138,0.8689687706514322,0.020000000000000018,0.0732564926147461,2.230660915374756
0,139,0.8689292719136217,0.020000000000000018,0.04680204391479492,2.230660915374756
0,140,0.8686680361977133,0.020000000000000018,0.10042548179626465,2.230660915374756
0,141,0.8686365979891796,0.020000000000000018,0.04538869857788086,2.230660915374756
0,142,0.8683243325496222,0.020000000000000018,0.13314437866210938,2.230660915374756
0,143,0.8682101989894359,0.020000000000000018,0.07278108596801758,2.230660915374756
0,144,0.8680530363569979,0.020000000000000018,0.06114530563354492,2.230660915374756
0,145,0.8680157732703366,0.020000000000000018,0.044146060943603516,2.230660915374756
0,146,0.8677992031129678,0.020000000000000018,0.0901482105255127,2.230660915374756
0,147,0.8677703695919935,0.020000000000000018,0.040520668029785156,2.230660915374756
0,148,0.8675880612675128,0.020000000000000018,0.06449484825134277,2.230660915374756
0,149,0.8675511429079537,0.020000000000000018,0.04657292366027832,2.230660915374756
0,150,0.867311963523169,0.020000000000000018,0.09259533882141113,2.230660915374756
0,1,0.6215118627407672,0.20000000000000007,0.746079683303833,2.22432804107666
0,2,0.6187911218042176,0.19850000000000007,0.1210484504699707,2.230660915374756
0,3,0.6203727119549266,0.1688378931171579,0.0971529483795166,2.230660915374756
0,4,0.6224244901749447,0.16746257998723768,0.07082271575927734,2.230660915374756
0,5,0.6260703421051161,0.11620695418650262,0.07780885696411133,2.230660915374756
0,6,0.6301070714359911,0.12930115409748533,0.07748818397521973,2.230660915374756
0,7,0.6345902093547462,0.0936692222992318,0.08920574188232422,2.230660915374756
0,8,0.63920528581875,0.07669121464892481,0.08384251594543457,2.230660915374756
0,9,0.6428654908001303,0.09012331026795994,0.07495832443237305,2.230660915374756
0,10,0.6455013363664033,0.06781821434452795,0.07071852684020996,2.230660915374756
0,11,0.6510863471594747,0.07136522751383367,0.09912919998168945,2.230660915374756
0,12,0.6565589079107321,0.07313774260719041,0.08905172348022461,2.230660915374756
0,13,0.6596221948885787,0.07361401577721305,0.08005595207214355,2.230660915374756
0,14,0.6646512485773177,0.04819024493732382,0.0876617431640625,2.230660915374756
0,15,0.669339525013441,0.04587790013395587,0.09752130508422852,2.230660915374756
0,16,0.6751261314616395,0.04784458114686574,0.10646176338195801,2.230660915374756
0,17,0.6776370764830576,0.04730151272467542,0.05799531936645508,2.230660915374756
0,18,0.6825477671339246,0.04618509691864803,0.07849311828613281,2.230660915374756
0,19,0.6865339693364427,0.04902106526229866,0.07089114189147949,2.230660915374756
0,20,0.6921947454053504,0.039308907745748356,0.0933067798614502,2.230660915374756
0,21,0.6985045099617468,0.03720791204584162,0.11035561561584473,2.230660915374756
0,22,0.7016297412073278,0.037525240470887344,0.07368040084838867,2.230660915374756
0,23,0.7047286563317501,0.03228568279386934,0.06469368934631348,2.230660915374756
0,24,0.713460563549984,0.028587350223494234,0.13537907600402832,2.230660915374756
0,25,0.7152907027553008,0.029386371057300353,0.05417609214782715,2.230660915374756
0,26,0.7224145678726659,0.027698641594449347,0.11736941337585449,2.230660915374756
0,27,0.7264656150833316,0.03075263341768797,0.07068014144897461,2.230660915374756
0,28,0.7298487002337399,0.029399606786494226,0.06947970390319824,2.230660915374756
0,29,0.7387853455716531,0.024950123996890783,0.13348746299743652,2.230660915374756
0,30,0.7408699625119847,0.030019646443462444,0.05853748321533203,2.230660915374756
0,31,0.747658507067577,0.02813812685317696,0.10985088348388672,2.230660915374756
0,32,0.7532419946493256,0.023074792826189516,0.10496997833251953,2.230660915374756
0,33,0.7570035134975148,0.024771719526227032,0.08036112785339355,2.230660915374756
0,34,0.7632784899601286,0.02562089503850462,0.09743762016296387,2.230660915374756
0,35,0.7676916252535042,0.027923041908730184,0.0787973403930664,2.230660915374756
0,36,0.7735299957109654,0.02645403360639831,0.10880279541015625,2.230660915374756
0,37,0.7798597791608108,0.024854572834929534,0.11531257629394531,2.230660915374756
0,38,0.7837341134839753,0.025333704509977628,0.07930827140808105,2.230660915374756
0,39,0.7900070704804231,0.02448786120384605,0.10131239891052246,2.230660915374756
0,40,0.7944276123033625,0.02596530528943497,0.08437228202819824,2.230660915374756
0,41,0.8452693333452794,0.14,0.3182334899902344,2.230660915374756
0,42,0.8494872168597443,0.10495090247856642,0.09959936141967773,2.230660915374756
0,43,0.8535151237995051,0.08176076676837563,0.1180267333984375,2.230660915374756
0,44,0.8592954353730384,0.06768235551121682,0.11817741394042969,2.230660915374756
0,45,0.8670806585014953,0.05762917997008554,0.16760873794555664,2.230660915374756
0,46,0.8692347525249908,0.05466679298481214,0.07725954055786133,2.230660915374756
0,47,0.8759279606595434,0.05488101712672566,0.1465601921081543,2.230660915374756
0,48,0.8812623342934685,0.05307525836816196,0.13536500930786133,2.230660915374756
0,49,0.8849759040518475,0.053794419578094055,0.1066429615020752,2.230660915374756
0,50,0.8903483432346369,0.06319698971357712,0.1492619514465332,2.230660915374756
0,51,0.8947502083391451,0.06701817742636917,0.13997149467468262,2.230660915374756
0,52,0.8978402865230368,0.06312058890264916,0.10958647727966309,2.230660915374756
0,53,0.9014167672223266,0.06521068228837001,0.13086724281311035,2.230660915374756
0,54,0.9055584840244417,0.06667949446875487,0.16913700103759766,2.230660915374756
0,55,0.9074400180457778,0.07697926652661446,0.12123823165893555,2.230660915374756
0,56,0.9090384048853326,0.0891033169367722,0.13043618202209473,2.230660915374756
0,57,0.9113952747084185,0.09284966295318231,0.18712759017944336,2.230660915374756
0,58,0.9115757347908793,0.07632653222864294,0.1160740852355957,2.230660915374756
0,59,0.9112217051075702,0.0891485231026874,0.13555216789245605,2.230660915374756
0,60,0.912222644624343,0.0994351557849521,0.17529916763305664,2.230660915374756
0,61,0.9122652821570914,0.08455675313521338,0.10329318046569824,2.230660915374756
0,62,0.9131706453475859,0.09425625481968902,0.1712782382965088,2.230660915374756
0,63,0.9138094401272587,0.10549707424283594,0.10322809219360352,2.230660915374756
0,64,0.9153500936883732,0.07534944210521677,0.17517805099487305,2.230660915374756
0,65,0.9160753673955153,0.0804142168743438,0.10221028327941895,2.230660915374756
0,66,0.9173674166805352,0.08692743427266392,0.15021991729736328,2.230660915374756
0,67,0.9185373152946766,0.0943237875637275,0.11850166320800781,2.230660915374756
0,68,0.9198785107762029,0.09950000000000003,0.1458268165588379,2.230660915374756
0,69,0.92099011658733,0.09799999999999998,0.13354849815368652,2.230660915374756
0,70,0.922274511737118,0.086625273087229,0.14206528663635254,2.230660915374756
0,71,0.9233965602106642,0.09499999999999997,0.1362462043762207,2.230660915374756
0,72,0.923766510466997,0.09350000000000003,0.08598637580871582,2.230660915374756
0,73,0.9258944032208958,0.08853785742784559,0.21110773086547852,2.230660915374756
0,74,0.9261488723346665,0.08558845035249996,0.0793149471282959,2.230660915374756
0,75,0.9278959606205417,0.07410941092935075,0.17301249504089355,2.230660915374756
0,76,0.9293487341979592,0.0669962030221064,0.1476423740386963,2.230660915374756
0,77,0.9298901750827586,0.07389109243512482,0.0995938777923584,2.230660915374756
0,78,0.9301842073418458,0.0816857798263072,0.07689332962036133,2.230660915374756
0,79,0.932294177791698,0.07338158047226184,0.1721036434173584,2.230660915374756
0,80,0.9324591318873585,0.07561768320017581,0.06506586074829102,2.230660915374756
0,81,0.9178139155927925,0.08000000000000007,0.38538360595703125,2.230660915374756
0,82,0.9160192713796589,0.07850000000000001,0.25191640853881836,2.230660915374756
0,83,0.9152797213469586,0.07700000000000007,0.25222086906433105,2.230660915374756
0,84,0.915602859970875,0.07550000000000001,0.14890360832214355,2.230660915374756
0,85,0.9159327552030994,0.07400000000000007,0.10368990898132324,2.230660915374756
0,86,0.9163127367474885,0.07250000000000001,0.23664093017578125,2.230660915374756
0,87,0.9165151782160296,0.07099999999999995,0.07653427124023438,2.230660915374756
0,88,0.9178722238584813,0.0695,0.13703322410583496,2.230660915374756
0,89,0.9179500895852651,0.06800000000000006,0.05237078666687012,2.230660915374756
0,90,0.9195954020678254,0.0665,0.1340773105621338,2.230660915374756
0,91,0.9197161581138067,0.06500000000000006,0.052214860916137695,2.230660915374756
0,92,0.9206917408538935,0.06350000000000006,0.08759856224060059,2.230660915374756
0,93,0.9223326261814051,0.062000000000000055,0.14012384414672852,2.230660915374756
0,94,0.9231261543287674,0.060500000000000054,0.07815313339233398,2.230660915374756
0,95,0.9238823013626425,0.05900000000000005,0.07451200485229492,2.230660915374756
0,96,0.924777826353007,0.057499999999999996,0.08062171936035156,2.230660915374756
0,97,0.9266332909883849,0.05600000000000005,0.1439826488494873,2.230660915374756
0,98,0.9282732753940905,0.05449999999999999,0.1493394374847412,2.230660915374756
0,99,0.9291755021544704,0.05300000000000005,0.08068609237670898,2.230660915374756
0,100,0.9306711193205024,0.05149999999999999,0.10373806953430176,2.230660915374756
0,101,0.9308169578093247,0.050000000000000044,0.05313563346862793,2.230660915374756
0,102,0.9342011269839068,0.04849999999999999,0.252941370010376,2.230660915374756
0,103,0.9348008486519134,0.04700000000000004,0.07686161994934082,2.230660915374756
0,104,0.936054373790449,0.045499999999999985,0.09259176254272461,2.230660915374756
0,105,0.9375645736984365,0.04400000000000004,0.10733294486999512,2.230660915374756
0,106,0.9389047350548596,0.04249999999999998,0.15358543395996094,2.230660915374756
0,107,0.9407494637603855,0.041000000000000036,0.16650891304016113,2.230660915374756
0,108,0.9416375785957601,0.03949999999999998,0.09174275398254395,2.230660915374756
0,109,0.9434819071295195,0.038000000000000034,0.18037128448486328,2.230660915374756
0,110,0.9447231443717573,0.03650000000000003,0.10761356353759766,2.230660915374756
0,111,0.9461618129576581,0.03500000000000003,0.16140508651733398,2.230660915374756
0,112,0.9476942534520577,0.03350000000000003,0.16938161849975586,2.230660915374756
0,113,0.9488703809949228,0.03200000000000003,0.10721087455749512,2.230660915374756
0,114,0.9503020994558141,0.030500000000000083,0.17304491996765137,2.230660915374756
0,115,0.9519533824235158,0.029000000000000026,0.18647313117980957,2.230660915374756
0,116,0.9531177472857315,0.02750000000000008,0.11283135414123535,2.230660915374756
0,117,0.9549686301746645,0.026000000000000023,0.2581923007965088,2.230660915374756
0,118,0.9559149237845089,0.024500000000000077,0.10840344429016113,2.230660915374756
0,119,0.9576493249380273,0.02300000000000002,0.22093558311462402,2.230660915374756
0,120,0.9589187081492139,0.021500000000000075,0.1885364055633545,2.230660915374756
0,121,0.910225552018647,0.020000000000000073,0.696244478225708,2.230660915374756
0,122,0.9094340255161383,0.020000000000000018,0.28171682357788086,2.230660915374756
0,123,0.9091284349378548,0.020000000000000018,0.1893315315246582,2.230660915374756
0,124,0.9086093148426657,0.020000000000000018,0.19801068305969238,2.230660915374756
0,125,0.908303933659504,0.020000000000000018,0.13228940963745117,2.230660915374756
0,126,0.9080716130880954,0.020000000000000018,0.09359192848205566,2.230660915374756
0,127,0.9076072692701278,0.020000000000000073,0.20131850242614746,2.230660915374756
0,128,0.907470156326719,0.020000000000000018,0.07892537117004395,2.230660915374756
0,129,0.9072048916728825,0.020000000000000018,0.10765814781188965,2.230660915374756
0,130,0.9070178282369646,0.020000000000000018,0.07892918586730957,2.230660915374756
0,131,0.9067424462399869,0.020000000000000073,0.11335396766662598,2.230660915374756
0,132,0.9066822344716641,0.020000000000000018,0.05694460868835449,2.230660915374756
0,133,0.9063046214236394,0.020000000000000018,0.14250731468200684,2.230660915374756
0,134,0.9062353030835613,0.020000000000000018,0.06264257431030273,2.230660915374756
0,135,0.9060028373209649,0.020000000000000018,0.1138763427734375,2.230660915374756
0,136,0.9059493419372887,0.020000000000000018,0.053704023361206055,2.230660915374756
0,137,0.9055746381119709,0.020000000000000018,0.1274271011352539,2.230660915374756
0,138,0.9055203769773381,0.020000000000000018,0.054199934005737305,2.230660915374756
0,139,0.9053151377928819,0.020000000000000018,0.08910989761352539,2.230660915374756
0,140,0.9052739164087384,0.020000000000000018,0.04454994201660156,2.230660915374756
0,141,0.9049491290598096,0.020000000000000018,0.10162568092346191,2.230660915374756
0,142,0.9047543470684174,0.020000000000000018,0.10410118103027344,2.230660915374756
0,143,0.9046617284688656,0.020000000000000018,0.05926156044006348,2.230660915374756
0,144,0.9046114209173373,0.020000000000000018,0.052900075912475586,2.230660915374756
0,145,0.9044188619993532,0.020000000000000018,0.06831812858581543,2.230660915374756
0,146,0.9043158220384353,0.020000000000000018,0.07372450828552246,2.230660915374756
0,147,0.9040733322889938,0.020000000000000018,0.08281826972961426,2.230660915374756
0,148,0.9040283085721181,0.020000000000000018,0.04492998123168945,2.230660915374756
0,149,0.9038539040653122,0.020000000000000018,0.08148074150085449,2.230660915374756
0,150,0.9037165749206351,0.020000000000000018,0.061136722564697266,2.230660915374756
0,1,0.6215087143357916,0.20000000000000007,0.7234561443328857,2.22432804107666
0,2,0.6187406916053431,0.19850000000000007,0.16023755073547363,2.230660915374756
0,3,0.6203557382706618,0.16799754681192447,0.1279916763305664,2.230660915374756
0,4,0.6224673435188237,0.16593530204190743,0.10599422454833984,2.230660915374756
0,5,0.6260352815494535,0.11923616725693786,0.13207268714904785,2.230660915374756
0,6,0.6299393473709274,0.12675804772893307,0.1344754695892334,2.230660915374756
0,7,0.6345074717096502,0.0959682259640613,1.9148423671722412,2.230660915374756
0,8,0.639261267637944,0.07654731822072658,0.12196516990661621,2.230660915374756
0,9,0.6420714748201042,0.08818613028041267,0.08246493339538574,2.230660915374756
0,10,0.6450773515115849,0.06605474580703319,0.0771031379699707,2.230660915374756
0,11,0.6510310955308531,0.07085301605754202,0.12572073936462402,2.230660915374756
0,12,0.6567622765071779,0.07163611890150379,0.1826467514038086,2.230660915374756
0,13,0.6594672329844763,0.07133002815748923,0.1638965606689453,2.230660915374756
0,14,0.6639955977669458,0.04543645563906895,0.3169524669647217,2.230660915374756
0,15,0.6650800794674313,0.048490487563142226,0.19597911834716797,2.230660915374756
0,16,0.6763333005578327,0.04474080375915224,0.8784570693969727,2.230660915374756
0,17,0.6781810726162811,0.04640025643366863,0.2464461326599121,2.230660915374756
0,18,0.6820229047295074,0.04664542027053742,0.3496437072753906,2.230660915374756
0,19,0.6878434506487835,0.04312023335488446,0.414020299911499,2.230660915374756
0,20,0.68892987720395,0.0464648834988769,0.2000279426574707,2.230660915374756
0,21,0.6997847893138052,0.033642770082666806,0.7259273529052734,2.230660915374756
0,22,0.7019591716291249,0.03794273333614995,0.19890356063842773,2.230660915374756
0,23,0.7059596687016663,0.03156415232336496,0.23198843002319336,2.230660915374756
0,24,0.712214445039717,0.02744772981511845,0.2730417251586914,2.230660915374756
0,25,0.7135323618605941,0.030308928149768044,0.12017011642456055,2.230660915374756
0,26,0.7243155791142647,0.02607675719449498,0.4290025234222412,2.230660915374756
0,27,0.7265566411215025,0.030169042882142394,0.13346505165100098,2.230660915374756
0,28,0.7304636988988709,0.02835350736560882,0.16218876838684082,2.230660915374756
0,29,0.7369051354061398,0.027187202991141857,0.18982338905334473,2.230660915374756
0,30,0.7386904747787343,0.030870281663820553,0.11519718170166016,2.230660915374756
0,31,0.7496648000670378,0.024700604184559993,0.3385946750640869,2.230660915374756
0,32,0.7521111257145923,0.024053400479546627,0.1182394027709961,2.230660915374756
0,33,0.7567518026117852,0.024290660535520314,0.15166759490966797,2.230660915374756
0,34,0.7634834648545944,0.025049366326379108,0.18576502799987793,2.230660915374756
0,35,0.7652125215181411,0.029282932561388364,0.09576606750488281,2.230660915374756
0,36,0.77590998937018,0.026634913713243447,0.30103492736816406,2.230660915374756
0,37,0.7784381474664359,0.02586226479781306,0.11957979202270508,2.230660915374756
0,38,0.7835481516405032,0.024516816209414816,0.15917754173278809,2.230660915374756
0,39,0.7890707434001603,0.024200570364357854,0.17831063270568848,2.230660915374756
0,40,0.795993429889527,0.0245879058475722,0.20149564743041992,2.230660915374756
0,41,0.8453357209215301,0.14,0.5042934417724609,2.230660915374756
0,42,0.8494490767478529,0.10451118568650575,0.15195298194885254,2.230660915374756
0,43,0.8534280898298072,0.08094719785285731,0.16019177436828613,2.230660915374756
0,44,0.8594660640881386,0.06754061948674028,0.17358732223510742,2.230660915374756
0,45,0.8671958438993341,0.057468164226610496,0.2261946201324463,2.230660915374756
0,46,0.8693149018093644,0.0540430808127591,0.11009430885314941,2.230660915374756
0,47,0.876095089505126,0.053924665656486126,0.21084856986999512,2.230660915374756
0,48,0.8814077722093517,0.052081972657983755,0.18501782417297363,2.230660915374756
0,49,0.8851306165430951,0.05285304854779671,0.13972997665405273,2.230660915374756
0,50,0.8905820993053457,0.062248020105348356,0.2015390396118164,2.230660915374756
0,51,0.8949547844868818,0.07183842013974595,0.19529271125793457,2.230660915374756
0,52,0.8981234887977356,0.06233137633135666,0.14678168296813965,2.230660915374756
0,53,0.9018700416537411,0.0651954899296534,0.17945480346679688,2.230660915374756
0,54,0.905944018009746,0.07270797764930559,0.2203047275543213,2.230660915374756
0,55,0.9078148770791468,0.07595641134311082,0.15254735946655273,2.230660915374756
0,56,0.9095221179352182,0.0873570268754551,0.16771650314331055,2.230660915374756
0,57,0.9118403485774165,0.09102839179681588,0.22429203987121582,2.230660915374756
0,58,0.9121295702413961,0.08462627999589989,0.1509847640991211,2.230660915374756
0,59,0.9118411453659927,0.08705901625903645,0.16044902801513672,2.230660915374756
0,60,0.9128576732165016,0.0982791750011397,0.22151398658752441,2.230660915374756
0,61,0.9128326317038613,0.08336209539359896,0.13260316848754883,2.230660915374756
0,62,0.9135950939445616,0.09334634668125685,0.21707630157470703,2.230660915374756
0,63,0.9142461384645202,0.10374929207520855,0.1406688690185547,2.230660915374756
0,64,0.9159103917987947,0.07448882776735766,0.22573328018188477,2.230660915374756
0,65,0.9165810734141797,0.07975737845936814,0.13465499877929688,2.230660915374756
0,66,0.9177681988263297,0.08590683486416173,0.18253755569458008,2.230660915374756
0,67,0.9190314970893563,0.09291654730118537,0.1677110195159912,2.230660915374756
0,68,0.9203272656789163,0.09950000000000003,0.20134353637695312,2.230660915374756
0,69,0.9212823172607513,0.09799999999999998,0.16489863395690918,2.230660915374756
0,70,0.9225638651186533,0.08525651280431013,0.18579649925231934,2.230660915374756
0,71,0.9237782905363832,0.09499999999999997,0.17509174346923828,2.230660915374756
0,72,0.9241498002862247,0.09350000000000003,0.10582709312438965,2.230660915374756
0,73,0.9262805616079515,0.08692789587172545,0.2522909641265869,2.230660915374756
0,74,0.9265274219904589,0.08503331621672672,0.09499597549438477,2.230660915374756
0,75,0.9282399457226157,0.07336699364194232,0.2081608772277832,2.230660915374756
0,76,0.9296698707062814,0.06615020314701903,0.20396637916564941,2.230660915374756
0,77,0.9301868852078292,0.07297414133803326,0.14744138717651367,2.230660915374756
0,78,0.9304732092431405,0.0808074391755802,0.1267087459564209,2.230660915374756
0,79,0.9325561613233286,0.07600011376751403,1.3474442958831787,2.230660915374756
0,80,0.9327201741440081,0.07505509759514506,0.15164875984191895,2.230660915374756
0,81,0.9181101695380112,0.08000000000000007,0.506040096282959,2.230660915374756
0,82,0.9162985293471109,0.07850000000000007,0.27486634254455566,2.230660915374756
0,83,0.9155451042890645,0.07700000000000007,0.2715489864349365,2.230660915374756
0,84,0.9158789576193317,0.07550000000000007,0.16671085357666016,2.230660915374756
0,85,0.9161888699559939,0.07400000000000007,0.1113739013671875,2.230660915374756
0,86,0.9164334199974364,0.07250000000000001,0.24591517448425293,2.230660915374756
0,87,0.9166266287385407,0.07099999999999995,0.08438539505004883,2.230660915374756
0,88,0.91805287735486,0.0695,0.1578967571258545,2.230660915374756
0,89,0.9181396810950504,0.06800000000000006,0.06365370750427246,2.230660915374756
0,90,0.9189691029006013,0.0665,0.1132972240447998,2.230660915374756
0,91,0.920402866562788,0.06500000000000006,0.13859128952026367,2.230660915374756
0,92,0.9211680045046697,0.06350000000000006,0.09913420677185059,2.230660915374756
0,93,0.9218498879448476,0.062000000000000055,0.10106134414672852,2.230660915374756
0,94,0.9226584520867379,0.060500000000000054,0.08852815628051758,2.230660915374756
0,95,0.9244928429459508,0.05900000000000005,0.16037392616271973,2.230660915374756
0,96,0.9254071194628426,0.057499999999999996,0.09197092056274414,2.230660915374756
0,97,0.9262368293111389,0.05600000000000005,0.08904218673706055,2.230660915374756
0,98,0.9277279836145444,0.05449999999999999,0.15246868133544922,2.230660915374756
0,99,0.9296486755581972,0.05300000000000005,0.1602187156677246,2.230660915374756
0,100,0.9304413201831954,0.05149999999999999,0.08784675598144531,2.230660915374756
0,101,0.9313134046460082,0.050000000000000044,0.08475208282470703,2.230660915374756
0,102,0.9339827378682547,0.04849999999999999,0.212296724319458,2.230660915374756
0,103,0.9343644250232996,0.04700000000000004,0.08845257759094238,2.230660915374756
0,104,0.9364698350806862,0.045499999999999985,0.17985272407531738,2.230660915374756
0,105,0.9374317439988278,0.04400000000000004,0.10099196434020996,2.230660915374756
0,106,0.9382132242926163,0.04249999999999998,0.08617973327636719,2.230660915374756
0,107,0.9408338021323552,0.041000000000000036,0.4971437454223633,2.230660915374756
0,108,0.9413585644157196,0.03949999999999998,0.09528231620788574,2.230660915374756
0,109,0.9433525534447641,0.038000000000000034,0.17789578437805176,2.230660915374756
0,110,0.9448987750410698,0.03649999999999998,0.16995453834533691,2.230660915374756
0,111,0.9459352608950088,0.03500000000000003,0.09567975997924805,2.230660915374756
0,112,0.9473265658622716,0.03350000000000003,0.11093306541442871,2.230660915374756
0,113,0.949365231592295,0.03200000000000003,0.2416222095489502,2.230660915374756
0,114,0.9501677932216994,0.030500000000000083,0.09518551826477051,2.230660915374756
0,115,0.9514747674758821,0.029000000000000026,0.11807775497436523,2.230660915374756
0,116,0.9535033759310121,0.02750000000000008,0.2624781131744385,2.230660915374756
0,117,0.9544364261533422,0.026000000000000023,0.10460472106933594,2.230660915374756
0,118,0.9561642307519675,0.024500000000000077,0.19930267333984375,2.230660915374756
0,119,0.957437319013855,0.02300000000000002,0.18656158447265625,2.230660915374756
0,120,0.958945575009089,0.021500000000000075,0.1970081329345703,2.230660915374756
0,121,0.9101582868568289,0.020000000000000073,0.6886515617370605,2.230660915374756
0,122,0.9093602625002783,0.020000000000000018,0.2816140651702881,2.230660915374756
0,123,0.9089762592826529,0.020000000000000073,0.24539613723754883,2.230660915374756
0,124,0.9086837990765633,0.020000000000000073,0.1136016845703125,2.230660915374756
0,125,0.9081293799500534,0.020000000000000018,0.2196049690246582,2.230660915374756
0,126,0.9079491339806486,0.020000000000000018,0.088226318359375,2.230660915374756
0,127,0.9076902077503138,0.020000000000000018,0.11806988716125488,2.230660915374756
0,128,0.9074023535089755,0.020000000000000018,0.11711263656616211,2.230660915374756
0,129,0.9072171444687,0.020000000000000073,0.10440969467163086,2.230660915374756
0,130,0.9070189303886005,0.020000000000000073,0.0922846794128418,2.230660915374756
0,131,0.9066000285905077,0.020000000000000073,0.18872332572937012,2.230660915374756
0,132,0.9064781191670855,0.020000000000000073,0.07162022590637207,2.230660915374756
0,133,0.9062391889984482,0.020000000000000018,0.1024165153503418,2.230660915374756
0,134,0.9060853953926544,0.020000000000000018,0.0670921802520752,2.230660915374756
0,135,0.9059252820485522,0.020000000000000018,0.08658528327941895,2.230660915374756
0,136,0.9057270837570621,0.020000000000000018,0.0771331787109375,2.230660915374756
0,137,0.9056416901330819,0.020000000000000018,0.06486892700195312,2.230660915374756
0,138,0.905401058885611,0.020000000000000018,0.09560060501098633,2.230660915374756
0,139,0.9051657034857964,0.020000000000000018,0.1034402847290039,2.230660915374756
0,140,0.9050497846871437,0.020000000000000018,0.06508564949035645,2.230660915374756
0,141,0.9049880109908112,0.020000000000000073,0.06110739707946777,2.230660915374756
0,142,0.9047772507027856,0.020000000000000018,0.0692434310913086,2.230660915374756
0,143,0.9046787573306916,0.020000000000000018,0.06916260719299316,2.230660915374756
0,144,0.9044645147388539,0.020000000000000073,0.07671737670898438,2.230660915374756
0,145,0.9043349909983718,0.020000000000000018,0.07560110092163086,2.230660915374756
0,146,0.9041066298976499,0.020000000000000018,0.09504032135009766,2.230660915374756
0,147,0.9040610355252707,0.020000000000000018,0.04823803901672363,2.230660915374756
0,148,0.9038207562463779,0.020000000000000018,0.1150972843170166,2.230660915374756
0,149,0.9037872711247841,0.020000000000000018,0.044423580169677734,2.230660915374756
0,150,0.9036185459471906,0.020000000000000018,0.06345486640930176,2.230660915374756
0,1,0.6215128027544468,0.20000000000000007,0.8662247657775879,2.22432804107666
0,2,0.6186840800106226,0.1985,0.11624455451965332,2.230660915374756
0,3,0.6202236699371191,0.1704234085876548,0.0967857837677002,2.230660915374756
0,4,0.6223513547645436,0.1627015106321037,0.0732736587524414,2.230660915374756
0,5,0.6259748227653901,0.12518527297830373,0.07330632209777832,2.230660915374756
0,6,0.6300840317235419,0.12524617708403352,0.07509326934814453,2.230660915374756
0,7,0.6346035033444093,0.09239238094251778,0.08975791931152344,2.230660915374756
0,8,0.6393037801441364,0.07478840153890254,0.08743667602539062,2.230660915374756
0,9,0.6421134573132814,0.0869376007528383,0.06768918037414551,2.230660915374756
0,10,0.6450773587043221,0.07236983097295058,0.07007384300231934,2.230660915374756
0,11,0.6510351462878962,0.06930011495415922,0.10698318481445312,2.230660915374756
0,12,0.6567236849225115,0.06960030396203842,0.1077427864074707,2.230660915374756
0,13,0.6597965788013294,0.0726138224912285,0.07900834083557129,2.230660915374756
0,14,0.6620024421957966,0.047696507387548714,0.054001808166503906,2.230660915374756
0,15,0.6700384192437494,0.041115462618705356,0.11857485771179199,2.230660915374756
0,16,0.6717919386733919,0.04775347037660227,0.06629800796508789,2.230660915374756
0,17,0.6787597647034396,0.04396474232159753,0.11545562744140625,2.230660915374756
0,18,0.6841132477563632,0.04657496134967831,0.09910225868225098,2.230660915374756
0,19,0.6870861199755289,0.04408418764704802,0.07495689392089844,2.230660915374756
0,20,0.6923298551218879,0.0386353232678851,0.08710956573486328,2.230660915374756
0,21,0.6963696619642699,0.038937318302455615,0.07265639305114746,2.230660915374756
0,22,0.7021496184284721,0.03495982645908913,0.10854649543762207,2.230660915374756
0,23,0.7082671589449067,0.032022860794779784,0.11069869995117188,2.230660915374756
0,24,0.7111870865934515,0.027435326550663053,0.06842637062072754,2.230660915374756
0,25,0.7164366753812695,0.02623879743637636,0.08571648597717285,2.230660915374756
0,26,0.7204588061794079,0.0296645312443492,0.07700610160827637,2.230660915374756
0,27,0.7268955136877988,0.028358347542224882,0.1265261173248291,2.230660915374756
0,28,0.7330931307537074,0.02918863687745965,0.11370158195495605,2.230660915374756
0,29,0.7362773660759674,0.028455190448411494,0.07224273681640625,2.230660915374756
0,30,0.7419027555403842,0.026004382518659885,0.09319281578063965,2.230660915374756
0,31,0.746163652987984,0.02895833819630733,0.07938909530639648,2.230660915374756
0,32,0.7526061369133887,0.02963527111771891,0.11814188957214355,2.230660915374756
0,33,0.758946283960452,0.02445062068276771,0.12093591690063477,2.230660915374756
0,34,0.7622502537283957,0.02525396278540404,0.07100749015808105,2.230660915374756
0,35,0.7683262335638783,0.025796987283029038,0.09952974319458008,2.230660915374756
0,36,0.772808573804634,0.02729062869949328,0.08646297454833984,2.230660915374756
0,37,0.7790372630522003,0.023505559596424974,0.12019705772399902,2.230660915374756
0,38,0.7854473799467383,0.023849209877575217,0.11951375007629395,2.230660915374756
0,39,0.7889851211386703,0.02723693903373925,0.07677865028381348,2.230660915374756
0,40,0.7960326528300745,0.024866518634821255,0.12350988388061523,2.230660915374756
0,41,0.8454148940511647,0.14,0.30993199348449707,2.230660915374756
0,42,0.8495912101905732,0.10403432226571274,0.10142993927001953,2.230660915374756
0,43,0.8537251263382231,0.08112843596992314,0.10924744606018066,2.230660915374756
0,44,0.8609823705866989,0.06786789279375904,0.14453768730163574,2.230660915374756
0,45,0.8658185956676874,0.05618436830000961,0.12423348426818848,2.230660915374756
0,46,0.8694140998448954,0.051555868830638674,0.091644287109375,2.230660915374756
0,47,0.877938277329825,0.05074057626163142,0.18956255912780762,2.230660915374756
0,48,0.8804590126454709,0.050951312925407666,0.08957123756408691,2.230660915374756
0,49,0.8853618178215377,0.05688700491698162,0.11869287490844727,2.230660915374756
0,50,0.8923978584004538,0.05761355901079679,0.17966651916503906,2.230660915374756
0,51,0.8943602369800043,0.06972956098921257,0.09303998947143555,2.230660915374756
0,52,0.8993392065689544,0.060163023980560615,0.15796208381652832,2.230660915374756
0,53,0.9033648643695817,0.06457003404176365,0.14925026893615723,2.230660915374756
0,54,0.9059183616787896,0.07221338154703849,0.11452794075012207,2.230660915374756
0,55,0.9083641247127869,0.0731252016154128,0.1258680820465088,2.230660915374756
0,56,0.9116139798705163,0.0826373895502126,0.18710923194885254,2.230660915374756
0,57,0.9124901816819171,0.08770871417171,0.12284541130065918,2.230660915374756
0,58,0.9128675013422896,0.10065644424564446,0.14030957221984863,2.230660915374756
0,59,0.9141880075451506,0.08354936347069708,0.17584609985351562,2.230660915374756
0,60,0.9139382325788219,0.09397857673890675,0.11615800857543945,2.230660915374756
0,61,0.9134532520097411,0.0944749418849592,0.1289975643157959,2.230660915374756
0,62,0.9149161680283588,0.09102030231731728,0.1790163516998291,2.230660915374756
0,63,0.9153724566802819,0.10111077348178998,0.10441207885742188,2.230660915374756
0,64,0.9168223364022232,0.07333901941121568,0.17350506782531738,2.230660915374756
0,65,0.9175091235136635,0.07854718080296952,0.10293722152709961,2.230660915374756
0,66,0.9187121999804492,0.08342331040335293,0.1428995132446289,2.230660915374756
0,67,0.9198921874874231,0.09105481873015098,0.12694883346557617,2.230660915374756
0,68,0.9211628333502471,0.09950000000000003,0.15517687797546387,2.230660915374756
0,69,0.9220916682092167,0.09799999999999998,0.12142348289489746,2.230660915374756
0,70,0.923381455661112,0.08469685512568936,0.14222264289855957,2.230660915374756
0,71,0.9245629376485717,0.09499999999999997,0.14135074615478516,2.230660915374756
0,72,0.924886281999943,0.09350000000000003,0.07829761505126953,2.230660915374756
0,73,0.9269081143547893,0.09199999999999997,0.19272208213806152,2.230660915374756
0,74,0.927129302230555,0.08388949912912713,0.08341479301452637,2.230660915374756
0,75,0.9288165542369968,0.0713338262428681,0.17128610610961914,2.230660915374756
0,76,0.9301856896868478,0.06443246533152314,0.14267253875732422,2.230660915374756
0,77,0.930681960101923,0.07127459302701811,0.0957038402557373,2.230660915374756
0,78,0.9309721546323613,0.078787506151348,0.08225417137145996,2.230660915374756
0,79,0.9329866554709954,0.07390432140078529,0.178023099899292,2.230660915374756
0,80,0.9331383207738568,0.07461711842155738,0.06006288528442383,2.230660915374756
0,81,0.918602498263104,0.08000000000000007,0.3772709369659424,2.230660915374756
0,82,0.916717874788608,0.07850000000000001,0.24899578094482422,2.230660915374756
0,83,0.9159164461398623,0.07700000000000007,0.253856897354126,2.230660915374756
0,84,0.9162073905742267,0.07550000000000001,0.15285420417785645,2.230660915374756
0,85,0.9164930535585896,0.07400000000000007,0.10053372383117676,2.230660915374756
0,86,0.9168315881709568,0.07250000000000001,0.23737335205078125,2.230660915374756
0,87,0.917028949583807,0.07099999999999995,0.08399033546447754,2.230660915374756
0,88,0.9182441825737966,0.0695,0.1451563835144043,2.230660915374756
0,89,0.9183308779848574,0.06800000000000006,0.05903315544128418,2.230660915374756
0,90,0.9199661109091585,0.0665,0.14702057838439941,2.230660915374756
0,91,0.9200880698660869,0.06500000000000006,0.06950521469116211,2.230660915374756
0,92,0.9210328534168615,0.06350000000000006,0.08861374855041504,2.230660915374756
0,93,0.9226497032753675,0.062000000000000055,0.14056158065795898,2.230660915374756
0,94,0.9234214090788625,0.060500000000000054,0.07867169380187988,2.230660915374756
0,95,0.9241416070145787,0.05900000000000005,0.07353806495666504,2.230660915374756
0,96,0.9249854632448575,0.057499999999999996,0.0776832103729248,2.230660915374756
0,97,0.9268049386000248,0.05600000000000005,0.14471983909606934,2.230660915374756
0,98,0.9283871077603315,0.05449999999999999,0.1506049633026123,2.230660915374756
0,99,0.9292079842410668,0.05300000000000005,0.08116292953491211,2.230660915374756
0,100,0.9298449676897655,0.05149999999999999,0.07293891906738281,2.230660915374756
0,101,0.9317509702794449,0.050000000000000044,0.1547069549560547,2.230660915374756
0,102,0.9337601572669829,0.04850000000000004,0.1682116985321045,2.230660915374756
0,103,0.9348257935228459,0.04700000000000004,0.09195327758789062,2.230660915374756
0,104,0.9362087940139259,0.045499999999999985,0.10564064979553223,2.230660915374756
0,105,0.9363816927434774,0.04400000000000004,0.0565946102142334,2.230660915374756
0,106,0.9396564634410844,0.04249999999999998,0.2748281955718994,2.230660915374756
0,107,0.9402685484363599,0.041000000000000036,0.08533167839050293,2.230660915374756
0,108,0.9415079352018567,0.03949999999999998,0.09652400016784668,2.230660915374756
0,109,0.9435322491937874,0.038000000000000034,0.19004440307617188,2.230660915374756
0,110,0.9440599073369662,0.03650000000000003,0.08017110824584961,2.230660915374756
0,111,0.9459979761320163,0.03500000000000003,0.20295000076293945,2.230660915374756
0,112,0.9476023968745005,0.0335,0.17789196968078613,2.230660915374756
0,113,0.9486991504609061,0.03200000000000003,0.10284709930419922,2.230660915374756
0,114,0.9500296630421776,0.030500000000000083,0.11608099937438965,2.230660915374756
0,115,0.9520148837966838,0.029000000000000026,0.26262426376342773,2.230660915374756
0,116,0.952908285011715,0.02750000000000008,0.1078791618347168,2.230660915374756
0,117,0.9541866840175333,0.026000000000000023,0.11399984359741211,2.230660915374756
0,118,0.9561886538787877,0.024500000000000077,0.26883459091186523,2.230660915374756
0,119,0.95716028487314,0.02300000000000002,0.11755061149597168,2.230660915374756
0,120,0.9590063885489033,0.021500000000000075,0.26683807373046875,2.230660915374756
0,121,0.91003285278444,0.020000000000000073,0.6868586540222168,2.230660915374756
0,122,0.9092290125812625,0.020000000000000018,0.2814633846282959,2.230660915374756
0,123,0.9089423833278536,0.020000000000000018,0.176300048828125,2.230660915374756
0,124,0.908435160770213,0.020000000000000018,0.19595956802368164,2.230660915374756
0,125,0.9081309891965299,0.020000000000000018,0.1367805004119873,2.230660915374756
0,126,0.9078954380945066,0.020000000000000018,0.09624409675598145,2.230660915374756
0,127,0.9074641578213772,0.020000000000000018,1.8704464435577393,2.230660915374756
0,128,0.9073211518157834,0.020000000000000018,0.16765975952148438,2.230660915374756
0,129,0.9070589380599264,0.020000000000000073,0.24094176292419434,2.230660915374756
0,130,0.9068647102538541,0.020000000000000073,0.2003648281097412,2.230660915374756
0,131,0.9067145380772148,0.020000000000000018,0.23566031455993652,2.230660915374756
0,132,0.906385434215955,0.020000000000000073,0.22461199760437012,2.230660915374756
0,133,0.9062231288102721,0.020000000000000018,0.2288351058959961,2.230660915374756
0,134,0.9060766164484737,0.020000000000000018,0.17179489135742188,2.230660915374756
0,135,0.9059275609800967,0.020000000000000018,0.2325119972229004,2.230660915374756
0,136,0.9055664976672197,0.020000000000000018,0.38913536071777344,2.230660915374756
0,137,0.9054710558760689,0.020000000000000018,0.18003416061401367,2.230660915374756
0,138,0.9053137659227739,0.020000000000000018,0.1722731590270996,2.230660915374756
0,139,0.9050757710291575,0.020000000000000018,0.2738525867462158,2.230660915374756
0,140,0.904888799690339,0.020000000000000018,0.17513632774353027,2.230660915374756
0,141,0.9048332292612882,0.020000000000000018,1.500823736190796,2.230660915374756
0,142,0.9046340881146907,0.020000000000000018,0.16722798347473145,2.230660915374756
0,143,0.9045407130549997,0.020000000000000073,0.08428668975830078,2.230660915374756
0,144,0.9043355939922209,0.020000000000000018,0.09516263008117676,2.230660915374756
0,145,0.9042061845997234,0.020000000000000018,0.09572172164916992,2.230660915374756
0,146,0.9040266118261213,0.020000000000000018,0.10452532768249512,2.230660915374756
0,147,0.9039916274685542,0.020000000000000018,0.0874335765838623,2.230660915374756
0,148,0.9036910160978251,0.020000000000000018,0.14571857452392578,2.230660915374756
0,149,0.9036681393735552,0.020000000000000018,0.047663211822509766,2.230660915374756
0,150,0.9034925731893849,0.020000000000000073,0.09911227226257324,2.230660915374756
0,1,0.6215136201129017,0.20000000000000007,0.8316569328308105,2.22432804107666
0,2,0.618548749238692,0.1985,0.11650848388671875,2.230660915374756
0,3,0.6202580281006107,0.1740192058067681,0.0973823070526123,2.230660915374756
0,4,0.6223262730866335,0.15768255770885942,0.06934523582458496,2.230660915374756
0,5,0.6260516268864775,0.1309568447378222,0.078826904296875,2.230660915374756
0,6,0.6300378545955898,0.12184150277219774,0.07648468017578125,2.230660915374756
0,7,0.634652548095873,0.09108204513743334,0.09194469451904297,2.230660915374756
0,8,0.639393299162845,0.07356212508793414,0.08671236038208008,2.230660915374756
0,9,0.6420874488617758,0.08487868965543066,0.061930179595947266,2.230660915374756
0,10,0.6450351797341132,0.08040470766053609,0.07150697708129883,2.230660915374756
0,11,0.651832831433826,0.06312291793083924,0.09680056571960449,2.230660915374756
0,12,0.6532382794341074,0.07147680969263459,0.04655146598815918,2.230660915374756
0,13,0.6627502291266232,0.06910960243512654,0.14869356155395508,2.230660915374756
0,14,0.6643357084123972,0.04525003163646568,0.048302650451660156,2.230660915374756
0,15,0.6677630643511395,0.04150699967678184,0.06811928749084473,2.230660915374756
0,16,0.6738045047896536,0.04127600238521756,0.08617854118347168,2.230660915374756
0,17,0.6748668804591784,0.04737939804302227,0.04041552543640137,2.230660915374756
0,18,0.6856280277183566,0.04148465434049409,0.16655516624450684,2.230660915374756
0,19,0.6875114966573026,0.04624221648510973,0.055841684341430664,2.230660915374756
0,20,0.6913800001771044,0.039684765585521475,0.0723273754119873,2.230660915374756
0,21,0.6973540614418559,0.034880668518802116,0.08969998359680176,2.230660915374756
0,22,0.6986129694865586,0.03970355987958896,0.04751777648925781,2.230660915374756
0,23,0.7093968925367855,0.029387744499700275,0.16260766983032227,2.230660915374756
0,24,0.7114449733118121,0.027327467162164942,0.05810189247131348,2.230660915374756
0,25,0.7162340620916604,0.025774724484979528,0.09370112419128418,2.230660915374756
0,26,0.7230388991976116,0.027573928371858347,0.10425090789794922,2.230660915374756
0,27,0.7244136798655768,0.02885949046908487,0.05080080032348633,2.230660915374756
0,28,0.7344663692359076,0.02754769123219669,0.1510307788848877,2.230660915374756
0,29,0.7364807620960745,0.028784581556877575,0.05641055107116699,2.230660915374756
0,30,0.7415755186218935,0.02541669594904994,0.09560847282409668,2.230660915374756
0,31,0.7462607337966665,0.02792477052990716,0.08115458488464355,2.230660915374756
0,32,0.7526771383253202,0.028170036720907454,0.12156534194946289,2.230660915374756
0,33,0.7589793873657139,0.022878770312796504,0.11214685440063477,2.230660915374756
0,34,0.7623311512913702,0.02336167563261915,0.07018566131591797,2.230660915374756
0,35,0.768311816128333,0.024962525227085197,0.09277725219726562,2.230660915374756
0,36,0.7727404840616694,0.02664691208434511,0.08188080787658691,2.230660915374756
0,37,0.7790065935295669,0.027846156527529642,0.1082158088684082,2.230660915374756
0,38,0.785496138041872,0.023394228240897652,0.1204538345336914,2.230660915374756
0,39,0.7893308217210127,0.025344469565912187,0.08118939399719238,2.230660915374756
0,40,0.7958203045214565,0.02427863072985148,0.10502409934997559,2.230660915374756
0,41,0.8458278493373176,0.14,0.3198225498199463,2.230660915374756
0,42,0.8500356036163483,0.10311833810029314,0.09584879875183105,2.230660915374756
0,43,0.8541328476162081,0.0804506128722855,0.11226820945739746,2.230660915374756
0,44,0.8599738962235117,0.06680548649482676,0.1101834774017334,2.230660915374756
0,45,0.8678720527146919,0.0571233685483139,0.1601569652557373,2.230660915374756
0,46,0.8700069320784685,0.05481013497527665,0.0752568244934082,2.230660915374756
0,47,0.8782852632147387,0.04861424847552054,0.17536211013793945,2.230660915374756
0,48,0.8808516765294423,0.051902041254262676,0.08881497383117676,2.230660915374756
0,49,0.8859918485756396,0.05316921587817247,0.11763858795166016,2.230660915374756
0,50,0.8931647973153355,0.05386552861731331,0.17119312286376953,2.230660915374756
0,51,0.8951187987452698,0.0652735874841921,0.08813238143920898,2.230660915374756
0,52,0.9002772855590577,0.05772739782903591,0.1549239158630371,2.230660915374756
0,53,0.9043825351029423,0.06114311807652306,0.14615774154663086,2.230660915374756
0,54,0.9070358144562516,0.06768184349599604,0.11638212203979492,2.230660915374756
0,55,0.9097308955806662,0.06860818614941921,0.13061046600341797,2.230660915374756
0,56,0.9131841219803708,0.0778914024130043,0.1740281581878662,2.230660915374756
0,57,0.9142549365836041,0.08888193279901269,0.12363648414611816,2.230660915374756
0,58,0.9148507801749239,0.09274213838680634,0.1462399959564209,2.230660915374756
0,59,0.916330448506882,0.07774550731743035,0.17558765411376953,2.230660915374756
0,60,0.9161187369517448,0.08819981237627916,0.11877036094665527,2.230660915374756
0,61,0.9155271544974453,0.09832677572334403,0.1272892951965332,2.230660915374756
0,62,0.9167731407961199,0.08720737243529864,0.1718578338623047,2.230660915374756
0,63,0.9171346873065798,0.09643283553212845,0.10537981986999512,2.230660915374756
0,64,0.9185042436301889,0.10550000000000004,0.17387151718139648,2.230660915374756
0,65,0.9191121808286249,0.07619217826362068,0.1059417724609375,2.230660915374756
0,66,0.9204691871698794,0.0804736450455028,0.15375351905822754,2.230660915374756
0,67,0.9214504481140496,0.0875798202933109,0.11695289611816406,2.230660915374756
0,68,0.9224905736738703,0.09950000000000003,0.1528184413909912,2.230660915374756
0,69,0.9234462091490366,0.09799999999999998,0.1339707374572754,2.230660915374756
0,70,0.9247575348842948,0.08866006557553263,0.14928865432739258,2.230660915374756
0,71,0.9258200340759488,0.09266690241920483,0.13924002647399902,2.230660915374756
0,72,0.9261561146627657,0.09350000000000003,0.08152294158935547,2.230660915374756
0,73,0.9281187854716022,0.09199999999999997,0.1937696933746338,2.230660915374756
0,74,0.9283193447665683,0.08084985142992074,0.09178352355957031,2.230660915374756
0,75,0.9298697054056982,0.06858074697739336,0.1619269847869873,2.230660915374756
0,76,0.9312089001037944,0.06156586938047348,0.15350103378295898,2.230660915374756
0,77,0.9316479493639599,0.06823183661669963,0.09434676170349121,2.230660915374756
0,78,0.931933404640351,0.07541047938642953,0.07981586456298828,2.230660915374756
0,79,0.9338446156720378,0.08300000000000007,0.16616272926330566,2.230660915374756
0,80,0.9339957476030155,0.07214360587698465,0.05798077583312988,2.230660915374756
0,81,0.9195467982205991,0.08000000000000007,0.3733665943145752,2.230660915374756
0,82,0.9175146319439438,0.07850000000000007,0.25206947326660156,2.230660915374756
0,83,0.9166758846349321,0.07700000000000007,0.25113868713378906,2.230660915374756
0,84,0.9168888744734873,0.07550000000000007,0.15892887115478516,2.230660915374756
0,85,0.9165828228654556,0.07400000000000007,0.18190956115722656,2.230660915374756
0,86,0.9173958041680368,0.07250000000000001,0.1498427391052246,2.230660915374756
0,87,0.9176718263653072,0.07099999999999995,0.08434367179870605,2.230660915374756
0,88,0.9187193174842634,0.0695,0.12649130821228027,2.230660915374756
0,89,0.9192215456017226,0.06800000000000006,0.08019423484802246,2.230660915374756
0,90,0.9204678312829373,0.0665,0.13643956184387207,2.230660915374756
0,91,0.9211543122333746,0.06500000000000006,0.08205246925354004,2.230660915374756
0,92,0.9224008672164354,0.06350000000000006,0.1161348819732666,2.230660915374756
0,93,0.9230503549921869,0.062000000000000055,0.07791423797607422,2.230660915374756
0,94,0.9233622330779658,0.060500000000000054,0.06784892082214355,2.230660915374756
0,95,0.9255190842163413,0.05900000000000005,0.1675853729248047,2.230660915374756
0,96,0.9256796553145956,0.057499999999999996,0.05740070343017578,2.230660915374756
0,97,0.9270403423664555,0.05600000000000005,0.09947443008422852,2.230660915374756
0,98,0.9271857943129018,0.05449999999999999,0.05496478080749512,2.230660915374756
0,99,0.9300743720562957,0.05300000000000005,0.1997385025024414,2.230660915374756
0,100,0.9305806663015418,0.05149999999999999,0.07647347450256348,2.230660915374756
0,101,0.9325299405536753,0.050000000000000044,0.14965462684631348,2.230660915374756
0,102,0.9336033763315745,0.04850000000000004,0.09736347198486328,2.230660915374756
0,103,0.9341144307277913,0.04700000000000004,0.0673823356628418,2.230660915374756
0,104,0.9363310781451264,0.045499999999999985,0.1719675064086914,2.230660915374756
0,105,0.936729236789258,0.04400000000000004,0.06874322891235352,2.230660915374756
0,106,0.9392107716382023,0.04249999999999998,0.18024039268493652,2.230660915374756
0,107,0.9403843902613653,0.041000000000000036,0.10426497459411621,2.230660915374756
0,108,0.941101792385866,0.03950000000000001,0.08053278923034668,2.230660915374756
0,109,0.9432006469191817,0.038000000000000034,0.18688225746154785,2.230660915374756
0,110,0.94471232805346,0.036500000000000005,0.16509008407592773,2.230660915374756
0,111,0.9457588028847246,0.03500000000000009,0.09931540489196777,2.230660915374756
0,112,0.9470799851765058,0.03350000000000003,0.1080930233001709,2.230660915374756
0,113,0.9491080351919092,0.03200000000000003,0.23958420753479004,2.230660915374756
0,114,0.9498862606059515,0.030500000000000083,0.09139633178710938,2.230660915374756
0,115,0.9511874119689652,0.029000000000000026,0.11312294006347656,2.230660915374756
0,116,0.953227713675602,0.02750000000000008,0.2626049518585205,2.230660915374756
0,117,0.9541643956109171,0.026000000000000023,0.10165667533874512,2.230660915374756
0,118,0.9559003214965216,0.024500000000000077,0.197890043258667,2.230660915374756
0,119,0.9571757884959615,0.02300000000000002,0.18291306495666504,2.230660915374756
0,120,0.9586954318020263,0.021500000000000075,0.20202946662902832,2.230660915374756
0,121,0.909866353853659,0.020000000000000073,0.6879796981811523,2.230660915374756
0,122,0.9090635160884769,0.020000000000000018,0.277512788772583,2.230660915374756
0,123,0.9086840981434638,0.020000000000000018,0.23444223403930664,2.230660915374756
0,124,0.9084023865119464,0.020000000000000073,0.1142890453338623,2.230660915374756
0,125,0.9078468781876885,0.020000000000000018,0.22634029388427734,2.230660915374756
0,126,0.9076646501726755,0.020000000000000073,0.08731913566589355,2.230660915374756
0,127,0.9074108830123875,0.020000000000000018,0.12060356140136719,2.230660915374756
0,128,0.9071223251334248,0.020000000000000018,0.11888265609741211,2.230660915374756
0,129,0.9069326307702035,0.020000000000000073,0.10253572463989258,2.230660915374756
0,130,0.9067344336052533,0.020000000000000073,0.08066797256469727,2.230660915374756
0,131,0.9063149734115356,0.020000000000000018,0.17685461044311523,2.230660915374756
0,132,0.9061970093504041,0.020000000000000073,0.076873779296875,2.230660915374756
0,133,0.9059723233217326,0.020000000000000018,0.1024317741394043,2.230660915374756
0,134,0.9059165659825037,0.020000000000000018,0.05086517333984375,2.230660915374756
0,135,0.9056588513619228,0.020000000000000018,0.09068465232849121,2.230660915374756
0,136,0.9055991369164282,0.020000000000000018,0.05195975303649902,2.230660915374756
0,137,0.9052318113317765,0.020000000000000018,0.1284017562866211,2.230660915374756
0,138,0.9051897411790981,0.020000000000000018,0.05162668228149414,2.230660915374756
0,139,0.9049231669645792,0.020000000000000018,0.10451745986938477,2.230660915374756
0,140,0.9048350502580867,0.020000000000000018,0.0640721321105957,2.230660915374756
0,141,0.9047374519732684,0.020000000000000018,0.05885910987854004,2.230660915374756
0,142,0.904599454394734,0.020000000000000018,0.07522225379943848,2.230660915374756
0,143,0.9043680282691658,0.020000000000000018,0.0726308822631836,2.230660915374756
0,144,0.9043221243227713,0.020000000000000018,0.04831719398498535,2.230660915374756
0,145,0.9038989090971131,0.020000000000000018,0.15422344207763672,2.230660915374756
0,146,0.9038674640179724,0.020000000000000018,0.04745769500732422,2.230660915374756
0,147,0.9037646848105951,0.020000000000000018,0.060007333755493164,2.230660915374756
0,148,0.9037085768387528,0.020000000000000018,0.05593729019165039,2.230660915374756
0,149,0.9035344544039139,0.020000000000000018,0.06257462501525879,2.230660915374756
0,150,0.903436289920545,0.020000000000000018,0.06435012817382812,2.230660915374756
0,1,0.6215149084726735,0.20000000000000007,0.8434860706329346,2.22432804107666
0,2,0.6185269463720384,0.1985,0.11776852607727051,2.230660915374756
0,3,0.6201321400680639,0.1747791533327081,0.09660482406616211,2.230660915374756
0,4,0.6223241358072538,0.15622223926596324,0.07443571090698242,2.230660915374756
0,5,0.6260062315352404,0.12973963829795276,0.07954192161560059,2.230660915374756
0,6,0.630090222674903,0.12152731729287158,0.07713627815246582,2.230660915374756
0,7,0.6344820353957132,0.08840217647015913,0.0888216495513916,2.230660915374756
0,8,0.6391891512384678,0.07246429787731179,0.09451794624328613,2.230660915374756
0,9,0.6429413875424231,0.08483309634585001,0.07745766639709473,2.230660915374756
0,10,0.6455218853143112,0.08225454764620443,0.06495189666748047,2.230660915374756
0,11,0.6511364511744173,0.0667796314377912,0.10871744155883789,2.230660915374756
0,12,0.6565917773762487,0.06717771960152363,0.09818649291992188,2.230660915374756
0,13,0.6596605504767399,0.07068672452531533,0.06605720520019531,2.230660915374756
0,14,0.6648808151798327,0.04343310888523155,0.09534859657287598,2.230660915374756
0,15,0.6684186979743891,0.04309863436284711,0.06830954551696777,2.230660915374756
0,16,0.6738230035888624,0.043957622536196284,0.09653639793395996,2.230660915374756
0,17,0.679410394217993,0.04241664945614487,0.10114765167236328,2.230660915374756
0,18,0.6824705454968434,0.04386130070067884,0.07830476760864258,2.230660915374756
0,19,0.6874401178753107,0.046179053097096245,0.08547544479370117,2.230660915374756
0,20,0.6909465145104606,0.03859945760816541,0.06468367576599121,2.230660915374756
0,21,0.6967585271436812,0.03859260817507859,0.10284543037414551,2.230660915374756
0,22,0.7032396958136861,0.034338900477719814,0.11195969581604004,2.230660915374756
0,23,0.7066005152942045,0.029858067497545604,0.0760047435760498,2.230660915374756
0,24,0.7121292097715574,0.02777104358527982,0.09306550025939941,2.230660915374756
0,25,0.7155840967255203,0.02707300340802188,0.06816601753234863,2.230660915374756
0,26,0.7216504083314399,0.02830971534425253,0.11574506759643555,2.230660915374756
0,27,0.7279565384113666,0.027886578562406283,0.11968255043029785,2.230660915374756
0,28,0.7315073202133255,0.028070482221869586,0.07725763320922852,2.230660915374756
0,29,0.7371842745295882,0.02722409164879791,0.0925288200378418,2.230660915374756
0,30,0.7412459129534483,0.027051571516116812,0.07792472839355469,2.230660915374756
0,31,0.7472654780959496,0.026628121855134412,0.12058019638061523,2.230660915374756
0,32,0.7535728007227892,0.028911799193520382,0.11810064315795898,2.230660915374756
0,33,0.7572954351311965,0.022573893495325015,0.07765340805053711,2.230660915374756
0,34,0.7632199005866114,0.023353595740880695,0.09558320045471191,2.230660915374756
0,35,0.7674460539290651,0.02610557685565873,0.08188891410827637,2.230660915374756
0,36,0.7736720249364057,0.02665024270580829,0.12566852569580078,2.230660915374756
0,37,0.7799665393830251,0.027299264966746728,0.1200568675994873,2.230660915374756
0,38,0.7838960493941485,0.023745231145763213,0.07772707939147949,2.230660915374756
0,39,0.7902344548794958,0.024841539810344315,0.10850667953491211,2.230660915374756
0,40,0.7946328562971008,0.024243154308133397,0.08846116065979004,2.230660915374756
0,41,0.8458762093749446,0.14,0.32828855514526367,2.230660915374756
0,42,0.8501993256704939,0.10313706041334147,0.12694048881530762,2.230660915374756
0,43,0.8541453699106432,0.08029541054686418,0.10628461837768555,2.230660915374756
0,44,0.8599947434046264,0.0670163102973591,0.11341333389282227,2.230660915374756
0,45,0.8679374054972788,0.05721640884845336,0.16229033470153809,2.230660915374756
0,46,0.8701049361020805,0.05404973089055387,0.07919883728027344,2.230660915374756
0,47,0.8784006424249865,0.05058476922648991,0.1782214641571045,2.230660915374756
0,48,0.880908197677895,0.05510184817524788,0.08807563781738281,2.230660915374756
0,49,0.8860213505255237,0.05257935853681417,0.12047410011291504,2.230660915374756
0,50,0.8933983426796097,0.05291304391595264,0.18559694290161133,2.230660915374756
0,51,0.8954604157536743,0.06406926317620565,0.0938866138458252,2.230660915374756
0,52,0.8995268203752409,0.05726528020995192,0.133284330368042,2.230660915374756
0,53,0.9049996570892402,0.06179642643819783,0.189316987991333,2.230660915374756
0,54,0.9072497415808016,0.0669828075990273,0.11970114707946777,2.230660915374756
0,55,0.9100373197277769,0.06738675574212283,0.13896846771240234,2.230660915374756
0,56,0.913414451110137,0.07690520821079949,0.19109225273132324,2.230660915374756
0,57,0.9145528167210072,0.08761643316685352,0.13116955757141113,2.230660915374756
0,58,0.9152516460260418,0.09121016993650655,0.14808106422424316,2.230660915374756
0,59,0.9167808877984011,0.07624827725131633,0.18596315383911133,2.230660915374756
0,60,0.9165786528615183,0.0867022482271973,0.12050271034240723,2.230660915374756
0,61,0.9159889476912739,0.09710767698847855,0.12937498092651367,2.230660915374756
0,62,0.9172212608355554,0.08603577265337414,0.1801917552947998,2.230660915374756
0,63,0.9175551311360295,0.0953768318606556,0.11579418182373047,2.230660915374756
0,64,0.9188496971367668,0.10524585945828135,0.18587255477905273,2.230660915374756
0,65,0.919435296223662,0.07563162853696193,0.11661171913146973,2.230660915374756
0,66,0.9206903065573019,0.0797674574882331,0.15760540962219238,2.230660915374756
0,67,0.9217773069958062,0.08708947363338815,0.13152098655700684,2.230660915374756
0,68,0.9228628424541572,0.09950000000000003,0.16287517547607422,2.230660915374756
0,69,0.9238076368207504,0.09799999999999998,0.1367506980895996,2.230660915374756
0,70,0.9250874445254895,0.09573719545311488,0.1632375717163086,2.230660915374756
0,71,0.925969961891596,0.09250410453293878,0.13011956214904785,2.230660915374756
0,72,0.9263313107508575,0.09350000000000003,0.08057403564453125,2.230660915374756
0,73,0.9286234670263913,0.09199999999999997,0.21581816673278809,2.230660915374756
0,74,0.9287900278764867,0.0818545034295094,0.08711719512939453,2.230660915374756
0,75,0.9298488737061577,0.0677316922432426,0.1441943645477295,2.230660915374756
0,76,0.931121022434362,0.0611502946657867,0.14423274993896484,2.230660915374756
0,77,0.9325312457413242,0.06816299783745605,0.15957403182983398,2.230660915374756
0,78,0.9327622165959644,0.07519420284432565,0.07610774040222168,2.230660915374756
0,79,0.9333960399027954,0.08252670079182323,0.11165404319763184,2.230660915374756
0,80,0.9335408458505303,0.07016133210013076,0.06096529960632324,2.230660915374756
0,81,0.9195947174197164,0.08000000000000007,0.3911316394805908,2.230660915374756
0,82,0.9175471259528003,0.07850000000000007,0.2623734474182129,2.230660915374756
0,83,0.9175905748707902,0.07699999999999996,0.1938796043395996,2.230660915374756
0,84,0.9165812114309764,0.07550000000000007,0.24253368377685547,2.230660915374756
0,85,0.9166379192049356,0.07400000000000007,0.09494829177856445,2.230660915374756
0,86,0.9177286495181607,0.07250000000000001,0.1652677059173584,2.230660915374756
0,87,0.918053995587895,0.07099999999999995,0.08551692962646484,2.230660915374756
0,88,0.91865934742558,0.0695,0.09518599510192871,2.230660915374756
0,89,0.9193977805217832,0.06800000000000006,0.12143182754516602,2.230660915374756
0,90,0.920935309978582,0.0665,0.13985967636108398,2.230660915374756
0,91,0.9212810756062233,0.065,0.07712912559509277,2.230660915374756
0,92,0.9218698590561969,0.06350000000000006,0.07729125022888184,2.230660915374756
0,93,0.9225381887449398,0.062000000000000055,0.07781410217285156,2.230660915374756
0,94,0.9242585384086879,0.060500000000000054,0.14528656005859375,2.230660915374756
0,95,0.925081509860058,0.05900000000000005,0.08512115478515625,2.230660915374756
0,96,0.9257504710254665,0.057499999999999996,0.0744943618774414,2.230660915374756
0,97,0.9265332163194306,0.05600000000000005,0.07901406288146973,2.230660915374756
0,98,0.9284174335285218,0.05449999999999999,0.1505129337310791,2.230660915374756
0,99,0.9296888123460864,0.05300000000000005,0.12010002136230469,2.230660915374756
0,100,0.9305737194065389,0.05149999999999999,0.08386564254760742,2.230660915374756
0,101,0.9319925648816468,0.050000000000000044,0.13751602172851562,2.230660915374756
0,102,0.9338166415291793,0.04849999999999999,0.15904712677001953,2.230660915374756
0,103,0.9345568150127139,0.04700000000000004,0.0841526985168457,2.230660915374756
0,104,0.9358885662778056,0.045499999999999985,0.10215163230895996,2.230660915374756
0,105,0.9379739755093515,0.04400000000000004,0.18292617797851562,2.230660915374756
0,106,0.9393313657245577,0.04250000000000004,0.14137864112854004,2.230660915374756
0,107,0.9399580258368967,0.041000000000000036,0.07770919799804688,2.230660915374756
0,108,0.941442419524394,0.03950000000000001,0.12474703788757324,2.230660915374756
0,109,0.9435397220305132,0.038000000000000034,0.22883892059326172,2.230660915374756
0,110,0.9443205934706675,0.036500000000000005,0.09399127960205078,2.230660915374756
0,111,0.945537607784575,0.03500000000000009,0.10912752151489258,2.230660915374756
0,112,0.9475336548550813,0.0335,0.19385409355163574,2.230660915374756
0,113,0.948810392627895,0.03200000000000003,0.15118980407714844,2.230660915374756
0,114,0.9495994214823094,0.030500000000000083,0.09196162223815918,2.230660915374756
0,115,0.951831389185575,0.029000000000000026,0.2649407386779785,2.230660915374756
0,116,0.9527048343528728,0.02750000000000008,0.10483574867248535,2.230660915374756
0,117,0.953999770280296,0.026000000000000023,0.11974191665649414,2.230660915374756
0,118,0.9560006274186348,0.024500000000000077,0.2718033790588379,2.230660915374756
0,119,0.9569861034788665,0.02300000000000002,0.1130826473236084,2.230660915374756
0,120,0.9588442502084781,0.021500000000000075,0.27500152587890625,2.230660915374756
0,121,0.9098229471206791,0.020000000000000073,0.7057058811187744,2.230660915374756
0,122,0.9090161542537678,0.020000000000000018,0.27861642837524414,2.230660915374756
0,123,0.9086374923780693,0.020000000000000018,0.24206948280334473,2.230660915374756
0,124,0.9083549467563046,0.020000000000000073,0.11342024803161621,2.230660915374756
0,125,0.9078008943968485,0.020000000000000018,0.2199258804321289,2.230660915374756
0,126,0.9076220199943046,0.020000000000000073,0.08651399612426758,2.230660915374756
0,127,0.9073592498397955,0.020000000000000018,0.11890029907226562,2.230660915374756
0,128,0.907148564168129,0.020000000000000018,0.08794045448303223,2.230660915374756
0,129,0.9067252401102326,0.020000000000000073,0.1864941120147705,2.230660915374756
0,130,0.9065886504698051,0.020000000000000073,0.07553243637084961,2.230660915374756
0,131,0.9063529231119245,0.020000000000000073,0.10510635375976562,2.230660915374756
0,132,0.9061855033220152,0.020000000000000018,0.09270691871643066,2.230660915374756
0,133,0.9060478644115293,0.020000000000000018,0.09060430526733398,2.230660915374756
0,134,0.9057590744304925,0.020000000000000018,0.10697531700134277,2.230660915374756
0,135,0.9056125479088812,0.020000000000000018,0.09881234169006348,2.230660915374756
0,136,0.9054857266225873,0.020000000000000018,0.06671977043151855,2.230660915374756
0,137,0.9054042214424509,0.020000000000000018,0.062021493911743164,2.230660915374756
0,138,0.905030746740749,0.020000000000000018,0.12039422988891602,2.230660915374756
0,139,0.9049943782676421,0.020000000000000018,0.052819252014160156,2.230660915374756
0,140,0.9047152773587235,0.020000000000000018,0.11721444129943848,2.230660915374756
0,141,0.9046797407121828,0.020000000000000018,0.05761909484863281,2.230660915374756
0,142,0.9044419645610435,0.020000000000000018,0.08592939376831055,2.230660915374756
0,143,0.9044115058938338,0.020000000000000018,0.04765510559082031,2.230660915374756
0,144,0.9040787515037807,0.020000000000000073,0.1241753101348877,2.230660915374756
0,145,0.9040409476778191,0.020000000000000018,0.05015730857849121,2.230660915374756
0,146,0.9038620244003956,0.020000000000000018,0.08830761909484863,2.230660915374756
0,147,0.903827650003574,0.020000000000000018,0.04559135437011719,2.230660915374756
0,148,0.9036281186799217,0.020000000000000018,0.06884193420410156,2.230660915374756
0,149,0.9035005247721868,0.020000000000000018,0.07675004005432129,2.230660915374756
0,150,0.9032798228393693,0.020000000000000018,0.07083272933959961,2.230660915374756
0,1,0.6215132296047414,0.20000000000000007,0.9199259281158447,2.22432804107666
0,2,0.6185113562389302,0.1985,0.11924290657043457,2.230660915374756
0,3,0.6201294099242393,0.1755449492404133,0.10087108612060547,2.230660915374756
0,4,0.6222552949845246,0.1558650794770965,0.07903099060058594,2.230660915374756
0,5,0.6260055618613583,0.12866978479654756,0.08043074607849121,2.230660915374756
0,6,0.6300941962947488,0.12087618996605287,0.07519984245300293,2.230660915374756
0,7,0.6346854024355665,0.08934525133365034,0.0922384262084961,2.230660915374756
0,8,0.6393566119557997,0.07223630029340866,0.08694028854370117,2.230660915374756
0,9,0.6420776632884571,0.08404134949811704,0.06484150886535645,2.230660915374756
0,10,0.6450288266268769,0.08435927750500061,0.0656425952911377,2.230660915374756
0,11,0.6530597834760443,0.06417130732712284,0.12220454216003418,2.230660915374756
0,12,0.654589280742343,0.07033213552684914,0.049601078033447266,2.230660915374756
0,13,0.6607724175221379,0.0665180474582393,0.11200475692749023,2.230660915374756
0,14,0.6643579587090116,0.04231903270122006,0.06940364837646484,2.230660915374756
0,15,0.6667342818658157,0.04240378975021586,0.0762166976928711,2.230660915374756
0,16,0.6748902839844904,0.04177267959397535,0.12499761581420898,2.230660915374756
0,17,0.6766157800071915,0.045285330358417086,0.05322766304016113,2.230660915374756
0,18,0.6834076089699523,0.04356602982821767,0.10951566696166992,2.230660915374756
0,19,0.6877353781120158,0.044385081465503906,0.07662630081176758,2.230660915374756
0,20,0.6907816655303053,0.03996904836639459,0.08066248893737793,2.230660915374756
0,21,0.6970268415506101,0.03899511311739301,0.10652041435241699,2.230660915374756
0,22,0.7031585162539336,0.034102524080238505,0.10796332359313965,2.230660915374756
0,23,0.7065079019045859,0.029097621101524695,0.07178354263305664,2.230660915374756
0,24,0.711972301866893,0.0314719365787679,0.08770608901977539,2.230660915374756
0,25,0.7156311041627331,0.027396875840664525,0.06877732276916504,2.230660915374756
0,26,0.721745735172342,0.02771059208395854,0.10993432998657227,2.230660915374756
0,27,0.7279908146198645,0.028531249321628205,0.11345577239990234,2.230660915374756
0,28,0.7313730134530619,0.02741404419774085,0.07064986228942871,2.230660915374756
0,29,0.7370777110194726,0.027683710621250524,0.09126853942871094,2.230660915374756
0,30,0.7412697893030922,0.027474575713691496,0.07937860488891602,2.230660915374756
0,31,0.747317535147483,0.02579047801336698,0.1163794994354248,2.230660915374756
0,32,0.753632235293777,0.028605506991939977,0.1192939281463623,2.230660915374756
0,33,0.7573227946666128,0.026370934916176147,0.07841658592224121,2.230660915374756
0,34,0.7632345652024386,0.022378581572961798,0.09967589378356934,2.230660915374756
0,35,0.7675148697773835,0.02598983151522727,0.08945059776306152,2.230660915374756
0,36,0.773481622458899,0.027168695193650616,0.10734677314758301,2.230660915374756
0,37,0.7799975577878651,0.026171885593065713,0.1209719181060791,2.230660915374756
0,38,0.7855191147998137,0.0242100896852252,0.11202073097229004,2.230660915374756
0,39,0.7891907084641864,0.02483538308374722,0.08034157752990723,2.230660915374756
0,40,0.7968675482858796,0.02386993914937452,0.12929534912109375,2.230660915374756
0,41,0.8459115991409831,0.14,0.32926201820373535,2.230660915374756
0,42,0.8501106123520696,0.10280914057846335,0.10716485977172852,2.230660915374756
0,43,0.8543335619091774,0.08031430587240895,0.1156306266784668,2.230660915374756
0,44,0.8601802218325706,0.06672903107609318,0.11737942695617676,2.230660915374756
0,45,0.8680455707081214,0.0570124635140451,0.18153095245361328,2.230660915374756
0,46,0.8702310452082884,0.05357290076408827,0.08867549896240234,2.230660915374756
0,47,0.8771151841867897,0.05088838962043729,0.15530943870544434,2.230660915374756
0,48,0.8825148313015696,0.05319363306740932,0.14197850227355957,2.230660915374756
0,49,0.8864722482700773,0.051538344879591524,0.11453461647033691,2.230660915374756
0,50,0.8919459445357911,0.053568071350687085,0.15353965759277344,2.230660915374756
0,51,0.8964821767287265,0.061988848996096135,0.14219331741333008,2.230660915374756
0,52,0.900986589028645,0.05748234502095395,0.14887332916259766,2.230660915374756
0,53,0.9038380663454453,0.06240105974571497,0.11124563217163086,2.230660915374756
0,54,0.9082791628222493,0.06587910858821489,0.1673905849456787,2.230660915374756
0,55,0.9105553942696363,0.06546880168404134,0.1262218952178955,2.230660915374756
0,56,0.9127370327434922,0.07651479847408649,0.135880708694458,2.230660915374756
0,57,0.9155124429592597,0.08658098579662454,0.18616104125976562,2.230660915374756
0,58,0.9161040263079494,0.088679575933589,0.12181711196899414,2.230660915374756
0,59,0.9161941021937927,0.0756325544959664,0.13422131538391113,2.230660915374756
0,60,0.9173515899420228,0.08619635558509897,0.1730787754058838,2.230660915374756
0,61,0.9170907908673618,0.09573219717968318,0.11183929443359375,2.230660915374756
0,62,0.9167690167820832,0.08507035208964375,0.12976336479187012,2.230660915374756
0,63,0.9183157586135832,0.09467257397192341,0.17607855796813965,2.230660915374756
0,64,0.9187688248069158,0.10488925210341749,0.11158061027526855,2.230660915374756
0,65,0.9201544108440578,0.07467283107976808,0.1799302101135254,2.230660915374756
0,66,0.920635838181808,0.07992147850402054,0.08237957954406738,2.230660915374756
0,67,0.922570886755268,0.08612260796837667,0.20258450508117676,2.230660915374756
0,68,0.9228380204869525,0.09950000000000003,0.0867464542388916,2.230660915374756
0,69,0.924487165758666,0.09799999999999998,0.19914650917053223,2.230660915374756
0,70,0.9247931125685637,0.09650000000000003,0.08755278587341309,2.230660915374756
0,71,0.9266325820081402,0.09247617095402128,0.1983802318572998,2.230660915374756
0,72,0.9268273842247434,0.09350000000000003,0.08166217803955078,2.230660915374756
0,73,0.9279672811998221,0.09199999999999997,0.14185738563537598,2.230660915374756
0,74,0.9293959623176018,0.08379184803834983,0.14525103569030762,2.230660915374756
0,75,0.9303385695036364,0.06618244784710436,0.13860177993774414,2.230660915374756
0,76,0.9305840856211736,0.06100719426283385,0.07754111289978027,2.230660915374756
0,77,0.9331619699786384,0.06752385143369455,0.2265017032623291,2.230660915374756
0,78,0.9332932469437942,0.0745286388660128,0.07487845420837402,2.230660915374756
0,79,0.9338081671993439,0.08166127960471603,0.10220098495483398,2.230660915374756
0,80,0.9341138217442253,0.06983903663697222,0.08058810234069824,2.230660915374756
0,81,0.9197463300623401,0.08000000000000007,0.37746167182922363,2.230660915374756
0,82,0.9176876294522055,0.07850000000000001,0.25546717643737793,2.230660915374756
0,83,0.917711399591361,0.07700000000000007,0.19387054443359375,2.230660915374756
0,84,0.9167421158954937,0.07550000000000007,0.2503540515899658,2.230660915374756
0,85,0.9168056200220371,0.07400000000000007,0.09431886672973633,2.230660915374756
0,86,0.9175816986503343,0.07250000000000001,0.14180374145507812,2.230660915374756
0,87,0.9179762532759131,0.07099999999999995,0.09265279769897461,2.230660915374756
0,88,0.9190873693042688,0.0695,0.1201484203338623,2.230660915374756
0,89,0.9197640584179425,0.06800000000000006,0.1108086109161377,2.230660915374756
0,90,0.9210254740168962,0.0665,0.12023115158081055,2.230660915374756
0,91,0.9213167108896179,0.06500000000000006,0.07343864440917969,2.230660915374756
0,92,0.9216686737321356,0.06350000000000006,0.07137179374694824,2.230660915374756
0,93,0.9235963079386942,0.062,0.14678072929382324,2.230660915374756
0,94,0.923814506571415,0.060500000000000054,0.06667304039001465,2.230660915374756
0,95,0.9245078373492437,0.05900000000000005,0.07576417922973633,2.230660915374756
0,96,0.9263685601681365,0.057499999999999996,0.14815735816955566,2.230660915374756
0,97,0.9271287518539976,0.05600000000000005,0.07856035232543945,2.230660915374756
0,98,0.9278800445675954,0.05449999999999999,0.07535314559936523,2.230660915374756
0,99,0.9290127905291063,0.05300000000000005,0.10225534439086914,2.230660915374756
0,100,0.9308322010937986,0.05149999999999999,0.16279268264770508,2.230660915374756
0,101,0.9324632628255837,0.050000000000000044,0.14745688438415527,2.230660915374756
0,102,0.9333744201271166,0.04849999999999999,0.09986567497253418,2.230660915374756
0,103,0.9346674517778308,0.04700000000000004,0.10291075706481934,2.230660915374756
0,104,0.936012742426251,0.045499999999999985,0.13973259925842285,2.230660915374756
0,105,0.93783662363253,0.04400000000000004,0.17076539993286133,2.230660915374756
0,106,0.938648015958841,0.04249999999999998,0.09020137786865234,2.230660915374756
0,107,0.9399314385847897,0.041000000000000036,0.10107803344726562,2.230660915374756
0,108,0.9419880334634447,0.03950000000000001,0.18548583984375,2.230660915374756
0,109,0.9425435449740336,0.038000000000000034,0.0824735164642334,2.230660915374756
0,110,0.9443968682302115,0.036500000000000005,0.17379140853881836,2.230660915374756
0,111,0.9459715743526866,0.03500000000000003,0.1701803207397461,2.230660915374756
0,112,0.9470563761841468,0.0335,0.1018526554107666,2.230660915374756
0,113,0.9483843529897089,0.03200000000000003,0.11445069313049316,2.230660915374756
0,114,0.9503818586588964,0.030500000000000083,0.2566084861755371,2.230660915374756
0,115,0.951221726370304,0.029000000000000026,0.10655665397644043,2.230660915374756
0,116,0.9525215940436893,0.02750000000000008,0.11781024932861328,2.230660915374756
0,117,0.9545441856446617,0.026000000000000023,0.27118563652038574,2.230660915374756
0,118,0.955498893009149,0.024500000000000077,0.1100766658782959,2.230660915374756
0,119,0.9572517768482514,0.02300000000000002,0.2187519073486328,2.230660915374756
0,120,0.9585228857258359,0.021500000000000075,0.18552374839782715,2.230660915374756
0,121,0.9097641679391082,0.020000000000000073,0.6967377662658691,2.230660915374756
0,122,0.9089596704380876,0.020000000000000018,0.2765007019042969,2.230660915374756
0,123,0.9085749460972163,0.020000000000000018,0.24562358856201172,2.230660915374756
0,124,0.9082909964897534,0.020000000000000018,0.11554765701293945,2.230660915374756
0,125,0.9077404969893442,0.020000000000000018,0.22031545639038086,2.230660915374756
0,126,0.9075574825366347,0.020000000000000018,0.0902104377746582,2.230660915374756
0,127,0.9072968516486009,0.020000000000000018,0.11874103546142578,2.230660915374756
0,128,0.9070071469679652,0.020000000000000073,0.11945819854736328,2.230660915374756
0,129,0.906822522735153,0.020000000000000018,0.10984516143798828,2.230660915374756
0,130,0.9066248715621739,0.020000000000000073,0.08292055130004883,2.230660915374756
0,131,0.9062074376592303,0.020000000000000073,0.18249750137329102,2.230660915374756
0,132,0.9060813185142923,0.020000000000000073,0.07273149490356445,2.230660915374756
0,133,0.9058655717449622,0.020000000000000018,0.10142207145690918,2.230660915374756
0,134,0.905712922713025,0.020000000000000018,0.06777667999267578,2.230660915374756
0,135,0.9056363847204516,0.020000000000000018,0.07491636276245117,2.230660915374756
0,136,0.9054200906079025,0.020000000000000018,0.08050942420959473,2.230660915374756
0,137,0.9052107405259786,0.020000000000000018,0.1042935848236084,2.230660915374756
0,138,0.9049617384128421,0.020000000000000018,0.09880185127258301,2.230660915374756
0,139,0.9048974160451824,0.020000000000000018,0.06091594696044922,2.230660915374756
0,140,0.9047925507284429,0.020000000000000018,0.06264567375183105,2.230660915374756
0,141,0.9046630236567504,0.020000000000000018,0.0788733959197998,2.230660915374756
0,142,0.9043738727121186,0.020000000000000018,0.09960055351257324,2.230660915374756
0,143,0.9042044236294724,0.020000000000000018,0.09056854248046875,2.230660915374756
0,144,0.9041000803646776,0.020000000000000018,0.0591888427734375,2.230660915374756
0,145,0.9040526390796442,0.020000000000000018,0.04745888710021973,2.230660915374756
0,146,0.9038170121534241,0.020000000000000018,0.08432626724243164,2.230660915374756
0,147,0.9037853238214129,0.020000000000000018,0.04332685470581055,2.230660915374756
0,148,0.9034678128390154,0.020000000000000018,0.11656713485717773,2.230660915374756
0,149,0.9034339607501665,0.020000000000000018,0.04445791244506836,2.230660915374756
0,150,0.9033449040595601,0.020000000000000018,0.05671286582946777,2.230660915374756
0,1,0.6291542280402613,0.20000000000000007,0.7316014766693115,2.22432804107666
0,2,0.6261744669660321,0.1985,0.1107790470123291,2.230660915374756
0,3,0.6280107155478952,0.17862812364084235,0.09521317481994629,2.230660915374756
0,4,0.6303006926972408,0.1490074365123718,0.07356977462768555,2.230660915374756
0,5,0.6340857454311413,0.13667324930649338,0.08089923858642578,2.230660915374756
0,6,0.6383436306466965,0.11391764723002307,0.07764720916748047,2.230660915374756
0,7,0.6429778126291252,0.11024820771061938,0.09634852409362793,2.230660915374756
0,8,0.6479714625275714,0.0810572740369232,0.10036873817443848,2.230660915374756
0,9,0.6510305362319967,0.07825520406700115,0.06834125518798828,2.230660915374756
0,10,0.6565365427671552,0.08411466724131211,0.09461045265197754,2.230660915374756
0,11,0.658104060227549,0.06587763957080262,0.04881858825683594,2.230660915374756
0,12,0.6678198904847109,0.06104822051987813,0.19022870063781738,2.230660915374756
0,13,0.6695798966496447,0.06977248309077166,0.05400800704956055,2.230660915374756
0,14,0.6735359288457283,0.06778921094212975,0.07885980606079102,2.230660915374756
0,15,0.6801664953675637,0.04593857916830779,0.09727883338928223,2.230660915374756
0,16,0.6814751319467943,0.04366327165096262,0.047565460205078125,2.230660915374756
0,17,0.6916773306511828,0.0428993718100702,0.15306711196899414,2.230660915374756
0,18,0.6935280747688386,0.04379645306299029,0.05172157287597656,2.230660915374756
0,19,0.697793985008665,0.04178021350395689,0.07998991012573242,2.230660915374756
0,20,0.7046238983259514,0.04086506749348684,0.09821176528930664,2.230660915374756
0,21,0.7060679397442154,0.04372941879057202,0.0501859188079834,2.230660915374756
0,22,0.7167800728888847,0.03500042881149579,0.16766858100891113,2.230660915374756
0,23,0.7190167987399811,0.03809489752904072,0.06355142593383789,2.230660915374756
0,24,0.7234275776027882,0.03017312426700758,0.07883644104003906,2.230660915374756
0,25,0.730038954115669,0.03208738369934627,0.09752511978149414,2.230660915374756
0,26,0.7315805628343504,0.02937110096039297,0.056020259857177734,2.230660915374756
0,27,0.7427258570100705,0.024596605446584263,0.1820993423461914,2.230660915374756
0,28,0.7450745855472262,0.02938172417228946,0.0645601749420166,2.230660915374756
0,29,0.7498735084316622,0.027878858367483494,0.08519959449768066,2.230660915374756
0,30,0.7568595376822753,0.0260189346453783,0.10695600509643555,2.230660915374756
0,31,0.7587144229917483,0.029456381786061026,0.06093120574951172,2.230660915374756
0,32,0.7696609335590922,0.025676084383551734,0.17789268493652344,2.230660915374756
0,33,0.7722013034350527,0.029935386934077268,0.08308172225952148,2.230660915374756
0,34,0.7773470403847689,0.02248749164795316,0.08694934844970703,2.230660915374756
0,35,0.7846928833011437,0.023978355861797862,0.10755658149719238,2.230660915374756
0,36,0.7864736801484471,0.027112244628149762,0.05891895294189453,2.230660915374756
0,37,0.7976243145762316,0.025626666875557036,0.18647551536560059,2.230660915374756
0,38,0.8004575923465587,0.026015291192173495,0.0780181884765625,2.230660915374756
0,39,0.8061813471709187,0.02643739679776258,0.10323023796081543,2.230660915374756
0,40,0.8141762620643096,0.02731614151065509,0.13828349113464355,2.230660915374756
0,41,0.8686282775366976,0.14,0.329085111618042,2.230660915374756
0,42,0.8730083863798692,0.10219551339269584,0.11221885681152344,2.230660915374756
0,43,0.8772856593111478,0.08095287461611267,0.1157691478729248,2.230660915374756
0,44,0.8847702181826406,0.06750797295774225,0.14899349212646484,2.230660915374756
0,45,0.8897189775734209,0.05580349285131586,0.12510991096496582,2.230660915374756
0,46,0.8950672206361984,0.05693575844044729,0.12816929817199707,2.230660915374756
0,47,0.9007630622715023,0.057723800184345975,0.14164018630981445,2.230660915374756
0,48,0.9058787863818452,0.06439000019058727,0.13472223281860352,2.230660915374756
0,49,0.9107561585429051,0.05685626305657243,0.15510272979736328,2.230660915374756
0,50,0.915341071574491,0.056631156468022636,0.14349770545959473,2.230660915374756
0,51,0.9187503904678682,0.06223715586361567,0.11682987213134766,2.230660915374756
0,52,0.9238462755155148,0.0734768141205081,0.17739510536193848,2.230660915374756
0,53,0.9262561709712678,0.062073636925000564,0.11948990821838379,2.230660915374756
0,54,0.9290944542359105,0.06684145404982533,0.1461327075958252,2.230660915374756
0,55,0.9327662969875958,0.07464305586883968,0.18620014190673828,2.230660915374756
0,56,0.933992017347008,0.0831956004397082,0.13588619232177734,2.230660915374756
0,57,0.9346549698720422,0.09633756850565145,0.1468651294708252,2.230660915374756
0,58,0.9364336283193468,0.09548833829960957,0.1912398338317871,2.230660915374756
0,59,0.9360155650350339,0.10534249687770081,0.12710857391357422,2.230660915374756
0,60,0.9359782810528273,0.0903037997427254,0.187056303024292,2.230660915374756
0,61,0.935172128569091,0.09998713491563482,0.11978769302368164,2.230660915374756
0,62,0.9354899495513759,0.10135805143907195,0.18734002113342285,2.230660915374756
0,63,0.9356176870060089,0.10699999999999998,0.11196589469909668,2.230660915374756
0,64,0.9367916760760966,0.0982850107598,0.1851940155029297,2.230660915374756
0,65,0.9372206258905431,0.07590551373758458,0.11390185356140137,2.230660915374756
0,66,0.9383827822162063,0.08942329872228849,0.157562255859375,2.230660915374756
0,67,0.9392490137698937,0.10099999999999998,0.133925199508667,2.230660915374756
0,68,0.9403603151901246,0.09950000000000003,0.16629648208618164,2.230660915374756
0,69,0.9413564998130425,0.09799999999999998,0.1477680206298828,2.230660915374756
0,70,0.9423128581579887,0.09650000000000003,0.15075254440307617,2.230660915374756
0,71,0.9425854943847354,0.08449569481753649,0.10219573974609375,2.230660915374756
0,72,0.9428634794705468,0.09350000000000003,0.08391189575195312,2.230660915374756
0,73,0.9458111818399308,0.09199999999999997,0.2364215850830078,2.230660915374756
0,74,0.945983555003139,0.09050000000000002,0.07864212989807129,2.230660915374756
0,75,0.9464964657855924,0.06154032324516989,0.11161994934082031,2.230660915374756
0,76,0.9468244357469932,0.06689434813061668,0.08272051811218262,2.230660915374756
0,77,0.9488217280757227,0.07445287334316308,0.15676212310791016,2.230660915374756
0,78,0.9507704163040706,0.0813800782969264,0.16411495208740234,2.230660915374756
0,79,0.9514796404610555,0.06477928674059619,0.10434079170227051,2.230660915374756
0,80,0.9519266772564812,0.06912436537453082,0.0743565559387207,2.230660915374756
0,81,0.9379581322186892,0.08000000000000007,0.385664701461792,2.230660915374756
0,82,0.9361964406040982,0.07850000000000001,0.26930975914001465,2.230660915374756
0,83,0.9356471860441407,0.07700000000000007,0.264995813369751,2.230660915374756
0,84,0.93604507377492,0.07550000000000001,0.16065192222595215,2.230660915374756
0,85,0.9358668809093634,0.07400000000000007,0.19286274909973145,2.230660915374756
0,86,0.936856205912679,0.07250000000000001,0.14906620979309082,2.230660915374756
0,87,0.9372606210568963,0.07100000000000006,0.0914926528930664,2.230660915374756
0,88,0.9386143581804747,0.0695,0.14522409439086914,2.230660915374756
0,89,0.9387196500390302,0.06800000000000006,0.06221771240234375,2.230660915374756
0,90,0.9405016697673496,0.0665,0.1502852439880371,2.230660915374756
0,91,0.9406086317630474,0.06500000000000006,0.055536508560180664,2.230660915374756
0,92,0.9415509696702924,0.0635,0.09602832794189453,2.230660915374756
0,93,0.9430404867370623,0.062000000000000055,0.12296104431152344,2.230660915374756
0,94,0.9438421760653355,0.060500000000000054,0.08036565780639648,2.230660915374756
0,95,0.9444046339020732,0.05900000000000005,0.07313251495361328,2.230660915374756
0,96,0.9453155340259365,0.057499999999999996,0.07976889610290527,2.230660915374756
0,97,0.9473567446244153,0.05600000000000005,0.15145087242126465,2.230660915374756
0,98,0.9484550638526903,0.05449999999999999,0.08231568336486816,2.230660915374756
0,99,0.9493200575543932,0.05300000000000005,0.0818021297454834,2.230660915374756
0,100,0.9510437284550227,0.05149999999999999,0.1452481746673584,2.230660915374756
0,101,0.9531563691293183,0.050000000000000044,0.16747164726257324,2.230660915374756
0,102,0.9540068317336967,0.04849999999999999,0.08311748504638672,2.230660915374756
0,103,0.9560874731964197,0.04700000000000004,0.15946698188781738,2.230660915374756
0,104,0.957395002058534,0.045499999999999985,0.10093212127685547,2.230660915374756
0,105,0.958083909088325,0.04400000000000004,0.07186341285705566,2.230660915374756
0,106,0.9605128315676926,0.04249999999999998,0.17926406860351562,2.230660915374756
0,107,0.9622448234201371,0.041000000000000036,0.17142605781555176,2.230660915374756
0,108,0.9634110800620035,0.03949999999999998,0.09256482124328613,2.230660915374756
0,109,0.9649793412120301,0.038000000000000034,0.11623525619506836,2.230660915374756
0,110,0.966515147891742,0.03649999999999998,0.16443705558776855,2.230660915374756
0,111,0.9683907878995227,0.03500000000000003,0.18731188774108887,2.230660915374756
0,112,0.9694348392724351,0.033499999999999974,0.09593081474304199,2.230660915374756
0,113,0.9715064064427694,0.03200000000000003,0.1897881031036377,2.230660915374756
0,114,0.9730152355405479,0.030500000000000083,0.18341588973999023,2.230660915374756
0,115,0.9741792918984373,0.029000000000000026,0.1046295166015625,2.230660915374756
0,116,0.9762284057287952,0.02750000000000008,0.20586800575256348,2.230660915374756
0,117,0.977675155773851,0.026000000000000023,0.18614721298217773,2.230660915374756
0,118,0.9793028448866752,0.024500000000000077,0.19577407836914062,2.230660915374756
0,119,0.9807833667545688,0.02300000000000002,0.1868436336517334,2.230660915374756
0,120,0.9823788996060467,0.021500000000000075,0.20819377899169922,2.230660915374756
0,121,0.9323559812072024,0.020000000000000018,0.7000975608825684,2.230660915374756
0,122,0.9316254274939227,0.020000000000000073,0.3137514591217041,2.230660915374756
0,123,0.9311231878435657,0.020000000000000018,0.24192047119140625,2.230660915374756
0,124,0.9308372916641204,0.020000000000000073,0.15285921096801758,2.230660915374756
0,125,0.9303258855902989,0.020000000000000073,0.18342256546020508,2.230660915374756
0,126,0.930100749789153,0.020000000000000018,0.12096714973449707,2.230660915374756
0,127,0.929869421108256,0.020000000000000018,0.08753061294555664,2.230660915374756
0,128,0.9295286180143401,0.020000000000000018,0.1308612823486328,2.230660915374756
0,129,0.929180954113329,0.020000000000000018,0.1210947036743164,2.230660915374756
0,130,0.9290041266930876,0.020000000000000073,0.10280442237854004,2.230660915374756
0,131,0.9288096576552476,0.020000000000000018,0.0752265453338623,2.230660915374756
0,132,0.9284650366775291,0.020000000000000018,0.12048888206481934,2.230660915374756
0,133,0.9283980246828077,0.020000000000000018,0.05835461616516113,2.230660915374756
0,134,0.9278922985681355,0.020000000000000018,0.1948397159576416,2.230660915374756
0,135,0.9277793281312926,0.020000000000000018,0.06444072723388672,2.230660915374756
0,136,0.9275801192874842,0.020000000000000018,0.0776968002319336,2.230660915374756
0,137,0.9275409817568804,0.020000000000000018,0.04874300956726074,2.230660915374756
0,138,0.9271015298814211,0.020000000000000018,0.1410231590270996,2.230660915374756
0,139,0.927071272990313,0.020000000000000018,0.051401615142822266,2.230660915374756
0,140,0.9267825691963151,0.020000000000000018,0.0888974666595459,2.230660915374756
0,141,0.9267609276037485,0.020000000000000018,0.043822288513183594,2.230660915374756
0,142,0.9264752368707554,0.020000000000000018,0.10156655311584473,2.230660915374756
0,143,0.9264457844394707,0.020000000000000018,0.04560065269470215,2.230660915374756
0,144,0.926149695615529,0.020000000000000018,0.10524797439575195,2.230660915374756
0,145,0.9261237716232962,0.020000000000000073,0.05579876899719238,2.230660915374756
0,146,0.9259062374882274,0.020000000000000018,0.07556724548339844,2.230660915374756
0,147,0.9257007787235361,0.020000000000000018,0.11506938934326172,2.230660915374756
0,148,0.9254917609681724,0.020000000000000018,0.07467770576477051,2.230660915374756
0,149,0.9254584760384758,0.020000000000000018,0.050774335861206055,2.230660915374756
0,150,0.9252815550412165,0.020000000000000018,0.07197785377502441,2.230660915374756
0,1,0.6291943883026571,0.20000000000000007,0.8382205963134766,2.22432804107666
0,2,0.6261687736460955,0.1985,0.1256411075592041,2.230660915374756
0,3,0.6280059642222369,0.1784692054154855,0.10118460655212402,2.230660915374756
0,4,0.6302760656368425,0.1488866347430461,0.0761115550994873,2.230660915374756
0,5,0.6339392923746965,0.13561417268939668,0.07643485069274902,2.230660915374756
0,6,0.6387419394548852,0.11337981973789779,0.09074068069458008,2.230660915374756
0,7,0.6434949468766702,0.11158780998691398,0.09515881538391113,2.230660915374756
0,8,0.6471789764741303,0.08083563674609828,0.07383966445922852,2.230660915374756
0,9,0.6509261457019653,0.07868438861197602,0.07702016830444336,2.230660915374756
0,10,0.6561131473889467,0.08395806215659918,0.10079240798950195,2.230660915374756
0,11,0.6616783669509483,0.06469246288504038,0.1048583984375,2.230660915374756
0,12,0.6646106404778434,0.06062885932310036,0.07297348976135254,2.230660915374756
0,13,0.6679165968931176,0.06836008153383055,0.07081270217895508,2.230660915374756
0,14,0.6764691262843545,0.06786743343329726,0.13079237937927246,2.230660915374756
0,15,0.6781317114798988,0.04562351839224543,0.060140132904052734,2.230660915374756
0,16,0.6848628843198291,0.04017731078709197,0.11268305778503418,2.230660915374756
0,17,0.6890132874454892,0.046319152804174646,0.07332944869995117,2.230660915374756
0,18,0.6920311835043651,0.03925848662971487,0.06885266304016113,2.230660915374756
0,19,0.7008245712404244,0.041687034576286086,0.1288747787475586,2.230660915374756
0,20,0.7024613675653677,0.04158928584693278,0.0523686408996582,2.230660915374756
0,21,0.7097376854175453,0.03978184901621096,0.1230323314666748,2.230660915374756
0,22,0.7140537743418276,0.037001422838579545,0.07801008224487305,2.230660915374756
0,23,0.7171759461032674,0.036810753892126735,0.06476354598999023,2.230660915374756
0,24,0.7258821604353377,0.02943528560412545,0.12784409523010254,2.230660915374756
0,25,0.7276660739487713,0.034573207855749244,0.054030656814575195,2.230660915374756
0,26,0.7354831050817715,0.02584799603307708,0.12474751472473145,2.230660915374756
0,27,0.7398210946097536,0.02913099045110512,0.07630085945129395,2.230660915374756
0,28,0.7434475851303163,0.027760711791697812,0.07131600379943848,2.230660915374756
0,29,0.7526215739385517,0.02753726876800533,0.1414494514465332,2.230660915374756
0,30,0.7547916033655002,0.027095917007928016,0.06102490425109863,2.230660915374756
0,31,0.7622319813477536,0.02527196507698648,0.1229848861694336,2.230660915374756
0,32,0.7680029815064432,0.02806725110100161,0.11062049865722656,2.230660915374756
0,33,0.7720825285284987,0.028589893818020795,0.08220720291137695,2.230660915374756
0,34,0.7785727095044097,0.0226802959082798,0.10064554214477539,2.230660915374756
0,35,0.7831758805772804,0.024602886150189684,0.08356308937072754,2.230660915374756
0,36,0.7893724955687271,0.02542867158916784,0.11633920669555664,2.230660915374756
0,37,0.7960931343482268,0.02604669911081614,0.11991500854492188,2.230660915374756
0,38,0.8001940211845815,0.025518621200384173,0.08415865898132324,2.230660915374756
0,39,0.8068657413223781,0.025837061079885704,0.11780238151550293,2.230660915374756
0,40,0.8121800458644489,0.028578764899159226,0.11243700981140137,2.230660915374756
0,41,0.8686847873455794,0.14,0.3299281597137451,2.230660915374756
0,42,0.8731936075798007,0.10175680213748306,0.1023406982421875,2.230660915374756
0,43,0.8774275552747629,0.08068289543106955,0.11019372940063477,2.230660915374756
0,44,0.884877195028456,0.0672919790947144,0.14829349517822266,2.230660915374756
0,45,0.8897341722289669,0.05561765989268874,0.13566350936889648,2.230660915374756
0,46,0.8951479505772153,0.056327808074051466,0.13085412979125977,2.230660915374756
0,47,0.9008274848894917,0.0569690183359427,0.1485748291015625,2.230660915374756
0,48,0.9060238764083939,0.06373211794660139,0.14923405647277832,2.230660915374756
0,49,0.9109154571777831,0.056393807431569964,0.14300894737243652,2.230660915374756
0,50,0.9154748099276375,0.05853169346425591,0.15326547622680664,2.230660915374756
0,51,0.9192496711709834,0.061310526779460806,0.1327211856842041,2.230660915374756
0,52,0.9242289467977189,0.07232785018270704,0.1849219799041748,2.230660915374756
0,53,0.9266602695289674,0.06803614153821846,0.12615561485290527,2.230660915374756
0,54,0.9293488294160667,0.06643486473864924,0.13945889472961426,2.230660915374756
0,55,0.9331187261949615,0.07639138638843745,0.18464112281799316,2.230660915374756
0,56,0.9343655013688874,0.08224104243722807,0.12686514854431152,2.230660915374756
0,57,0.935080071922239,0.09480413977064617,0.13944029808044434,2.230660915374756
0,58,0.9368531594494296,0.09383132278344686,0.18711447715759277,2.230660915374756
0,59,0.9364702797658897,0.1039565488035884,0.12857580184936523,2.230660915374756
0,60,0.9364866577637435,0.0892185404262007,0.19419360160827637,2.230660915374756
0,61,0.9356689151577116,0.09898379044164285,0.11850810050964355,2.230660915374756
0,62,0.9359752651930882,0.10085389790142585,0.1865553855895996,2.230660915374756
0,63,0.9360778409199939,0.10699999999999998,0.11714458465576172,2.230660915374756
0,64,0.9371236133777967,0.09723635784316653,0.18575358390808105,2.230660915374756
0,65,0.9374394854145804,0.0764877041092148,0.0855722427368164,2.230660915374756
0,66,0.939061833844461,0.08923994693401938,0.20923566818237305,2.230660915374756
0,67,0.9393143027715556,0.10099999999999998,0.09402751922607422,2.230660915374756
0,68,0.9407525325951283,0.09950000000000003,0.20065927505493164,2.230660915374756
0,69,0.9409794509792337,0.09799999999999998,0.08909463882446289,2.230660915374756
0,70,0.9428564544621354,0.09650000000000003,0.2135779857635498,2.230660915374756
0,71,0.9430253223616338,0.08488722250301084,0.07844209671020508,2.230660915374756
0,72,0.9441734119938425,0.09350000000000003,0.15877366065979004,2.230660915374756
0,73,0.9456192566409127,0.09199999999999997,0.15153241157531738,2.230660915374756
0,74,0.9459713013742714,0.09050000000000002,0.11017417907714844,2.230660915374756
0,75,0.9462749928652747,0.062450230132493734,0.07811188697814941,2.230660915374756
0,76,0.9482632732635493,0.06647691344967177,0.17174601554870605,2.230660915374756
0,77,0.9484019366252767,0.07374035806678891,0.060721397399902344,2.230660915374756
0,78,0.9507363316377564,0.08016909078270928,0.18576884269714355,2.230660915374756
0,79,0.9509936961038958,0.06428707985241644,0.0716407299041748,2.230660915374756
0,80,0.953326690484794,0.06914509118446532,0.16063690185546875,2.230660915374756
0,81,0.9383921366190158,0.08000000000000007,0.3778040409088135,2.230660915374756
0,82,0.9365561363021717,0.07850000000000001,0.2616608142852783,2.230660915374756
0,83,0.9358252821465142,0.07700000000000001,0.258638858795166,2.230660915374756
0,84,0.9361894653844158,0.07550000000000001,0.15500283241271973,2.230660915374756
0,85,0.9364028657661628,0.07400000000000007,0.23506760597229004,2.230660915374756
0,86,0.9366019940111265,0.07250000000000001,0.08879590034484863,2.230660915374756
0,87,0.9376455159309312,0.07100000000000006,0.13685321807861328,2.230660915374756
0,88,0.9381005858870951,0.0695,0.08257794380187988,2.230660915374756
0,89,0.9394134785738417,0.06800000000000006,0.12447595596313477,2.230660915374756
0,90,0.9401285761246203,0.0665,0.08963632583618164,2.230660915374756
0,91,0.9404441785755462,0.06500000000000006,0.06949591636657715,2.230660915374756
0,92,0.9425059049793358,0.0635,0.15224504470825195,2.230660915374756
0,93,0.9426405212196822,0.062000000000000055,0.05652475357055664,2.230660915374756
0,94,0.9437720404725932,0.060500000000000054,0.09272003173828125,2.230660915374756
0,95,0.9448219284433534,0.05900000000000005,0.09270691871643066,2.230660915374756
0,96,0.945683255627848,0.057499999999999996,0.08385610580444336,2.230660915374756
0,97,0.947339533219271,0.05600000000000005,0.14766716957092285,2.230660915374756
0,98,0.9486218479512312,0.05449999999999999,0.08825016021728516,2.230660915374756
0,99,0.9493162399847216,0.05300000000000005,0.0685732364654541,2.230660915374756
0,100,0.9509681343258516,0.05149999999999999,0.12997174263000488,2.230660915374756
0,101,0.9531759698615069,0.050000000000000044,0.16658401489257812,2.230660915374756
0,102,0.9539836390909837,0.04849999999999999,0.07966828346252441,2.230660915374756
0,103,0.9548396994453984,0.04700000000000004,0.07379984855651855,2.230660915374756
0,104,0.9578591601388494,0.045499999999999985,0.20771241188049316,2.230660915374756
0,105,0.9584404056838264,0.04400000000000004,0.07729983329772949,2.230660915374756
0,106,0.9606291312678041,0.04249999999999998,0.1717543601989746,2.230660915374756
0,107,0.9622884896991286,0.041000000000000036,0.16095948219299316,2.230660915374756
0,108,0.9634401118353477,0.03949999999999998,0.09156179428100586,2.230660915374756
0,109,0.9650211080907994,0.038000000000000034,0.11398887634277344,2.230660915374756
0,110,0.9665633493027934,0.03649999999999998,0.16215252876281738,2.230660915374756
0,111,0.9684394862242255,0.03500000000000003,0.17724084854125977,2.230660915374756
0,112,0.9695048816248742,0.03350000000000003,0.09790968894958496,2.230660915374756
0,113,0.9715854417681478,0.03200000000000003,0.18831253051757812,2.230660915374756
0,114,0.9730623625682701,0.030500000000000083,0.18114423751831055,2.230660915374756
0,115,0.9742276279368688,0.029000000000000026,0.10562777519226074,2.230660915374756
0,116,0.9762773842219059,0.02750000000000008,0.20665669441223145,2.230660915374756
0,117,0.9777328998265967,0.026000000000000023,0.19057965278625488,2.230660915374756
0,118,0.9793490168502708,0.024500000000000077,0.19959330558776855,2.230660915374756
0,119,0.9808321721033848,0.02300000000000002,0.18780207633972168,2.230660915374756
0,120,0.9824282881460548,0.021500000000000075,0.2091963291168213,2.230660915374756
0,121,0.9323845580484894,0.020000000000000073,0.7009799480438232,2.230660915374756
0,122,0.9316574168731749,0.020000000000000073,0.3219327926635742,2.230660915374756
0,123,0.9311547442883918,0.020000000000000018,0.2330632209777832,2.230660915374756
0,124,0.9308487571027455,0.020000000000000018,0.15709257125854492,2.230660915374756
0,125,0.9303400961205626,0.020000000000000018,0.19068479537963867,2.230660915374756
0,126,0.9301247434058217,0.020000000000000018,0.12097954750061035,2.230660915374756
0,127,0.9298829208667737,0.020000000000000018,0.08952856063842773,2.230660915374756
0,128,0.9294575659687181,0.020000000000000018,0.1603991985321045,2.230660915374756
0,129,0.9293445710992772,0.020000000000000073,0.07654237747192383,2.230660915374756
0,130,0.9290340486523141,0.020000000000000018,0.11803221702575684,2.230660915374756
0,131,0.9286639644205303,0.020000000000000018,0.12025094032287598,2.230660915374756
0,132,0.9284942170725389,0.020000000000000018,0.10241580009460449,2.230660915374756
0,133,0.9283206583200752,0.020000000000000018,0.07186651229858398,2.230660915374756
0,134,0.9280152988164394,0.020000000000000018,0.11664342880249023,2.230660915374756
0,135,0.9279648512779063,0.020000000000000018,0.05172228813171387,2.230660915374756
0,136,0.9275837069633008,0.020000000000000018,0.11771225929260254,2.230660915374756
0,137,0.9274331462505313,0.020000000000000018,0.09737038612365723,2.230660915374756
0,138,0.92728651209055,0.020000000000000018,0.06721782684326172,2.230660915374756
0,139,0.9272357140519987,0.020000000000000018,0.053089141845703125,2.230660915374756
0,140,0.926916215660289,0.020000000000000018,0.09148383140563965,2.230660915374756
0,141,0.926890450920034,0.020000000000000018,0.04718923568725586,2.230660915374756
0,142,0.92639809507622,0.020000000000000018,0.17348670959472656,2.230660915374756
0,143,0.9263681386099023,0.020000000000000018,0.047400712966918945,2.230660915374756
0,144,0.9262179515610485,0.020000000000000018,0.07711672782897949,2.230660915374756
0,145,0.9261835287522764,0.020000000000000073,0.04509329795837402,2.230660915374756
0,146,0.9258359901200133,0.020000000000000018,0.11519908905029297,2.230660915374756
0,147,0.9258001712844119,0.020000000000000018,0.04614901542663574,2.230660915374756
0,148,0.9256469981393449,0.020000000000000018,0.08497023582458496,2.230660915374756
0,149,0.9256208589154806,0.020000000000000018,0.04262948036193848,2.230660915374756
0,150,0.925339827146306,0.020000000000000018,0.09209752082824707,2.230660915374756
0,1,0.6291710512042566,0.20000000000000007,0.8171555995941162,2.22432804107666
0,2,0.6261240631240605,0.1985,0.12575125694274902,2.230660915374756
0,3,0.6279642215776273,0.1776628039448801,0.10287332534790039,2.230660915374756
0,4,0.6302066355511263,0.1469782516063678,0.07588791847229004,2.230660915374756
0,5,0.6343939309055187,0.13315456791114122,0.08934164047241211,2.230660915374756
0,6,0.6386758780226284,0.114315368233193,0.08115267753601074,2.230660915374756
0,7,0.6423283742997392,0.1066637134802918,0.07935810089111328,2.230660915374756
0,8,0.6473836384842766,0.08748227285812704,0.09834671020507812,2.230660915374756
0,9,0.6525770471566399,0.07754376126872664,0.09721589088439941,2.230660915374756
0,10,0.6554127050333657,0.08358789788989707,0.06678342819213867,2.230660915374756
0,11,0.6609207890336718,0.06108934452531489,0.0896003246307373,2.230660915374756
0,12,0.6648940070305481,0.06415801950651234,0.07249188423156738,2.230660915374756
0,13,0.6698188254663346,0.06632338126789661,0.08626842498779297,2.230660915374756
0,14,0.6758235538563497,0.06907236531505456,0.10174155235290527,2.230660915374756
0,15,0.6786509437883299,0.044617135527157736,0.06809163093566895,2.230660915374756
0,16,0.6844146374535458,0.040568355102884035,0.10215044021606445,2.230660915374756
0,17,0.6860892004499961,0.046090000160413536,0.0559234619140625,2.230660915374756
0,18,0.6966248809956954,0.040717647912717925,0.1617116928100586,2.230660915374756
0,19,0.6985713183745605,0.044352583675029256,0.05394458770751953,2.230660915374756
0,20,0.702754879999413,0.04058185354213961,0.07504105567932129,2.230660915374756
0,21,0.7093547785959716,0.040644810828195155,0.09005093574523926,2.230660915374756
0,22,0.7107037612925872,0.038684124733406655,0.04607701301574707,2.230660915374756
0,23,0.7218147280878773,0.034323300001689594,0.1667032241821289,2.230660915374756
0,24,0.7241335482385542,0.03194049698654855,0.06570982933044434,2.230660915374756
0,25,0.728503238171552,0.03116058882195205,0.07800459861755371,2.230660915374756
0,26,0.7327519901691126,0.027600943066280137,0.0790097713470459,2.230660915374756
0,27,0.7395941027071471,0.026982710484519834,0.11509490013122559,2.230660915374756
0,28,0.7464430354734595,0.027193555856153795,0.11835765838623047,2.230660915374756
0,29,0.7503369612998125,0.02731242172118642,0.0743720531463623,2.230660915374756
0,30,0.7564196408070477,0.02525876127330351,0.09258031845092773,2.230660915374756
0,31,0.7605196375200132,0.02758435385423197,0.07472562789916992,2.230660915374756
0,32,0.7668087562456116,0.027735764832387266,0.11390328407287598,2.230660915374756
0,33,0.7736920111601473,0.028447188028810966,0.1181180477142334,2.230660915374756
0,34,0.7777665231013376,0.02253325938075379,0.07910275459289551,2.230660915374756
0,35,0.7842365063350423,0.023537472544089444,0.10387563705444336,2.230660915374756
0,36,0.7887163889909767,0.025498214300959554,0.08857965469360352,2.230660915374756
0,37,0.7952395440992888,0.025649195679265713,0.1240847110748291,2.230660915374756
0,38,0.8017218871876766,0.02626737867065887,0.12175869941711426,2.230660915374756
0,39,0.8064235142573482,0.025732994536030618,0.09003520011901855,2.230660915374756
0,40,0.8103883527439197,0.027274522900382014,0.07844734191894531,2.230660915374756
0,41,0.8688025237301721,0.14,0.32561373710632324,2.230660915374756
0,42,0.8732976650234778,0.10177038635304037,0.0996251106262207,2.230660915374756
0,43,0.8775898764987506,0.08058878840771921,0.11124944686889648,2.230660915374756
0,44,0.8845208218199347,0.06645792041035747,0.16362762451171875,2.230660915374756
0,45,0.8898025196809969,0.05739040948033414,0.12688708305358887,2.230660915374756
0,46,0.8956355075292799,0.05465419465930377,0.12852263450622559,2.230660915374756
0,47,0.8995284704979255,0.06325064329212371,0.10035157203674316,2.230660915374756
0,48,0.9076305400970038,0.06126361463913976,0.19459176063537598,2.230660915374756
0,49,0.910114380578737,0.055519633922098466,0.09199142456054688,2.230660915374756
0,50,0.9146729373629711,0.05970963178834088,0.11929774284362793,2.230660915374756
0,51,0.9214287811937383,0.05884029336818519,0.1961374282836914,2.230660915374756
0,52,0.9233979919537201,0.07143831411930512,0.09919381141662598,2.230660915374756
0,53,0.9267723481051577,0.07944102905875272,0.13766169548034668,2.230660915374756
0,54,0.9310251392299891,0.06448283258978338,0.18172359466552734,2.230660915374756
0,55,0.9329884407105911,0.07397039114245763,0.13123178482055664,2.230660915374756
0,56,0.9345810370030307,0.08049575819939991,0.1513972282409668,2.230660915374756
0,57,0.9370294493801329,0.09108041428366664,0.19563817977905273,2.230660915374756
0,58,0.9371557782415973,0.0903669616388435,0.14058566093444824,2.230660915374756
0,59,0.9378079016549444,0.10227732552815905,0.2047717571258545,2.230660915374756
0,60,0.9370900456148175,0.08659411934441652,0.12708544731140137,2.230660915374756
0,61,0.9369610231897505,0.09662253572998047,0.18691039085388184,2.230660915374756
0,62,0.9364406120319675,0.09886302441735229,0.11821150779724121,2.230660915374756
0,63,0.9371519629971503,0.10699999999999998,0.18517303466796875,2.230660915374756
0,64,0.9373077467533911,0.09437767926265894,0.12083220481872559,2.230660915374756
0,65,0.9386748494018392,0.0779889129112622,0.19049477577209473,2.230660915374756
0,66,0.9389993510619881,0.08771828358276623,0.11545968055725098,2.230660915374756
0,67,0.9400924724625676,0.10099999999999998,0.15343904495239258,2.230660915374756
0,68,0.9410700110249066,0.09950000000000003,0.1415102481842041,2.230660915374756
0,69,0.9419598707649273,0.09799999999999998,0.1599409580230713,2.230660915374756
0,70,0.9424385923209853,0.09650000000000003,0.15437579154968262,2.230660915374756
0,71,0.9435651214184666,0.08449126343741697,0.15510916709899902,2.230660915374756
0,72,0.9448821148971411,0.09350000000000003,0.16614246368408203,2.230660915374756
0,73,0.9450984462189578,0.09199999999999997,0.0817408561706543,2.230660915374756
0,74,0.9466611682511562,0.09050000000000002,0.17178869247436523,2.230660915374756
0,75,0.9468710366276434,0.06185218211930865,0.07595443725585938,2.230660915374756
0,76,0.9488078847391832,0.06545320752218353,0.17327618598937988,2.230660915374756
0,77,0.9490873878045786,0.07264360661181635,0.08077621459960938,2.230660915374756
0,78,0.949674064170827,0.07999799638165728,0.08788871765136719,2.230660915374756
0,79,0.9515800411395143,0.06471176917746568,0.16156411170959473,2.230660915374756
0,80,0.9536886247710712,0.06771058919106687,0.1688065528869629,2.230660915374756
0,81,0.9385096400584001,0.08000000000000007,0.38268399238586426,2.230660915374756
0,82,0.9366792511334157,0.07850000000000001,0.2568399906158447,2.230660915374756
0,83,0.9358820741637731,0.07700000000000007,0.25847363471984863,2.230660915374756
0,84,0.9362606052300324,0.07550000000000001,0.16326570510864258,2.230660915374756
0,85,0.9364723642591293,0.07399999999999995,0.2276761531829834,2.230660915374756
0,86,0.9366578007773532,0.07250000000000001,0.09139728546142578,2.230660915374756
0,87,0.9376504223024203,0.07100000000000006,0.13759493827819824,2.230660915374756
0,88,0.938105899660602,0.0695,0.08175444602966309,2.230660915374756
0,89,0.9393532092057244,0.06800000000000006,0.12075209617614746,2.230660915374756
0,90,0.9401141997215445,0.0665,0.09388041496276855,2.230660915374756
0,91,0.9412804773297079,0.06500000000000006,0.1216588020324707,2.230660915374756
0,92,0.941964704848476,0.0635,0.08543634414672852,2.230660915374756
0,93,0.9423092045103989,0.062000000000000055,0.06961679458618164,2.230660915374756
0,94,0.9443921687698723,0.060500000000000054,0.14423155784606934,2.230660915374756
0,95,0.9445371048773084,0.05900000000000005,0.05538487434387207,2.230660915374756
0,96,0.9458414273008489,0.057499999999999996,0.09319686889648438,2.230660915374756
0,97,0.9474163594932881,0.05600000000000005,0.1408853530883789,2.230660915374756
0,98,0.9484428781057586,0.05449999999999999,0.07951068878173828,2.230660915374756
0,99,0.9493051794745644,0.05300000000000005,0.07815146446228027,2.230660915374756
0,100,0.9510285341514009,0.05149999999999999,0.13802003860473633,2.230660915374756
0,101,0.9531339603509057,0.050000000000000044,0.17503070831298828,2.230660915374756
0,102,0.9539720760394351,0.04849999999999999,0.08441853523254395,2.230660915374756
0,103,0.956217707244074,0.04700000000000004,0.16458344459533691,2.230660915374756
0,104,0.9575326801926358,0.045499999999999985,0.10460495948791504,2.230660915374756
0,105,0.9581715579792661,0.04400000000000004,0.07338666915893555,2.230660915374756
0,106,0.9605810338083818,0.04249999999999998,0.18300294876098633,2.230660915374756
0,107,0.9622582346824569,0.041000000000000036,0.16602516174316406,2.230660915374756
0,108,0.9634269132198634,0.03949999999999998,0.0908505916595459,2.230660915374756
0,109,0.9649939469220814,0.038000000000000034,0.11078810691833496,2.230660915374756
0,110,0.966511958031159,0.03649999999999998,0.1622626781463623,2.230660915374756
0,111,0.9684016301713334,0.03500000000000003,0.1798253059387207,2.230660915374756
0,112,0.9694366340607827,0.033499999999999974,0.0948948860168457,2.230660915374756
0,113,0.9715176291668168,0.03200000000000003,0.18728923797607422,2.230660915374756
0,114,0.9730055908592476,0.030500000000000083,0.20289349555969238,2.230660915374756
0,115,0.9741603267345988,0.029000000000000026,0.1142880916595459,2.230660915374756
0,116,0.9762629830705272,0.02750000000000008,0.22738289833068848,2.230660915374756
0,117,0.9776780390534414,0.026000000000000023,0.181412935256958,2.230660915374756
0,118,0.9792595721527008,0.024500000000000077,0.1957252025604248,2.230660915374756
0,119,0.9807652202826611,0.02300000000000002,0.1924750804901123,2.230660915374756
0,120,0.982354574893314,0.021500000000000075,0.2064192295074463,2.230660915374756
0,121,0.9322886687285972,0.020000000000000073,0.6969845294952393,2.230660915374756
0,122,0.9315557354351671,0.020000000000000073,0.3176288604736328,2.230660915374756
0,123,0.9310507713642464,0.020000000000000073,0.2319939136505127,2.230660915374756
0,124,0.9307398012116306,0.020000000000000018,0.1554553508758545,2.230660915374756
0,125,0.9302319495374296,0.020000000000000073,0.18102073669433594,2.230660915374756
0,126,0.9300171322603885,0.020000000000000018,0.1228477954864502,2.230660915374756
0,127,0.9297794324198293,0.020000000000000018,0.0889129638671875,2.230660915374756
0,128,0.9293501269953368,0.020000000000000018,0.15213584899902344,2.230660915374756
0,129,0.929235421014833,0.020000000000000018,0.07729411125183105,2.230660915374756
0,130,0.9287650415325575,0.020000000000000018,0.16216468811035156,2.230660915374756
0,131,0.9286469265234132,0.020000000000000018,0.07291674613952637,2.230660915374756
0,132,0.9283976370312372,0.020000000000000018,0.10571455955505371,2.230660915374756
0,133,0.9281665724859334,0.020000000000000018,0.07885003089904785,2.230660915374756
0,134,0.9280288172908057,0.020000000000000018,0.09137082099914551,2.230660915374756
0,135,0.9276535857178738,0.020000000000000018,0.10619139671325684,2.230660915374756
0,136,0.9275799680451443,0.020000000000000018,0.06953668594360352,2.230660915374756
0,137,0.9273138120091708,0.020000000000000018,0.11201357841491699,2.230660915374756
0,138,0.927275185144558,0.020000000000000018,0.04891252517700195,2.230660915374756
0,139,0.9268780818143857,0.020000000000000018,0.10980653762817383,2.230660915374756
0,140,0.9268522773737806,0.020000000000000018,0.04882454872131348,2.230660915374756
0,141,0.9265343449748973,0.020000000000000018,0.138411283493042,2.230660915374756
0,142,0.9265005104316971,0.020000000000000018,0.04840826988220215,2.230660915374756
0,143,0.9261594777211191,0.020000000000000073,0.11118125915527344,2.230660915374756
0,144,0.926116692164126,0.020000000000000018,0.051337480545043945,2.230660915374756
0,145,0.9259466081525132,0.020000000000000018,0.08206605911254883,2.230660915374756
0,146,0.9259144626477277,0.020000000000000018,0.04420351982116699,2.230660915374756
0,147,0.9256051415667933,0.020000000000000073,0.09603023529052734,2.230660915374756
0,148,0.9255850078244041,0.020000000000000018,0.042101383209228516,2.230660915374756
0,149,0.9253293635788358,0.020000000000000018,0.09414815902709961,2.230660915374756
0,150,0.9251910922844067,0.020000000000000018,0.10744690895080566,2.230660915374756
0,1,0.6291920118211691,0.20000000000000007,0.7665877342224121,2.22432804107666
0,2,0.626030510458395,0.1985,0.11145448684692383,2.230660915374756
0,3,0.6279158389136473,0.18268133962267863,0.10383343696594238,2.230660915374756
0,4,0.6302165425821813,0.1411678798196001,0.07514619827270508,2.230660915374756
0,5,0.6343249562848002,0.13149344003085361,0.0924370288848877,2.230660915374756
0,6,0.639121555351596,0.1097551586810559,0.09240961074829102,2.230660915374756
0,7,0.6432942297299242,0.1047390835976022,0.08896613121032715,2.230660915374756
0,8,0.6472420795262243,0.08730153591166645,0.09128308296203613,2.230660915374756
0,9,0.6515324404940178,0.07479355582411573,0.08719325065612793,2.230660915374756
0,10,0.6563608403132799,0.07958881731762524,0.09166955947875977,2.230660915374756
0,11,0.6615640539397318,0.060800451285947354,0.09373044967651367,2.230660915374756
0,12,0.6643738477998231,0.0584442758334186,0.06546211242675781,2.230660915374756
0,13,0.6700106112792789,0.0623669095802436,0.09000086784362793,2.230660915374756
0,14,0.6740622612524245,0.06956951034321346,0.07076215744018555,2.230660915374756
0,15,0.679512001824699,0.0476980686175259,0.09688282012939453,2.230660915374756
0,16,0.6854646862251529,0.040501727241849306,0.1023871898651123,2.230660915374756
0,17,0.6883786072821787,0.041815485758367466,0.06752681732177734,2.230660915374756
0,18,0.6941102400763016,0.03871731923023758,0.09969592094421387,2.230660915374756
0,19,0.6982918941255849,0.040108023321830166,0.07270288467407227,2.230660915374756
0,20,0.7039249349736825,0.042183220755917517,0.10067057609558105,2.230660915374756
0,21,0.7103953746504589,0.04057922214776988,0.11506152153015137,2.230660915374756
0,22,0.7135831711068308,0.03534444470473652,0.07779812812805176,2.230660915374756
0,23,0.7170449385390962,0.03585981050496456,0.07112431526184082,2.230660915374756
0,24,0.726354432006224,0.031290158762750986,0.14048218727111816,2.230660915374756
0,25,0.7281798599092668,0.03277816200891592,0.05809593200683594,2.230660915374756
0,26,0.7357181986781411,0.02460193505998942,0.1268758773803711,2.230660915374756
0,27,0.7399504560340218,0.02737017590566404,0.08511543273925781,2.230660915374756
0,28,0.7436038364596607,0.026517046619726647,0.07665014266967773,2.230660915374756
0,29,0.7527288636852563,0.02610197981346496,0.13806986808776855,2.230660915374756
0,30,0.7548974639602515,0.029306623435281676,0.06560039520263672,2.230660915374756
0,31,0.762260774167252,0.025042798590345194,0.12626981735229492,2.230660915374756
0,32,0.7668530557203195,0.02744436753980617,0.08104062080383301,2.230660915374756
0,33,0.7706805762095211,0.027032287911089248,0.07715511322021484,2.230660915374756
0,34,0.7809192632110497,0.027154519474893668,0.17296338081359863,2.230660915374756
0,35,0.7834881067047039,0.023401297006260702,0.0681765079498291,2.230660915374756
0,36,0.7887002422512418,0.022912516688512352,0.08562803268432617,2.230660915374756
0,37,0.7964241888915333,0.024887663959392126,0.13562345504760742,2.230660915374756
0,38,0.7988826532268702,0.02831935107514394,0.06822729110717773,2.230660915374756
0,39,0.8075556219537829,0.024517898169433838,0.13116931915283203,2.230660915374756
0,40,0.8129815983056146,0.026267485358051013,0.09599637985229492,2.230660915374756
0,41,0.8692992862324636,0.14,0.32938218116760254,2.230660915374756
0,42,0.8737767445223272,0.10132006992491338,0.09932494163513184,2.230660915374756
0,43,0.8780365005065371,0.08031532002939068,0.10557842254638672,2.230660915374756
0,44,0.885091275853476,0.06659272365632185,0.14117217063903809,2.230660915374756
0,45,0.8904109999666482,0.05736405925215882,0.12604928016662598,2.230660915374756
0,46,0.8963330018726496,0.05061721463576785,0.13220453262329102,2.230660915374756
0,47,0.9017355084238269,0.05730929214056779,0.1332709789276123,2.230660915374756
0,48,0.9070046756289836,0.05847665644090616,0.14636635780334473,2.230660915374756
0,49,0.9121013228769546,0.05295570994605181,0.13336682319641113,2.230660915374756
0,50,0.9169991011412599,0.05534908534967331,0.14162611961364746,2.230660915374756
0,51,0.9215010712782539,0.05476931338716584,0.14438652992248535,2.230660915374756
0,52,0.9247223920130961,0.06418526663802948,0.1143653392791748,2.230660915374756
0,53,0.9296117630013978,0.07487575435633931,0.18003630638122559,2.230660915374756
0,54,0.9319816981213792,0.06068369765662973,0.12233734130859375,2.230660915374756
0,55,0.9345137322038365,0.06782522042360073,0.14643645286560059,2.230660915374756
0,56,0.938002777869007,0.07296530229960174,0.20153474807739258,2.230660915374756
0,57,0.9389942419739967,0.08449472377604728,0.13368463516235352,2.230660915374756
0,58,0.9393965129629025,0.08949700846569153,0.15020966529846191,2.230660915374756
0,59,0.940918337594131,0.09573920955619042,0.18788838386535645,2.230660915374756
0,60,0.9403883298915292,0.07900241600152802,0.12530803680419922,2.230660915374756
0,61,0.9403615277976063,0.0891420881585433,0.19322681427001953,2.230660915374756
0,62,0.9395613269147234,0.0979004101648302,0.12242555618286133,2.230660915374756
0,63,0.9399390913186477,0.10315241918615603,0.19191551208496094,2.230660915374756
0,64,0.9399971408964044,0.08956406715115106,0.13062167167663574,2.230660915374756
0,65,0.9410918282491274,0.09950197248567172,0.19678568840026855,2.230660915374756
0,66,0.941344066505545,0.08312112760468793,0.0888824462890625,2.230660915374756
0,67,0.9429694640006496,0.09633754230850344,0.2167820930480957,2.230660915374756
0,68,0.9431054920990065,0.09950000000000003,0.09664344787597656,2.230660915374756
0,69,0.9443721220099127,0.09799999999999998,0.2108910083770752,2.230660915374756
0,70,0.9445645879141218,0.09650000000000003,0.08257913589477539,2.230660915374756
0,71,0.945990374396197,0.09499999999999997,0.19646215438842773,2.230660915374756
0,72,0.9461259164540043,0.08967147348576288,0.07907652854919434,2.230660915374756
0,73,0.9473990584897454,0.09002971352459033,0.16464757919311523,2.230660915374756
0,74,0.9487307255133756,0.09050000000000002,0.14691734313964844,2.230660915374756
0,75,0.948971684906746,0.06889891273722704,0.10585927963256836,2.230660915374756
0,76,0.9491998888091837,0.060844678632415716,0.07840514183044434,2.230660915374756
0,77,0.9510608682784367,0.06806211970314291,0.17378640174865723,2.230660915374756
0,78,0.9512415427080843,0.07610356623192982,0.07086300849914551,2.230660915374756
0,79,0.9533605314964205,0.08207959324526659,0.18270111083984375,2.230660915374756
0,80,0.9536179061541592,0.06453360926048446,0.0709376335144043,2.230660915374756
0,81,0.9396961574850595,0.08000000000000007,0.3922915458679199,2.230660915374756
0,82,0.9377514129210761,0.07850000000000001,0.29291248321533203,2.230660915374756
0,83,0.9371390800369643,0.07700000000000007,0.27224016189575195,2.230660915374756
0,84,0.937279010576876,0.07550000000000001,0.15473723411560059,2.230660915374756
0,85,0.9373359770412707,0.07399999999999995,0.22800183296203613,2.230660915374756
0,86,0.9374873344252534,0.07250000000000001,0.09299135208129883,2.230660915374756
0,87,0.9386166108548908,0.07100000000000006,0.14662718772888184,2.230660915374756
0,88,0.9390250266068396,0.0695,0.0818474292755127,2.230660915374756
0,89,0.9401251526429497,0.06800000000000006,0.12135577201843262,2.230660915374756
0,90,0.9408632021993784,0.0665,0.09411120414733887,2.230660915374756
0,91,0.9419258543468687,0.06500000000000006,0.11325383186340332,2.230660915374756
0,92,0.9426845053656772,0.0635,0.0874795913696289,2.230660915374756
0,93,0.9429568728780631,0.062000000000000055,0.06558561325073242,2.230660915374756
0,94,0.9450640699123591,0.060500000000000054,0.14858007431030273,2.230660915374756
0,95,0.9452014997488277,0.05900000000000005,0.05336880683898926,2.230660915374756
0,96,0.9464813908740513,0.057499999999999996,0.09195733070373535,2.230660915374756
0,97,0.9479794775524726,0.05600000000000005,0.1302962303161621,2.230660915374756
0,98,0.9489701629342471,0.05449999999999999,0.07486200332641602,2.230660915374756
0,99,0.9497688169957128,0.05300000000000005,0.07449889183044434,2.230660915374756
0,100,0.9522901349823745,0.05149999999999999,0.1484670639038086,2.230660915374756
0,101,0.9526201991786477,0.050000000000000044,0.06800961494445801,2.230660915374756
0,102,0.9548612550469924,0.04849999999999999,0.18156147003173828,2.230660915374756
0,103,0.9566140634273043,0.04700000000000004,0.14617204666137695,2.230660915374756
0,104,0.9576826411948698,0.045499999999999985,0.09051251411437988,2.230660915374756
0,105,0.9591959811480887,0.04400000000000004,0.10745692253112793,2.230660915374756
0,106,0.96016723660445,0.04249999999999998,0.09141898155212402,2.230660915374756
0,107,0.9630207558602217,0.041000000000000036,0.24106311798095703,2.230660915374756
0,108,0.963802699464826,0.03949999999999998,0.08347702026367188,2.230660915374756
0,109,0.9651483277273671,0.038000000000000034,0.09497928619384766,2.230660915374756
0,110,0.967442436479951,0.03649999999999998,0.1956322193145752,2.230660915374756
0,111,0.9680732287619914,0.03500000000000003,0.08539843559265137,2.230660915374756
0,112,0.9701223782894688,0.033499999999999974,0.18555998802185059,2.230660915374756
0,113,0.9718421615436673,0.03200000000000003,0.18812847137451172,2.230660915374756
0,114,0.9731160907305817,0.030500000000000083,0.11510682106018066,2.230660915374756
0,115,0.9747306086729052,0.029000000000000026,0.18346166610717773,2.230660915374756
0,116,0.9764951104170597,0.02750000000000008,0.19313502311706543,2.230660915374756
0,117,0.9778639982357622,0.026000000000000023,0.13218903541564941,2.230660915374756
0,118,0.979810140902792,0.024500000000000077,0.2715482711791992,2.230660915374756
0,119,0.9808512619703023,0.02300000000000002,0.11641049385070801,2.230660915374756
0,120,0.9828882776674089,0.021500000000000075,0.28807568550109863,2.230660915374756
0,121,0.9325005090840564,0.020000000000000073,0.714564323425293,2.230660915374756
0,122,0.931699825803761,0.020000000000000073,0.29644274711608887,2.230660915374756
0,123,0.9312505780506547,0.020000000000000018,0.2534165382385254,2.230660915374756
0,124,0.9309688123791013,0.020000000000000046,0.11629033088684082,2.230660915374756
0,125,0.9303842700640185,0.020000000000000073,0.22744965553283691,2.230660915374756
0,126,0.9302139707284167,0.020000000000000018,0.09129023551940918,2.230660915374756
0,127,0.9299286845754663,0.020000000000000073,0.12392926216125488,2.230660915374756
0,128,0.9296638884453173,0.020000000000000018,0.09665632247924805,2.230660915374756
0,129,0.9292576239094428,0.020000000000000018,0.15132904052734375,2.230660915374756
0,130,0.9291528917594378,0.020000000000000018,0.07529067993164062,2.230660915374756
0,131,0.928851673623629,0.020000000000000018,0.11626386642456055,2.230660915374756
0,132,0.9284813289105064,0.020000000000000018,0.1502094268798828,2.230660915374756
0,133,0.9282673569760096,0.020000000000000018,0.10647082328796387,2.230660915374756
0,134,0.9281036348760937,0.020000000000000018,0.07496356964111328,2.230660915374756
0,135,0.9280233746394221,0.020000000000000018,0.07274293899536133,2.230660915374756
0,136,0.9277322756280573,0.020000000000000018,0.08447480201721191,2.230660915374756
0,137,0.9275175083285883,0.020000000000000018,0.12564396858215332,2.230660915374756
0,138,0.9272314202223946,0.020000000000000018,0.08070182800292969,2.230660915374756
0,139,0.9271768804121157,0.020000000000000018,0.06064105033874512,2.230660915374756
0,140,0.9268910196450528,0.020000000000000018,0.09636545181274414,2.230660915374756
0,141,0.9268054451075637,0.020000000000000018,0.07373547554016113,2.230660915374756
0,142,0.9266579058200646,0.020000000000000018,0.06534814834594727,2.230660915374756
0,143,0.9265368648260581,0.020000000000000018,0.08106160163879395,2.230660915374756
0,144,0.9262115879734065,0.020000000000000018,0.0974886417388916,2.230660915374756
0,145,0.9261623719569287,0.020000000000000018,0.054440975189208984,2.230660915374756
0,146,0.9258537910604632,0.020000000000000073,0.14076900482177734,2.230660915374756
0,147,0.9258217832794029,0.020000000000000018,0.050833702087402344,2.230660915374756
0,148,0.9255817837175853,0.020000000000000018,0.08409476280212402,2.230660915374756
0,149,0.925538037367417,0.020000000000000018,0.05699658393859863,2.230660915374756
0,150,0.9252940900617355,0.020000000000000018,0.09273719787597656,2.230660915374756
0,1,0.6291803701362599,0.20000000000000007,0.7766461372375488,2.22432804107666
0,2,0.625960255858799,0.1985,0.12004303932189941,2.230660915374756
0,3,0.627924470037924,0.18329663485257908,0.10430335998535156,2.230660915374756
0,4,0.6301512611661836,0.13677505923780042,0.07327723503112793,2.230660915374756
0,5,0.63429023548374,0.1420288341332666,0.09085583686828613,2.230660915374756
0,6,0.6387851433254499,0.10681019345945486,0.08504819869995117,2.230660915374756
0,7,0.6433335686013621,0.10164686950717428,0.0961000919342041,2.230660915374756
0,8,0.6479983634179324,0.08455271164913003,0.09000682830810547,2.230660915374756
0,9,0.6508508146763545,0.07288438258135321,0.06703042984008789,2.230660915374756
0,10,0.6539859568234758,0.07764093635248948,0.07066631317138672,2.230660915374756
0,11,0.6624915756795456,0.06600471492672189,0.12572836875915527,2.230660915374756
0,12,0.6641149010762732,0.06050279084388066,0.053414344787597656,2.230660915374756
0,13,0.6706114287760637,0.06055315391599214,0.10558700561523438,2.230660915374756
0,14,0.6744246656917656,0.06693177604300593,0.06916284561157227,2.230660915374756
0,15,0.6772411054640749,0.0479775319918857,0.06603026390075684,2.230660915374756
0,16,0.6838123616119601,0.04285841204086127,0.11080789566040039,2.230660915374756
0,17,0.6902266040045912,0.04015474667689012,0.11417770385742188,2.230660915374756
0,18,0.6936175587941635,0.04055898963873994,0.07570266723632812,2.230660915374756
0,19,0.6988870199821364,0.038930485282597904,0.08711862564086914,2.230660915374756
0,20,0.7025890819778112,0.04123870472052027,0.06450867652893066,2.230660915374756
0,21,0.7087759457241813,0.04145703232772935,0.1096649169921875,2.230660915374756
0,22,0.7152612419271799,0.037203392124071866,0.11282896995544434,2.230660915374756
0,23,0.7189024824350082,0.0359239270827415,0.07264041900634766,2.230660915374756
0,24,0.724624387435715,0.03170761017804047,0.0913078784942627,2.230660915374756
0,25,0.7284177701704735,0.030632021267204768,0.07233929634094238,2.230660915374756
0,26,0.7347087342946585,0.029100090108770016,0.11715841293334961,2.230660915374756
0,27,0.7413707084012707,0.02595432725025726,0.11578488349914551,2.230660915374756
0,28,0.7451415072769656,0.025636688751861425,0.07419180870056152,2.230660915374756
0,29,0.7511888634498475,0.025928579682655273,0.09237909317016602,2.230660915374756
0,30,0.7555380614485939,0.028279049293451486,0.07835912704467773,2.230660915374756
0,31,0.7617648443313882,0.0265335417786442,0.11193323135375977,2.230660915374756
0,32,0.768420106463021,0.025743867156237,0.1225576400756836,2.230660915374756
0,33,0.772332725888061,0.025541610863399566,0.07754158973693848,2.230660915374756
0,34,0.7787000901046088,0.026792268851537404,0.09991025924682617,2.230660915374756
0,35,0.7831922919512775,0.024335438885728977,0.08012080192565918,2.230660915374756
0,36,0.78982725169533,0.02226003314006819,0.11979103088378906,2.230660915374756
0,37,0.7963468261099902,0.023411779569549207,0.12554311752319336,2.230660915374756
0,38,0.8006233103712039,0.024793087030483996,0.08253979682922363,2.230660915374756
0,39,0.8072917481547046,0.023676430206903243,0.11020636558532715,2.230660915374756
0,40,0.8118898989576901,0.025239748718517974,0.09049868583679199,2.230660915374756
0,41,0.8697016911580924,0.14,0.33739566802978516,2.230660915374756
0,42,0.8743854190807518,0.10061098158803639,0.10219931602478027,2.230660915374756
0,43,0.878580481342323,0.08020273955970436,0.11287164688110352,2.230660915374756
0,44,0.8860611361396904,0.06691629963685575,0.15181565284729004,2.230660915374756
0,45,0.8910542897270521,0.05575483723816632,0.11946272850036621,2.230660915374756
0,46,0.8965178883265578,0.04987959846414347,0.12810444831848145,2.230660915374756
0,47,0.9023628221889368,0.053545767351795504,0.14067482948303223,2.230660915374756
0,48,0.9077781827329401,0.05935194300549995,0.13815522193908691,2.230660915374756
0,49,0.9129373740858018,0.061743547699412704,0.13869261741638184,2.230660915374756
0,50,0.917771366549168,0.0548471931286425,0.13622236251831055,2.230660915374756
0,51,0.9224490528131875,0.05910821380927478,0.14313936233520508,2.230660915374756
0,52,0.9266860456723869,0.059328713778825426,0.14808917045593262,2.230660915374756
0,53,0.9297336091782936,0.0694654488797285,0.12383413314819336,2.230660915374756
0,54,0.9332863742619504,0.056479409613146125,0.15085625648498535,2.230660915374756
0,55,0.9372227192947254,0.06394426346336313,0.17467427253723145,2.230660915374756
0,56,0.9389340914428743,0.07282391922772768,0.12574005126953125,2.230660915374756
0,57,0.9404612580796575,0.07890209961475536,0.13898658752441406,2.230660915374756
0,58,0.9428933804730995,0.0891091301874215,0.1972057819366455,2.230660915374756
0,59,0.9429355821108782,0.08809066256056186,0.14086198806762695,2.230660915374756
0,60,0.9435680352698754,0.07686844707747698,0.19871735572814941,2.230660915374756
0,61,0.9427994982125749,0.08325650710549082,0.12845659255981445,2.230660915374756
0,62,0.9427076000680761,0.09242980998099726,0.18545126914978027,2.230660915374756
0,63,0.9420503231518205,0.09869883570809612,0.12029123306274414,2.230660915374756
0,64,0.9427893263445963,0.10550000000000004,0.19510459899902344,2.230660915374756
0,65,0.9427219619476703,0.09301340562995175,0.0941629409790039,2.230660915374756
0,66,0.9440423542064147,0.07911744670447107,0.2157132625579834,2.230660915374756
0,67,0.9441343998255195,0.09307973539193415,0.0944666862487793,2.230660915374756
0,68,0.9455195667973824,0.09950000000000003,0.2168576717376709,2.230660915374756
0,69,0.9456230039597847,0.09799999999999998,0.09381699562072754,2.230660915374756
0,70,0.946670479098922,0.09650000000000003,0.2002725601196289,2.230660915374756
0,71,0.9468793110935013,0.09499999999999997,0.09237456321716309,2.230660915374756
0,72,0.9485790220437766,0.08652613298449274,0.2122948169708252,2.230660915374756
0,73,0.9486414384455515,0.08580819329791278,0.07805490493774414,2.230660915374756
0,74,0.9493955653908785,0.09050000000000002,0.14677047729492188,2.230660915374756
0,75,0.9507361072943091,0.0846085747053329,0.14922499656677246,2.230660915374756
0,76,0.9518839574935085,0.06950051802218071,0.15819787979125977,2.230660915374756
0,77,0.9520105356628784,0.06464363546866203,0.0774073600769043,2.230660915374756
0,78,0.952469426382212,0.072161063939991,0.10699987411499023,2.230660915374756
0,79,0.9526101940569318,0.07901560452586909,0.05858492851257324,2.230660915374756
0,80,0.9561844207640184,0.07719647433822396,0.2594635486602783,2.230660915374756
0,81,0.941053753859552,0.08000000000000007,0.3998599052429199,2.230660915374756
0,82,0.9389417098665834,0.07850000000000001,0.2600388526916504,2.230660915374756
0,83,0.9380128604048761,0.07700000000000007,0.2791264057159424,2.230660915374756
0,84,0.9381778904579263,0.07550000000000001,0.17863845825195312,2.230660915374756
0,85,0.9379198453367663,0.07399999999999995,0.2508869171142578,2.230660915374756
0,86,0.9380990594431027,0.07250000000000001,0.09161257743835449,2.230660915374756
0,87,0.9392381544270676,0.07099999999999995,0.14940309524536133,2.230660915374756
0,88,0.9396670818966373,0.0695,0.08237862586975098,2.230660915374756
0,89,0.9407007064890476,0.06800000000000006,0.12040209770202637,2.230660915374756
0,90,0.9414546400402857,0.0665,0.09333682060241699,2.230660915374756
0,91,0.9424954408884447,0.06500000000000006,0.12105941772460938,2.230660915374756
0,92,0.9431968681754903,0.0635,0.08794498443603516,2.230660915374756
0,93,0.9435007714991206,0.062000000000000055,0.07081413269042969,2.230660915374756
0,94,0.945581793307457,0.060500000000000054,0.15105652809143066,2.230660915374756
0,95,0.9457239241074546,0.05900000000000005,0.0557246208190918,2.230660915374756
0,96,0.9470988916837572,0.057499999999999996,0.10039496421813965,2.230660915374756
0,97,0.9472686166033812,0.05600000000000005,0.05728459358215332,2.230660915374756
0,98,0.9499774679183866,0.05449999999999999,0.17599177360534668,2.230660915374756
0,99,0.9503252438995431,0.05300000000000005,0.06190967559814453,2.230660915374756
0,100,0.9524247153308707,0.05149999999999999,0.13536524772644043,2.230660915374756
0,101,0.9535674545393287,0.050000000000000044,0.08912944793701172,2.230660915374756
0,102,0.9550272890513303,0.04849999999999999,0.1286759376525879,2.230660915374756
0,103,0.9569656740381594,0.04700000000000004,0.1691269874572754,2.230660915374756
0,104,0.9578285891675209,0.04550000000000004,0.08378481864929199,2.230660915374756
0,105,0.9593282854067313,0.04400000000000004,0.10031676292419434,2.230660915374756
0,106,0.9616524561180091,0.04249999999999998,0.17980408668518066,2.230660915374756
0,107,0.9622900573626001,0.041000000000000036,0.07971501350402832,2.230660915374756
0,108,0.9643928261376687,0.03949999999999998,0.18111085891723633,2.230660915374756
0,109,0.9660950592936797,0.038000000000000034,0.17393803596496582,2.230660915374756
0,110,0.9672201717107534,0.03649999999999998,0.09236645698547363,2.230660915374756
0,111,0.9687548565614785,0.03500000000000003,0.11795806884765625,2.230660915374756
0,112,0.9710289930476236,0.033499999999999974,0.23804593086242676,2.230660915374756
0,113,0.9718011320386214,0.03200000000000003,0.08779168128967285,2.230660915374756
0,114,0.9732933884620424,0.030500000000000083,0.12426114082336426,2.230660915374756
0,115,0.9755163961614548,0.029000000000000026,0.2845735549926758,2.230660915374756
0,116,0.9765148920564316,0.02750000000000008,0.10804986953735352,2.230660915374756
0,117,0.9784368297491248,0.026000000000000023,0.22609663009643555,2.230660915374756
0,118,0.9798195427885703,0.024500000000000077,0.18328428268432617,2.230660915374756
0,119,0.9813986768946488,0.02300000000000002,0.19710230827331543,2.230660915374756
0,120,0.9829252955938413,0.021500000000000075,0.20143485069274902,2.230660915374756
0,121,0.9327027211198731,0.020000000000000018,0.703009843826294,2.230660915374756
0,122,0.9318966909041837,0.020000000000000018,0.3075754642486572,2.230660915374756
0,123,0.9314441308874876,0.020000000000000018,0.25552916526794434,2.230660915374756
0,124,0.9311592241462605,0.020000000000000046,0.12006926536560059,2.230660915374756
0,125,0.9305579943583042,0.020000000000000073,0.22634053230285645,2.230660915374756
0,126,0.9303877274292858,0.020000000000000073,0.08762669563293457,2.230660915374756
0,127,0.9301038376137073,0.020000000000000073,0.1274416446685791,2.230660915374756
0,128,0.9298397347281065,0.020000000000000018,0.09378242492675781,2.230660915374756
0,129,0.929422282704923,0.020000000000000073,0.15136337280273438,2.230660915374756
0,130,0.9293181895425965,0.020000000000000018,0.07461905479431152,2.230660915374756
0,131,0.9290431085529877,0.020000000000000018,0.10830187797546387,2.230660915374756
0,132,0.9286544218249624,0.020000000000000018,0.11645793914794922,2.230660915374756
0,133,0.9284660314014594,0.020000000000000018,0.10463285446166992,2.230660915374756
0,134,0.9283107213745627,0.020000000000000018,0.06771135330200195,2.230660915374756
0,135,0.9282303019392704,0.020000000000000018,0.06794905662536621,2.230660915374756
0,136,0.9276771140822355,0.020000000000000018,0.1972055435180664,2.230660915374756
0,137,0.927597289886007,0.020000000000000018,0.05852222442626953,2.230660915374756
0,138,0.9273802454331594,0.020000000000000018,0.07432770729064941,2.230660915374756
0,139,0.9273199764927141,0.020000000000000018,0.06340503692626953,2.230660915374756
0,140,0.9270586161041747,0.020000000000000018,0.07161760330200195,2.230660915374756
0,141,0.9268442664121871,0.020000000000000018,0.11980700492858887,2.230660915374756
0,142,0.9265765764932422,0.020000000000000018,0.0764303207397461,2.230660915374756
0,143,0.9265269770903553,0.020000000000000018,0.05917811393737793,2.230660915374756
0,144,0.9262852490672091,0.020000000000000018,0.07772493362426758,2.230660915374756
0,145,0.926217136839383,0.020000000000000018,0.0743262767791748,2.230660915374756
0,146,0.9259998851807683,0.020000000000000018,0.07737302780151367,2.230660915374756
0,147,0.9259071119420388,0.020000000000000018,0.06940007209777832,2.230660915374756
0,148,0.9257176348280776,0.020000000000000018,0.07615160942077637,2.230660915374756
0,149,0.925678310995243,0.020000000000000018,0.0454254150390625,2.230660915374756
0,150,0.9253870541516749,0.020000000000000018,0.11780095100402832,2.230660915374756
0,1,0.6291847955825224,0.20000000000000007,0.7500402927398682,2.22432804107666
0,2,0.6259589790846889,0.1985,0.10806465148925781,2.230660915374756
0,3,0.6278188071415722,0.18320362198693751,0.09748697280883789,2.230660915374756
0,4,0.6301248421864458,0.13544597362475364,0.07304644584655762,2.230660915374756
0,5,0.6342977498866237,0.14445934237040048,0.09025216102600098,2.230660915374756
0,6,0.6391197678182556,0.10536598845446121,0.09598755836486816,2.230660915374756
0,7,0.6425252262648917,0.10463805412141858,0.07630348205566406,2.230660915374756
0,8,0.6457221843125871,0.08052834251500174,0.07338118553161621,2.230660915374756
0,9,0.6512165918453372,0.07175469480367225,0.10046577453613281,2.230660915374756
0,10,0.656779747353146,0.0777249515072006,0.10209131240844727,2.230660915374756
0,11,0.660290885781101,0.06804027663304002,0.07885384559631348,2.230660915374756
0,12,0.6654725241314245,0.060645564493601145,0.0869593620300293,2.230660915374756
0,13,0.668920181177427,0.05983767954371555,0.0632619857788086,2.230660915374756
0,14,0.6742242518068109,0.06719573228251963,0.1050257682800293,2.230660915374756
0,15,0.6805016542780553,0.04747226326304166,0.10974597930908203,2.230660915374756
0,16,0.6838115345754207,0.04159115317647821,0.07058238983154297,2.230660915374756
0,17,0.6867519715472874,0.04049311435306657,0.06094646453857422,2.230660915374756
0,18,0.6953116937183761,0.03954249624853978,0.12343072891235352,2.230660915374756
0,19,0.6972078166015596,0.04126303889865812,0.054492950439453125,2.230660915374756
0,20,0.7045043918258624,0.039459350453794007,0.11793994903564453,2.230660915374756
0,21,0.7092540827647814,0.03969088643502028,0.08138108253479004,2.230660915374756
0,22,0.712462887306725,0.03917549346420235,0.07041263580322266,2.230660915374756
0,23,0.7208717003903511,0.03347528630904506,0.13260293006896973,2.230660915374756
0,24,0.7226268015265684,0.03249767544607918,0.055535316467285156,2.230660915374756
0,25,0.7309141296533832,0.02748787869446756,0.13076353073120117,2.230660915374756
0,26,0.7353498539973559,0.03167841534866456,0.07914352416992188,2.230660915374756
0,27,0.7386369324231105,0.02579946339041983,0.07168865203857422,2.230660915374756
0,28,0.7451835119048755,0.025994515881230806,0.11793851852416992,2.230660915374756
0,29,0.7519835837347559,0.026200366453669077,0.12375450134277344,2.230660915374756
0,30,0.7558937291051204,0.025917334786528468,0.07456421852111816,2.230660915374756
0,31,0.7621958778752762,0.026911149288705305,0.09888505935668945,2.230660915374756
0,32,0.766543172494959,0.02652907199047516,0.07962441444396973,2.230660915374756
0,33,0.7728837172011777,0.025534396018103256,0.11760473251342773,2.230660915374756
0,34,0.7795027958744674,0.027715930166597014,0.12063264846801758,2.230660915374756
0,35,0.7836505863831291,0.0252413907481136,0.07984781265258789,2.230660915374756
0,36,0.7906681586941162,0.022295709162848065,0.12769818305969238,2.230660915374756
0,37,0.7957193779961753,0.023593202498376376,0.09351563453674316,2.230660915374756
0,38,0.7995885402387994,0.024740802928793437,0.07913017272949219,2.230660915374756
0,39,0.8089381384301144,0.025223236703916907,0.13883137702941895,2.230660915374756
0,40,0.8112328431498081,0.025406309643243863,0.06784939765930176,2.230660915374756
0,41,0.8698191123525999,0.14,0.3384678363800049,2.230660915374756
0,42,0.8744854960550117,0.10062221156462636,0.1067495346069336,2.230660915374756
0,43,0.8786892688922249,0.0801117630512006,0.10387897491455078,2.230660915374756
0,44,0.884749182529663,0.06639063822325852,0.12227940559387207,2.230660915374756
0,45,0.8929353511289437,0.05690072506038857,0.16646504402160645,2.230660915374756
0,46,0.8951774030744095,0.049104352141250696,0.08198952674865723,2.230660915374756
0,47,0.9038655886645588,0.05222475103572777,0.1879580020904541,2.230660915374756
0,48,0.9064494769676182,0.06147266707669141,0.08834290504455566,2.230660915374756
0,49,0.9143575852657513,0.06060697303262763,0.1902763843536377,2.230660915374756
0,50,0.9168434368451978,0.05417303947704344,0.09762907028198242,2.230660915374756
0,51,0.922741398123837,0.05625608868253429,0.16305184364318848,2.230660915374756
0,52,0.926950656770227,0.05848470608534584,0.1481924057006836,2.230660915374756
0,53,0.9307173772032183,0.06842602254564545,0.15460562705993652,2.230660915374756
0,54,0.9334932160273443,0.06296787869272646,0.1268620491027832,2.230660915374756
0,55,0.9364498491310591,0.06200942373050922,0.14724016189575195,2.230660915374756
0,56,0.9401741627077707,0.07189454598289247,0.18754148483276367,2.230660915374756
0,57,0.941384012388353,0.0769944944402936,0.1289675235748291,2.230660915374756
0,58,0.9432740293416371,0.08810931460284777,0.19147753715515137,2.230660915374756
0,59,0.9434224537796614,0.08667108619321506,0.13316965103149414,2.230660915374756
0,60,0.9441608928783458,0.08396910814286784,0.20059561729431152,2.230660915374756
0,61,0.9434108648459705,0.0818441167885795,0.1250464916229248,2.230660915374756
0,62,0.943354683188834,0.0912804625022805,0.19787335395812988,2.230660915374756
0,63,0.9426636717731997,0.09784058530994066,0.12959051132202148,2.230660915374756
0,64,0.9433259679770221,0.10550000000000004,0.19481372833251953,2.230660915374756
0,65,0.943321998733808,0.09099497936535794,0.12465548515319824,2.230660915374756
0,66,0.9441698434963968,0.07979245789455969,0.16768121719360352,2.230660915374756
0,67,0.944687537667278,0.09293958663912638,0.1322617530822754,2.230660915374756
0,68,0.9457133333282814,0.09950000000000003,0.16773653030395508,2.230660915374756
0,69,0.9461696857328799,0.09799999999999998,0.14127182960510254,2.230660915374756
0,70,0.9471150631296721,0.09650000000000003,0.17258143424987793,2.230660915374756
0,71,0.9476160102909941,0.09499999999999997,0.14404749870300293,2.230660915374756
0,72,0.9477382088364947,0.08840974222308606,0.0836794376373291,2.230660915374756
0,73,0.9498388530038493,0.08398567164144166,0.2287750244140625,2.230660915374756
0,74,0.949929787673235,0.09050000000000002,0.08090567588806152,2.230660915374756
0,75,0.9501564857578336,0.08899999999999997,0.11099720001220703,2.230660915374756
0,76,0.9510582279177997,0.06620863017921708,0.131011962890625,2.230660915374756
0,77,0.9510876068088951,0.06413292501837353,0.08465981483459473,2.230660915374756
0,78,0.9543602191794078,0.07055961800897403,0.25577783584594727,2.230660915374756
0,79,0.9545026530001675,0.07811524603587838,0.07271313667297363,2.230660915374756
0,80,0.9551665025827041,0.08150000000000002,0.10396814346313477,2.230660915374756
0,81,0.941163084286061,0.08000000000000007,0.4005396366119385,2.230660915374756
0,82,0.9389834318990804,0.07850000000000001,0.26616525650024414,2.230660915374756
0,83,0.9382044785753956,0.07700000000000007,0.2728102207183838,2.230660915374756
0,84,0.9382870893366206,0.07550000000000001,0.16542768478393555,2.230660915374756
0,85,0.9379911775162687,0.07399999999999995,0.23775768280029297,2.230660915374756
0,86,0.938166163322403,0.07250000000000001,0.09116673469543457,2.230660915374756
0,87,0.9393464798254795,0.07100000000000006,0.2066020965576172,2.230660915374756
0,88,0.9397741178169925,0.0695,0.10901331901550293,2.230660915374756
0,89,0.940721039830755,0.06800000000000006,0.12794280052185059,2.230660915374756
0,90,0.9415023902227249,0.0665,0.0950772762298584,2.230660915374756
0,91,0.9425935735767057,0.06500000000000006,0.11490416526794434,2.230660915374756
0,92,0.9432735490316186,0.0635,0.08920049667358398,2.230660915374756
0,93,0.9435572524538183,0.062,0.06835746765136719,2.230660915374756
0,94,0.9456296117632699,0.060500000000000054,0.1473250389099121,2.230660915374756
0,95,0.9457621482647691,0.05900000000000005,0.054335832595825195,2.230660915374756
0,96,0.9469950789825727,0.057499999999999996,0.09082579612731934,2.230660915374756
0,97,0.9471134187353099,0.05600000000000005,0.05224132537841797,2.230660915374756
0,98,0.9500969092024676,0.05449999999999999,0.19141054153442383,2.230660915374756
0,99,0.9503186147426752,0.05300000000000005,0.0609438419342041,2.230660915374756
0,100,0.9523093187214582,0.05149999999999999,0.11737632751464844,2.230660915374756
0,101,0.9526019229482499,0.050000000000000044,0.06016898155212402,2.230660915374756
0,102,0.955952078309737,0.04849999999999999,0.2365872859954834,2.230660915374756
0,103,0.9565881193177205,0.04700000000000004,0.0977935791015625,2.230660915374756
0,104,0.957856418650245,0.045499999999999985,0.09174084663391113,2.230660915374756
0,105,0.9602592724502782,0.04400000000000004,0.17649054527282715,2.230660915374756
0,106,0.9608115116056966,0.04249999999999998,0.0823512077331543,2.230660915374756
0,107,0.9628898338457093,0.041000000000000036,0.17415380477905273,2.230660915374756
0,108,0.964105330830807,0.03949999999999998,0.10191702842712402,2.230660915374756
0,109,0.9661177581198257,0.038000000000000034,0.1736621856689453,2.230660915374756
0,110,0.9675073175083391,0.03649999999999998,0.11447310447692871,2.230660915374756
0,111,0.9683034363116256,0.03500000000000003,0.08448076248168945,2.230660915374756
0,112,0.9710123517678256,0.033499999999999974,0.2649538516998291,2.230660915374756
0,113,0.9719377010453094,0.032000000000000084,0.10305023193359375,2.230660915374756
0,114,0.9733753554461225,0.030500000000000083,0.11871218681335449,2.230660915374756
0,115,0.9755735162498436,0.029000000000000026,0.2718846797943115,2.230660915374756
0,116,0.9765671293181462,0.02750000000000008,0.10389542579650879,2.230660915374756
0,117,0.978551065694159,0.026000000000000023,0.24630475044250488,2.230660915374756
0,118,0.9795391658322228,0.024500000000000077,0.10803818702697754,2.230660915374756
0,119,0.981684619587649,0.02300000000000002,0.29061293601989746,2.230660915374756
0,120,0.98278077290752,0.021500000000000075,0.11914873123168945,2.230660915374756
0,121,0.9327237504463525,0.020000000000000018,0.7047338485717773,2.230660915374756
0,122,0.9319811316411403,0.020000000000000018,0.3352789878845215,2.230660915374756
0,123,0.931464221197724,0.020000000000000018,0.23363256454467773,2.230660915374756
0,124,0.9311363287008514,0.020000000000000018,0.15163588523864746,2.230660915374756
0,125,0.9306084454307257,0.020000000000000073,0.1828165054321289,2.230660915374756
0,126,0.9303892930086248,0.020000000000000018,0.1243441104888916,2.230660915374756
0,127,0.9301446384898553,0.020000000000000018,0.09556746482849121,2.230660915374756
0,128,0.9297265829707617,0.020000000000000018,0.15585041046142578,2.230660915374756
0,129,0.9296113710463431,0.020000000000000018,0.07722115516662598,2.230660915374756
0,130,0.9293002042713366,0.020000000000000073,0.12023019790649414,2.230660915374756
0,131,0.9289258141906986,0.020000000000000073,0.1519763469696045,2.230660915374756
0,132,0.9286902608021568,0.020000000000000073,0.10770130157470703,2.230660915374756
0,133,0.9285074201587892,0.020000000000000018,0.0707845687866211,2.230660915374756
0,134,0.9282203775782827,0.020000000000000018,0.11034083366394043,2.230660915374756
0,135,0.9281680698415316,0.020000000000000018,0.056053876876831055,2.230660915374756
0,136,0.92777752756809,0.020000000000000018,0.11683130264282227,2.230660915374756
0,137,0.9276244942776624,0.020000000000000018,0.09885525703430176,2.230660915374756
0,138,0.9274373461747228,0.020000000000000018,0.07292938232421875,2.230660915374756
0,139,0.9273847251872358,0.020000000000000018,0.05401110649108887,2.230660915374756
0,140,0.9270358170124483,0.020000000000000018,0.09409880638122559,2.230660915374756
0,141,0.9267909050345748,0.020000000000000018,0.12838506698608398,2.230660915374756
0,142,0.9266412089186217,0.020000000000000018,0.06838345527648926,2.230660915374756
0,143,0.9265917201815376,0.020000000000000018,0.056963443756103516,2.230660915374756
0,144,0.9263041188644974,0.020000000000000018,0.07148098945617676,2.230660915374756
0,145,0.9262297278681173,0.020000000000000018,0.06560921669006348,2.230660915374756
0,146,0.9259496951084221,0.020000000000000018,0.09952378273010254,2.230660915374756
0,147,0.9258527065437991,0.020000000000000018,0.07554101943969727,2.230660915374756
0,148,0.9257515012154596,0.020000000000000018,0.05849814414978027,2.230660915374756
0,149,0.9257056627640459,0.020000000000000018,0.04621553421020508,2.230660915374756
0,150,0.9253219974001621,0.020000000000000073,0.14734959602355957,2.230660915374756
0,1,0.6291814179053434,0.20000000000000007,0.7706484794616699,2.22432804107666
0,2,0.6259324090880592,0.1985,0.10995316505432129,2.230660915374756
0,3,0.6278942661064668,0.1826959050968885,0.0993506908416748,2.230660915374756
0,4,0.6301833283654814,0.13514027994981004,0.07217001914978027,2.230660915374756
0,5,0.6342494421102955,0.14574215114752098,0.08680891990661621,2.230660915374756
0,6,0.6386647673721904,0.10564667461091448,0.07954001426696777,2.230660915374756
0,7,0.6431874150238855,0.10534766724859335,0.10865116119384766,2.230660915374756
0,8,0.6480153469064129,0.08428723933320637,0.09531593322753906,2.230660915374756
0,9,0.6516319417472431,0.07292231238712965,0.07992696762084961,2.230660915374756
0,10,0.6545238143574381,0.07685600420295535,0.07171463966369629,2.230660915374756
0,11,0.6624621542413116,0.06766830729792173,0.12523436546325684,2.230660915374756
0,12,0.6639235843200344,0.0617796526945138,0.05259251594543457,2.230660915374756
0,13,0.6711270459507475,0.059605751750464786,0.1200103759765625,2.230660915374756
0,14,0.6727918946695091,0.06710111890458215,0.06221604347229004,2.230660915374756
0,15,0.679698885674467,0.048492226210475664,0.11545491218566895,2.230660915374756
0,16,0.6853066815780768,0.042287088026172315,0.09937548637390137,2.230660915374756
0,17,0.6882974703038274,0.04002783039383884,0.061862945556640625,2.230660915374756
0,18,0.6936528549747148,0.040067696495351135,0.0840761661529541,2.230660915374756
0,19,0.6951748640977058,0.04230158826897912,0.05274343490600586,2.230660915374756
0,20,0.706654200395082,0.03799185193475374,0.17200064659118652,2.230660915374756
0,21,0.7089368005578787,0.03896845603632482,0.06731081008911133,2.230660915374756
0,22,0.7132829977050049,0.04008180406996431,0.07785606384277344,2.230660915374756
0,23,0.7172154850831423,0.034524085440909236,0.07322072982788086,2.230660915374756
0,24,0.7268091049086455,0.030721087858424756,0.1539158821105957,2.230660915374756
0,25,0.7285403242386665,0.03178271704079294,0.05450725555419922,2.230660915374756
0,26,0.7342231728648231,0.03040677121717139,0.0919182300567627,2.230660915374756
0,27,0.7420014663197952,0.024337097230529348,0.1087644100189209,2.230660915374756
0,28,0.7434535496462588,0.02722849798230631,0.05462932586669922,2.230660915374756
0,29,0.7538246678725544,0.02394328223064024,0.17514371871948242,2.230660915374756
0,30,0.7560495860595029,0.027212588650787906,0.06595706939697266,2.230660915374756
0,31,0.7611402520898971,0.02700726231648498,0.09070515632629395,2.230660915374756
0,32,0.7684584838325808,0.02574982344910859,0.1079552173614502,2.230660915374756
0,33,0.7702240409655006,0.02700288708958154,0.05996251106262207,2.230660915374756
0,34,0.7811417932249212,0.02530896597022625,0.1747114658355713,2.230660915374756
0,35,0.7838662885918639,0.0284260061995234,0.06901764869689941,2.230660915374756
0,36,0.7891686783473489,0.022393969484650667,0.09936332702636719,2.230660915374756
0,37,0.797093525940605,0.02379060704952618,0.13423657417297363,2.230660915374756
0,38,0.7994386326389067,0.02582273250323619,0.06820321083068848,2.230660915374756
0,39,0.8078244173880799,0.02514534066341423,0.1318051815032959,2.230660915374756
0,40,0.8136664004175282,0.025548123093064423,0.11676740646362305,2.230660915374756
0,41,0.869756395869657,0.14,0.32791829109191895,2.230660915374756
0,42,0.8743352596277352,0.10064606186478231,0.11022114753723145,2.230660915374756
0,43,0.8786699630046326,0.07996184248792682,0.1081857681274414,2.230660915374756
0,44,0.884924100182948,0.0665303440059013,0.12275171279907227,2.230660915374756
0,45,0.8930580740887857,0.056864126420854144,0.17195463180541992,2.230660915374756
0,46,0.8953706576151168,0.049100285032282975,0.08446431159973145,2.230660915374756
0,47,0.9024952991626118,0.052588677790241345,0.14880156517028809,2.230660915374756
0,48,0.908057751216153,0.05974675181373945,0.14560651779174805,2.230660915374756
0,49,0.9133110948865231,0.06171644374435192,0.1431105136871338,2.230660915374756
0,50,0.9181855913668437,0.05371495814088656,0.14027881622314453,2.230660915374756
0,51,0.9228137747200478,0.05736164735661764,0.14694619178771973,2.230660915374756
0,52,0.9271607335321583,0.05786689957550917,0.14965558052062988,2.230660915374756
0,53,0.9301905262622836,0.06783463027205983,0.1177678108215332,2.230660915374756
0,54,0.9338061793936941,0.06383765069745273,0.14699864387512207,2.230660915374756
0,55,0.9378841278055419,0.062154474619837585,0.18471407890319824,2.230660915374756
0,56,0.9395995993397979,0.07114600252158298,0.13049054145812988,2.230660915374756
0,57,0.9411977739360398,0.07724411510294482,0.15133166313171387,2.230660915374756
0,58,0.943717875955618,0.08738389104343325,0.19366812705993652,2.230660915374756
0,59,0.9438319143052801,0.08529454980233309,0.1316072940826416,2.230660915374756
0,60,0.9444744621713226,0.09089809388063796,0.19590115547180176,2.230660915374756
0,61,0.9437761850733224,0.08077676950289747,0.12813019752502441,2.230660915374756
0,62,0.9437752711483022,0.09024699237006739,0.1972658634185791,2.230660915374756
0,63,0.9430321110563833,0.09755315801406239,0.12300539016723633,2.230660915374756
0,64,0.9436192824098217,0.10550000000000004,0.20015907287597656,2.230660915374756
0,65,0.9435542421616012,0.09139692016636425,0.10044980049133301,2.230660915374756
0,66,0.9448316917858042,0.07856094663748647,0.21357464790344238,2.230660915374756
0,67,0.944895151390966,0.09243653372728067,0.09586143493652344,2.230660915374756
0,68,0.9462611859147312,0.09950000000000003,0.22121477127075195,2.230660915374756
0,69,0.9463317159936236,0.09799999999999998,0.09188199043273926,2.230660915374756
0,70,0.947550649591471,0.09650000000000003,0.21770548820495605,2.230660915374756
0,71,0.9477230461314108,0.09499999999999997,0.09113836288452148,2.230660915374756
0,72,0.9482412059231737,0.08692953840796891,0.15456223487854004,2.230660915374756
0,73,0.9496855961502835,0.0840322373405813,0.1594693660736084,2.230660915374756
0,74,0.9506697970847622,0.09050000000000002,0.16435670852661133,2.230660915374756
0,75,0.9508537862460269,0.08899999999999997,0.08432316780090332,2.230660915374756
0,76,0.9511084344970986,0.0652385620523035,0.1279146671295166,2.230660915374756
0,77,0.9512031420116271,0.06480251848726115,0.07416772842407227,2.230660915374756
0,78,0.9545079625342797,0.0706217672713344,0.2596404552459717,2.230660915374756
0,79,0.9546372282272417,0.07755295224814396,0.07701706886291504,2.230660915374756
0,80,0.9552803914763319,0.08150000000000002,0.12255096435546875,2.230660915374756
0,81,0.9413231865156698,0.08000000000000007,0.39069533348083496,2.230660915374756
0,82,0.9391224176567574,0.07850000000000001,0.2747683525085449,2.230660915374756
0,83,0.9382867732281615,0.07700000000000007,0.27350497245788574,2.230660915374756
0,84,0.9384007923416009,0.07550000000000001,0.16263985633850098,2.230660915374756
0,85,0.9381309793043606,0.07399999999999995,0.23674845695495605,2.230660915374756
0,86,0.9382940978804374,0.07250000000000001,0.09120941162109375,2.230660915374756
0,87,0.9392817752773592,0.07100000000000006,0.14272189140319824,2.230660915374756
0,88,0.9397418606101638,0.0695,0.08668231964111328,2.230660915374756
0,89,0.9408686575661211,0.06800000000000006,0.1218407154083252,2.230660915374756
0,90,0.9416053566178338,0.0665,0.09710884094238281,2.230660915374756
0,91,0.9426689125252472,0.06500000000000006,0.1222538948059082,2.230660915374756
0,92,0.9433675676364377,0.0635,0.09126067161560059,2.230660915374756
0,93,0.943634446322234,0.062000000000000055,0.07542181015014648,2.230660915374756
0,94,0.9456797724884443,0.060500000000000054,0.15988922119140625,2.230660915374756
0,95,0.9458291817806321,0.05900000000000005,0.05872297286987305,2.230660915374756
0,96,0.9470696716598181,0.057499999999999996,0.09659934043884277,2.230660915374756
0,97,0.9472119726826571,0.05600000000000005,0.057004690170288086,2.230660915374756
0,98,0.9501469334707495,0.05449999999999999,0.19885754585266113,2.230660915374756
0,99,0.9504740524570225,0.05300000000000005,0.06712675094604492,2.230660915374756
0,100,0.9522233066637884,0.05149999999999999,0.10369277000427246,2.230660915374756
0,101,0.9524476105400552,0.050000000000000044,0.06175637245178223,2.230660915374756
0,102,0.9559385625436516,0.04849999999999999,0.24750971794128418,2.230660915374756
0,103,0.9566142144659084,0.04700000000000004,0.08238983154296875,2.230660915374756
0,104,0.9579296533438628,0.04550000000000004,0.09433555603027344,2.230660915374756
0,105,0.9598055189933412,0.04400000000000004,0.12439465522766113,2.230660915374756
0,106,0.9612639298142382,0.04249999999999998,0.14815855026245117,2.230660915374756
0,107,0.9631093390065599,0.041000000000000036,0.16965746879577637,2.230660915374756
0,108,0.9640550551300218,0.03949999999999998,0.08826088905334473,2.230660915374756
0,109,0.9656116983177463,0.038000000000000034,0.10630321502685547,2.230660915374756
0,110,0.9678245817377992,0.03649999999999998,0.1869213581085205,2.230660915374756
0,111,0.9693028168999345,0.03500000000000003,0.15152215957641602,2.230660915374756
0,112,0.9701457495140741,0.033499999999999974,0.08716893196105957,2.230660915374756
0,113,0.9725967790929461,0.03200000000000003,0.2686645984649658,2.230660915374756
0,114,0.97345741675282,0.030500000000000083,0.10000753402709961,2.230660915374756
0,115,0.9750825829075258,0.029000000000000026,0.1587846279144287,2.230660915374756
0,116,0.9767268532437638,0.02750000000000008,0.18780303001403809,2.230660915374756
0,117,0.9783693591083366,0.026000000000000023,0.18566465377807617,2.230660915374756
0,118,0.9799347148318217,0.024500000000000077,0.1960134506225586,2.230660915374756
0,119,0.9814109858116946,0.02300000000000002,0.18911409378051758,2.230660915374756
0,120,0.982990786838855,0.021500000000000075,0.20813608169555664,2.230660915374756
0,121,0.932704068474182,0.020000000000000073,0.7011759281158447,2.230660915374756
0,122,0.9319665097086318,0.020000000000000018,0.31714415550231934,2.230660915374756
0,123,0.9314437130489888,0.020000000000000018,0.24715805053710938,2.230660915374756
0,124,0.9311452757794668,0.020000000000000018,0.15192866325378418,2.230660915374756
0,125,0.9306146862807408,0.020000000000000073,0.18262338638305664,2.230660915374756
0,126,0.9303907806080278,0.020000000000000018,0.12380838394165039,2.230660915374756
0,127,0.9301459362898254,0.020000000000000073,0.09266018867492676,2.230660915374756
0,128,0.9298135589185463,0.020000000000000073,0.13077855110168457,2.230660915374756
0,129,0.9294659582882359,0.020000000000000018,0.11751437187194824,2.230660915374756
0,130,0.9292944979823469,0.020000000000000018,0.10498452186584473,2.230660915374756
0,131,0.929064657990393,0.020000000000000018,0.08364725112915039,2.230660915374756
0,132,0.9286252653345253,0.020000000000000018,0.15504884719848633,2.230660915374756
0,133,0.9285305419545435,0.020000000000000018,0.06991386413574219,2.230660915374756
0,134,0.9282732373647395,0.020000000000000018,0.10770273208618164,2.230660915374756
0,135,0.9282150824258376,0.020000000000000018,0.05611848831176758,2.230660915374756
0,136,0.9277888469866836,0.020000000000000018,0.12084674835205078,2.230660915374756
0,137,0.9276352200897205,0.020000000000000018,0.11025428771972656,2.230660915374756
0,138,0.9274658283830932,0.020000000000000018,0.06950139999389648,2.230660915374756
0,139,0.9274145747915605,0.020000000000000018,0.05541706085205078,2.230660915374756
0,140,0.9269577858123711,0.020000000000000018,0.17408466339111328,2.230660915374756
0,141,0.9269245450524553,0.020000000000000018,0.04936861991882324,2.230660915374756
0,142,0.9265118635904683,0.020000000000000018,0.14154839515686035,2.230660915374756
0,143,0.9264748545127048,0.020000000000000018,0.04990386962890625,2.230660915374756
0,144,0.9262035072973273,0.020000000000000018,0.08407163619995117,2.230660915374756
0,145,0.926173764609572,0.020000000000000018,0.046576499938964844,2.230660915374756
0,146,0.9259031916451977,0.020000000000000018,0.09538841247558594,2.230660915374756
0,147,0.9258770681663422,0.020000000000000018,0.0460205078125,2.230660915374756
0,148,0.9256194120884573,0.020000000000000018,0.0958547592163086,2.230660915374756
0,149,0.9255989804613151,0.020000000000000018,0.040547847747802734,2.230660915374756
0,150,0.9253946696484123,0.020000000000000018,0.07625460624694824,2.230660915374756
