Is_3D_Phase,Iteration,Envelope_Compliance_Nm,Max_Delta_Rho,Compute_Time_sec,Peak_VRAM_GB
0,1,0.607942749695094,0.20000000000000007,0.6496720314025879,1.952463150024414
0,2,0.610684513662369,0.19850000000000007,0.15921735763549805,1.9587960243225098
0,3,0.6076699308391724,0.197,0.11749076843261719,1.9587960243225098
0,4,0.6117347405521084,0.19550000000000006,0.10673880577087402,1.9587960243225098
0,5,0.6132882197293249,0.17936839031686108,0.09355878829956055,1.9587960243225098
0,6,0.6175285684721616,0.1925,0.1027979850769043,1.9587960243225098
0,7,0.6210257523861422,0.1593048091274018,0.1036067008972168,1.9587960243225098
0,8,0.6248767568373037,0.1593048091274018,0.09385824203491211,1.9587960243225098
0,9,0.6286574510779788,0.16028291553681162,0.10370016098022461,1.9587960243225098
0,10,0.6327365524074522,0.16028291553681162,0.0981755256652832,1.9587960243225098
0,11,0.6363782111036067,0.1576280271589753,0.10301756858825684,1.9587960243225098
0,12,0.6397931192320725,0.1576280271589753,0.092376708984375,1.9587960243225098
0,13,0.6445048231314541,0.17340714577529845,0.1147611141204834,1.9587960243225098
0,14,0.649418278364451,0.17340714577529845,0.11048197746276855,1.9587960243225098
0,15,0.6523884661429289,0.17330766992829233,0.07714009284973145,1.9587960243225098
0,16,0.654454694015044,0.17330766992829233,0.07330894470214844,1.9587960243225098
0,17,0.6620692308768645,0.17600000000000002,0.13790321350097656,1.9587960243225098
0,18,0.663845293113031,0.12678942346815014,0.06180071830749512,1.9587960243225098
0,19,0.6696633655607552,0.11688276635604804,0.11808156967163086,1.9587960243225098
0,20,0.6733529327175223,0.048918495854309296,0.08349728584289551,1.9587960243225098
0,21,0.6759148031241782,0.044406578633277016,0.07023310661315918,1.9587960243225098
0,22,0.6810689361951034,0.07462258471927902,0.10374021530151367,1.9587960243225098
0,23,0.686975174689946,0.037691847978428394,0.10599279403686523,1.9587960243225098
0,24,0.6897951360707608,0.03215829339672005,0.07637882232666016,1.9587960243225098
0,25,0.6950827520156491,0.07153541766309329,0.10059046745300293,1.9587960243225098
0,26,0.6969520883948588,0.030172342036025035,0.06786036491394043,1.9587960243225098
0,27,0.7061522834553055,0.13333349584269724,0.15875601768493652,1.9587960243225098
0,28,0.7081961556749032,0.1259059759345478,0.0661163330078125,1.9587960243225098
0,29,0.7118600411473763,0.07775693569840554,0.08404779434204102,1.9587960243225098
0,30,0.7185199474559322,0.1395556910132979,0.11528968811035156,1.9587960243225098
0,31,0.7197128733985665,0.1373864691952997,0.06778192520141602,1.9587960243225098
0,32,0.7290629399745988,0.15350000000000003,0.15914535522460938,1.9587960243225098
0,33,0.7307145788417713,0.04922887619205868,0.057942867279052734,1.9587960243225098
0,34,0.7351849304347673,0.043836535868353954,0.08661627769470215,1.9587960243225098
0,35,0.7391708818437155,0.05495151723662958,0.07538771629333496,1.9587960243225098
0,36,0.7450428275738666,0.08962027927793376,0.10740017890930176,1.9587960243225098
0,37,0.7510244657601761,0.047771720125039496,0.11103987693786621,1.9587960243225098
0,38,0.7544693537907009,0.048152158620934915,0.07852339744567871,1.9587960243225098
0,39,0.757696931106149,0.04494485654723768,0.07277059555053711,1.9587960243225098
0,40,0.766676773563954,0.07825159819603522,0.15748262405395508,1.9587960243225098
0,41,0.8027819043268043,0.14000000000000007,0.2724440097808838,1.9587960243225098
0,42,0.8045628734447665,0.13850000000000007,0.10755395889282227,1.9587960243225098
0,43,0.8084740040130853,0.137,0.10912299156188965,1.9587960243225098
0,44,0.814494382672265,0.07235540855741235,0.15192961692810059,1.9587960243225098
0,45,0.8188555667175099,0.07523976800068244,0.13225722312927246,1.9587960243225098
0,46,0.8218498336521358,0.07180453145719368,0.10239958763122559,1.9587960243225098
0,47,0.8270748110336243,0.07303944891629988,0.1602168083190918,1.9587960243225098
0,48,0.8303830302239963,0.08210678441100083,0.12168622016906738,1.9587960243225098
0,49,0.8336895903404372,0.09866902126873744,0.12346386909484863,1.9587960243225098
0,50,0.837341698802833,0.10971570299488365,0.15418338775634766,1.9587960243225098
0,51,0.8391954952487592,0.125,0.11061811447143555,1.9587960243225098
0,52,0.8407710866950557,0.12350000000000001,0.12317109107971191,1.9587960243225098
0,53,0.8415790422245055,0.12200000000000001,0.12869906425476074,1.9587960243225098
0,54,0.8418963698949835,0.12050000000000005,0.08038663864135742,1.9587960243225098
0,55,0.8446887210996096,0.10589672891595348,0.15227603912353516,1.9587960243225098
0,56,0.8461575380643387,0.11750000000000005,0.0837242603302002,1.9587960243225098
0,57,0.848305518282399,0.08948495245312915,0.10756611824035645,1.9587960243225098
0,58,0.8509330297351494,0.0966615231930592,0.14699816703796387,1.9587960243225098
0,59,0.8523394299972566,0.10303734913061269,0.08830475807189941,1.9587960243225098
0,60,0.8544486358845501,0.11150000000000004,0.10072064399719238,1.9587960243225098
0,61,0.8566379216851066,0.10999999999999999,0.14784002304077148,1.9587960243225098
0,62,0.859445898121433,0.08200124445533807,0.13213849067687988,1.9587960243225098
0,63,0.8609347521794111,0.08427018768044925,0.08830809593200684,1.9587960243225098
0,64,0.864892030910516,0.09531093190562268,0.20511126518249512,1.9587960243225098
0,65,0.8658299616006613,0.1036569885813543,0.07536697387695312,1.9587960243225098
0,66,0.867431343254036,0.10250000000000004,0.08834576606750488,1.9587960243225098
0,67,0.8707567056944139,0.10099999999999998,0.1544017791748047,1.9587960243225098
0,68,0.8714267430903625,0.09950000000000003,0.06856536865234375,1.9587960243225098
0,69,0.8747705293667576,0.09799999999999998,0.15941762924194336,1.9587960243225098
0,70,0.875381939256348,0.09650000000000003,0.07567620277404785,1.9587960243225098
0,71,0.8786439949075577,0.0886241723117075,0.17067670822143555,1.9587960243225098
0,72,0.8801863954984945,0.09350000000000003,0.09887242317199707,1.9587960243225098
0,73,0.8811143209961845,0.09199999999999997,0.07870030403137207,1.9587960243225098
0,74,0.8835846785232522,0.09050000000000002,0.1517472267150879,1.9587960243225098
0,75,0.8863487586265659,0.08899999999999997,0.17049837112426758,1.9587960243225098
0,76,0.8874307172933427,0.08750000000000002,0.08469772338867188,1.9587960243225098
0,77,0.8882165121095174,0.08599999999999997,0.07878279685974121,1.9587960243225098
0,78,0.8907451757186929,0.08450000000000002,0.15000295639038086,1.9587960243225098
0,79,0.8931616232840465,0.08300000000000007,0.15760111808776855,1.9587960243225098
0,80,0.8943240504973851,0.08150000000000002,0.0862889289855957,1.9587960243225098
0,81,0.8765510223638644,0.08000000000000007,0.31690382957458496,1.9587960243225098
0,82,0.8762301029035596,0.07850000000000007,0.1904463768005371,1.9587960243225098
0,83,0.8763528768707799,0.07700000000000001,0.2220780849456787,1.9587960243225098
0,84,0.8773517690149714,0.07550000000000001,0.1431734561920166,1.9587960243225098
0,85,0.877920824999475,0.07400000000000001,0.09482240676879883,1.9587960243225098
0,86,0.8791092190392131,0.07250000000000001,0.09868812561035156,1.9587960243225098
0,87,0.879300992345029,0.07100000000000006,0.05828070640563965,1.9587960243225098
0,88,0.8818868635925021,0.0695,0.16260576248168945,1.9587960243225098
0,89,0.8822686543122766,0.06800000000000006,0.0636439323425293,1.9587960243225098
0,90,0.8835924107151839,0.0665,0.09582281112670898,1.9587960243225098
0,91,0.8837757669595221,0.06500000000000006,0.05597257614135742,1.9587960243225098
0,92,0.8865228844951507,0.06350000000000003,0.16764402389526367,1.9587960243225098
0,93,0.8867956914290493,0.062000000000000055,0.05898714065551758,1.9587960243225098
0,94,0.8885158163690838,0.060500000000000026,0.1126711368560791,1.9587960243225098
0,95,0.8894206499463642,0.05900000000000005,0.09087967872619629,1.9587960243225098
0,96,0.8911233772055367,0.05750000000000005,0.14666008949279785,1.9587960243225098
0,97,0.8929731742889747,0.05600000000000005,0.15616798400878906,1.9587960243225098
0,98,0.893688035420442,0.05449999999999999,0.10433673858642578,1.9587960243225098
0,99,0.8944907423497268,0.05300000000000005,0.08597517013549805,1.9587960243225098
0,100,0.896243106290771,0.051500000000000046,0.1555309295654297,1.9587960243225098
0,101,0.897951648659362,0.050000000000000044,0.14859914779663086,1.9587960243225098
0,102,0.8986572706417764,0.048500000000000015,0.08413839340209961,1.9587960243225098
0,103,0.8998206020162507,0.04700000000000004,0.09935235977172852,1.9587960243225098
0,104,0.9007512609958921,0.04550000000000001,0.08836126327514648,1.9587960243225098
0,105,0.9023862016682808,0.04400000000000004,0.15298247337341309,1.9587960243225098
0,106,0.9040789687363944,0.04250000000000004,0.164459228515625,1.9587960243225098
0,107,0.9048624694621963,0.041000000000000036,0.08485102653503418,1.9587960243225098
0,108,0.9061368586016586,0.03950000000000001,0.10399794578552246,1.9587960243225098
0,109,0.9070871537947425,0.038000000000000034,0.09189796447753906,1.9587960243225098
0,110,0.9088781847262943,0.036500000000000005,0.16670513153076172,1.9587960243225098
0,111,0.9105724925483123,0.03500000000000003,0.16706180572509766,1.9587960243225098
0,112,0.9115336612672703,0.0335,0.10282421112060547,1.9587960243225098
0,113,0.9132518505347678,0.03200000000000003,0.18087506294250488,1.9587960243225098
0,114,0.9144718538177397,0.030500000000000083,0.11763763427734375,1.9587960243225098
0,115,0.9158730072030603,0.029000000000000026,0.16148710250854492,1.9587960243225098
0,116,0.9173224807841641,0.02750000000000008,0.175018310546875,1.9587960243225098
0,117,0.9184840009417994,0.02600000000000008,0.11468362808227539,1.9587960243225098
0,118,0.9203600772363927,0.024500000000000077,0.25629639625549316,1.9587960243225098
0,119,0.9213126814953778,0.02300000000000002,0.11314725875854492,1.9587960243225098
0,120,0.9231441238634828,0.021500000000000075,0.2898988723754883,1.9587960243225098
0,121,0.8763806017300253,0.020000000000000073,0.6747434139251709,1.9587960243225098
0,122,0.8755576666045506,0.020000000000000073,0.27476930618286133,1.9587960243225098
0,123,0.8752080068814916,0.020000000000000025,0.23650813102722168,1.9587960243225098
0,124,0.8749839095016554,0.020000000000000046,0.11596846580505371,1.9587960243225098
0,125,0.8744951895151085,0.020000000000000018,0.21568512916564941,1.9587960243225098
0,126,0.8743588077424489,0.020000000000000018,0.09056830406188965,1.9587960243225098
0,127,0.8741770326312603,0.020000000000000018,0.12617731094360352,1.9587960243225098
0,128,0.8739605958069419,0.020000000000000018,0.1314244270324707,1.9587960243225098
0,129,0.8738219440238268,0.020000000000000073,0.12023186683654785,1.9587960243225098
0,130,0.8736559904816705,0.020000000000000018,0.08935165405273438,1.9587960243225098
0,131,0.8733356032487505,0.020000000000000018,0.17810869216918945,1.9587960243225098
0,132,0.8732240665399762,0.020000000000000018,0.0706777572631836,1.9587960243225098
0,133,0.8730379980323525,0.020000000000000018,0.09758639335632324,1.9587960243225098
0,134,0.8729959558132389,0.020000000000000018,0.05124402046203613,1.9587960243225098
0,135,0.872723094199354,0.020000000000000018,0.09809494018554688,1.9587960243225098
0,136,0.8726928788220826,0.020000000000000018,0.053702354431152344,1.9587960243225098
0,137,0.872419006633141,0.020000000000000073,0.10649943351745605,1.9587960243225098
0,138,0.8723949818718895,0.020000000000000018,0.04839897155761719,1.9587960243225098
0,139,0.872208251801892,0.020000000000000018,0.07820296287536621,1.9587960243225098
0,140,0.8721049184917525,0.020000000000000018,0.07376337051391602,1.9587960243225098
0,141,0.87184386679825,0.020000000000000018,0.1329023838043213,1.9587960243225098
0,142,0.871800858872438,0.020000000000000018,0.05007123947143555,1.9587960243225098
0,143,0.8715988071647363,0.020000000000000018,0.09159588813781738,1.9587960243225098
0,144,0.8715742416150811,0.020000000000000073,0.04358863830566406,1.9587960243225098
0,145,0.8714284727935984,0.020000000000000073,0.06137967109680176,1.9587960243225098
0,146,0.8713099528940815,0.020000000000000018,0.08314776420593262,1.9587960243225098
0,147,0.871148651525802,0.020000000000000018,0.06338334083557129,1.9587960243225098
0,148,0.8711294619473526,0.020000000000000018,0.03989887237548828,1.9587960243225098
0,149,0.8709778338845173,0.020000000000000018,0.06990599632263184,1.9587960243225098
0,150,0.8709719106066578,0.020000000000000018,0.03867483139038086,1.9587960243225098
0,1,0.6415316185909543,0.2,0.7695434093475342,3.9225106239318848
0,2,0.6426013784621032,0.1985,0.16493964195251465,3.9288434982299805
0,3,0.641579301666255,0.19700000000000006,0.1122899055480957,3.9288434982299805
0,4,0.6451766367754683,0.1955,0.10604190826416016,3.9288434982299805
0,5,0.6481264463186074,0.17624913458791253,0.08889555931091309,3.9288434982299805
0,6,0.6529893607042682,0.1140826583489647,0.09219980239868164,3.9288434982299805
0,7,0.6579183103138883,0.11462104203055379,0.09903621673583984,3.9288434982299805
0,8,0.6624656460870404,0.11742731110022675,0.07582783699035645,3.9288434982299805
0,9,0.6657551743187233,0.088775314172305,0.06692099571228027,3.9288434982299805
0,10,0.673640196007067,0.0983966274250867,0.12491464614868164,3.9288434982299805
0,11,0.6754526812336412,0.0801570791347529,0.052878379821777344,3.9288434982299805
0,12,0.6812042948146408,0.07996532959809366,0.09905552864074707,3.9288434982299805
0,13,0.6852489806621866,0.06618057106705033,0.0725250244140625,3.9288434982299805
0,14,0.6914604857677269,0.06656083555675235,0.10314631462097168,3.9288434982299805
0,15,0.6974752112843345,0.08021355950630885,0.1003115177154541,3.9288434982299805
0,16,0.7009032179457465,0.07950527388652706,0.06705689430236816,3.9288434982299805
0,17,0.7069651902121696,0.13334697355241434,0.09421873092651367,3.9288434982299805
0,18,0.7090920386539434,0.09010210358694241,0.055811166763305664,3.9288434982299805
0,19,0.7197469924919844,0.16265722229585,0.15236902236938477,3.9288434982299805
0,20,0.7222458203213524,0.04522628420979227,0.05967354774475098,3.9288434982299805
0,21,0.7267678848806907,0.03609535208085257,0.0796961784362793,3.9288434982299805
0,22,0.7342125290956908,0.04133902064302719,0.10598278045654297,3.9288434982299805
0,23,0.7360223890795647,0.0398583889773938,0.06129288673400879,3.9288434982299805
0,24,0.7468429819201062,0.07483246816646688,0.1604142189025879,3.9288434982299805
0,25,0.7492262198555424,0.033926650329509034,0.0625302791595459,3.9288434982299805
0,26,0.7543470129964993,0.031978430677711,0.08605813980102539,3.9288434982299805
0,27,0.7604387726257911,0.0352308189056022,0.10304665565490723,3.9288434982299805
0,28,0.7676037885090797,0.04778026737044966,0.12891101837158203,3.9288434982299805
0,29,0.7714408134963648,0.034581433281100415,0.07397222518920898,3.9288434982299805
0,30,0.7782164793980156,0.03147847773187895,0.10016703605651855,3.9288434982299805
0,31,0.7832448255141423,0.03625216106918194,0.08493518829345703,3.9288434982299805
0,32,0.7897351161418387,0.03736972234406288,0.1167440414428711,3.9288434982299805
0,33,0.7964997829182523,0.043423525893398374,0.11873483657836914,3.9288434982299805
0,34,0.8001868408640079,0.04678069463839429,0.07544755935668945,3.9288434982299805
0,35,0.8093292534558378,0.040826829713488166,0.15024256706237793,3.9288434982299805
0,36,0.8120055822277953,0.03997922492151729,0.06999731063842773,3.9288434982299805
0,37,0.8196351420930141,0.04245719047516605,0.12451004981994629,3.9288434982299805
0,38,0.8255137817458623,0.04768746099625587,0.11269283294677734,3.9288434982299805
0,39,0.8314788422419346,0.05538905232075364,0.11264562606811523,3.9288434982299805
0,40,0.8355971146262415,0.05539527435467251,0.08250689506530762,3.9288434982299805
0,41,0.8967065758799437,0.14000000000000007,0.34450531005859375,3.9288434982299805
0,42,0.8995872461766254,0.1385,0.1163032054901123,3.9288434982299805
0,43,0.9033115229898738,0.137,0.11949443817138672,3.9288434982299805
0,44,0.9091235921354892,0.1105299516524284,0.1865983009338379,3.9288434982299805
0,45,0.9125514141994987,0.13307434862292755,0.12700486183166504,3.9288434982299805
0,46,0.9159066589593592,0.09909445338500777,0.13539743423461914,3.9288434982299805
0,47,0.9202800007587897,0.12253785396303074,0.18356966972351074,3.9288434982299805
0,48,0.922212990835847,0.10889103869760208,0.12863492965698242,3.9288434982299805
0,49,0.9249558109485441,0.128,0.18603849411010742,3.9288434982299805
0,50,0.9256240390778392,0.12649999999999995,0.1394517421722412,3.9288434982299805
0,51,0.9272465629432136,0.125,0.20149683952331543,3.9288434982299805
0,52,0.926400877560509,0.12350000000000005,0.1279010772705078,3.9288434982299805
0,53,0.9245304089941611,0.122,0.13654398918151855,3.9288434982299805
0,54,0.9264215542500399,0.12050000000000005,0.166823148727417,3.9288434982299805
0,55,0.9273055004059096,0.119,0.10642623901367188,3.9288434982299805
0,56,0.9296805482051159,0.11750000000000005,0.1916501522064209,3.9288434982299805
0,57,0.9303339491957108,0.11600000000000005,0.09714412689208984,3.9288434982299805
0,58,0.9334489147272598,0.11450000000000005,0.21741437911987305,3.9288434982299805
0,59,0.934244515164453,0.11299999999999999,0.08096957206726074,3.9288434982299805
0,60,0.9367483087330419,0.11150000000000004,0.15397119522094727,3.9288434982299805
0,61,0.9391160519734816,0.09180998033793741,0.1392827033996582,3.9288434982299805
0,62,0.9402594668122781,0.1059665689655448,0.08852505683898926,3.9288434982299805
0,63,0.9429329813914649,0.10400880867652629,0.15858888626098633,3.9288434982299805
0,64,0.9435768596718127,0.10550000000000004,0.06927251815795898,3.9288434982299805
0,65,0.9469960927239889,0.10400000000000001,0.1649634838104248,3.9288434982299805
0,66,0.9472867012397566,0.10250000000000004,0.05975532531738281,3.9288434982299805
0,67,0.9510392172353743,0.10099999999999998,0.18407320976257324,3.9288434982299805
0,68,0.9515663601112713,0.09950000000000003,0.06968212127685547,3.9288434982299805
0,69,0.9549111539758599,0.09799999999999998,0.1800835132598877,3.9288434982299805
0,70,0.9559475935964998,0.08279395575758663,0.08826279640197754,3.9288434982299805
0,71,0.9571587557325199,0.09421930456875127,0.08849453926086426,3.9288434982299805
0,72,0.9599728683800488,0.0925112869471375,0.16609668731689453,3.9288434982299805
0,73,0.9630510275706159,0.09199999999999997,0.16736960411071777,3.9288434982299805
0,74,0.9638484545263499,0.09050000000000002,0.07166361808776855,3.9288434982299805
0,75,0.9657284724824158,0.08899999999999997,0.10326051712036133,3.9288434982299805
0,76,0.9668891217803065,0.08750000000000002,0.07820463180541992,3.9288434982299805
0,77,0.9696284978370301,0.08600000000000008,0.1505413055419922,3.9288434982299805
0,78,0.9728490112686828,0.08450000000000002,0.1695406436920166,3.9288434982299805
0,79,0.9746740968071435,0.08300000000000007,0.09689831733703613,3.9288434982299805
0,80,0.975688047954953,0.08150000000000002,0.06953787803649902,3.9288434982299805
0,81,0.961404752884427,0.08000000000000007,0.36297154426574707,3.9288434982299805
0,82,0.9606581505054907,0.07850000000000007,0.2887537479400635,3.9288434982299805
0,83,0.9620534862814406,0.07700000000000007,0.20061683654785156,3.9288434982299805
0,84,0.9620000411873276,0.07550000000000001,0.2459721565246582,3.9288434982299805
0,85,0.9625824545553743,0.07400000000000001,0.08917236328125,3.9288434982299805
0,86,0.9644883014099954,0.07250000000000001,0.14798474311828613,3.9288434982299805
0,87,0.9647400914220088,0.07100000000000001,0.06319618225097656,3.9288434982299805
0,88,0.9671929297218407,0.0695,0.14071273803710938,3.9288434982299805
0,89,0.9674045216850881,0.06800000000000006,0.05607438087463379,3.9288434982299805
0,90,0.9688603255512861,0.0665,0.08922004699707031,3.9288434982299805
0,91,0.9707665101393528,0.06500000000000006,0.1416025161743164,3.9288434982299805
0,92,0.9720468521560341,0.06350000000000003,0.07729601860046387,3.9288434982299805
0,93,0.972965100189102,0.061999999999999944,0.08784651756286621,3.9288434982299805
0,94,0.9751295895578447,0.0605,0.16049528121948242,3.9288434982299805
0,95,0.9773224222646928,0.05900000000000005,0.13991522789001465,3.9288434982299805
0,96,0.9783815883439154,0.057499999999999996,0.07897758483886719,3.9288434982299805
0,97,0.9807875625204616,0.05600000000000005,0.15024065971374512,3.9288434982299805
0,98,0.9811701390683749,0.05449999999999999,0.06055879592895508,3.9288434982299805
0,99,0.9839849177820725,0.05300000000000005,0.174882173538208,3.9288434982299805
0,100,0.9858461936125125,0.05149999999999999,0.12831902503967285,3.9288434982299805
0,101,0.9870166817085178,0.050000000000000044,0.08643794059753418,3.9288434982299805
0,102,0.9886882745612269,0.04849999999999999,0.13921904563903809,3.9288434982299805
0,103,0.9912294710785453,0.04700000000000004,0.1847066879272461,3.9288434982299805
0,104,0.9926116571369423,0.045499999999999985,0.10801005363464355,3.9288434982299805
0,105,0.9945244435389462,0.04400000000000004,0.14976143836975098,3.9288434982299805
0,106,0.9959678743173792,0.04249999999999998,0.09886550903320312,3.9288434982299805
0,107,0.9982510747343427,0.041000000000000036,0.16974568367004395,3.9288434982299805
0,108,0.9999646068162162,0.03949999999999998,0.16057205200195312,3.9288434982299805
0,109,1.0012501452415647,0.038000000000000034,0.10014986991882324,3.9288434982299805
0,110,1.0036825751973062,0.03649999999999998,0.20941972732543945,3.9288434982299805
0,111,1.0052600666676106,0.03500000000000003,0.17413544654846191,3.9288434982299805
0,112,1.006559816370212,0.033499999999999974,0.0964052677154541,3.9288434982299805
0,113,1.0088404402219149,0.03200000000000003,0.22303414344787598,3.9288434982299805
0,114,1.010437310082987,0.030500000000000083,0.1280229091644287,3.9288434982299805
0,115,1.0115421331656378,0.02900000000000008,0.10150480270385742,3.9288434982299805
0,116,1.014289580451164,0.02750000000000008,0.30168724060058594,3.9288434982299805
0,117,1.0155306279895753,0.026000000000000023,0.11429452896118164,3.9288434982299805
0,118,1.0176070347547201,0.024500000000000077,0.22311615943908691,3.9288434982299805
0,119,1.019154486524966,0.02300000000000002,0.22730278968811035,3.9288434982299805
0,120,1.0209782929780187,0.021500000000000075,0.22742128372192383,3.9288434982299805
0,121,0.9693178616535325,0.020000000000000073,0.74582839012146,3.9288434982299805
0,122,0.9684765642980195,0.020000000000000018,0.3034782409667969,3.9288434982299805
0,123,0.9680470305451012,0.020000000000000025,0.26732873916625977,3.9288434982299805
0,124,0.9677816696222588,0.020000000000000073,0.12865543365478516,3.9288434982299805
0,125,0.9672771386784402,0.020000000000000018,0.2464444637298584,3.9288434982299805
0,126,0.9671420024658253,0.020000000000000018,0.1061253547668457,3.9288434982299805
0,127,0.9669519059835867,0.020000000000000073,0.1316361427307129,3.9288434982299805
0,128,0.9666721821113354,0.020000000000000018,0.12440347671508789,3.9288434982299805
0,129,0.9665229984604322,0.020000000000000018,0.12389755249023438,3.9288434982299805
0,130,0.9663725007643356,0.020000000000000018,0.09154129028320312,3.9288434982299805
0,131,0.9662389642070173,0.020000000000000018,0.09761285781860352,3.9288434982299805
0,132,0.965926699342393,0.020000000000000073,0.12813282012939453,3.9288434982299805
0,133,0.9657710448605842,0.020000000000000018,0.09498310089111328,3.9288434982299805
0,134,0.9656830263417737,0.020000000000000018,0.06478238105773926,3.9288434982299805
0,135,0.9655028070426095,0.020000000000000018,0.09253525733947754,3.9288434982299805
0,136,0.9652093354816724,0.020000000000000018,0.12250924110412598,3.9288434982299805
0,137,0.9651411661356638,0.020000000000000018,0.06189441680908203,3.9288434982299805
0,138,0.9650583341039806,0.020000000000000073,0.06653404235839844,3.9288434982299805
0,139,0.96473881655494,0.020000000000000018,0.12108874320983887,3.9288434982299805
0,140,0.9644946322258563,0.020000000000000018,0.10841536521911621,3.9288434982299805
0,141,0.964434621322567,0.020000000000000018,0.06478738784790039,3.9288434982299805
0,142,0.9643801281038198,0.020000000000000018,0.06484317779541016,3.9288434982299805
0,143,0.9642743399662965,0.020000000000000018,0.08124470710754395,3.9288434982299805
0,144,0.9640788373675766,0.020000000000000073,0.09295010566711426,3.9288434982299805
0,145,0.9639315512476581,0.020000000000000018,0.08028769493103027,3.9288434982299805
0,146,0.9638677528784259,0.020000000000000073,0.05367588996887207,3.9288434982299805
0,147,0.9638112829937917,0.020000000000000018,0.051752328872680664,3.9288434982299805
0,148,0.963282067247456,0.020000000000000018,0.19097399711608887,3.9288434982299805
0,149,0.9632607339162209,0.020000000000000018,0.05394148826599121,3.9288434982299805
0,150,0.9631817499032141,0.020000000000000018,0.07230806350708008,3.9288434982299805
0,1,0.6415389828711753,0.2,0.8760578632354736,3.9225106239318848
0,2,0.6418707723488674,0.1985,0.15107226371765137,3.9288434982299805
0,3,0.6415521400083055,0.19700000000000004,0.10837602615356445,3.9288434982299805
0,4,0.6451351874555797,0.1955,0.10230731964111328,3.9288434982299805
0,5,0.6481385733922049,0.1636650680623234,0.08374190330505371,3.9288434982299805
0,6,0.6528815590201782,0.11555182652699214,0.09328675270080566,3.9288434982299805
0,7,0.6577519227025199,0.10412430298820019,0.09875011444091797,3.9288434982299805
0,8,0.6623032717778322,0.10932050134107363,0.07784414291381836,3.9288434982299805
0,9,0.6654366103721395,0.08387645534379973,0.0644834041595459,3.9288434982299805
0,10,0.6735078878565388,0.08965266960989338,0.12238144874572754,3.9288434982299805
0,11,0.6750864988962643,0.09902024961997336,0.050898075103759766,3.9288434982299805
0,12,0.6818924097855057,0.07280751760639215,0.11299729347229004,3.9288434982299805
0,13,0.6864520709633604,0.07713307911218292,0.07647156715393066,3.9288434982299805
0,14,0.6896526293864811,0.06454754706428845,0.07197284698486328,3.9288434982299805
0,15,0.6983311687223035,0.05727168997985754,0.12917494773864746,3.9288434982299805
0,16,0.7002676303352813,0.04969681782167157,0.05900001525878906,3.9288434982299805
0,17,0.7077830633999451,0.09093287809315964,0.12225484848022461,3.9288434982299805
0,18,0.7100433733302235,0.09093287809315964,0.05767464637756348,3.9288434982299805
0,19,0.7181717885473331,0.10453322222978458,0.12483763694763184,3.9288434982299805
0,20,0.7232771138266385,0.03973619768402781,0.08360934257507324,3.9288434982299805
0,21,0.7264451875610193,0.0428497235998426,0.06989169120788574,3.9288434982299805
0,22,0.7329647383453369,0.06503753871337223,0.10615420341491699,3.9288434982299805
0,23,0.7396443474577814,0.04489572759362562,0.11367034912109375,3.9288434982299805
0,24,0.7437412024946465,0.046011857766940285,0.07205438613891602,3.9288434982299805
0,25,0.7499171849698261,0.046011857766940285,0.09367990493774414,3.9288434982299805
0,26,0.7522206301888963,0.05673395591665298,0.05664539337158203,3.9288434982299805
0,27,0.7634290935941008,0.09257852669053013,0.1648235321044922,3.9288434982299805
0,28,0.7660481986937547,0.043869691889021734,0.07006120681762695,3.9288434982299805
0,29,0.7717988087139968,0.029616883124018223,0.09601497650146484,3.9288434982299805
0,30,0.7798065707252364,0.06901266907469851,0.11567020416259766,3.9288434982299805
0,31,0.7815506354334039,0.06901266907469851,0.0576324462890625,3.9288434982299805
0,32,0.792152414750863,0.05250410737655542,0.15886282920837402,3.9288434982299805
0,33,0.7947638662182704,0.03836642165664883,0.0703880786895752,3.9288434982299805
0,34,0.8009147856394669,0.04350078021804071,0.10424065589904785,3.9288434982299805
0,35,0.8067373995380852,0.044985061050820674,0.11343741416931152,3.9288434982299805
0,36,0.813887056885563,0.0381629131115625,0.11654067039489746,3.9288434982299805
0,37,0.8183082092653216,0.03952352355709121,0.08646059036254883,3.9288434982299805
0,38,0.8273451446750171,0.04171873213045951,0.15663480758666992,3.9288434982299805
0,39,0.8300506789975868,0.04831289420178786,0.0718691349029541,3.9288434982299805
0,40,0.8375435458194116,0.05417820487779523,0.12484478950500488,3.9288434982299805
0,41,0.8977604620121309,0.14000000000000007,0.3307163715362549,3.9288434982299805
0,42,0.9008120028356239,0.1385,0.11494278907775879,3.9288434982299805
0,43,0.9046462018360701,0.09967795043062944,0.11655449867248535,3.9288434982299805
0,44,0.911305270023536,0.09891786257452073,0.19643640518188477,3.9288434982299805
0,45,0.9137363154497862,0.12185165933813857,0.10117626190185547,3.9288434982299805
0,46,0.9177569467333699,0.08798024095079682,0.13993430137634277,3.9288434982299805
0,47,0.9225434038545777,0.1063814449516739,0.19034409523010254,3.9288434982299805
0,48,0.9246342429842309,0.12950000000000006,0.12373661994934082,3.9288434982299805
0,49,0.9276014315650774,0.1121585645249189,0.18793034553527832,3.9288434982299805
0,50,0.9285735696002162,0.12649999999999995,0.13570570945739746,3.9288434982299805
0,51,0.9303070561677408,0.125,0.20069098472595215,3.9288434982299805
0,52,0.9299338388030518,0.12350000000000005,0.1349031925201416,3.9288434982299805
0,53,0.9301638515811782,0.122,0.1973588466644287,3.9288434982299805
0,54,0.929179009918119,0.1170102404038631,0.11094546318054199,3.9288434982299805
0,55,0.930198547682985,0.119,0.18355202674865723,3.9288434982299805
0,56,0.9308997097001656,0.11750000000000005,0.08934950828552246,3.9288434982299805
0,57,0.9333965459564018,0.11599999999999999,0.21137547492980957,3.9288434982299805
0,58,0.9340393979536592,0.11450000000000005,0.08391594886779785,3.9288434982299805
0,59,0.9372194529242093,0.11299999999999999,0.2027878761291504,3.9288434982299805
0,60,0.937887330798936,0.11150000000000004,0.08007049560546875,3.9288434982299805
0,61,0.9402888150665598,0.08885658090841819,0.1460871696472168,3.9288434982299805
0,62,0.9405122465195359,0.09668608522360478,0.05834841728210449,3.9288434982299805
0,63,0.9439969731457543,0.10699999999999998,0.17701077461242676,3.9288434982299805
0,64,0.946470370710173,0.10550000000000004,0.14158034324645996,3.9288434982299805
0,65,0.9475192026083885,0.10399999999999998,0.08745288848876953,3.9288434982299805
0,66,0.948464509397708,0.10250000000000004,0.07671403884887695,3.9288434982299805
0,67,0.9510669992618611,0.10099999999999998,0.15651679039001465,3.9288434982299805
0,68,0.9542166408507696,0.09950000000000003,0.16044831275939941,3.9288434982299805
0,69,0.9549427600866003,0.09800000000000002,0.0764303207397461,3.9288434982299805
0,70,0.956711821284894,0.08386407094255466,0.10298633575439453,3.9288434982299805
0,71,0.9570421640294335,0.0894727417307738,0.05578327178955078,3.9288434982299805
0,72,0.9623360393435995,0.09350000000000003,0.24920344352722168,3.9288434982299805
0,73,0.9630923577579142,0.09199999999999997,0.08016467094421387,3.9288434982299805
0,74,0.9645330028898882,0.09050000000000002,0.08502602577209473,3.9288434982299805
0,75,0.965440441714854,0.08159533127047602,0.06789255142211914,3.9288434982299805
0,76,0.9689972846938472,0.08750000000000002,0.17258429527282715,3.9288434982299805
0,77,0.9693294764463465,0.08600000000000008,0.05809760093688965,3.9288434982299805
0,78,0.9734770734556879,0.08450000000000002,0.1847071647644043,3.9288434982299805
0,79,0.9741978284256501,0.08300000000000007,0.06731033325195312,3.9288434982299805
0,80,0.9776674285455105,0.08150000000000002,0.157181978225708,3.9288434982299805
0,81,0.962140819075717,0.08000000000000007,0.38685059547424316,3.9288434982299805
0,82,0.9611181250225612,0.07850000000000001,0.2709047794342041,3.9288434982299805
0,83,0.9624445649581923,0.07700000000000007,0.18618297576904297,3.9288434982299805
0,84,0.9624495548864762,0.07550000000000001,0.24729681015014648,3.9288434982299805
0,85,0.9630072653802462,0.07400000000000007,0.09068012237548828,3.9288434982299805
0,86,0.9647674895013645,0.07250000000000001,0.13228368759155273,3.9288434982299805
0,87,0.9650428959587025,0.07100000000000006,0.06444454193115234,3.9288434982299805
0,88,0.9674011559590765,0.0695,0.1392993927001953,3.9288434982299805
0,89,0.9676001237061093,0.06800000000000006,0.056531667709350586,3.9288434982299805
0,90,0.9697555265602917,0.0665,0.11752128601074219,3.9288434982299805
0,91,0.9699563874795356,0.06500000000000006,0.059941768646240234,3.9288434982299805
0,92,0.9728467615202907,0.0635,0.16153264045715332,3.9288434982299805
0,93,0.9732613883122283,0.062000000000000055,0.06071877479553223,3.9288434982299805
0,94,0.9757732973217965,0.0605,0.16242527961730957,3.9288434982299805
0,95,0.9772856861038537,0.05900000000000005,0.08818340301513672,3.9288434982299805
0,96,0.9780194550665215,0.057499999999999996,0.06678533554077148,3.9288434982299805
0,97,0.9799314912535708,0.05600000000000005,0.14991235733032227,3.9288434982299805
0,98,0.9825973522980603,0.05449999999999999,0.17148423194885254,3.9288434982299805
0,99,0.983826098041593,0.05300000000000005,0.08177399635314941,3.9288434982299805
0,100,0.9855596343225197,0.05149999999999999,0.08961915969848633,3.9288434982299805
0,101,0.9865380223663065,0.050000000000000044,0.07205581665039062,3.9288434982299805
0,102,0.9885099594568723,0.04849999999999999,0.15430450439453125,3.9288434982299805
0,103,0.991242992389473,0.04700000000000004,0.1864161491394043,3.9288434982299805
0,104,0.9925637032324598,0.045499999999999985,0.08538222312927246,3.9288434982299805
0,105,0.9944115934517839,0.04400000000000004,0.1031637191772461,3.9288434982299805
0,106,0.9955042746081311,0.04250000000000001,0.08062314987182617,3.9288434982299805
0,107,0.9986039340403859,0.041000000000000036,0.2599050998687744,3.9288434982299805
0,108,0.999626605202941,0.03949999999999998,0.0969533920288086,3.9288434982299805
0,109,1.001176874558499,0.038000000000000034,0.09781336784362793,3.9288434982299805
0,110,1.0036641878718888,0.03649999999999998,0.19820261001586914,3.9288434982299805
0,111,1.0052701124153995,0.03500000000000003,0.15362238883972168,3.9288434982299805
0,112,1.0064178211389594,0.0335,0.09363651275634766,3.9288434982299805
0,113,1.0087619997611665,0.03200000000000003,0.20791363716125488,3.9288434982299805
0,114,1.0104625924820094,0.030500000000000083,0.19043469429016113,3.9288434982299805
0,115,1.0118505326675846,0.02900000000000008,0.10868525505065918,3.9288434982299805
0,116,1.014095408706095,0.02750000000000008,0.22352194786071777,3.9288434982299805
0,117,1.0156679585337183,0.026000000000000023,0.18609309196472168,3.9288434982299805
0,118,1.0174471188489485,0.024500000000000077,0.19884634017944336,3.9288434982299805
0,119,1.019095412010371,0.02300000000000002,0.19909381866455078,3.9288434982299805
0,120,1.02089209235781,0.021500000000000075,0.21117115020751953,3.9288434982299805
0,121,0.9692053224617202,0.020000000000000073,0.7037954330444336,3.9288434982299805
0,122,0.9683794682462928,0.020000000000000018,0.29044532775878906,3.9288434982299805
0,123,0.9679559191714822,0.020000000000000073,0.26320862770080566,3.9288434982299805
0,124,0.9676921013216677,0.020000000000000018,0.15224432945251465,3.9288434982299805
0,125,0.967219808676438,0.020000000000000073,0.2047433853149414,3.9288434982299805
0,126,0.9670428676243674,0.020000000000000073,0.12918829917907715,3.9288434982299805
0,127,0.96688216546169,0.020000000000000073,0.09134697914123535,3.9288434982299805
0,128,0.9665515322628413,0.020000000000000018,0.15761971473693848,3.9288434982299805
0,129,0.9664739869012584,0.020000000000000073,0.08124208450317383,3.9288434982299805
0,130,0.9662411778603317,0.020000000000000018,0.12763190269470215,3.9288434982299805
0,131,0.9659669498897434,0.020000000000000018,0.12235379219055176,3.9288434982299805
0,132,0.9658308708236498,0.020000000000000073,0.0994422435760498,3.9288434982299805
0,133,0.9657340368215253,0.020000000000000046,0.06798791885375977,3.9288434982299805
0,134,0.9655768162899834,0.020000000000000018,0.08835601806640625,3.9288434982299805
0,135,0.9652801986934743,0.020000000000000018,0.11585116386413574,3.9288434982299805
0,136,0.9651077061111972,0.020000000000000018,0.08520054817199707,3.9288434982299805
0,137,0.9650273123119866,0.020000000000000018,0.06401205062866211,3.9288434982299805
0,138,0.9649557289980824,0.020000000000000018,0.05587434768676758,3.9288434982299805
0,139,0.964693495965534,0.020000000000000018,0.10059928894042969,3.9288434982299805
0,140,0.9643631808787024,0.020000000000000073,0.1174004077911377,3.9288434982299805
0,141,0.964309327257094,0.020000000000000018,0.056450605392456055,3.9288434982299805
0,142,0.9642529863654898,0.020000000000000018,0.055902957916259766,3.9288434982299805
0,143,0.9640527577008693,0.020000000000000018,0.0894773006439209,3.9288434982299805
0,144,0.963962417101472,0.020000000000000018,0.0681619644165039,3.9288434982299805
0,145,0.9639006256779662,0.020000000000000018,0.05649161338806152,3.9288434982299805
0,146,0.9637058459876933,0.020000000000000018,0.08788275718688965,3.9288434982299805
0,147,0.9634744799834316,0.020000000000000018,0.08473896980285645,3.9288434982299805
0,148,0.9634289532706131,0.020000000000000018,0.04930281639099121,3.9288434982299805
0,149,0.9633654153259259,0.020000000000000018,0.058831214904785156,3.9288434982299805
0,150,0.9630741614149483,0.020000000000000018,0.1136012077331543,3.9288434982299805
0,1,0.6415432851298117,0.2,0.7600173950195312,3.9225106239318848
0,2,0.6417290333174881,0.1985,0.1427309513092041,3.9288434982299805
0,3,0.6415144383155245,0.19700000000000004,0.10603523254394531,3.9288434982299805
0,4,0.6453065591002585,0.1955,0.11060070991516113,3.9288434982299805
0,5,0.6479690657901435,0.1613217721460274,0.08653759956359863,3.9288434982299805
0,6,0.6539653575809639,0.12035958118502454,0.11807656288146973,3.9288434982299805
0,7,0.6557274246539715,0.09749282406012638,0.05988669395446777,3.9288434982299805
0,8,0.6631462770334722,0.11054930658835227,0.10836005210876465,3.9288434982299805
0,9,0.6646523658426244,0.08246983953100673,0.04950571060180664,3.9288434982299805
0,10,0.6738698013604971,0.08571981055244549,0.1400601863861084,3.9288434982299805
0,11,0.675508734351266,0.10014713580096857,0.046666622161865234,3.9288434982299805
0,12,0.6804579357933873,0.07456693506785594,0.08611726760864258,3.9288434982299805
0,13,0.6877307255840965,0.08340797988950334,0.10406041145324707,3.9288434982299805
0,14,0.6889833165467111,0.08340797988950334,0.0490872859954834,3.9288434982299805
0,15,0.6989061357774157,0.12838753076101805,0.1463332176208496,3.9288434982299805
0,16,0.7009021062928928,0.07596102441207865,0.05472612380981445,3.9288434982299805
0,17,0.7054057010452317,0.049287061366081186,0.08046102523803711,3.9288434982299805
0,18,0.7139605925202854,0.05862223378100162,0.12930750846862793,3.9288434982299805
0,19,0.7159204935100263,0.05137776508830616,0.055860042572021484,3.9288434982299805
0,20,0.723052911260828,0.07007681098694168,0.10894036293029785,3.9288434982299805
0,21,0.7288672473797724,0.04085173709178613,0.10075807571411133,3.9288434982299805
0,22,0.7325827866269481,0.036763234858945726,0.06993556022644043,3.9288434982299805
0,23,0.7389606007096807,0.04001478295547234,0.09841609001159668,3.9288434982299805
0,24,0.7435523514135549,0.03468266318495594,0.07872939109802246,3.9288434982299805
0,25,0.7496196971807356,0.03619909421884149,0.11196374893188477,3.9288434982299805
0,26,0.7565010606158236,0.03294664701560179,0.11724233627319336,3.9288434982299805
0,27,0.7603402550045646,0.030250846614421234,0.07301998138427734,3.9288434982299805
0,28,0.7676126949769004,0.032656990215295334,0.12079262733459473,3.9288434982299805
0,29,0.772415018476245,0.036482481588588855,0.07929134368896484,3.9288434982299805
0,30,0.7762679675426751,0.032330472665433985,0.07005047798156738,3.9288434982299805
0,31,0.7864396679656149,0.03681348842691157,0.16281890869140625,3.9288434982299805
0,32,0.789113501314951,0.05958648080942926,0.07216763496398926,3.9288434982299805
0,33,0.7948339176036691,0.037325740863742296,0.09316134452819824,3.9288434982299805
0,34,0.8031977182383917,0.04300588584835685,0.13562750816345215,3.9288434982299805
0,35,0.8055787415631781,0.1243194960096743,0.06572484970092773,3.9288434982299805
0,36,0.8155112370060844,0.08793256086983024,0.15042471885681152,3.9288434982299805
0,37,0.8182968904318115,0.08793256086983024,0.07291841506958008,3.9288434982299805
0,38,0.8258679044656232,0.04094389606644144,0.12989521026611328,3.9288434982299805
0,39,0.8317611277552055,0.04525244973040243,0.11816191673278809,3.9288434982299805
0,40,0.8378362326524849,0.05214683447124224,0.11470317840576172,3.9288434982299805
0,41,0.8979291417838022,0.14000000000000007,0.32457828521728516,3.9288434982299805
0,42,0.9010416649978152,0.1385,0.12105846405029297,3.9288434982299805
0,43,0.9049509863740925,0.0997571425036089,0.11886334419250488,3.9288434982299805
0,44,0.911670078457004,0.09619217544262726,0.19272184371948242,3.9288434982299805
0,45,0.9140977784494237,0.11839522746907516,0.10111284255981445,3.9288434982299805
0,46,0.9181114082141365,0.08540165063600613,0.13943934440612793,3.9288434982299805
0,47,0.9229398484276483,0.10314639398558434,0.18427014350891113,3.9288434982299805
0,48,0.925133662350361,0.1271928305697837,0.12835311889648438,3.9288434982299805
0,49,0.9281830315647668,0.10934100257772295,0.1859133243560791,3.9288434982299805
0,50,0.9292378582224816,0.12649999999999995,0.13169217109680176,3.9288434982299805
0,51,0.9309947884068805,0.125,0.2039203643798828,3.9288434982299805
0,52,0.9306907987030504,0.12350000000000005,0.13433003425598145,3.9288434982299805
0,53,0.930990759800191,0.12200000000000001,0.1913745403289795,3.9288434982299805
0,54,0.9299728128672795,0.11463458738747767,0.09867358207702637,3.9288434982299805
0,55,0.9306714052204632,0.119,0.18848657608032227,3.9288434982299805
0,56,0.9313421250760522,0.11750000000000005,0.0877375602722168,3.9288434982299805
0,57,0.9340591082223921,0.11599999999999999,0.20413947105407715,3.9288434982299805
0,58,0.9346546464480244,0.11450000000000005,0.08440327644348145,3.9288434982299805
0,59,0.9374445695998762,0.11299999999999999,0.20419645309448242,3.9288434982299805
0,60,0.9381495124771475,0.11150000000000004,0.07426595687866211,3.9288434982299805
0,61,0.9403111620661488,0.08751000083580596,0.1518099308013916,3.9288434982299805
0,62,0.9427896977640964,0.0937967200827301,0.15762782096862793,3.9288434982299805
0,63,0.9436880560440983,0.10638720092817933,0.08124828338623047,3.9288434982299805
0,64,0.9465331519870348,0.10550000000000004,0.16995716094970703,3.9288434982299805
0,65,0.9471524887177108,0.10399999999999998,0.07324695587158203,3.9288434982299805
0,66,0.9502483663495095,0.10250000000000004,0.16572904586791992,3.9288434982299805
0,67,0.9513665633954113,0.10099999999999998,0.08902597427368164,3.9288434982299805
0,68,0.9523459519401607,0.09950000000000003,0.0730583667755127,3.9288434982299805
0,69,0.9551657302995072,0.08399939048816918,0.15579009056091309,3.9288434982299805
0,70,0.9581887195461053,0.09650000000000002,0.1694328784942627,3.9288434982299805
0,71,0.9590562353442924,0.08865948628263565,0.07115316390991211,3.9288434982299805
0,72,0.9606543604251201,0.09350000000000003,0.09555602073669434,3.9288434982299805
0,73,0.9616535002818636,0.09199999999999997,0.07718896865844727,3.9288434982299805
0,74,0.9644394764799709,0.09050000000000002,0.14664030075073242,3.9288434982299805
0,75,0.9674045673521297,0.07896152073444951,0.15669941902160645,3.9288434982299805
0,76,0.9689354607535924,0.08750000000000002,0.09207892417907715,3.9288434982299805
0,77,0.9698315972205307,0.08600000000000008,0.06968927383422852,3.9288434982299805
0,78,0.9733277019052495,0.08450000000000002,0.16222643852233887,3.9288434982299805
0,79,0.9748187060405998,0.08300000000000007,0.08924388885498047,3.9288434982299805
0,80,0.9760002835310805,0.08150000000000002,0.07263851165771484,3.9288434982299805
0,81,0.9621938930713573,0.08000000000000007,0.38123464584350586,3.9288434982299805
0,82,0.961059862038053,0.07850000000000001,0.2793107032775879,3.9288434982299805
0,83,0.9625506500249599,0.07700000000000007,0.19837069511413574,3.9288434982299805
0,84,0.9625223446357818,0.07550000000000001,0.2524402141571045,3.9288434982299805
0,85,0.963066822502443,0.07399999999999995,0.0877845287322998,3.9288434982299805
0,86,0.9648103636765863,0.07250000000000001,0.13202261924743652,3.9288434982299805
0,87,0.9650814793449521,0.07100000000000001,0.06321597099304199,3.9288434982299805
0,88,0.9674653026117357,0.0695,0.1417088508605957,3.9288434982299805
0,89,0.9676572281727427,0.06800000000000006,0.0558018684387207,3.9288434982299805
0,90,0.969750525925027,0.0665,0.11399340629577637,3.9288434982299805
0,91,0.9699821563052042,0.065,0.06035757064819336,3.9288434982299805
0,92,0.9728907216705807,0.0635,0.17044973373413086,3.9288434982299805
0,93,0.9732794656716048,0.062000000000000055,0.06451129913330078,3.9288434982299805
0,94,0.9757827430919673,0.0605,0.1459670066833496,3.9288434982299805
0,95,0.9772661733670635,0.05900000000000005,0.09115839004516602,3.9288434982299805
0,96,0.9779566117259996,0.057499999999999996,0.06857490539550781,3.9288434982299805
0,97,0.9799096069848058,0.05600000000000005,0.15224647521972656,3.9288434982299805
0,98,0.9826483821999042,0.05449999999999999,0.17310047149658203,3.9288434982299805
0,99,0.9838542798842442,0.05300000000000005,0.08615756034851074,3.9288434982299805
0,100,0.9856254022201343,0.05149999999999999,0.09512662887573242,3.9288434982299805
0,101,0.9866059931127257,0.050000000000000044,0.07348752021789551,3.9288434982299805
0,102,0.9885302889100346,0.04849999999999999,0.15697789192199707,3.9288434982299805
0,103,0.9912790378980901,0.04700000000000004,0.18583345413208008,3.9288434982299805
0,104,0.9926386773981855,0.045499999999999985,0.08922624588012695,3.9288434982299805
0,105,0.9944843968887473,0.04400000000000004,0.10640358924865723,3.9288434982299805
0,106,0.9955556309250243,0.04249999999999998,0.08244061470031738,3.9288434982299805
0,107,0.9986496681236654,0.041000000000000036,0.24938011169433594,3.9288434982299805
0,108,0.999677102997919,0.03949999999999998,0.09129095077514648,3.9288434982299805
0,109,1.0011716085428102,0.038000000000000034,0.09348249435424805,3.9288434982299805
0,110,1.0036908941277412,0.03649999999999998,0.1962294578552246,3.9288434982299805
0,111,1.005256905416906,0.03500000000000003,0.17535638809204102,3.9288434982299805
0,112,1.006523139150964,0.033499999999999974,0.09665513038635254,3.9288434982299805
0,113,1.0088204901195583,0.03200000000000003,0.19686412811279297,3.9288434982299805
0,114,1.0104389651592722,0.030500000000000083,0.12983417510986328,3.9288434982299805
0,115,1.012205604486832,0.029000000000000026,0.16949677467346191,3.9288434982299805
0,116,1.0139563733453463,0.02750000000000008,0.19387245178222656,3.9288434982299805
0,117,1.0157542537505706,0.026000000000000023,0.18686723709106445,3.9288434982299805
0,118,1.0174897414628374,0.024500000000000077,0.1990666389465332,3.9288434982299805
0,119,1.0191392429393984,0.023000000000000076,0.19477629661560059,3.9288434982299805
0,120,1.0209337921877406,0.021500000000000075,0.21818900108337402,3.9288434982299805
0,121,0.969231014173483,0.020000000000000073,0.7148852348327637,3.9288434982299805
0,122,0.9684124883148603,0.020000000000000073,0.30037713050842285,3.9288434982299805
0,123,0.9679935178925639,0.020000000000000025,0.2771599292755127,3.9288434982299805
0,124,0.9677350360568485,0.020000000000000046,0.13198471069335938,3.9288434982299805
0,125,0.9672252817066082,0.020000000000000046,0.24013996124267578,3.9288434982299805
0,126,0.9670898686481524,0.020000000000000073,0.09071540832519531,3.9288434982299805
0,127,0.9668993767591911,0.020000000000000073,0.13073062896728516,3.9288434982299805
0,128,0.9666158347645907,0.020000000000000073,0.12107324600219727,3.9288434982299805
0,129,0.9664667859276661,0.020000000000000018,0.11390113830566406,3.9288434982299805
0,130,0.9663118822356653,0.020000000000000018,0.08803796768188477,3.9288434982299805
0,131,0.9659727571853203,0.020000000000000073,0.14310216903686523,3.9288434982299805
0,132,0.9659139958761044,0.020000000000000018,0.0668187141418457,3.9288434982299805
0,133,0.9657107873061395,0.020000000000000018,0.1053628921508789,3.9288434982299805
0,134,0.9656641300465596,0.020000000000000073,0.05213165283203125,3.9288434982299805
0,135,0.9652314148374261,0.020000000000000018,0.1517033576965332,3.9288434982299805
0,136,0.9652073560896749,0.020000000000000018,0.04736185073852539,3.9288434982299805
0,137,0.9650880413126088,0.020000000000000018,0.07887864112854004,3.9288434982299805
0,138,0.9648135125661965,0.020000000000000018,0.1086568832397461,3.9288434982299805
0,139,0.9645558513063806,0.020000000000000018,0.10185837745666504,3.9288434982299805
0,140,0.9644975651950847,0.020000000000000046,0.05720829963684082,3.9288434982299805
0,141,0.9644411324378172,0.020000000000000018,0.05408167839050293,3.9288434982299805
0,142,0.9643344066998647,0.020000000000000018,0.06953287124633789,3.9288434982299805
0,143,0.9641169166189496,0.020000000000000018,0.09348034858703613,3.9288434982299805
0,144,0.9639147680024118,0.020000000000000073,0.08726096153259277,3.9288434982299805
0,145,0.9638576342586131,0.020000000000000018,0.05321168899536133,3.9288434982299805
0,146,0.9638010824128216,0.020000000000000018,0.05179715156555176,3.9288434982299805
0,147,0.9635753995095206,0.020000000000000018,0.07967352867126465,3.9288434982299805
0,148,0.9632826871532424,0.020000000000000018,0.11039853096008301,3.9288434982299805
0,149,0.9632145641862069,0.020000000000000018,0.058094024658203125,3.9288434982299805
0,150,0.9631721053923916,0.020000000000000018,0.052994489669799805,3.9288434982299805
0,1,0.6415400640780292,0.2,1.1503000259399414,3.9225106239318848
0,2,0.641220912411231,0.1985,0.22890257835388184,3.9288434982299805
0,3,0.6412650001432834,0.19700000000000004,0.14203810691833496,3.9288434982299805
0,4,0.6453242572159832,0.172200247598282,0.11206984519958496,3.9288434982299805
0,5,0.6476611463550245,0.15405067337696787,0.0767202377319336,3.9288434982299805
0,6,0.6540004296980931,0.1234151274182319,0.11540961265563965,3.9288434982299805
0,7,0.6553207246061954,0.09647966551976517,0.054665565490722656,3.9288434982299805
0,8,0.6635385060593579,0.10187848472147254,0.1291027069091797,3.9288434982299805
0,9,0.665133561374297,0.0975109094551726,0.05398821830749512,3.9288434982299805
0,10,0.672393533550917,0.0815466595109059,0.1571505069732666,3.9288434982299805
0,11,0.6742521227010699,0.09349128246970095,0.06895589828491211,3.9288434982299805
0,12,0.6818387578880105,0.0701787119274413,0.13528203964233398,3.9288434982299805
0,13,0.6841497306398652,0.0824910591968141,0.05825376510620117,3.9288434982299805
0,14,0.692107667842276,0.05693548478091559,0.12394356727600098,3.9288434982299805
0,15,0.6968810476729785,0.06356639027960753,0.0797278881072998,3.9288434982299805
0,16,0.6993515686645292,0.04550303416232937,0.0628514289855957,3.9288434982299805
0,17,0.7082233079516222,0.05035450787826534,0.12849903106689453,3.9288434982299805
0,18,0.7098917354576739,0.04974070491252458,0.06145334243774414,3.9288434982299805
0,19,0.7180283192427377,0.04765182127360823,0.13607072830200195,3.9288434982299805
0,20,0.7228912379206135,0.03994434025899163,0.09774351119995117,3.9288434982299805
0,21,0.7256276940951336,0.03803591219399738,0.07095575332641602,3.9288434982299805
0,22,0.7345149646056781,0.038510041338497336,0.13730359077453613,3.9288434982299805
0,23,0.7366209584004615,0.03888428847041914,0.05719804763793945,3.9288434982299805
0,24,0.7452390406095641,0.03375809205029201,0.15059208869934082,3.9288434982299805
0,25,0.7506026747317573,0.03765522477442074,0.09013485908508301,3.9288434982299805
0,26,0.7535998823824845,0.0325038094428346,0.07014179229736328,3.9288434982299805
0,27,0.7623151604045602,0.031948098880884346,0.13182568550109863,3.9288434982299805
0,28,0.7678629090027024,0.03068499124017876,0.10988950729370117,3.9288434982299805
0,29,0.771670289193271,0.029540267784633145,0.07622194290161133,3.9288434982299805
0,30,0.7786491375429951,0.03435145224656655,0.13854455947875977,3.9288434982299805
0,31,0.7834644230147412,0.03132336334670771,0.09163832664489746,3.9288434982299805
0,32,0.7899758636198082,0.03146432128946619,0.13422346115112305,3.9288434982299805
0,33,0.7965420088857127,0.0335764447801874,0.12404179573059082,3.9288434982299805
0,34,0.8007542455046358,0.03835295196380517,0.08785462379455566,3.9288434982299805
0,35,0.8076819598323596,0.037854567925734606,0.10952019691467285,3.9288434982299805
0,36,0.8133295066019358,0.0437902719239599,0.12311029434204102,3.9288434982299805
0,37,0.8201626463019303,0.03646997015641307,0.1564931869506836,3.9288434982299805
0,38,0.8243721362444285,0.03797754849568957,0.17229652404785156,3.9288434982299805
0,39,0.8335476744606743,0.04089893115727383,0.37237000465393066,3.9288434982299805
0,40,0.8362937055652543,0.047437797815050975,0.08796977996826172,3.9288434982299805
0,41,0.8987069202659164,0.14000000000000004,0.39664649963378906,3.9288434982299805
0,42,0.9020691828282292,0.12613403547108393,0.12853217124938965,3.9288434982299805
0,43,0.9059269741798414,0.1009719256506596,0.12784099578857422,3.9288434982299805
0,44,0.9129810186862815,0.08649966271903409,0.2096555233001709,3.9288434982299805
0,45,0.915461812958174,0.1068050218284794,0.11739444732666016,3.9288434982299805
0,46,0.9196743067382246,0.09167501041353665,0.14979267120361328,3.9288434982299805
0,47,0.9246029700749936,0.09206006211521234,0.1831505298614502,3.9288434982299805
0,48,0.9269453605197402,0.11375838670287741,0.14034128189086914,3.9288434982299805
0,49,0.9303172636994936,0.1002514320485779,0.27080464363098145,3.9288434982299805
0,50,0.9316159245424928,0.12348740164968652,0.1596994400024414,3.9288434982299805
0,51,0.9335727556646727,0.12348562598221491,0.21299338340759277,3.9288434982299805
0,52,0.9335743453316183,0.10936175200988141,0.17226839065551758,3.9288434982299805
0,53,0.934321384836572,0.122,0.22687411308288574,3.9288434982299805
0,54,0.9329960628704963,0.12050000000000005,0.14468145370483398,3.9288434982299805
0,55,0.9318203625233956,0.119,0.1528630256652832,3.9288434982299805
0,56,0.9341484019826053,0.11750000000000005,0.19902896881103516,3.9288434982299805
0,57,0.9344871802818762,0.11599999999999999,0.09490609169006348,3.9288434982299805
0,58,0.9372766011610726,0.11450000000000005,0.2242281436920166,3.9288434982299805
0,59,0.9378251967060331,0.11299999999999999,0.0914766788482666,3.9288434982299805
0,60,0.9407699849979927,0.11150000000000004,0.23283123970031738,3.9288434982299805
0,61,0.9413652294521122,0.08670330983195107,0.08196711540222168,3.9288434982299805
0,62,0.9435455864046964,0.08968256895823556,0.1749873161315918,3.9288434982299805
0,63,0.9451768828395486,0.0972884524251032,0.1053459644317627,3.9288434982299805
0,64,0.9459932039790329,0.10550000000000004,0.08391284942626953,3.9288434982299805
0,65,0.950183215129093,0.10399999999999998,0.27008056640625,3.9288434982299805
0,66,0.9508392292731618,0.10250000000000004,0.0948936939239502,3.9288434982299805
0,67,0.9522446840456916,0.10099999999999998,0.10172009468078613,3.9288434982299805
0,68,0.952465910983247,0.09950000000000003,0.0626058578491211,3.9288434982299805
0,69,0.9576225047339213,0.07537555310931832,0.27143168449401855,3.9288434982299805
0,70,0.9581470596482113,0.08125891709634014,0.07954573631286621,3.9288434982299805
0,71,0.9596975555359726,0.0877455727626345,0.13794255256652832,3.9288434982299805
0,72,0.960539926439116,0.09350000000000003,0.08008241653442383,3.9288434982299805
0,73,0.9638922273696164,0.09200000000000001,0.1857621669769287,3.9288434982299805
0,74,0.9641698986704018,0.09050000000000002,0.06023073196411133,3.9288434982299805
0,75,0.9680175714683641,0.07285027782170483,0.21000957489013672,3.9288434982299805
0,76,0.9686822858556157,0.08041588992463344,0.07863211631774902,3.9288434982299805
0,77,0.9719806219291071,0.08599999999999997,0.17599177360534668,3.9288434982299805
0,78,0.9731502012653597,0.08450000000000002,0.08426046371459961,3.9288434982299805
0,79,0.9745209168292377,0.08300000000000007,0.08943819999694824,3.9288434982299805
0,80,0.9773158127870079,0.08150000000000002,0.16920709609985352,3.9288434982299805
0,81,0.9624637710484482,0.08000000000000007,0.43157410621643066,3.9288434982299805
0,82,0.9615190899859258,0.07850000000000007,0.33606743812561035,3.9288434982299805
0,83,0.9621582236583119,0.07700000000000001,0.5431222915649414,3.9288434982299805
0,84,0.9631529221431725,0.07550000000000001,0.2067124843597412,3.9288434982299805
0,85,0.9639595190706924,0.07400000000000007,0.13744735717773438,3.9288434982299805
0,86,0.9657719647900553,0.07250000000000001,0.2120668888092041,3.9288434982299805
0,87,0.9660400542419508,0.07100000000000001,0.09098458290100098,3.9288434982299805
0,88,0.9684439681735244,0.0695,0.24324369430541992,3.9288434982299805
0,89,0.9686259106135324,0.06800000000000006,0.07281279563903809,3.9288434982299805
0,90,0.969961423668787,0.0665,0.10024070739746094,3.9288434982299805
0,91,0.9718330801804471,0.06500000000000006,0.1752617359161377,3.9288434982299805
0,92,0.9729824993200814,0.0635,0.10872340202331543,3.9288434982299805
0,93,0.9738834120051685,0.062000000000000055,0.09091901779174805,3.9288434982299805
0,94,0.9751503055602575,0.0605,0.09563207626342773,3.9288434982299805
0,95,0.977059826758864,0.05900000000000005,0.171586275100708,3.9288434982299805
0,96,0.9791594274819646,0.057499999999999996,0.148453950881958,3.9288434982299805
0,97,0.9810371200817765,0.05600000000000005,0.18191933631896973,3.9288434982299805
0,98,0.9829102452282095,0.05449999999999999,0.20321369171142578,3.9288434982299805
0,99,0.9838115390687,0.05300000000000005,0.09845614433288574,3.9288434982299805
0,100,0.985882160440858,0.05149999999999999,0.16218066215515137,3.9288434982299805
0,101,0.9872052244306434,0.050000000000000044,0.09931063652038574,3.9288434982299805
0,102,0.9882932420149554,0.04849999999999999,0.10459184646606445,3.9288434982299805
0,103,0.9918483236388843,0.04700000000000004,0.6043167114257812,3.9288434982299805
0,104,0.9925227955340046,0.045499999999999985,0.08842849731445312,3.9288434982299805
0,105,0.994827151968096,0.04400000000000004,0.1958935260772705,3.9288434982299805
0,106,0.9966280450965015,0.04249999999999998,0.18428587913513184,3.9288434982299805
0,107,0.9979553145738191,0.041000000000000036,0.11962151527404785,3.9288434982299805
0,108,0.9997218617288932,0.03949999999999998,0.12835288047790527,3.9288434982299805
0,109,1.0014293191152492,0.038000000000000034,0.1786818504333496,3.9288434982299805
0,110,1.0035565874814338,0.03649999999999998,0.23418235778808594,3.9288434982299805
0,111,1.0047928075018833,0.03500000000000003,0.10728740692138672,3.9288434982299805
0,112,1.007129846358434,0.033499999999999974,0.19883465766906738,3.9288434982299805
0,113,1.0087214656026322,0.03200000000000003,0.1461658477783203,3.9288434982299805
0,114,1.0105199820313706,0.030500000000000083,0.165848970413208,3.9288434982299805
0,115,1.012263602481789,0.029000000000000026,0.2007613182067871,3.9288434982299805
0,116,1.0140907726601163,0.02750000000000008,0.23177194595336914,3.9288434982299805
0,117,1.0158493165126958,0.02600000000000008,0.22977709770202637,3.9288434982299805
0,118,1.0174910216369075,0.024500000000000077,0.2553985118865967,3.9288434982299805
0,119,1.019277036383285,0.02300000000000002,0.35207653045654297,3.9288434982299805
0,120,1.020938067324698,0.021500000000000075,0.2547328472137451,3.9288434982299805
0,121,0.9692491285866554,0.020000000000000046,0.7964463233947754,3.9288434982299805
0,122,0.9684243991938246,0.020000000000000046,0.34815001487731934,3.9288434982299805
0,123,0.9680164090024294,0.020000000000000073,0.3422977924346924,3.9288434982299805
0,124,0.9677462468195381,0.020000000000000018,0.20206093788146973,3.9288434982299805
0,125,0.9672922233272674,0.020000000000000073,0.25841426849365234,3.9288434982299805
0,126,0.9671231511345204,0.020000000000000073,0.1528642177581787,3.9288434982299805
0,127,0.9669607652183757,0.020000000000000018,0.11181354522705078,3.9288434982299805
0,128,0.9666205987363654,0.020000000000000073,0.20595765113830566,3.9288434982299805
0,129,0.9665440661132705,0.020000000000000073,0.10695075988769531,3.9288434982299805
0,130,0.9663216662469181,0.020000000000000018,0.1886913776397705,3.9288434982299805
0,131,0.9660562413392678,0.020000000000000018,0.13701367378234863,3.9288434982299805
0,132,0.9659126601932545,0.020000000000000018,0.1215665340423584,3.9288434982299805
0,133,0.9658026279119931,0.020000000000000073,0.09594440460205078,3.9288434982299805
0,134,0.9655376907467792,0.020000000000000073,0.13102245330810547,3.9288434982299805
0,135,0.9654967867298898,0.020000000000000018,0.05966377258300781,3.9288434982299805
0,136,0.965184173615407,0.020000000000000018,0.14299654960632324,3.9288434982299805
0,137,0.9651549002715343,0.020000000000000018,0.053415775299072266,3.9288434982299805
0,138,0.9648014118808171,0.020000000000000018,0.15130090713500977,3.9288434982299805
0,139,0.9647784684687036,0.020000000000000073,0.05233001708984375,3.9288434982299805
0,140,0.9644881597282193,0.020000000000000018,0.1307065486907959,3.9288434982299805
0,141,0.9644653184157159,0.020000000000000018,0.058126211166381836,3.9288434982299805
0,142,0.9643206642213054,0.020000000000000018,0.1079854965209961,3.9288434982299805
0,143,0.9642878054757811,0.020000000000000018,0.05401444435119629,3.9288434982299805
0,144,0.9637633561952259,0.020000000000000018,0.20033812522888184,3.9288434982299805
0,145,0.9637399058442322,0.020000000000000018,0.06132316589355469,3.9288434982299805
0,146,0.9636613933894906,0.020000000000000018,0.09465312957763672,3.9288434982299805
0,147,0.9636373248103421,0.020000000000000018,0.05162620544433594,3.9288434982299805
0,148,0.9633697610085451,0.020000000000000018,0.10351324081420898,3.9288434982299805
0,149,0.9633551227655858,0.020000000000000018,0.04102778434753418,3.9288434982299805
0,150,0.9631202718227775,0.020000000000000018,0.1081395149230957,3.9288434982299805
0,1,0.6415409776209161,0.2,0.8629190921783447,3.9225106239318848
0,2,0.6407144373976995,0.19850000000000007,0.16791582107543945,3.9288434982299805
0,3,0.6410764277712488,0.197,0.18593454360961914,3.9288434982299805
0,4,0.6454437344548314,0.17068238748344722,0.1934516429901123,3.9288434982299805
0,5,0.6476891839915013,0.14700199102486,0.10449075698852539,3.9288434982299805
0,6,0.6533710958690226,0.1246010286646615,0.1221773624420166,3.9288434982299805
0,7,0.6547880751731585,0.09677606072921963,0.05597329139709473,3.9288434982299805
0,8,0.6631784886786822,0.09606211573086754,0.16593480110168457,3.9288434982299805
0,9,0.6650406275214031,0.11200826403596131,0.07137489318847656,3.9288434982299805
0,10,0.6723543290637195,0.07310727564660591,0.14658331871032715,3.9288434982299805
0,11,0.6765617949768632,0.08709657194533615,0.08645439147949219,3.9288434982299805
0,12,0.6795195146920809,0.0724597467704039,0.0827178955078125,3.9288434982299805
0,13,0.685744156254436,0.07727148036283804,0.14216065406799316,3.9288434982299805
0,14,0.6919134306707297,0.05553525486005073,0.13297247886657715,3.9288434982299805
0,15,0.6956155991708843,0.054957917100224685,0.08850336074829102,3.9288434982299805
0,16,0.7017340376629173,0.05404200903159373,0.11497092247009277,3.9288434982299805
0,17,0.7060233965792824,0.044375017408476713,0.09720778465270996,3.9288434982299805
0,18,0.7122726469464279,0.04862610229659903,0.13647198677062988,3.9288434982299805
0,19,0.7182350335060761,0.0468126859752922,0.12077164649963379,3.9288434982299805
0,20,0.7217276289863834,0.03382060503915707,0.0816648006439209,3.9288434982299805
0,21,0.7277175119185881,0.03606992124544728,0.1143486499786377,3.9288434982299805
0,22,0.7324168912463959,0.0389029223597559,0.09214115142822266,3.9288434982299805
0,23,0.7386718775296365,0.038953569331999116,0.1303410530090332,3.9288434982299805
0,24,0.7454167400301326,0.03568320858445895,0.1253800392150879,3.9288434982299805
0,25,0.7492027440997018,0.03399393808334317,0.09491133689880371,3.9288434982299805
0,26,0.7556916977778363,0.03194809996191772,0.11840987205505371,3.9288434982299805
0,27,0.7602733679685996,0.029842691126026666,0.10134482383728027,3.9288434982299805
0,28,0.7667848349570636,0.03054892945409371,0.13735127449035645,3.9288434982299805
0,29,0.7735303385034297,0.030178231967924685,0.12827849388122559,3.9288434982299805
0,30,0.7775767616376301,0.029056701423136877,0.09457635879516602,3.9288434982299805
0,31,0.7844286543148705,0.03225743617821897,0.13053584098815918,3.9288434982299805
0,32,0.7899242892551672,0.033294796557872264,0.15275812149047852,3.9288434982299805
0,33,0.7967026227489412,0.03151039168490721,0.1277937889099121,3.9288434982299805
0,34,0.8007403329918071,0.03426614220988944,0.08708310127258301,3.9288434982299805
0,35,0.8094395750622916,0.03747812591809274,0.14463591575622559,3.9288434982299805
0,36,0.811842842425363,0.04005622642480289,0.07463407516479492,3.9288434982299805
0,37,0.8208544874822512,0.041993930990222084,0.1840355396270752,3.9288434982299805
0,38,0.8265800766930398,0.03510479319718629,0.1561882495880127,3.9288434982299805
0,39,0.83024548487148,0.03725955988502816,0.08887481689453125,3.9288434982299805
0,40,0.8399584059567013,0.03957930173213697,0.17250895500183105,3.9288434982299805
0,41,0.8996517143593353,0.14,0.3889803886413574,3.9288434982299805
0,42,0.9031459902060892,0.12534010507328575,0.1233677864074707,3.9288434982299805
0,43,0.9070717566364643,0.09806365940412132,0.13090896606445312,3.9288434982299805
0,44,0.9142736248277079,0.08112372031411708,0.2005457878112793,3.9288434982299805
0,45,0.9167922434121615,0.09329188549761924,0.10677170753479004,3.9288434982299805
0,46,0.9219174761878947,0.11380698592858629,0.182814359664917,3.9288434982299805
0,47,0.9261475177853413,0.08141829709278992,0.17244958877563477,3.9288434982299805
0,48,0.9288915856775877,0.0987403598198674,0.1334977149963379,3.9288434982299805
0,49,0.9313737205349146,0.12107236409021893,0.15237712860107422,3.9288434982299805
0,50,0.9350294046249765,0.10850157206137878,0.207716703414917,3.9288434982299805
0,51,0.9358405029786385,0.125,0.1408686637878418,3.9288434982299805
0,52,0.9375160115650645,0.12350000000000005,0.2043459415435791,3.9288434982299805
0,53,0.9370767793187291,0.11979461866710406,0.14111566543579102,3.9288434982299805
0,54,0.9373765905595343,0.12050000000000005,0.23207402229309082,3.9288434982299805
0,55,0.9359798803824858,0.11367737203801531,0.1446835994720459,3.9288434982299805
0,56,0.9363732071509115,0.11750000000000005,0.19938397407531738,3.9288434982299805
0,57,0.9372786951263272,0.11599999999999999,0.12816858291625977,3.9288434982299805
0,58,0.9387652355249854,0.11450000000000005,0.17145442962646484,3.9288434982299805
0,59,0.940321246211997,0.11299999999999999,0.13465189933776855,3.9288434982299805
0,60,0.9416217967443841,0.11150000000000004,0.1752626895904541,3.9288434982299805
0,61,0.9435957643794135,0.10999999999999999,0.17999958992004395,3.9288434982299805
0,62,0.9453814854014797,0.08928475980663553,0.20250391960144043,3.9288434982299805
0,63,0.9465205831492404,0.09244391076986491,0.14037394523620605,3.9288434982299805
0,64,0.9473667535768369,0.10550000000000004,0.1014857292175293,3.9288434982299805
0,65,0.9496552432439106,0.10399999999999998,0.19239568710327148,3.9288434982299805
0,66,0.9523895581296333,0.10250000000000004,0.20617961883544922,3.9288434982299805
0,67,0.953621739008071,0.10099999999999998,0.10594797134399414,3.9288434982299805
0,68,0.9544106989710949,0.09950000000000003,0.08846426010131836,3.9288434982299805
0,69,0.9570824552352222,0.0730614643964313,0.17274975776672363,3.9288434982299805
0,70,0.9595634742501529,0.08167294991523899,0.19989323616027832,3.9288434982299805
0,71,0.9608318450622245,0.08927526323474977,0.11859440803527832,3.9288434982299805
0,72,0.9615463008852927,0.09350000000000003,0.09166741371154785,3.9288434982299805
0,73,0.9647684992046799,0.09199999999999997,0.20022320747375488,3.9288434982299805
0,74,0.965077978494854,0.07583011450392796,0.06531810760498047,3.9288434982299805
0,75,0.9686308018226452,0.06962839651203823,0.2052018642425537,3.9288434982299805
0,76,0.9692616165948367,0.08750000000000002,0.08222103118896484,3.9288434982299805
0,77,0.9725236004591318,0.08600000000000002,0.2208421230316162,3.9288434982299805
0,78,0.9736121105728885,0.08450000000000002,0.0897676944732666,3.9288434982299805
0,79,0.9757536123492392,0.08300000000000007,0.11946964263916016,3.9288434982299805
0,80,0.9760616439355125,0.08150000000000002,0.06128811836242676,3.9288434982299805
0,81,0.9631888648355491,0.08000000000000007,0.4553983211517334,3.9288434982299805
0,82,0.9622600805124508,0.07850000000000003,0.35878467559814453,3.9288434982299805
0,83,0.9625696963991013,0.07700000000000007,0.3040590286254883,3.9288434982299805
0,84,0.9635682156683706,0.07550000000000001,0.1905667781829834,3.9288434982299805
0,85,0.9644351595741294,0.07400000000000007,0.11316680908203125,3.9288434982299805
0,86,0.9662056647034806,0.07250000000000001,0.1689302921295166,3.9288434982299805
0,87,0.9665065056548419,0.07100000000000006,0.08974742889404297,3.9288434982299805
0,88,0.968856411038854,0.0695,0.18149209022521973,3.9288434982299805
0,89,0.9690176776919193,0.06800000000000006,0.06737923622131348,3.9288434982299805
0,90,0.9702855132037437,0.0665,0.1017599105834961,3.9288434982299805
0,91,0.9720604576877006,0.06500000000000006,0.14050602912902832,3.9288434982299805
0,92,0.9733085406744739,0.0635,0.11046218872070312,3.9288434982299805
0,93,0.9734262370781397,0.062000000000000055,0.06256461143493652,3.9288434982299805
0,94,0.9766928790455105,0.0605,0.20196843147277832,3.9288434982299805
0,95,0.9769732993455398,0.05900000000000005,0.07352733612060547,3.9288434982299805
0,96,0.9791559735096373,0.057499999999999996,0.12267136573791504,3.9288434982299805
0,97,0.9794997863613292,0.05600000000000005,0.06852555274963379,3.9288434982299805
0,98,0.9833323246843748,0.05449999999999999,0.2896909713745117,3.9288434982299805
0,99,0.9841637550824307,0.05300000000000005,0.08974027633666992,3.9288434982299805
0,100,0.9856745688819539,0.05149999999999999,0.10123872756958008,3.9288434982299805
0,101,0.9877420226939931,0.050000000000000044,0.13296270370483398,3.9288434982299805
0,102,0.9881467572056226,0.04849999999999999,0.07116389274597168,3.9288434982299805
0,103,0.9918898104506155,0.04700000000000004,0.3627004623413086,3.9288434982299805
0,104,0.9928641722030974,0.045499999999999985,0.11409115791320801,3.9288434982299805
0,105,0.9944389481622875,0.04400000000000004,0.1061103343963623,3.9288434982299805
0,106,0.9964689016265833,0.04249999999999998,0.14891409873962402,3.9288434982299805
0,107,0.9981012225289665,0.041000000000000036,0.19341015815734863,3.9288434982299805
0,108,1.0002111079872238,0.03949999999999998,0.24357175827026367,3.9288434982299805
0,109,1.0014256490520945,0.038000000000000034,0.10700845718383789,3.9288434982299805
0,110,1.0037502196573236,0.03649999999999998,0.20958566665649414,3.9288434982299805
0,111,1.0052957643032197,0.03500000000000003,0.1440119743347168,3.9288434982299805
0,112,1.00701701453814,0.033499999999999974,0.18503975868225098,3.9288434982299805
0,113,1.0089350131090726,0.03200000000000003,0.18389630317687988,3.9288434982299805
0,114,1.0104433778858368,0.030500000000000083,0.1276378631591797,3.9288434982299805
0,115,1.0122486044671577,0.02900000000000008,0.20769309997558594,3.9288434982299805
0,116,1.01422045802062,0.02750000000000008,0.2089982032775879,3.9288434982299805
0,117,1.0157640092650126,0.026000000000000023,0.14167046546936035,3.9288434982299805
0,118,1.0179164561365734,0.024500000000000077,0.31502270698547363,3.9288434982299805
0,119,1.0191381747015917,0.023000000000000076,0.1262662410736084,3.9288434982299805
0,120,1.0213532952393116,0.021500000000000075,0.3054659366607666,3.9288434982299805
0,121,0.9693194584902337,0.020000000000000073,0.7659647464752197,3.9288434982299805
0,122,0.9685187748373139,0.020000000000000018,0.35689234733581543,3.9288434982299805
0,123,0.9681095186077225,0.020000000000000073,0.2878408432006836,3.9288434982299805
0,124,0.9678653746804409,0.020000000000000018,0.1336383819580078,3.9288434982299805
0,125,0.9673678733888803,0.020000000000000073,0.2693753242492676,3.9288434982299805
0,126,0.9672452843102064,0.020000000000000018,0.09692668914794922,3.9288434982299805
0,127,0.967051485798593,0.020000000000000018,0.1368563175201416,3.9288434982299805
0,128,0.9667651679995214,0.020000000000000018,0.14173483848571777,3.9288434982299805
0,129,0.9666114242449294,0.020000000000000018,0.13306403160095215,3.9288434982299805
0,130,0.9663606795625084,0.020000000000000073,0.14293956756591797,3.9288434982299805
0,131,0.9661989475505931,0.020000000000000018,0.13359689712524414,3.9288434982299805
0,132,0.9660747897721267,0.020000000000000018,0.10698676109313965,3.9288434982299805
0,133,0.9657458463909547,0.020000000000000018,0.17317938804626465,3.9288434982299805
0,134,0.9656847267753323,0.020000000000000046,0.06641316413879395,3.9288434982299805
0,135,0.9654800874246848,0.020000000000000018,0.11979150772094727,3.9288434982299805
0,136,0.9654376658011602,0.020000000000000018,0.057367563247680664,3.9288434982299805
0,137,0.9650920404727793,0.020000000000000018,0.13808774948120117,3.9288434982299805
0,138,0.9648327738418875,0.020000000000000018,0.1249692440032959,3.9288434982299805
0,139,0.9647772934341785,0.020000000000000018,0.06422924995422363,3.9288434982299805
0,140,0.9647150603657242,0.020000000000000018,0.06123661994934082,3.9288434982299805
0,141,0.9644699124401073,0.020000000000000018,0.11177349090576172,3.9288434982299805
0,142,0.9643524242209335,0.020000000000000018,0.08754134178161621,3.9288434982299805
0,143,0.9642818957675101,0.020000000000000018,0.06510090827941895,3.9288434982299805
0,144,0.9639756041293088,0.020000000000000018,0.12700200080871582,3.9288434982299805
0,145,0.9637220293059338,0.020000000000000018,0.11137795448303223,3.9288434982299805
0,146,0.963675854958445,0.020000000000000018,0.06066250801086426,3.9288434982299805
0,147,0.9636071717571446,0.020000000000000018,0.06775665283203125,3.9288434982299805
0,148,0.9635466417514866,0.020000000000000018,0.06874942779541016,3.9288434982299805
0,149,0.9632990326259714,0.020000000000000073,0.0914754867553711,3.9288434982299805
0,150,0.9632215899269012,0.020000000000000018,0.07516002655029297,3.9288434982299805
0,1,0.6607882055011733,0.2,0.8082265853881836,3.9225106239318848
0,2,0.659691551822301,0.19850000000000007,0.2243192195892334,3.9288434982299805
0,3,0.6610431498381708,0.197,0.13019227981567383,3.9288434982299805
0,4,0.6650008454376334,0.1955,0.13306474685668945,3.9288434982299805
0,5,0.6693734694724888,0.12270488268224133,0.10985851287841797,3.9288434982299805
0,6,0.6734210579509448,0.14676830316112321,0.10923099517822266,3.9288434982299805
0,7,0.677893843593001,0.10831160264493511,0.10483312606811523,3.9288434982299805
0,8,0.6837023391665878,0.08023564104816583,0.12363028526306152,3.9288434982299805
0,9,0.6895675869029458,0.08647161337544262,0.10431575775146484,3.9288434982299805
0,10,0.6935995329722933,0.10219831395560097,0.07972335815429688,3.9288434982299805
0,11,0.7001661975031945,0.06671751994662922,0.09932684898376465,3.9288434982299805
0,12,0.7049419930375231,0.06860400112211684,0.08094310760498047,3.9288434982299805
0,13,0.7109237971818402,0.07677906109407029,0.12060546875,3.9288434982299805
0,14,0.7172915354995293,0.0761768297965536,0.11946320533752441,3.9288434982299805
0,15,0.7210802812768367,0.06606343449124652,0.0818789005279541,3.9288434982299805
0,16,0.7278340618261194,0.06701034636851766,0.1025240421295166,3.9288434982299805
0,17,0.7326850706777603,0.05118945147989762,0.08336710929870605,3.9288434982299805
0,18,0.7398914760172419,0.05249845524975305,0.11618733406066895,3.9288434982299805
0,19,0.7466214037111523,0.04271886495626187,0.11338090896606445,3.9288434982299805
0,20,0.7507522001701572,0.040402586425534626,0.07628870010375977,3.9288434982299805
0,21,0.7575835778281548,0.03767896134228288,0.10863399505615234,3.9288434982299805
0,22,0.7626039006079524,0.03719840651976014,0.0844416618347168,3.9288434982299805
0,23,0.7695931475758344,0.0382776332402579,0.129624605178833,3.9288434982299805
0,24,0.7770426819007761,0.03862003095635902,0.13138937950134277,3.9288434982299805
0,25,0.7815232388805825,0.0334958279559473,0.08916354179382324,3.9288434982299805
0,26,0.7888941287567413,0.03626643941122809,0.11794209480285645,3.9288434982299805
0,27,0.7941988335995012,0.030380808169000684,0.10715603828430176,3.9288434982299805
0,28,0.801393419194774,0.030009457230501635,0.1302201747894287,3.9288434982299805
0,29,0.8086445986357267,0.03222541824945935,0.12700963020324707,3.9288434982299805
0,30,0.8132588481493414,0.03088502557263184,0.08194279670715332,3.9288434982299805
0,31,0.820889719245641,0.032131020614764694,0.12312459945678711,3.9288434982299805
0,32,0.826946654066299,0.03356293656442366,0.11911559104919434,3.9288434982299805
0,33,0.8347805464308504,0.032242859795703405,0.14562582969665527,3.9288434982299805
0,34,0.8395854231374458,0.033543109855819986,0.08552312850952148,3.9288434982299805
0,35,0.8494055230190629,0.034331206973103656,0.17715740203857422,3.9288434982299805
0,36,0.8525836020629916,0.03688742332797923,0.08085751533508301,3.9288434982299805
0,37,0.8624175615304739,0.0410143451298719,0.16457796096801758,3.9288434982299805
0,38,0.8655246410956363,0.041295777995931315,0.08713555335998535,3.9288434982299805
0,39,0.8759561487325257,0.04719381001988732,0.16818952560424805,3.9288434982299805
0,40,0.8790201912738297,0.047204406174256586,0.08304524421691895,3.9288434982299805
0,41,0.957289113690502,0.14,0.3781242370605469,3.9288434982299805
0,42,0.960821039984789,0.10981501128493232,0.13059520721435547,3.9288434982299805
0,43,0.9641909494856992,0.08781589495949971,0.14668965339660645,3.9288434982299805
0,44,0.9709374314676613,0.10866170455870672,0.2214956283569336,3.9288434982299805
0,45,0.9735561245600393,0.11655289096178867,0.12061762809753418,3.9288434982299805
0,46,0.9767181564683218,0.09163755498110271,0.1448807716369629,3.9288434982299805
0,47,0.9813759394272575,0.11627935094867936,0.22018003463745117,3.9288434982299805
0,48,0.983058931190294,0.12950000000000006,0.14375901222229004,3.9288434982299805
0,49,0.9857377762225212,0.10669104670701413,0.20429277420043945,3.9288434982299805
0,50,0.9859014602763211,0.12650000000000006,0.15503478050231934,3.9288434982299805
0,51,0.9877984098107659,0.12195649523221497,0.22289800643920898,3.9288434982299805
0,52,0.9864014874047704,0.12350000000000005,0.1869649887084961,3.9288434982299805
0,53,0.9871433818130043,0.122,0.2660856246948242,3.9288434982299805
0,54,0.9847718394929257,0.12050000000000005,0.172684907913208,3.9288434982299805
0,55,0.9842147846640508,0.119,0.22704195976257324,3.9288434982299805
0,56,0.9834749060580443,0.11750000000000005,0.15686631202697754,3.9288434982299805
0,57,0.9844998448199394,0.11599999999999999,0.19487857818603516,3.9288434982299805
0,58,0.9861980223320983,0.09283328076205155,0.1766963005065918,3.9288434982299805
0,59,0.987822673337601,0.10024224906005863,0.18215322494506836,3.9288434982299805
0,60,0.9886707595991548,0.11150000000000004,0.11428093910217285,3.9288434982299805
0,61,0.9902916856509134,0.10999999999999999,0.16038203239440918,3.9288434982299805
0,62,0.992985530514501,0.10850000000000004,0.19112896919250488,3.9288434982299805
0,63,0.9936941409523317,0.10699999999999998,0.09079933166503906,3.9288434982299805
0,64,0.9946162165833525,0.10550000000000004,0.09452080726623535,3.9288434982299805
0,65,0.9975211423675638,0.10399999999999998,0.19063234329223633,3.9288434982299805
0,66,1.0003667410578392,0.10250000000000004,0.19985604286193848,3.9288434982299805
0,67,1.0011917800088646,0.10099999999999998,0.07930326461791992,3.9288434982299805
0,68,1.0028976582754914,0.09950000000000003,0.11142277717590332,3.9288434982299805
0,69,1.004040316540605,0.08450784494228936,0.07784843444824219,3.9288434982299805
0,70,1.0061745229614014,0.09650000000000002,0.09735417366027832,3.9288434982299805
0,71,1.009291394400079,0.08580324086880708,0.1674964427947998,3.9288434982299805
0,72,1.0126073551917711,0.08673006054940013,0.17189526557922363,3.9288434982299805
0,73,1.0140628112596177,0.0704798738286011,0.08878350257873535,3.9288434982299805
0,74,1.0161371628695393,0.0766318118955297,0.09674978256225586,3.9288434982299805
0,75,1.0174228120138218,0.08619408361096736,0.09067893028259277,3.9288434982299805
0,76,1.0200686469189386,0.08750000000000002,0.1342613697052002,3.9288434982299805
0,77,1.0226527557966922,0.08600000000000008,0.19025492668151855,3.9288434982299805
0,78,1.025838853444621,0.08450000000000002,0.23048114776611328,3.9288434982299805
0,79,1.028980749661911,0.08299999999999996,0.2163856029510498,3.9288434982299805
0,80,1.030943484449574,0.07311964355548684,0.10928916931152344,3.9288434982299805
0,81,1.0172763069882507,0.08000000000000007,0.5674610137939453,3.9288434982299805
0,82,1.0169142473069317,0.07850000000000007,0.3857569694519043,3.9288434982299805
0,83,1.017747050260415,0.07700000000000007,0.349703311920166,3.9288434982299805
0,84,1.0193080367803014,0.07550000000000001,0.19724416732788086,3.9288434982299805
0,85,1.019782157923744,0.07400000000000007,0.26355934143066406,3.9288434982299805
0,86,1.0216601222521888,0.07250000000000001,0.17713046073913574,3.9288434982299805
0,87,1.0227761122092418,0.07099999999999995,0.11208677291870117,3.9288434982299805
0,88,1.0251356116832495,0.0695,0.17775607109069824,3.9288434982299805
0,89,1.0254496362721337,0.06800000000000006,0.07695984840393066,3.9288434982299805
0,90,1.0285569788462143,0.0665,0.20641207695007324,3.9288434982299805
0,91,1.0288502388790988,0.06500000000000006,0.06841564178466797,3.9288434982299805
0,92,1.0310030134363553,0.0635,0.11413955688476562,3.9288434982299805
0,93,1.033100703935966,0.061999999999999944,0.20641064643859863,3.9288434982299805
0,94,1.0352321465361922,0.0605,0.1335279941558838,3.9288434982299805
0,95,1.0364482302770681,0.05900000000000005,0.10625028610229492,3.9288434982299805
0,96,1.0397622320606859,0.057499999999999996,0.2328200340270996,3.9288434982299805
0,97,1.0404224703714624,0.05600000000000005,0.12056469917297363,3.9288434982299805
0,98,1.0433534669209998,0.05449999999999999,0.256359338760376,3.9288434982299805
0,99,1.0451013981369357,0.05300000000000005,0.1545872688293457,3.9288434982299805
0,100,1.0462445173052322,0.05149999999999999,0.12111520767211914,3.9288434982299805
0,101,1.0497782827224706,0.050000000000000044,0.2798893451690674,3.9288434982299805
0,102,1.0506173527124272,0.04849999999999999,0.11128735542297363,3.9288434982299805
0,103,1.0534027807162274,0.04700000000000004,0.2456502914428711,3.9288434982299805
0,104,1.0550881474814884,0.045499999999999985,0.14368772506713867,3.9288434982299805
0,105,1.0574728977467682,0.04400000000000004,0.20350408554077148,3.9288434982299805
0,106,1.0594087303587312,0.04249999999999998,0.19738459587097168,3.9288434982299805
0,107,1.0608894556868282,0.041000000000000036,0.10915732383728027,3.9288434982299805
0,108,1.0638162629908532,0.03949999999999998,0.30445384979248047,3.9288434982299805
0,109,1.0650094299598307,0.038000000000000034,0.12295913696289062,3.9288434982299805
0,110,1.0672084900137662,0.03649999999999998,0.2203383445739746,3.9288434982299805
0,111,1.0692113156762773,0.03500000000000003,0.23259592056274414,3.9288434982299805
0,112,1.0713638794179208,0.033499999999999974,0.3030121326446533,3.9288434982299805
0,113,1.0728404083674747,0.03200000000000003,0.12193560600280762,3.9288434982299805
0,114,1.0754710651827333,0.030500000000000083,0.3045830726623535,3.9288434982299805
0,115,1.0768331160236368,0.029000000000000026,0.15953707695007324,3.9288434982299805
0,116,1.0794723096503325,0.02750000000000008,0.3238537311553955,3.9288434982299805
0,117,1.0809217997234328,0.026000000000000023,0.13631534576416016,3.9288434982299805
0,118,1.083433097318012,0.024500000000000077,0.33812689781188965,3.9288434982299805
0,119,1.0849206928897808,0.02300000000000002,0.14259982109069824,3.9288434982299805
0,120,1.08741649800267,0.021500000000000075,0.3412904739379883,3.9288434982299805
0,121,1.0318192239787762,0.020000000000000073,0.7851505279541016,3.9288434982299805
0,122,1.0310468269963304,0.020000000000000073,0.3013327121734619,3.9288434982299805
0,123,1.0306563528649488,0.020000000000000018,0.2765958309173584,3.9288434982299805
0,124,1.0304324279135275,0.020000000000000018,0.17476963996887207,3.9288434982299805
0,125,1.0298717312938168,0.020000000000000073,0.27852416038513184,3.9288434982299805
0,126,1.0297178076096296,0.020000000000000018,0.11121320724487305,3.9288434982299805
0,127,1.0294745607431206,0.020000000000000018,0.17221498489379883,3.9288434982299805
0,128,1.0290764085745905,0.020000000000000073,0.21138954162597656,3.9288434982299805
0,129,1.0288319119521547,0.020000000000000073,0.13120174407958984,3.9288434982299805
0,130,1.0286920399520127,0.020000000000000018,0.09506368637084961,3.9288434982299805
0,131,1.0283485540246224,0.020000000000000018,0.16812586784362793,3.9288434982299805
0,132,1.0282690436519504,0.020000000000000018,0.08176255226135254,3.9288434982299805
0,133,1.0280186921834893,0.020000000000000018,0.13403844833374023,3.9288434982299805
0,134,1.0277681300499504,0.020000000000000018,0.11870741844177246,3.9288434982299805
0,135,1.0276474107278515,0.020000000000000018,0.08353233337402344,3.9288434982299805
0,136,1.0276041536650071,0.020000000000000018,0.04907345771789551,3.9288434982299805
0,137,1.027262376128641,0.020000000000000018,0.15821385383605957,3.9288434982299805
0,138,1.0272078032033254,0.020000000000000018,0.05237078666687012,3.9288434982299805
0,139,1.026768277469692,0.020000000000000018,0.1764357089996338,3.9288434982299805
0,140,1.0267344039008068,0.020000000000000018,0.05185866355895996,3.9288434982299805
0,141,1.0264193542405335,0.020000000000000018,0.1374356746673584,3.9288434982299805
0,142,1.0263895145389847,0.020000000000000073,0.048287153244018555,3.9288434982299805
0,143,1.0262063317232415,0.020000000000000018,0.08043265342712402,3.9288434982299805
0,144,1.0261821425209772,0.020000000000000018,0.04562783241271973,3.9288434982299805
0,145,1.025801826251663,0.020000000000000018,0.1276087760925293,3.9288434982299805
0,146,1.0257795491309583,0.020000000000000018,0.04758262634277344,3.9288434982299805
0,147,1.0257025255590806,0.020000000000000018,0.061155080795288086,3.9288434982299805
0,148,1.0254559884801857,0.020000000000000018,0.0792229175567627,3.9288434982299805
0,149,1.025213081285052,0.020000000000000018,0.10013914108276367,3.9288434982299805
0,150,1.0249771021930179,0.020000000000000018,0.1049346923828125,3.9288434982299805
0,1,0.6608513568045997,0.2,0.8695316314697266,3.9225106239318848
0,2,0.6591586131770779,0.19850000000000007,0.1486358642578125,3.9288434982299805
0,3,0.6609639876501137,0.19699999999999995,0.11959266662597656,3.9288434982299805
0,4,0.6650256349068095,0.18136297610221752,0.10513710975646973,3.9288434982299805
0,5,0.666796267846558,0.11821488584932716,0.06306982040405273,3.9288434982299805
0,6,0.6743222052216213,0.12743513779265092,0.1080312728881836,3.9288434982299805
0,7,0.6762840678169793,0.12168647607687166,0.06139421463012695,3.9288434982299805
0,8,0.6859562233502683,0.07654638457750207,0.14650726318359375,3.9288434982299805
0,9,0.6877649949634757,0.08172817212325467,0.06659531593322754,3.9288434982299805
0,10,0.6936041236502402,0.0900060823407921,0.11211872100830078,3.9288434982299805
0,11,0.6961368202764263,0.08599699987389986,0.06389021873474121,3.9288434982299805
0,12,0.7074246111384324,0.06329854498822407,0.16115808486938477,3.9288434982299805
0,13,0.7099853362432634,0.06930767065416488,0.06963038444519043,3.9288434982299805
0,14,0.7158122334527879,0.0696367351963807,0.09764742851257324,3.9288434982299805
0,15,0.7239068598208327,0.0590971202812689,0.114013671875,3.9288434982299805
0,16,0.7255158865758504,0.0666381835164167,0.057085514068603516,3.9288434982299805
0,17,0.736326413557233,0.04632544479651479,0.1634654998779297,3.9288434982299805
0,18,0.7388115875775497,0.05072142159283444,0.06877803802490234,3.9288434982299805
0,19,0.7449171101464798,0.05367295686484641,0.09741926193237305,3.9288434982299805
0,20,0.7505616584440469,0.038624213298429466,0.09318017959594727,3.9288434982299805
0,21,0.7578101418274815,0.04120925673558351,0.1347789764404297,3.9288434982299805
0,22,0.7649442823189072,0.035775577349508536,0.1288754940032959,3.9288434982299805
0,23,0.768967788416127,0.03586037274750942,0.0788888931274414,3.9288434982299805
0,24,0.7760542349604529,0.03463572476949117,0.10687780380249023,3.9288434982299805
0,25,0.7813011605606541,0.03655091413862499,0.08804488182067871,3.9288434982299805
0,26,0.788595331211105,0.03449560782406458,0.13454461097717285,3.9288434982299805
0,27,0.7962316523987903,0.03259750312374343,0.13164854049682617,3.9288434982299805
0,28,0.8004290048208972,0.02968741197688829,0.07729053497314453,3.9288434982299805
0,29,0.807995026954659,0.0290001473214474,0.11022472381591797,3.9288434982299805
0,30,0.8136452546819477,0.028795610920275938,0.0952458381652832,3.9288434982299805
0,31,0.820862748801962,0.03236683098858828,0.12514305114746094,3.9288434982299805
0,32,0.8286029124373857,0.032436026409441654,0.12659072875976562,3.9288434982299805
0,33,0.8333021759771024,0.03370910365673352,0.09479641914367676,3.9288434982299805
0,34,0.8431100613242652,0.03387125347175057,0.1624906063079834,3.9288434982299805
0,35,0.8462508629394567,0.033748055521171105,0.0801854133605957,3.9288434982299805
0,36,0.8546973751445346,0.03333617588496163,0.13123154640197754,3.9288434982299805
0,37,0.8613103846929365,0.03658571643504638,0.12389969825744629,3.9288434982299805
0,38,0.8681556180065744,0.03905314899345336,0.12493658065795898,3.9288434982299805
0,39,0.872892142499081,0.041181824561632,0.1014411449432373,3.9288434982299805
0,40,0.8831935501895162,0.04557034059631493,0.16831421852111816,3.9288434982299805
0,41,0.9588548820599929,0.14,0.3658454418182373,3.9288434982299805
0,42,0.9626646067685214,0.11177809530639382,0.12875699996948242,3.9288434982299805
0,43,0.9668495097374694,0.08819184975967653,0.14970064163208008,3.9288434982299805
0,44,0.9732142768081653,0.08859707789311233,0.20024538040161133,3.9288434982299805
0,45,0.9764039829756777,0.11198082557080258,0.15213871002197266,3.9288434982299805
0,46,0.9809458391912187,0.08727765859940828,0.18483376502990723,3.9288434982299805
0,47,0.9839365871234648,0.09749424783894567,0.15666985511779785,3.9288434982299805
0,48,0.987684568750987,0.12044483239009707,0.21670866012573242,3.9288434982299805
0,49,0.9890880707777743,0.11545231389563937,0.16396880149841309,3.9288434982299805
0,50,0.9916362598334998,0.10772574279648939,0.21378445625305176,3.9288434982299805
0,51,0.9916570077360463,0.125,0.16342830657958984,3.9288434982299805
0,52,0.9934751506290889,0.11739201265336441,0.22658300399780273,3.9288434982299805
0,53,0.9918267530372642,0.122,0.1676042079925537,3.9288434982299805
0,54,0.9923226382447521,0.11991702358478273,0.2509000301361084,3.9288434982299805
0,55,0.9897729441878236,0.119,0.16599488258361816,3.9288434982299805
0,56,0.9891954691434399,0.11750000000000005,0.19386601448059082,3.9288434982299805
0,57,0.9886558288632127,0.11599999999999999,0.18181228637695312,3.9288434982299805
0,58,0.9895234024312018,0.10950595660592222,0.18960094451904297,3.9288434982299805
0,59,0.9903875417695958,0.09999604645037091,0.13631248474121094,3.9288434982299805
0,60,0.9914717979961041,0.11150000000000004,0.17516803741455078,3.9288434982299805
0,61,0.9935004938083181,0.10999999999999999,0.18854951858520508,3.9288434982299805
0,62,0.9953539044715138,0.10850000000000004,0.17459893226623535,3.9288434982299805
0,63,0.9963124443223428,0.10699999999999998,0.10088276863098145,3.9288434982299805
0,64,0.9970044693045479,0.10550000000000004,0.10584354400634766,3.9288434982299805
0,65,0.9993920067048093,0.10399999999999998,0.16143012046813965,3.9288434982299805
0,66,1.002015466654448,0.10250000000000004,0.17227458953857422,3.9288434982299805
0,67,1.0032822908505565,0.10099999999999998,0.1077265739440918,3.9288434982299805
0,68,1.004153711939547,0.09950000000000003,0.08424663543701172,3.9288434982299805
0,69,1.0066617944442644,0.08701045914410621,0.1370689868927002,3.9288434982299805
0,70,1.006986481071138,0.08154194676449356,0.06476426124572754,3.9288434982299805
0,71,1.011718544138688,0.08029954334958478,0.21968722343444824,3.9288434982299805
0,72,1.0123358370283957,0.08927422704361399,0.07105612754821777,3.9288434982299805
0,73,1.0163036823425093,0.08156033145088404,0.19532990455627441,3.9288434982299805
0,74,1.0170437039075755,0.07357399513666352,0.0759880542755127,3.9288434982299805
0,75,1.0200367139440354,0.07848020227472186,0.1269989013671875,3.9288434982299805
0,76,1.0213003176400821,0.0848051582277286,0.08358454704284668,3.9288434982299805
0,77,1.0251263785232227,0.08600000000000008,0.1885831356048584,3.9288434982299805
0,78,1.026848246531899,0.08450000000000002,0.1015772819519043,3.9288434982299805
0,79,1.029112304576238,0.08300000000000007,0.09535503387451172,3.9288434982299805
0,80,1.0321785689182494,0.08150000000000002,0.1291358470916748,3.9288434982299805
0,81,1.0184921865193628,0.08000000000000007,0.48474717140197754,3.9288434982299805
0,82,1.0182235762268168,0.07850000000000001,0.31686925888061523,3.9288434982299805
0,83,1.0188654539674054,0.07700000000000007,0.2889282703399658,3.9288434982299805
0,84,1.0204215122882094,0.07550000000000001,0.16510939598083496,3.9288434982299805
0,85,1.0207725938634131,0.07399999999999995,0.22684955596923828,3.9288434982299805
0,86,1.0226559192507247,0.07250000000000001,0.1607215404510498,3.9288434982299805
0,87,1.0237963926059745,0.07099999999999995,0.10309767723083496,3.9288434982299805
0,88,1.0260958297298566,0.0695,0.1653435230255127,3.9288434982299805
0,89,1.0263743702264183,0.06800000000000006,0.06014847755432129,3.9288434982299805
0,90,1.0282906439049095,0.0665,0.09874224662780762,3.9288434982299805
0,91,1.0303765589897225,0.06500000000000006,0.15277576446533203,3.9288434982299805
0,92,1.0320225633628306,0.0635,0.09170889854431152,3.9288434982299805
0,93,1.0331174811927182,0.062000000000000055,0.08926773071289062,3.9288434982299805
0,94,1.0351442764954681,0.0605,0.10668373107910156,3.9288434982299805
0,95,1.0376855552185953,0.05900000000000005,0.17077946662902832,3.9288434982299805
0,96,1.0399662650021433,0.057499999999999996,0.16190886497497559,3.9288434982299805
0,97,1.0414568462757803,0.05600000000000005,0.1081845760345459,3.9288434982299805
0,98,1.0435073318377817,0.05449999999999999,0.1227579116821289,3.9288434982299805
0,99,1.043807180042363,0.05300000000000005,0.06515836715698242,3.9288434982299805
0,100,1.048416586042352,0.05149999999999999,0.3059675693511963,3.9288434982299805
0,101,1.0494602921902896,0.050000000000000044,0.09314393997192383,3.9288434982299805
0,102,1.0512553596517895,0.04849999999999999,0.09942364692687988,3.9288434982299805
0,103,1.0536018458135663,0.04700000000000004,0.12768769264221191,3.9288434982299805
0,104,1.0552534862359213,0.045499999999999985,0.16620135307312012,3.9288434982299805
0,105,1.0577148310530755,0.04400000000000004,0.20038843154907227,3.9288434982299805
0,106,1.0590860987048478,0.04249999999999998,0.10410809516906738,3.9288434982299805
0,107,1.061624110565781,0.041000000000000036,0.1956017017364502,3.9288434982299805
0,108,1.0634511474465134,0.03949999999999998,0.14203572273254395,3.9288434982299805
0,109,1.0645837548523254,0.038000000000000034,0.09398269653320312,3.9288434982299805
0,110,1.0677368945291033,0.03649999999999998,0.31918787956237793,3.9288434982299805
0,111,1.069068491059924,0.03500000000000003,0.10642695426940918,3.9288434982299805
0,112,1.071008145662683,0.03350000000000003,0.12827730178833008,3.9288434982299805
0,113,1.0735044705967338,0.03200000000000003,0.31822872161865234,3.9288434982299805
0,114,1.074902035972816,0.030500000000000083,0.11737895011901855,3.9288434982299805
0,115,1.0769966518701555,0.029000000000000026,0.18363547325134277,3.9288434982299805
0,116,1.0790815398222802,0.02750000000000008,0.23856520652770996,3.9288434982299805
0,117,1.0811513876362693,0.02600000000000008,0.21851325035095215,3.9288434982299805
0,118,1.0832106132221273,0.024500000000000077,0.23670482635498047,3.9288434982299805
0,119,1.0850737378939102,0.02300000000000002,0.21520423889160156,3.9288434982299805
0,120,1.0871956345756992,0.021500000000000075,0.2311875820159912,3.9288434982299805
0,121,1.031788990231004,0.020000000000000073,0.7554516792297363,3.9288434982299805
0,122,1.0310319493927849,0.020000000000000073,0.29828763008117676,3.9288434982299805
0,123,1.0306435979658484,0.020000000000000018,0.26959896087646484,3.9288434982299805
0,124,1.0304325844768059,0.020000000000000018,0.1632528305053711,3.9288434982299805
0,125,1.0298924292371092,0.020000000000000073,0.28702473640441895,3.9288434982299805
0,126,1.0297201478804026,0.020000000000000018,0.1530618667602539,3.9288434982299805
0,127,1.0295495866556517,0.020000000000000073,0.13370704650878906,3.9288434982299805
0,128,1.0290968959094928,0.020000000000000018,0.2783048152923584,3.9288434982299805
0,129,1.028981028813789,0.020000000000000018,0.12262129783630371,3.9288434982299805
0,130,1.0287219588685677,0.020000000000000073,0.17148113250732422,3.9288434982299805
0,131,1.0285750231174724,0.020000000000000018,0.10957789421081543,3.9288434982299805
0,132,1.0283324321251333,0.020000000000000018,0.15152287483215332,3.9288434982299805
0,133,1.0280792052469176,0.020000000000000018,0.16531872749328613,3.9288434982299805
0,134,1.0279751828058004,0.020000000000000018,0.08927059173583984,3.9288434982299805
0,135,1.0278494803938059,0.020000000000000018,0.08166122436523438,3.9288434982299805
0,136,1.0275518267154038,0.020000000000000018,0.16158342361450195,3.9288434982299805
0,137,1.0272448489757267,0.020000000000000018,0.13916587829589844,3.9288434982299805
0,138,1.0271526872387529,0.020000000000000018,0.07683920860290527,3.9288434982299805
0,139,1.0270730999924997,0.020000000000000018,0.07499456405639648,3.9288434982299805
0,140,1.0269199235948663,0.020000000000000018,0.07446551322937012,3.9288434982299805
0,141,1.0267808051439085,0.020000000000000018,0.07852888107299805,3.9288434982299805
0,142,1.0265582366086097,0.020000000000000018,0.11239099502563477,3.9288434982299805
0,143,1.0263711902399089,0.020000000000000018,0.08008050918579102,3.9288434982299805
0,144,1.0263044646957948,0.020000000000000018,0.06441712379455566,3.9288434982299805
0,145,1.0262596542924682,0.020000000000000073,0.05504751205444336,3.9288434982299805
0,146,1.0256309776479076,0.020000000000000018,0.2024693489074707,3.9288434982299805
0,147,1.0256043987559853,0.020000000000000018,0.05167436599731445,3.9288434982299805
0,148,1.0255018268230727,0.020000000000000018,0.08158588409423828,3.9288434982299805
0,149,1.0254759990662436,0.020000000000000018,0.04883742332458496,3.9288434982299805
0,150,1.0251229216326756,0.020000000000000018,0.1308574676513672,3.9288434982299805
0,1,0.6608459787422708,0.2,0.833815336227417,3.9225106239318848
0,2,0.6590510716452084,0.19850000000000007,0.15502333641052246,3.9288434982299805
0,3,0.6608363140230594,0.19699999999999995,0.11690497398376465,3.9288434982299805
0,4,0.6650875201462065,0.17818575916523516,0.13711786270141602,3.9288434982299805
0,5,0.667096917273013,0.12386378914603347,0.08331680297851562,3.9288434982299805
0,6,0.674276398347317,0.12470560274816567,0.1674976348876953,3.9288434982299805
0,7,0.6762642802822487,0.12178697707342878,0.07433152198791504,3.9288434982299805
0,8,0.6859541372402269,0.07558009432185953,0.17496299743652344,3.9288434982299805
0,9,0.6881196527692697,0.07989067825985319,0.07387685775756836,3.9288434982299805
0,10,0.693949689771562,0.08817458859004756,0.12450385093688965,3.9288434982299805
0,11,0.6990458647317681,0.09528097163139315,0.12086844444274902,3.9288434982299805
0,12,0.7049293762760613,0.06262671525872976,0.11856293678283691,3.9288434982299805
0,13,0.7119119231198414,0.06654447142099829,0.13674330711364746,3.9288434982299805
0,14,0.7156419489567266,0.07056306511702615,0.0873403549194336,3.9288434982299805
0,15,0.7195562816817895,0.06129800632228943,0.08055424690246582,3.9288434982299805
0,16,0.7295403373457984,0.06346560722099792,0.16069650650024414,3.9288434982299805
0,17,0.7317822514613324,0.0467449568695707,0.0672914981842041,3.9288434982299805
0,18,0.7399938516806384,0.04703452401783159,0.15124201774597168,3.9288434982299805
0,19,0.7451947554942853,0.0537107466471084,0.09402251243591309,3.9288434982299805
0,20,0.7493014065204511,0.03489421420684946,0.09067225456237793,3.9288434982299805
0,21,0.7595708865628907,0.03965308390812694,0.16359376907348633,3.9288434982299805
0,22,0.7620214868041317,0.035905477125921625,0.07317137718200684,3.9288434982299805
0,23,0.7709933735869166,0.035236205892692496,0.1632232666015625,3.9288434982299805
0,24,0.7762171903864347,0.03542836800282645,0.1127011775970459,3.9288434982299805
0,25,0.7804259056549976,0.03653262333053353,0.10594582557678223,3.9288434982299805
0,26,0.7907937493139255,0.03310655544129226,0.1999344825744629,3.9288434982299805
0,27,0.7933326915347152,0.03502599492531511,0.12341666221618652,3.9288434982299805
0,28,0.8025428516350779,0.03351048714365612,0.22556853294372559,3.9288434982299805
0,29,0.8082828619258315,0.03199740429615294,0.10723543167114258,3.9288434982299805
0,30,0.8130558052178696,0.029783880453957967,0.09929418563842773,3.9288434982299805
0,31,0.82306457416014,0.03317943488017894,0.19312167167663574,3.9288434982299805
0,32,0.8259396504628296,0.032373306353771114,0.09048748016357422,3.9288434982299805
0,33,0.8349748549989815,0.03274847479532572,0.14467620849609375,3.9288434982299805
0,34,0.8415335352374899,0.03448581897939296,0.11865043640136719,3.9288434982299805
0,35,0.8480984667757079,0.034212421060513476,0.11243629455566406,3.9288434982299805
0,36,0.8529308435951338,0.03354470554263189,0.08834624290466309,3.9288434982299805
0,37,0.8632075949774922,0.03484073392204745,0.1585979461669922,3.9288434982299805
0,38,0.8663864813763854,0.03798446934878574,0.07375049591064453,3.9288434982299805
0,39,0.8749170352096043,0.039344596578956725,0.12601399421691895,3.9288434982299805
0,40,0.8815120478075955,0.04325836679991335,0.12165641784667969,3.9288434982299805
0,41,0.9596220352081952,0.14,0.3621950149536133,3.9288434982299805
0,42,0.9633676881509722,0.11237930657803097,0.11572766304016113,3.9288434982299805
0,43,0.9670447256737313,0.08882222927384009,0.13665294647216797,3.9288434982299805
0,44,0.9737628424915235,0.08519904653981902,0.18362045288085938,3.9288434982299805
0,45,0.9768730356530537,0.10850390106667551,0.12331652641296387,3.9288434982299805
0,46,0.9813759468600441,0.09413444426243045,0.1701509952545166,3.9288434982299805
0,47,0.9854724659322049,0.09295361896760412,0.16670656204223633,3.9288434982299805
0,48,0.9873896960403046,0.11622545136135431,0.12855005264282227,3.9288434982299805
0,49,0.9907018773339368,0.128,0.21600818634033203,3.9288434982299805
0,50,0.9917523239519227,0.10342617093931339,0.15604734420776367,3.9288434982299805
0,51,0.9938774843971225,0.125,0.222381591796875,3.9288434982299805
0,52,0.9932643167117641,0.11335296007926698,0.14887022972106934,3.9288434982299805
0,53,0.9945225949479877,0.122,0.23190069198608398,3.9288434982299805
0,54,0.9923535140954991,0.11513587380065538,0.14963889122009277,3.9288434982299805
0,55,0.9923517301773234,0.119,0.21728777885437012,3.9288434982299805
0,56,0.9896587287016032,0.11750000000000005,0.14045929908752441,3.9288434982299805
0,57,0.9898802520952514,0.11599999999999999,0.18320631980895996,3.9288434982299805
0,58,0.990411200838845,0.11450000000000005,0.1731419563293457,3.9288434982299805
0,59,0.9912837797589048,0.09795312957681013,0.16700172424316406,3.9288434982299805
0,60,0.9924059881547658,0.11150000000000004,0.11847972869873047,3.9288434982299805
0,61,0.9938119631993365,0.10999999999999999,0.15523290634155273,3.9288434982299805
0,62,0.9959502494939089,0.10850000000000004,0.16125178337097168,3.9288434982299805
0,63,0.9977868763500746,0.10699999999999998,0.15638947486877441,3.9288434982299805
0,64,0.9986259363621559,0.10550000000000004,0.08829402923583984,3.9288434982299805
0,65,0.9993630552002367,0.10399999999999998,0.07661581039428711,3.9288434982299805
0,66,1.0018098521645893,0.10250000000000004,0.15822482109069824,3.9288434982299805
0,67,1.0043700738964065,0.10099999999999998,0.15711116790771484,3.9288434982299805
0,68,1.0056534809749982,0.09950000000000003,0.0931544303894043,3.9288434982299805
0,69,1.0066464548823495,0.09799999999999998,0.06976461410522461,3.9288434982299805
0,70,1.0102310574002056,0.07933645347882101,0.16314435005187988,3.9288434982299805
0,71,1.0105809131493455,0.08469257357711257,0.05509591102600098,3.9288434982299805
0,72,1.013444960558012,0.08633931177187115,0.12010335922241211,3.9288434982299805
0,73,1.0140486726368398,0.08303377891328534,0.06597232818603516,3.9288434982299805
0,74,1.0193921513022035,0.07604165140334673,0.2459239959716797,3.9288434982299805
0,75,1.0202146718571674,0.08340296811792458,0.0680379867553711,3.9288434982299805
0,76,1.0224873325131074,0.08693947886495101,0.1039731502532959,3.9288434982299805
0,77,1.0237865606009997,0.08599999999999997,0.07567906379699707,3.9288434982299805
0,78,1.0277667500902785,0.08450000000000002,0.17466354370117188,3.9288434982299805
0,79,1.0294813326891967,0.08300000000000007,0.08458685874938965,3.9288434982299805
0,80,1.030898697345378,0.08150000000000002,0.07386183738708496,3.9288434982299805
0,81,1.018899163553138,0.08000000000000007,0.4282569885253906,3.9288434982299805
0,82,1.0185234916737889,0.07850000000000007,0.2810862064361572,3.9288434982299805
0,83,1.019219648667275,0.07700000000000007,0.2522597312927246,3.9288434982299805
0,84,1.020708166965488,0.07550000000000001,0.15518975257873535,3.9288434982299805
0,85,1.021040268937151,0.07400000000000007,0.21137261390686035,3.9288434982299805
0,86,1.0229493072221945,0.07250000000000001,0.13970613479614258,3.9288434982299805
0,87,1.024102786197778,0.07100000000000006,0.08936214447021484,3.9288434982299805
0,88,1.0263713557504253,0.0695,0.13800549507141113,3.9288434982299805
0,89,1.0266528331662923,0.06784487173274134,0.05646920204162598,3.9288434982299805
0,90,1.0285442799329947,0.0665,0.10712933540344238,3.9288434982299805
0,91,1.0306297439730354,0.06500000000000006,0.13940978050231934,3.9288434982299805
0,92,1.0322454654696118,0.0635,0.0895535945892334,3.9288434982299805
0,93,1.0332464465080415,0.062000000000000055,0.08796811103820801,3.9288434982299805
0,94,1.0352329316214774,0.0605,0.09760332107543945,3.9288434982299805
0,95,1.0378306394538932,0.05900000000000005,0.16905784606933594,3.9288434982299805
0,96,1.0400871465914006,0.057499999999999996,0.14671707153320312,3.9288434982299805
0,97,1.041551664168232,0.05600000000000005,0.08693599700927734,3.9288434982299805
0,98,1.042563151997093,0.05449999999999999,0.07892107963562012,3.9288434982299805
0,99,1.044981507997346,0.05300000000000005,0.1573021411895752,3.9288434982299805
0,100,1.0480185582187018,0.05149999999999999,0.1705179214477539,3.9288434982299805
0,101,1.049517076648025,0.050000000000000044,0.0913851261138916,3.9288434982299805
0,102,1.0516871883563503,0.04849999999999999,0.11757826805114746,3.9288434982299805
0,103,1.0528790269399537,0.04700000000000004,0.10687804222106934,3.9288434982299805
0,104,1.0561327446577713,0.045499999999999985,0.26118898391723633,3.9288434982299805
0,105,1.0573928084953756,0.04400000000000004,0.09380292892456055,3.9288434982299805
0,106,1.059084767990039,0.04249999999999998,0.09491515159606934,3.9288434982299805
0,107,1.0619770924252157,0.041000000000000036,0.2561464309692383,3.9288434982299805
0,108,1.0632038189697872,0.03949999999999998,0.09320974349975586,3.9288434982299805
0,109,1.0650309300459626,0.038000000000000034,0.10660743713378906,3.9288434982299805
0,110,1.0677693383536035,0.03649999999999998,0.27687883377075195,3.9288434982299805
0,111,1.0691224077009807,0.03500000000000003,0.10274600982666016,3.9288434982299805
0,112,1.0711185858461065,0.033499999999999974,0.12774443626403809,3.9288434982299805
0,113,1.0735968528595086,0.03200000000000003,0.280426025390625,3.9288434982299805
0,114,1.0749738301727163,0.030500000000000083,0.1081395149230957,3.9288434982299805
0,115,1.0770830117005614,0.029000000000000026,0.1695845127105713,3.9288434982299805
0,116,1.0791631905911387,0.02750000000000008,0.22785472869873047,3.9288434982299805
0,117,1.08123609348957,0.02600000000000008,0.22442269325256348,3.9288434982299805
0,118,1.083302859682783,0.024500000000000077,0.22129106521606445,3.9288434982299805
0,119,1.0851888461467527,0.023000000000000076,0.21020960807800293,3.9288434982299805
0,120,1.0873069947479965,0.021500000000000075,0.22150182723999023,3.9288434982299805
0,121,1.0318860407095496,0.020000000000000018,0.7606394290924072,3.9288434982299805
0,122,1.0311384737651137,0.020000000000000018,0.2940809726715088,3.9288434982299805
0,123,1.0307610846228632,0.020000000000000073,0.2876770496368408,3.9288434982299805
0,124,1.030561275900092,0.020000000000000018,0.15679025650024414,3.9288434982299805
0,125,1.030027248639474,0.020000000000000018,0.24328088760375977,3.9288434982299805
0,126,1.0298567422655172,0.020000000000000018,0.134230375289917,3.9288434982299805
0,127,1.0296214503269268,0.020000000000000073,0.15593886375427246,3.9288434982299805
0,128,1.0293539875303281,0.020000000000000018,0.15498757362365723,3.9288434982299805
0,129,1.0291562987507896,0.020000000000000073,0.1237478256225586,3.9288434982299805
0,130,1.0290399617349117,0.020000000000000018,0.09337472915649414,3.9288434982299805
0,131,1.028489264173574,0.020000000000000018,0.25657081604003906,3.9288434982299805
0,132,1.028408031722208,0.020000000000000018,0.07407379150390625,3.9288434982299805
0,133,1.0282620711190997,0.020000000000000018,0.0810089111328125,3.9288434982299805
0,134,1.027955850873429,0.020000000000000073,0.14091706275939941,3.9288434982299805
0,135,1.027778390618499,0.020000000000000018,0.0923149585723877,3.9288434982299805
0,136,1.0276765651302997,0.020000000000000073,0.0611879825592041,3.9288434982299805
0,137,1.0274839784941479,0.020000000000000018,0.10626530647277832,3.9288434982299805
0,138,1.0273080229540485,0.020000000000000018,0.07323241233825684,3.9288434982299805
0,139,1.0272416519740566,0.020000000000000018,0.05988883972167969,3.9288434982299805
0,140,1.027061681483759,0.020000000000000018,0.07492637634277344,3.9288434982299805
0,141,1.026820050966093,0.020000000000000018,0.10372757911682129,3.9288434982299805
0,142,1.026770627944079,0.020000000000000018,0.05014395713806152,3.9288434982299805
0,143,1.0265489883389198,0.020000000000000018,0.08878087997436523,3.9288434982299805
0,144,1.026516351062166,0.020000000000000018,0.04362201690673828,3.9288434982299805
0,145,1.0262354480969373,0.020000000000000018,0.10079598426818848,3.9288434982299805
0,146,1.026031961083778,0.020000000000000018,0.07184338569641113,3.9288434982299805
0,147,1.0259654589524976,0.020000000000000018,0.055140018463134766,3.9288434982299805
0,148,1.025928313151256,0.020000000000000018,0.043343305587768555,3.9288434982299805
0,149,1.0254310456652957,0.020000000000000018,0.1540219783782959,3.9288434982299805
0,150,1.0254059245388514,0.020000000000000018,0.04188680648803711,3.9288434982299805
0,1,0.6608511303905198,0.2,0.7237732410430908,3.9225106239318848
0,2,0.6589595313152811,0.19850000000000007,0.20516252517700195,3.9288434982299805
0,3,0.6608926649324676,0.19699999999999995,0.1317734718322754,3.9288434982299805
0,4,0.6638940912570065,0.17404027620293971,0.11989641189575195,3.9288434982299805
0,5,0.6687915456871287,0.1319785443291619,0.12462639808654785,3.9288434982299805
0,6,0.6730676330169123,0.12612296959556413,0.10203266143798828,3.9288434982299805
0,7,0.6784244723291979,0.11697820165322725,0.11811161041259766,3.9288434982299805
0,8,0.6840325805605896,0.07688026678294657,0.1285085678100586,3.9288434982299805
0,9,0.6878878708654304,0.07836592038052881,0.08670282363891602,3.9288434982299805
0,10,0.6944947194837872,0.08425706705308977,0.12112545967102051,3.9288434982299805
0,11,0.6991506544609218,0.09585836430464023,0.09036445617675781,3.9288434982299805
0,12,0.7050878524754912,0.0644632181266942,0.11629343032836914,3.9288434982299805
0,13,0.7117341528468757,0.06342999511918634,0.11537051200866699,3.9288434982299805
0,14,0.7155154982543539,0.06789928592599881,0.08093810081481934,3.9288434982299805
0,15,0.7219001585811725,0.07113972647370981,0.1063692569732666,3.9288434982299805
0,16,0.7264635826806086,0.062244548816661416,0.08597278594970703,3.9288434982299805
0,17,0.7331235353020813,0.04932648399742412,0.11917996406555176,3.9288434982299805
0,18,0.7405805944503389,0.04713132600354886,0.1296696662902832,3.9288434982299805
0,19,0.7448722716122125,0.050909562948444065,0.08803915977478027,3.9288434982299805
0,20,0.7516554326989155,0.0364673382601689,0.11116504669189453,3.9288434982299805
0,21,0.7565607803195609,0.04020841199235736,0.09069132804870605,3.9288434982299805
0,22,0.7634671181309417,0.0338271660098628,0.1168515682220459,3.9288434982299805
0,23,0.7708668988226517,0.03681237738692866,0.11961746215820312,3.9288434982299805
0,24,0.7753232831923957,0.03629538896545981,0.08158755302429199,3.9288434982299805
0,25,0.7826719656988732,0.03512332802867568,0.11132931709289551,3.9288434982299805
0,26,0.7878446277567895,0.0367525743366105,0.08971929550170898,3.9288434982299805
0,27,0.7951417982217014,0.03158046733890352,0.12753748893737793,3.9288434982299805
0,28,0.8024190837637459,0.03513593166079709,0.1265091896057129,3.9288434982299805
0,29,0.8072653686809569,0.026409160524527575,0.09413695335388184,3.9288434982299805
0,30,0.8148295406672084,0.030033290985338912,0.10776472091674805,3.9288434982299805
0,31,0.8200992614827136,0.03187248161180334,0.10078644752502441,3.9288434982299805
0,32,0.8275884878845758,0.03103383684733929,0.125046968460083,3.9288434982299805
0,33,0.8352491033611051,0.03413367583894289,0.14300894737243652,3.9288434982299805
0,34,0.8416632190441327,0.03374112882243541,0.11193680763244629,3.9288434982299805
0,35,0.8463947769044444,0.03372902134993838,0.08421611785888672,3.9288434982299805
0,36,0.8566835225776361,0.03329866824670202,0.15345025062561035,3.9288434982299805
0,37,0.8598667026015867,0.034643879741723005,0.07323813438415527,3.9288434982299805
0,38,0.8683834535082544,0.037547281607014926,0.17458391189575195,3.9288434982299805
0,39,0.8749965603828922,0.03867775192931566,0.13077592849731445,3.9288434982299805
0,40,0.8817903147647789,0.04169108504391417,0.12743330001831055,3.9288434982299805
0,41,0.9597010219684683,0.14,0.3979980945587158,3.9288434982299805
0,42,0.9636352255589182,0.11256816308481132,0.14037179946899414,3.9288434982299805
0,43,0.9678969535233433,0.0891402675799875,0.14616990089416504,3.9288434982299805
0,44,0.9743335752702531,0.08072412208261548,0.19502639770507812,3.9288434982299805
0,45,0.9778292697124971,0.1022148657241988,0.14967083930969238,3.9288434982299805
0,46,0.9814718744982555,0.11503964718138737,0.1491856575012207,3.9288434982299805
0,47,0.9862210121602261,0.09471235827373381,0.19102835655212402,3.9288434982299805
0,48,0.9885230683538362,0.11168045596869425,0.14643383026123047,3.9288434982299805
0,49,0.9918042144588781,0.128,0.20557594299316406,3.9288434982299805
0,50,0.9927544208408431,0.09888689609656642,0.16394901275634766,3.9288434982299805
0,51,0.9949174849550431,0.12216791494249613,0.20439839363098145,3.9288434982299805
0,52,0.9944148195454382,0.10864567107380407,0.14584875106811523,3.9288434982299805
0,53,0.995837906515439,0.122,0.2122354507446289,3.9288434982299805
0,54,0.9939800532136711,0.12050000000000005,0.1605205535888672,3.9288434982299805
0,55,0.9940363735721045,0.119,0.22151565551757812,3.9288434982299805
0,56,0.9912291269221036,0.11750000000000005,0.14339804649353027,3.9288434982299805
0,57,0.9911253865714992,0.11599999999999999,0.1800827980041504,3.9288434982299805
0,58,0.9912113047615312,0.11450000000000005,0.1657092571258545,3.9288434982299805
0,59,0.9919732442794729,0.10350187011536549,0.16649150848388672,3.9288434982299805
0,60,0.992996292201797,0.11150000000000004,0.12094807624816895,3.9288434982299805
0,61,0.9946496273635824,0.10999999999999999,0.16552281379699707,3.9288434982299805
0,62,0.9965703022258356,0.10850000000000004,0.16715335845947266,3.9288434982299805
0,63,0.9971730686378156,0.10699999999999998,0.07871532440185547,3.9288434982299805
0,64,0.9995404245235552,0.10550000000000004,0.17970609664916992,3.9288434982299805
0,65,1.0002324818676442,0.10399999999999998,0.07708978652954102,3.9288434982299805
0,66,1.0025576152723357,0.10250000000000004,0.1517183780670166,3.9288434982299805
0,67,1.0037596149589565,0.10099999999999998,0.09783601760864258,3.9288434982299805
0,68,1.0047701858572626,0.09950000000000003,0.09012269973754883,3.9288434982299805
0,69,1.0078792587697105,0.09799999999999998,0.1795053482055664,3.9288434982299805
0,70,1.01000409615532,0.08325804842623574,0.10195469856262207,3.9288434982299805
0,71,1.0110909356298023,0.08351803805655644,0.07203102111816406,3.9288434982299805
0,72,1.0147805562832004,0.08595135266302789,0.16939282417297363,3.9288434982299805
0,73,1.0163069533376667,0.09059370354974405,0.09172773361206055,3.9288434982299805
0,74,1.0181732331235567,0.07463301191521154,0.11904072761535645,3.9288434982299805
0,75,1.0185550518089999,0.08173636837532772,0.05568099021911621,3.9288434982299805
0,76,1.0228801564069832,0.08733230240644885,0.14066648483276367,3.9288434982299805
0,77,1.0234953228227384,0.08600000000000008,0.07039022445678711,3.9288434982299805
0,78,1.0285864772062716,0.08450000000000002,0.2398240566253662,3.9288434982299805
0,79,1.0297085110122854,0.08300000000000007,0.08790755271911621,3.9288434982299805
0,80,1.0318632909764163,0.08150000000000002,0.09000134468078613,3.9288434982299805
0,81,1.0191071815647368,0.08000000000000007,0.4588620662689209,3.9288434982299805
0,82,1.0187827803846004,0.07850000000000001,0.28998398780822754,3.9288434982299805
0,83,1.0194337251078482,0.07700000000000007,0.26749205589294434,3.9288434982299805
0,84,1.0208436040950417,0.07550000000000001,0.1539318561553955,3.9288434982299805
0,85,1.0217670253236792,0.07400000000000007,0.25478243827819824,3.9288434982299805
0,86,1.0226290572438785,0.07250000000000001,0.09443783760070801,3.9288434982299805
0,87,1.0248277918694355,0.07100000000000006,0.13700294494628906,3.9288434982299805
0,88,1.0258735459480952,0.0695,0.08285903930664062,3.9288434982299805
0,89,1.0275838911126824,0.06634046532452142,0.11681365966796875,3.9288434982299805
0,90,1.0291501154745868,0.0665,0.09040045738220215,3.9288434982299805
0,91,1.0309127594429608,0.06500000000000006,0.12241077423095703,3.9288434982299805
0,92,1.0323877052365378,0.0635,0.08002877235412598,3.9288434982299805
0,93,1.0342515493756366,0.061999999999999944,0.13126754760742188,3.9288434982299805
0,94,1.0359604825520545,0.0605,0.09154963493347168,3.9288434982299805
0,95,1.037837054522973,0.05900000000000005,0.12535333633422852,3.9288434982299805
0,96,1.0398936731777382,0.057499999999999996,0.13708806037902832,3.9288434982299805
0,97,1.0422161010265478,0.05600000000000005,0.15587568283081055,3.9288434982299805
0,98,1.0433655047622707,0.05449999999999999,0.07938456535339355,3.9288434982299805
0,99,1.0444316410225252,0.05300000000000005,0.07365775108337402,3.9288434982299805
0,100,1.0484744236581536,0.05149999999999999,0.2411496639251709,3.9288434982299805
0,101,1.049471099596801,0.050000000000000044,0.08525538444519043,3.9288434982299805
0,102,1.0515415885780013,0.04849999999999999,0.11691904067993164,3.9288434982299805
0,103,1.0528843772663425,0.04700000000000004,0.0881810188293457,3.9288434982299805
0,104,1.0560609866823683,0.045499999999999985,0.28097033500671387,3.9288434982299805
0,105,1.0573475066166367,0.04400000000000004,0.09265851974487305,3.9288434982299805
0,106,1.0591786368826206,0.04249999999999998,0.10651040077209473,3.9288434982299805
0,107,1.0618499335562082,0.041000000000000036,0.21140599250793457,3.9288434982299805
0,108,1.0627759561109493,0.03949999999999998,0.08666872978210449,3.9288434982299805
0,109,1.0652897272710202,0.038000000000000034,0.2069392204284668,3.9288434982299805
0,110,1.0673652780605094,0.03649999999999998,0.18759441375732422,3.9288434982299805
0,111,1.0690404402612226,0.03500000000000003,0.10632634162902832,3.9288434982299805
0,112,1.0712063285702487,0.033499999999999974,0.2061312198638916,3.9288434982299805
0,113,1.073312887593294,0.03200000000000003,0.20208311080932617,3.9288434982299805
0,114,1.0750715051156976,0.030500000000000083,0.1278829574584961,3.9288434982299805
0,115,1.077084425285928,0.029000000000000026,0.19768857955932617,3.9288434982299805
0,116,1.0792035507573647,0.02750000000000008,0.20824551582336426,3.9288434982299805
0,117,1.0811052895726658,0.026000000000000023,0.17619800567626953,3.9288434982299805
0,118,1.0831399967373962,0.024500000000000077,0.2070021629333496,3.9288434982299805
0,119,1.0851691566622672,0.02300000000000002,0.21810293197631836,3.9288434982299805
0,120,1.0873095298112379,0.021500000000000075,0.22286581993103027,3.9288434982299805
0,121,1.03185516865509,0.020000000000000073,0.7581844329833984,3.9288434982299805
0,122,1.031109232299797,0.020000000000000073,0.3119082450866699,3.9288434982299805
0,123,1.0307528455159607,0.020000000000000073,0.2800612449645996,3.9288434982299805
0,124,1.0305607871078286,0.020000000000000073,0.164900541305542,3.9288434982299805
0,125,1.0300221984780564,0.020000000000000018,0.26279616355895996,3.9288434982299805
0,126,1.0298544847736855,0.020000000000000018,0.14023876190185547,3.9288434982299805
0,127,1.0296268585032857,0.020000000000000073,0.15536284446716309,3.9288434982299805
0,128,1.029356231679762,0.020000000000000018,0.18475008010864258,3.9288434982299805
0,129,1.0291602134159104,0.020000000000000018,0.1387619972229004,3.9288434982299805
0,130,1.0290390900141948,0.020000000000000018,0.09871888160705566,3.9288434982299805
0,131,1.0284927142449671,0.020000000000000073,0.30903005599975586,3.9288434982299805
0,132,1.0284061645885032,0.020000000000000073,0.09234046936035156,3.9288434982299805
0,133,1.0282653218986433,0.020000000000000018,0.11151814460754395,3.9288434982299805
0,134,1.027981567344601,0.020000000000000018,0.1541748046875,3.9288434982299805
0,135,1.0278214402041197,0.020000000000000046,0.1068260669708252,3.9288434982299805
0,136,1.027730672727744,0.020000000000000018,0.08383321762084961,3.9288434982299805
0,137,1.0275552750771462,0.020000000000000018,0.10950303077697754,3.9288434982299805
0,138,1.027377917501453,0.020000000000000018,0.11102843284606934,3.9288434982299805
0,139,1.0273217655652727,0.020000000000000073,0.07943844795227051,3.9288434982299805
0,140,1.0270578507739438,0.020000000000000018,0.11713790893554688,3.9288434982299805
0,141,1.0268253467644541,0.020000000000000018,0.10839176177978516,3.9288434982299805
0,142,1.02677875667422,0.020000000000000018,0.04882001876831055,3.9288434982299805
0,143,1.026332547311883,0.020000000000000018,0.16036128997802734,3.9288434982299805
0,144,1.026305818646426,0.020000000000000073,0.04799365997314453,3.9288434982299805
0,145,1.026115320486719,0.020000000000000073,0.09182620048522949,3.9288434982299805
0,146,1.0260801341803145,0.020000000000000018,0.042173147201538086,3.9288434982299805
0,147,1.0257368952760713,0.020000000000000018,0.12153434753417969,3.9288434982299805
0,148,1.025707439280913,0.020000000000000018,0.04475235939025879,3.9288434982299805
0,149,1.0255389303239038,0.020000000000000018,0.08614683151245117,3.9288434982299805
0,150,1.0255164381929793,0.020000000000000018,0.04600977897644043,3.9288434982299805
0,1,0.6676998031761818,0.2,0.7201344966888428,3.9225106239318848
0,2,0.6657884151271969,0.1985,0.135026216506958,3.9288434982299805
0,3,0.6679643619804985,0.1894453081780273,0.10420584678649902,3.9288434982299805
0,4,0.6710369055956416,0.16795076186889413,0.09061789512634277,3.9288434982299805
0,5,0.6761985173141434,0.14676587907219496,0.1120610237121582,3.9288434982299805
0,6,0.680576125685063,0.12022089784355261,0.09375953674316406,3.9288434982299805
0,7,0.6860690970206038,0.11065205313470716,0.09960174560546875,3.9288434982299805
0,8,0.6918415261185791,0.09523812088850281,0.10238432884216309,3.9288434982299805
0,9,0.6975390028660817,0.07443562593795638,0.1151266098022461,3.9288434982299805
0,10,0.7012096112439721,0.07888750138652556,0.07709336280822754,3.9288434982299805
0,11,0.7100047254861153,0.08981300225912248,0.1365349292755127,3.9288434982299805
0,12,0.7119439267545875,0.06144980498737629,0.05267477035522461,3.9288434982299805
0,13,0.7206522306233861,0.057237531746334835,0.12997674942016602,3.9288434982299805
0,14,0.7261442270566058,0.06391870718167025,0.09182286262512207,3.9288434982299805
0,15,0.729832458416672,0.06668347678410191,0.07372283935546875,3.9288434982299805
0,16,0.736780777619656,0.0623540028106232,0.11193251609802246,3.9288434982299805
0,17,0.7442535224571465,0.06096209560936261,0.1264512538909912,3.9288434982299805
0,18,0.748761900163778,0.04538914053345344,0.0931389331817627,3.9288434982299805
0,19,0.7565461681610883,0.045756396037720304,0.12374138832092285,3.9288434982299805
0,20,0.761855279604358,0.049555121365569055,0.08490753173828125,3.9288434982299805
0,21,0.7659275503075325,0.04690110546463466,0.07462215423583984,3.9288434982299805
0,22,0.7766608840213425,0.03821433443748723,0.14155030250549316,3.9288434982299805
0,23,0.7792179198103435,0.03463867988910607,0.06368160247802734,3.9288434982299805
0,24,0.7885522814777359,0.03392584867041748,0.14705681800842285,3.9288434982299805
0,25,0.7945089876614062,0.0318773903041486,0.10743570327758789,3.9288434982299805
0,26,0.7987882332839302,0.03343115064609947,0.09119892120361328,3.9288434982299805
0,27,0.8098658024155766,0.0336839082262026,0.16910934448242188,3.9288434982299805
0,28,0.8130588557663585,0.03518726444111131,0.07417440414428711,3.9288434982299805
0,29,0.8198543080821528,0.02746170655277458,0.09529447555541992,3.9288434982299805
0,30,0.8300929810193496,0.029776025644038917,0.17551946640014648,3.9288434982299805
0,31,0.8333763446797016,0.030130301612393717,0.08219742774963379,3.9288434982299805
0,32,0.8401812271124847,0.029919061666261904,0.11203551292419434,3.9288434982299805
0,33,0.8504612549249045,0.030370037669387062,0.18774151802062988,3.9288434982299805
0,34,0.8541121006020069,0.03177774318139992,0.0833272933959961,3.9288434982299805
0,35,0.8611112080245498,0.03431758762257353,0.1243906021118164,3.9288434982299805
0,36,0.8712842511438752,0.03361054762512272,0.18946194648742676,3.9288434982299805
0,37,0.8745551883361571,0.035537747236707884,0.08017134666442871,3.9288434982299805
0,38,0.8833775196464055,0.036112453632351604,0.13487553596496582,3.9288434982299805
0,39,0.8901308579999521,0.04017277241529449,0.13140249252319336,3.9288434982299805
0,40,0.897312553896372,0.04303186712186391,0.12605714797973633,3.9288434982299805
0,41,0.981014704264675,0.14,0.3820197582244873,3.9288434982299805
0,42,0.9847139392255988,0.10435258986521412,0.12205338478088379,3.9288434982299805
0,43,0.9886356290365257,0.09603814993954252,0.15809869766235352,3.9288434982299805
0,44,0.9937036165300468,0.07985580657210345,0.16996216773986816,3.9288434982299805
0,45,0.9990797768699493,0.10067301404803042,0.18553423881530762,3.9288434982299805
0,46,1.0019364707428378,0.13106322097582457,0.14579486846923828,3.9288434982299805
0,47,1.0057288729708571,0.09396280033177429,0.19490337371826172,3.9288434982299805
0,48,1.0077311699022173,0.10778401561311679,0.15596365928649902,3.9288434982299805
0,49,1.0107957185910181,0.128,0.21198558807373047,3.9288434982299805
0,50,1.011204998028263,0.09909269557519096,0.1577620506286621,3.9288434982299805
0,51,1.0133866200685033,0.11908125870117814,0.24167180061340332,3.9288434982299805
0,52,1.0139067317203758,0.12350000000000005,0.23970508575439453,3.9288434982299805
0,53,1.0144866867953604,0.122,0.22566008567810059,3.9288434982299805
0,54,1.011550480735727,0.12050000000000005,0.1563868522644043,3.9288434982299805
0,55,1.0111767713653976,0.119,0.23051023483276367,3.9288434982299805
0,56,1.008808577640535,0.11750000000000005,0.17765092849731445,3.9288434982299805
0,57,1.0085407634429187,0.11599999999999999,0.19321918487548828,3.9288434982299805
0,58,1.0082126163746348,0.11450000000000005,0.1522505283355713,3.9288434982299805
0,59,1.0091202315689987,0.10584614486922428,0.18763041496276855,3.9288434982299805
0,60,1.0105471796297623,0.10200732070996937,0.19273090362548828,3.9288434982299805
0,61,1.0121412884154053,0.10999999999999999,0.18800663948059082,3.9288434982299805
0,62,1.012847091470551,0.10850000000000004,0.10588264465332031,3.9288434982299805
0,63,1.0135761077013432,0.10699999999999998,0.09595990180969238,3.9288434982299805
0,64,1.0175506952189903,0.10550000000000004,0.2779428958892822,3.9288434982299805
0,65,1.0184365587665232,0.10399999999999998,0.09913134574890137,3.9288434982299805
0,66,1.0197407611194196,0.10250000000000004,0.10843181610107422,3.9288434982299805
0,67,1.0206313353154273,0.10099999999999998,0.0895240306854248,3.9288434982299805
0,68,1.022615174092623,0.09950000000000003,0.10339927673339844,3.9288434982299805
0,69,1.0260532073240949,0.09799999999999998,0.1821269989013672,3.9288434982299805
0,70,1.0294695216416492,0.09622333958290452,0.1953907012939453,3.9288434982299805
0,71,1.0307360856741092,0.09499999999999997,0.07939791679382324,3.9288434982299805
0,72,1.0330542952557773,0.09350000000000003,0.12338900566101074,3.9288434982299805
0,73,1.0343572575641091,0.07782115788814126,0.11612701416015625,3.9288434982299805
0,74,1.0375846810581033,0.07976887009221889,0.17251181602478027,3.9288434982299805
0,75,1.0389953878542924,0.07760040622855302,0.09559321403503418,3.9288434982299805
0,76,1.0427904389394282,0.07940683720045172,0.20198941230773926,3.9288434982299805
0,77,1.043713185129087,0.08600000000000008,0.08451557159423828,3.9288434982299805
0,78,1.0472455679824866,0.08450000000000002,0.15047883987426758,3.9288434982299805
0,79,1.0479007459646068,0.08300000000000007,0.07872319221496582,3.9288434982299805
0,80,1.0529680750445674,0.08150000000000002,0.20975375175476074,3.9288434982299805
0,81,1.03936231155711,0.08000000000000007,0.49710798263549805,3.9288434982299805
0,82,1.0392846159916833,0.07850000000000001,0.31383442878723145,3.9288434982299805
0,83,1.0400780266882845,0.07700000000000007,0.3067445755004883,3.9288434982299805
0,84,1.0415881109399778,0.07550000000000001,0.1661386489868164,3.9288434982299805
0,85,1.0423867391378647,0.07399999999999995,0.26447510719299316,3.9288434982299805
0,86,1.0433668027411498,0.07250000000000001,0.09726738929748535,3.9288434982299805
0,87,1.0456500313943695,0.07100000000000006,0.1612992286682129,3.9288434982299805
0,88,1.0468132242061279,0.0695,0.10458755493164062,3.9288434982299805
0,89,1.0483719245609935,0.06383539852201886,0.11274480819702148,3.9288434982299805
0,90,1.0500158358209006,0.0665,0.09615254402160645,3.9288434982299805
0,91,1.0516839099465565,0.06500000000000006,0.12809348106384277,3.9288434982299805
0,92,1.0533122792688498,0.0635,0.09995222091674805,3.9288434982299805
0,93,1.0539201582826832,0.061999999999999944,0.07419753074645996,3.9288434982299805
0,94,1.0573458336007495,0.0605,0.1855182647705078,3.9288434982299805
0,95,1.0578036830947488,0.05900000000000005,0.06754469871520996,3.9288434982299805
0,96,1.0603269188993183,0.057499999999999996,0.13107752799987793,3.9288434982299805
0,97,1.061933512648637,0.05600000000000005,0.09906792640686035,3.9288434982299805
0,98,1.0638987856711575,0.05449999999999999,0.16448307037353516,3.9288434982299805
0,99,1.0663781932888865,0.05300000000000005,0.1991415023803711,3.9288434982299805
0,100,1.0677636618925814,0.05149999999999999,0.10307788848876953,3.9288434982299805
0,101,1.069914393607821,0.050000000000000044,0.12367701530456543,3.9288434982299805
0,102,1.0726988343361148,0.04849999999999999,0.19664931297302246,3.9288434982299805
0,103,1.0736557091195218,0.04700000000000004,0.08639287948608398,3.9288434982299805
0,104,1.0764252261464973,0.045499999999999985,0.21217584609985352,3.9288434982299805
0,105,1.0781368329442182,0.04400000000000004,0.13060259819030762,3.9288434982299805
0,106,1.0806188533493555,0.04249999999999998,0.20289301872253418,3.9288434982299805
0,107,1.0825306238484553,0.041000000000000036,0.1364138126373291,3.9288434982299805
0,108,1.0846561668246606,0.03949999999999998,0.17886638641357422,3.9288434982299805
0,109,1.0866789529687733,0.038000000000000034,0.20171546936035156,3.9288434982299805
0,110,1.0887947868444834,0.03649999999999998,0.2072925567626953,3.9288434982299805
0,111,1.0902508302029594,0.03500000000000003,0.11985373497009277,3.9288434982299805
0,112,1.0930745840661868,0.033499999999999974,0.2816455364227295,3.9288434982299805
0,113,1.0943889609242827,0.03200000000000003,0.11669731140136719,3.9288434982299805
0,114,1.0967676501208596,0.030500000000000083,0.22269248962402344,3.9288434982299805
0,115,1.0989725938535204,0.029000000000000026,0.22864437103271484,3.9288434982299805
0,116,1.1010056319412043,0.02750000000000008,0.22576475143432617,3.9288434982299805
0,117,1.1031425735021299,0.026000000000000023,0.22153687477111816,3.9288434982299805
0,118,1.105117362889462,0.024500000000000077,0.23242664337158203,3.9288434982299805
0,119,1.107327457006889,0.02300000000000002,0.25229573249816895,3.9288434982299805
0,120,1.109305533747338,0.021500000000000075,0.25342655181884766,3.9288434982299805
0,121,1.0525749596667564,0.020000000000000073,0.8473823070526123,3.9288434982299805
0,122,1.0518469066975837,0.020000000000000018,0.32556629180908203,3.9288434982299805
0,123,1.051516065381131,0.020000000000000073,0.29390835762023926,3.9288434982299805
0,124,1.051328291105348,0.020000000000000073,0.1907029151916504,3.9288434982299805
0,125,1.0507717521495512,0.020000000000000073,0.25858592987060547,3.9288434982299805
0,126,1.0506037193835995,0.020000000000000073,0.1705622673034668,3.9288434982299805
0,127,1.0503106410295553,0.020000000000000018,0.21570229530334473,3.9288434982299805
0,128,1.0502090227333518,0.020000000000000018,0.11128497123718262,3.9288434982299805
0,129,1.049675994006193,0.020000000000000018,0.29611968994140625,3.9288434982299805
0,130,1.0495761354831077,0.020000000000000018,0.09246349334716797,3.9288434982299805
0,131,1.0493901346525452,0.020000000000000018,0.12336850166320801,3.9288434982299805
0,132,1.049267065600958,0.020000000000000018,0.0939645767211914,3.9288434982299805
0,133,1.048999625469239,0.020000000000000018,0.15575218200683594,3.9288434982299805
0,134,1.0487690476318137,0.020000000000000018,0.13667702674865723,3.9288434982299805
0,135,1.0487196651305117,0.020000000000000018,0.06499838829040527,3.9288434982299805
0,136,1.0485548406303156,0.020000000000000018,0.08693814277648926,3.9288434982299805
0,137,1.0482396171544242,0.020000000000000018,0.17145037651062012,3.9288434982299805
0,138,1.0480438860166919,0.020000000000000018,0.09217953681945801,3.9288434982299805
0,139,1.0479677417158606,0.020000000000000018,0.0661928653717041,3.9288434982299805
0,140,1.047638461526069,0.020000000000000018,0.1451272964477539,3.9288434982299805
0,141,1.0474953109326426,0.020000000000000018,0.07906341552734375,3.9288434982299805
0,142,1.0474219111082261,0.020000000000000018,0.06326460838317871,3.9288434982299805
0,143,1.047258332099373,0.020000000000000073,0.08997941017150879,3.9288434982299805
0,144,1.047122923494805,0.020000000000000018,0.07365202903747559,3.9288434982299805
0,145,1.0470821884679529,0.020000000000000018,0.051146507263183594,3.9288434982299805
0,146,1.0467682466891766,0.020000000000000018,0.1356673240661621,3.9288434982299805
0,147,1.0467407480100241,0.020000000000000018,0.0542142391204834,3.9288434982299805
0,148,1.0466991464814335,0.020000000000000018,0.05534934997558594,3.9288434982299805
0,149,1.0462645083037345,0.020000000000000018,0.19336819648742676,3.9288434982299805
0,150,1.0462367041073293,0.020000000000000018,0.05459427833557129,3.9288434982299805
0,1,0.6677011285462808,0.2,0.9510650634765625,3.9225106239318848
0,2,0.6657201564247339,0.19850000000000007,0.15154552459716797,3.9288434982299805
0,3,0.6677816526895963,0.18902692837897683,0.10674095153808594,3.9288434982299805
0,4,0.6708663790875848,0.16456206301372156,0.08518600463867188,3.9288434982299805
0,5,0.6760856492715461,0.145675826245926,0.10926508903503418,3.9288434982299805
0,6,0.6806135517237379,0.11769154965128592,0.08346295356750488,3.9288434982299805
0,7,0.6860489394026381,0.11731237063971078,0.103759765625,3.9288434982299805
0,8,0.6919470606227276,0.09423335325781268,0.1057741641998291,3.9288434982299805
0,9,0.6975433916331848,0.07332787532520968,0.10956692695617676,3.9288434982299805
0,10,0.7012426845932982,0.07781566085240976,0.0771644115447998,3.9288434982299805
0,11,0.7082805785249953,0.08800617714513104,0.10118913650512695,3.9288434982299805
0,12,0.7134139519640743,0.06012767287468046,0.07605624198913574,3.9288434982299805
0,13,0.7196577792657101,0.05792639099704344,0.10880279541015625,3.9288434982299805
0,14,0.7266342465914873,0.06332119734560981,0.11642694473266602,3.9288434982299805
0,15,0.7302197757739445,0.06449016794053164,0.08099174499511719,3.9288434982299805
0,16,0.7372417970679991,0.06644676902034286,0.11235737800598145,3.9288434982299805
0,17,0.7421987150347236,0.06154894310596537,0.07967615127563477,3.9288434982299805
0,18,0.7493435847331927,0.047574900633150174,0.13144516944885254,3.9288434982299805
0,19,0.7569348045335953,0.045815928768554115,0.13004040718078613,3.9288434982299805
0,20,0.7609243734238154,0.04991678518565357,0.07792234420776367,3.9288434982299805
0,21,0.7680391877198173,0.042669903905607875,0.11841392517089844,3.9288434982299805
0,22,0.7736944284052412,0.03595586327389588,0.08641290664672852,3.9288434982299805
0,23,0.7809657865688762,0.03508402141303468,0.12194156646728516,3.9288434982299805
0,24,0.7887345734813416,0.0334583405525809,0.12292814254760742,3.9288434982299805
0,25,0.7930914095425572,0.03200944363055502,0.08901691436767578,3.9288434982299805
0,26,0.8005582420014001,0.03209727385577377,0.12292170524597168,3.9288434982299805
0,27,0.8063735088332973,0.033940708380295614,0.09807705879211426,3.9288434982299805
0,28,0.813851261691362,0.03390624113801444,0.1287686824798584,3.9288434982299805
0,29,0.8218709451483974,0.031516585809596154,0.13912153244018555,3.9288434982299805
0,30,0.8267174714991095,0.029500791976871388,0.09370017051696777,3.9288434982299805
0,31,0.8355196359175114,0.029313996008868082,0.15511536598205566,3.9288434982299805
0,32,0.841345517633836,0.030101540196291077,0.10446882247924805,3.9288434982299805
0,33,0.8459147602156898,0.03024196150380043,0.08297181129455566,3.9288434982299805
0,34,0.8576310344679908,0.031171439539543155,0.17162013053894043,3.9288434982299805
0,35,0.8611072378388893,0.034277046608539585,0.0778207778930664,3.9288434982299805
0,36,0.86953032964302,0.03371142871732691,0.14864134788513184,3.9288434982299805
0,37,0.8764470662876118,0.03391976885575598,0.14229512214660645,3.9288434982299805
0,38,0.8834367817363817,0.03504832277435044,0.11954379081726074,3.9288434982299805
0,39,0.8884676639305151,0.03960003045709959,0.10210633277893066,3.9288434982299805
0,40,0.8991918565539783,0.04218031377420939,0.18850040435791016,3.9288434982299805
0,41,0.9813120890817282,0.14,0.38095569610595703,3.9288434982299805
0,42,0.9850710586957405,0.10490517265507349,0.12823152542114258,3.9288434982299805
0,43,0.9889563590690964,0.09261950612735403,0.15618419647216797,3.9288434982299805
0,44,0.9952701439627332,0.07676909923397801,0.22736573219299316,3.9288434982299805
0,45,0.9985257332276529,0.09984970369991641,0.17080235481262207,3.9288434982299805
0,46,1.0031828973689212,0.12482928132579085,0.20213985443115234,3.9288434982299805
0,47,1.0057182143242007,0.09200187597256093,0.15964031219482422,3.9288434982299805
0,48,1.0092847052931893,0.10279758899300928,0.2327570915222168,3.9288434982299805
0,49,1.010548382741892,0.128,0.15900230407714844,3.9288434982299805
0,50,1.0131543904504645,0.10744612323517155,0.21823644638061523,3.9288434982299805
0,51,1.0128287348093459,0.11455800703551045,0.18628478050231934,3.9288434982299805
0,52,1.0161652993412091,0.12350000000000005,0.29641270637512207,3.9288434982299805
0,53,1.0139602828677305,0.122,0.15798282623291016,3.9288434982299805
0,54,1.0140665795242902,0.12050000000000005,0.23037099838256836,3.9288434982299805
0,55,1.0110361316262477,0.119,0.1832890510559082,3.9288434982299805
0,56,1.0110765452166968,0.11750000000000005,0.26788973808288574,3.9288434982299805
0,57,1.008915060553456,0.11599999999999999,0.11081123352050781,3.9288434982299805
0,58,1.0094710322697815,0.11450000000000005,0.2183549404144287,3.9288434982299805
0,59,1.0094338101228642,0.09952806794344049,0.0995330810546875,3.9288434982299805
0,60,1.0115814612803602,0.10119188954499775,0.305086612701416,3.9288434982299805
0,61,1.0119566137302662,0.10999999999999999,0.11901235580444336,3.9288434982299805
0,62,1.0137319287402824,0.10850000000000004,0.20449185371398926,3.9288434982299805
0,63,1.0143526307407928,0.10699999999999998,0.09593367576599121,3.9288434982299805
0,64,1.0170503903329378,0.10550000000000004,0.22430706024169922,3.9288434982299805
0,65,1.0172410283779416,0.10399999999999998,0.07711958885192871,3.9288434982299805
0,66,1.020915997645926,0.10250000000000004,0.23291397094726562,3.9288434982299805
0,67,1.021627152661626,0.10099999999999998,0.09850382804870605,3.9288434982299805
0,68,1.024281775586897,0.09950000000000003,0.14576101303100586,3.9288434982299805
0,69,1.0254480613480172,0.09799999999999998,0.10338377952575684,3.9288434982299805
0,70,1.0283553282601976,0.08943459440366075,0.17791271209716797,3.9288434982299805
0,71,1.030715432551136,0.09363805483077559,0.12295198440551758,3.9288434982299805
0,72,1.0323953918840125,0.09350000000000003,0.1304030418395996,3.9288434982299805
0,73,1.035352250886472,0.07585740438561395,0.2126457691192627,3.9288434982299805
0,74,1.0380413286514543,0.08039940205305107,0.12831974029541016,3.9288434982299805
0,75,1.0393647670439852,0.07809021504530522,0.08771991729736328,3.9288434982299805
0,76,1.0433531679471586,0.08023226610312628,0.19522500038146973,3.9288434982299805
0,77,1.045117155867313,0.0843810535020112,0.10082745552062988,3.9288434982299805
0,78,1.0474672920273864,0.08450000000000002,0.1093285083770752,3.9288434982299805
0,79,1.0489323139515254,0.08300000000000007,0.08803367614746094,3.9288434982299805
0,80,1.0527150441033435,0.08150000000000002,0.16258597373962402,3.9288434982299805
0,81,1.0396735462003195,0.08000000000000007,0.5342605113983154,3.9288434982299805
0,82,1.0396548413292583,0.07850000000000001,0.32948827743530273,3.9288434982299805
0,83,1.0404051187296055,0.07700000000000007,0.31239748001098633,3.9288434982299805
0,84,1.0419002211903794,0.07550000000000001,0.18684625625610352,3.9288434982299805
0,85,1.042647595147749,0.07399999999999995,0.27086639404296875,3.9288434982299805
0,86,1.0436016000634383,0.07250000000000001,0.10261797904968262,3.9288434982299805
0,87,1.045924608556832,0.07100000000000006,0.15097832679748535,3.9288434982299805
0,88,1.0470844785468494,0.0695,0.10185122489929199,3.9288434982299805
0,89,1.0486439749881917,0.06310503593033034,0.1212763786315918,3.9288434982299805
0,90,1.050348198684075,0.0665,0.10130548477172852,3.9288434982299805
0,91,1.051956712881588,0.06500000000000006,0.12594079971313477,3.9288434982299805
0,92,1.053465329717675,0.0635,0.08982443809509277,3.9288434982299805
0,93,1.0552617089505856,0.061999999999999944,0.13420915603637695,3.9288434982299805
0,94,1.057008302370332,0.0605,0.09304165840148926,3.9288434982299805
0,95,1.0577068717765183,0.05900000000000005,0.07068943977355957,3.9288434982299805
0,96,1.0613762283608437,0.057499999999999996,0.22146224975585938,3.9288434982299805
0,97,1.062010130945248,0.05600000000000005,0.13708734512329102,3.9288434982299805
0,98,1.064636819204448,0.05449999999999999,0.17831110954284668,3.9288434982299805
0,99,1.0662727857829608,0.05300000000000005,0.10694646835327148,3.9288434982299805
0,100,1.0671753718186818,0.05149999999999999,0.0725400447845459,3.9288434982299805
0,101,1.0710385201578771,0.050000000000000044,0.30138611793518066,3.9288434982299805
0,102,1.072202806195135,0.04849999999999999,0.0998833179473877,3.9288434982299805
0,103,1.0740541035360969,0.04700000000000004,0.10116958618164062,3.9288434982299805
0,104,1.0765085749324674,0.045499999999999985,0.14317989349365234,3.9288434982299805
0,105,1.0782597332172112,0.04400000000000004,0.19007039070129395,3.9288434982299805
0,106,1.0808334939188213,0.04249999999999998,0.2326970100402832,3.9288434982299805
0,107,1.082356105443325,0.041000000000000036,0.11292099952697754,3.9288434982299805
0,108,1.084945691610176,0.03949999999999998,0.19631028175354004,3.9288434982299805
0,109,1.086776941758155,0.038000000000000034,0.1270740032196045,3.9288434982299805
0,110,1.0888246988763108,0.03649999999999998,0.16174077987670898,3.9288434982299805
0,111,1.0908466797937935,0.03500000000000003,0.18646717071533203,3.9288434982299805
0,112,1.0929885405375868,0.033499999999999974,0.19232630729675293,3.9288434982299805
0,113,1.0944829948258934,0.03200000000000003,0.11012387275695801,3.9288434982299805
0,114,1.0972911701967485,0.030500000000000083,0.2680234909057617,3.9288434982299805
0,115,1.098705434589076,0.029000000000000026,0.11700177192687988,3.9288434982299805
0,116,1.1009835976329887,0.02750000000000008,0.22154712677001953,3.9288434982299805
0,117,1.1032325765405995,0.026000000000000023,0.22477126121520996,3.9288434982299805
0,118,1.1052231084450455,0.024500000000000077,0.22945737838745117,3.9288434982299805
0,119,1.1074053963179973,0.02300000000000002,0.22194862365722656,3.9288434982299805
0,120,1.109362120856579,0.021500000000000075,0.23372173309326172,3.9288434982299805
0,121,1.0526312834672762,0.020000000000000046,0.8021893501281738,3.9288434982299805
0,122,1.0519146970157824,0.020000000000000073,0.3217778205871582,3.9288434982299805
0,123,1.051557809681709,0.020000000000000018,0.2940945625305176,3.9288434982299805
0,124,1.0513786515409362,0.020000000000000073,0.18519878387451172,3.9288434982299805
0,125,1.0508135631973499,0.020000000000000073,0.25649285316467285,3.9288434982299805
0,126,1.0506408180739648,0.020000000000000073,0.14348149299621582,3.9288434982299805
0,127,1.0503178337305397,0.020000000000000073,0.20637726783752441,3.9288434982299805
0,128,1.050223309691193,0.020000000000000018,0.09499192237854004,3.9288434982299805
0,129,1.0497249310595218,0.020000000000000073,0.2493445873260498,3.9288434982299805
0,130,1.049633068247875,0.020000000000000018,0.09141850471496582,3.9288434982299805
0,131,1.0493670205782704,0.020000000000000018,0.15493059158325195,3.9288434982299805
0,132,1.049250870557524,0.020000000000000073,0.09464383125305176,3.9288434982299805
0,133,1.0491785896576378,0.020000000000000018,0.06441545486450195,3.9288434982299805
0,134,1.0488951977639733,0.020000000000000073,0.15943145751953125,3.9288434982299805
0,135,1.0488574156765094,0.020000000000000018,0.0500035285949707,3.9288434982299805
0,136,1.048505294047723,0.020000000000000018,0.16456842422485352,3.9288434982299805
0,137,1.0484627785747564,0.020000000000000046,0.08032941818237305,3.9288434982299805
0,138,1.0480251051753613,0.020000000000000018,0.18976283073425293,3.9288434982299805
0,139,1.0479873968765765,0.020000000000000018,0.04419112205505371,3.9288434982299805
0,140,1.0477584530210986,0.020000000000000018,0.08315873146057129,3.9288434982299805
0,141,1.0477203529562475,0.020000000000000018,0.04382133483886719,3.9288434982299805
0,142,1.0474031278922897,0.020000000000000018,0.09852886199951172,3.9288434982299805
0,143,1.0473676394699423,0.020000000000000018,0.041399478912353516,3.9288434982299805
0,144,1.0472060836271782,0.020000000000000073,0.08746170997619629,3.9288434982299805
0,145,1.0467957298053192,0.020000000000000018,0.14805889129638672,3.9288434982299805
0,146,1.0467565523491897,0.020000000000000018,0.04722929000854492,3.9288434982299805
0,147,1.0466020120746928,0.020000000000000018,0.09568548202514648,3.9288434982299805
0,148,1.0465714401119475,0.020000000000000018,0.0445713996887207,3.9288434982299805
0,149,1.0464332044604818,0.020000000000000018,0.06781363487243652,3.9288434982299805
0,150,1.0463021487559336,0.020000000000000018,0.09712624549865723,3.9288434982299805
0,1,0.6924391530823096,0.2,0.8584771156311035,3.9225106239318848
0,2,0.6904790074187785,0.1985,0.1531507968902588,3.9288434982299805
0,3,0.693256509709176,0.1867624811492814,0.12307858467102051,3.9288434982299805
0,4,0.696705798116537,0.15480610593947852,0.08108353614807129,3.9288434982299805
0,5,0.7041774449588045,0.1668186410698469,0.13187456130981445,3.9288434982299805
0,6,0.7063255519729144,0.10476398846386126,0.0649261474609375,3.9288434982299805
0,7,0.716204163433645,0.10551195522255497,0.1355273723602295,3.9288434982299805
0,8,0.7186418850930785,0.11560676657434532,0.05744814872741699,3.9288434982299805
0,9,0.7254904402112637,0.09594907997617486,0.09395909309387207,3.9288434982299805
0,10,0.734493160557735,0.061529954055890235,0.10761356353759766,3.9288434982299805
0,11,0.7362625994774393,0.07085192805142371,0.05184531211853027,3.9288434982299805
0,12,0.7480013805566026,0.07428651564573518,0.1515185832977295,3.9288434982299805
0,13,0.7508095387868465,0.08400402034830323,0.06688499450683594,3.9288434982299805
0,14,0.7577471511657407,0.0457159556099167,0.09686493873596191,3.9288434982299805
0,15,0.767979242269103,0.047130189808651246,0.15234875679016113,3.9288434982299805
0,16,0.7709658949541263,0.05335883129742214,0.06186723709106445,3.9288434982299805
0,17,0.7779321772047574,0.05611394696326866,0.08837103843688965,3.9288434982299805
0,18,0.7875952996148181,0.05417997556703036,0.14010071754455566,3.9288434982299805
0,19,0.7908157497882464,0.05703869478226331,0.07940030097961426,3.9288434982299805
0,20,0.8009715944436773,0.048362559315372255,0.12746858596801758,3.9288434982299805
0,21,0.808364364752049,0.05462808076318215,0.11116647720336914,3.9288434982299805
0,22,0.8134516967676839,0.04492773690588092,0.0820930004119873,3.9288434982299805
0,23,0.8225414558457391,0.037976422996761405,0.14602899551391602,3.9288434982299805
0,24,0.8300467082920361,0.04312519092815781,0.12178277969360352,3.9288434982299805
0,25,0.8357441539123129,0.04778978525033328,0.08211135864257812,3.9288434982299805
0,26,0.8466755900851521,0.050206558223518494,0.14946222305297852,3.9288434982299805
0,27,0.8504717537830804,0.03206376908439479,0.07750296592712402,3.9288434982299805
0,28,0.8602214855932002,0.031178745859274715,0.12070989608764648,3.9288434982299805
0,29,0.8677507154475803,0.031214873626843498,0.11490941047668457,3.9288434982299805
0,30,0.8756672584043088,0.032922651876128084,0.11537575721740723,3.9288434982299805
0,31,0.8832669659433381,0.03160769725589674,0.11964035034179688,3.9288434982299805
0,32,0.8912428896734315,0.030737678413539582,0.11700654029846191,3.9288434982299805
0,33,0.8991033149832828,0.03291448272794295,0.12052321434020996,3.9288434982299805
0,34,0.9069711691308434,0.036609112978833624,0.11947488784790039,3.9288434982299805
0,35,0.9148321019072545,0.034747950922248916,0.116973876953125,3.9288434982299805
0,36,0.9226847163986478,0.03820449460186193,0.11721944808959961,3.9288434982299805
0,37,0.9305175542310278,0.03829765989716016,0.12247586250305176,3.9288434982299805
0,38,0.9385751454945748,0.04087578530752456,0.14068603515625,3.9288434982299805
0,39,0.9465138390637815,0.03885670315459944,0.12193894386291504,3.9288434982299805
0,40,0.9540932039740473,0.04502686833910041,0.1408679485321045,3.9288434982299805
0,41,1.0598097232730446,0.14,0.4203176498413086,3.9288434982299805
0,42,1.0623568376687942,0.08358291557559949,0.13953018188476562,3.9288434982299805
0,43,1.0658884913788214,0.0955902969934107,0.1819305419921875,3.9288434982299805
0,44,1.068267746556402,0.09978434088317956,0.15411853790283203,3.9288434982299805
0,45,1.0737523273765603,0.12696763233707076,0.24812984466552734,3.9288434982299805
0,46,1.0742016626755384,0.12744361520380054,0.15155553817749023,3.9288434982299805
0,47,1.0782554452244515,0.131,0.2645561695098877,3.9288434982299805
0,48,1.0771900594744783,0.11652641521019125,0.15631628036499023,3.9288434982299805
0,49,1.0808927664660084,0.11887565394255217,0.27803683280944824,3.9288434982299805
0,50,1.0797736123734087,0.12650000000000006,0.23012375831604004,3.9288434982299805
0,51,1.081078669991242,0.125,0.27602458000183105,3.9288434982299805
0,52,1.0794064848458644,0.12350000000000005,0.22013425827026367,3.9288434982299805
0,53,1.079827025677381,0.122,0.29604029655456543,3.9288434982299805
0,54,1.077135192233925,0.12050000000000005,0.21567392349243164,3.9288434982299805
0,55,1.0730916776026955,0.119,0.15703892707824707,3.9288434982299805
0,56,1.0734370244822435,0.11750000000000005,0.29624271392822266,3.9288434982299805
0,57,1.0718137462264647,0.11599999999999999,0.11481165885925293,3.9288434982299805
0,58,1.0730538693866938,0.10017701973746329,0.2434380054473877,3.9288434982299805
0,59,1.073988780045916,0.10395179001298482,0.20361042022705078,3.9288434982299805
0,60,1.0754224176368883,0.09540805542803099,0.18280696868896484,3.9288434982299805
0,61,1.0767084143427788,0.08402297797591263,0.11757850646972656,3.9288434982299805
0,62,1.0786293915269636,0.09468037585541456,0.17795276641845703,3.9288434982299805
0,63,1.0813634036391182,0.10699999999999998,0.1747121810913086,3.9288434982299805
0,64,1.0826064286650343,0.10550000000000004,0.09383225440979004,3.9288434982299805
0,65,1.0858187077232317,0.10399999999999998,0.1821269989013672,3.9288434982299805
0,66,1.086728921513879,0.10250000000000004,0.07569599151611328,3.9288434982299805
0,67,1.0907632285815667,0.0816513343647357,0.18662214279174805,3.9288434982299805
0,68,1.092552563140742,0.09065112857847835,0.09666299819946289,3.9288434982299805
0,69,1.093688530396299,0.09799999999999998,0.0726010799407959,3.9288434982299805
0,70,1.0988148911025561,0.09650000000000003,0.20018768310546875,3.9288434982299805
0,71,1.0997718066471767,0.08071642334078277,0.07091569900512695,3.9288434982299805
0,72,1.104374103278431,0.0887059939779059,0.185316801071167,3.9288434982299805
0,73,1.1063235473750206,0.07360096856610143,0.08812832832336426,3.9288434982299805
0,74,1.1078912433325083,0.07899439561314137,0.08073806762695312,3.9288434982299805
0,75,1.1122985754775774,0.08899999999999997,0.11719202995300293,3.9288434982299805
0,76,1.113083297419173,0.08750000000000002,0.06364846229553223,3.9288434982299805
0,77,1.1187882861668164,0.08600000000000008,0.20409202575683594,3.9288434982299805
0,78,1.121407940331585,0.08450000000000002,0.11600303649902344,3.9288434982299805
0,79,1.123436938344692,0.08218257300556009,0.08549165725708008,3.9288434982299805
0,80,1.1277573520443571,0.08150000000000002,0.1316852569580078,3.9288434982299805
0,81,1.1168969628663774,0.08000000000000007,0.5472819805145264,3.9288434982299805
0,82,1.1180979833523286,0.07850000000000007,0.29265737533569336,3.9288434982299805
0,83,1.1192275248701555,0.07700000000000007,0.2755608558654785,3.9288434982299805
0,84,1.1216096390353414,0.07550000000000001,0.1889052391052246,3.9288434982299805
0,85,1.1218691318837806,0.07400000000000007,0.323467493057251,3.9288434982299805
0,86,1.1236320950305796,0.07250000000000001,0.12063336372375488,3.9288434982299805
0,87,1.1252271585027531,0.07099999999999995,0.3529953956604004,3.9288434982299805
0,88,1.1268753242841603,0.0695,0.11252951622009277,3.9288434982299805
0,89,1.129690201289194,0.06800000000000006,0.13849782943725586,3.9288434982299805
0,90,1.1315563938028408,0.0665,0.2416057586669922,3.9288434982299805
0,91,1.1327728056306041,0.06500000000000006,0.08617639541625977,3.9288434982299805
0,92,1.135809965071317,0.0635,0.14561748504638672,3.9288434982299805
0,93,1.1372047843593986,0.062000000000000055,0.10215353965759277,3.9288434982299805
0,94,1.13989461194703,0.0605,0.13312768936157227,3.9288434982299805
0,95,1.1412372665534498,0.05900000000000005,0.08514261245727539,3.9288434982299805
0,96,1.144189840613467,0.057499999999999996,0.16398954391479492,3.9288434982299805
0,97,1.1456349888299466,0.05600000000000005,0.09085607528686523,3.9288434982299805
0,98,1.1487776286619915,0.05449999999999999,0.16634821891784668,3.9288434982299805
0,99,1.1492772218725547,0.05300000000000005,0.07444167137145996,3.9288434982299805
0,100,1.153470218797077,0.05149999999999999,0.25317859649658203,3.9288434982299805
0,101,1.1546353065348245,0.050000000000000044,0.08697032928466797,3.9288434982299805
0,102,1.1575992470793683,0.04849999999999999,0.17241549491882324,3.9288434982299805
0,103,1.1599554398617897,0.04700000000000004,0.17969703674316406,3.9288434982299805
0,104,1.1624863691669443,0.045499999999999985,0.20884251594543457,3.9288434982299805
0,105,1.1639398642416956,0.04400000000000004,0.10790562629699707,3.9288434982299805
0,106,1.1671253863743716,0.04249999999999998,0.20210933685302734,3.9288434982299805
0,107,1.1693975738203273,0.041000000000000036,0.20685267448425293,3.9288434982299805
0,108,1.1719363684080566,0.03949999999999998,0.17721128463745117,3.9288434982299805
0,109,1.173693941654819,0.038000000000000034,0.1083517074584961,3.9288434982299805
0,110,1.1770570376214813,0.03649999999999998,0.3077573776245117,3.9288434982299805
0,111,1.1785697540948672,0.03500000000000003,0.10743904113769531,3.9288434982299805
0,112,1.1811403384868928,0.033499999999999974,0.1767292022705078,3.9288434982299805
0,113,1.1835854140095812,0.03200000000000003,0.20872139930725098,3.9288434982299805
0,114,1.1860853533845166,0.030500000000000083,0.24384546279907227,3.9288434982299805
0,115,1.18797643558526,0.029000000000000026,0.14028429985046387,3.9288434982299805
0,116,1.1910929693194312,0.02750000000000008,0.33678245544433594,3.9288434982299805
0,117,1.1929004141404511,0.026000000000000023,0.14551734924316406,3.9288434982299805
0,118,1.1958204339806813,0.024500000000000077,0.3468925952911377,3.9288434982299805
0,119,1.197663967662356,0.02300000000000002,0.14813947677612305,3.9288434982299805
0,120,1.2005476270483895,0.021500000000000075,0.3361377716064453,3.9288434982299805
0,121,1.137864781224415,0.020000000000000073,0.9037232398986816,3.9288434982299805
0,122,1.137062023689203,0.020000000000000018,0.41062378883361816,3.9288434982299805
0,123,1.136591442944803,0.020000000000000018,0.351992130279541,3.9288434982299805
0,124,1.1359817628262818,0.020000000000000073,0.39807748794555664,3.9288434982299805
0,125,1.1358055055922809,0.020000000000000018,0.14281201362609863,3.9288434982299805
0,126,1.1352449455192277,0.020000000000000018,0.2637627124786377,3.9288434982299805
0,127,1.1350224058197744,0.020000000000000018,0.16687989234924316,3.9288434982299805
0,128,1.1345966202854756,0.020000000000000018,0.21784543991088867,3.9288434982299805
0,129,1.1343448353261087,0.020000000000000018,0.1519763469696045,3.9288434982299805
0,130,1.134196983533294,0.020000000000000018,0.10803031921386719,3.9288434982299805
0,131,1.1335861918998993,0.020000000000000018,0.30623817443847656,3.9288434982299805
0,132,1.133483824924033,0.020000000000000018,0.08172225952148438,3.9288434982299805
0,133,1.133283687224881,0.020000000000000018,0.09726548194885254,3.9288434982299805
0,134,1.1330159225776546,0.020000000000000073,0.122100830078125,3.9288434982299805
0,135,1.132980855240303,0.020000000000000018,0.06404781341552734,3.9288434982299805
0,136,1.1324526028892699,0.020000000000000018,0.22400426864624023,3.9288434982299805
0,137,1.1323833418384295,0.020000000000000018,0.06477546691894531,3.9288434982299805
0,138,1.132217361099951,0.020000000000000018,0.09184503555297852,3.9288434982299805
0,139,1.1319902372067179,0.020000000000000018,0.0788888931274414,3.9288434982299805
0,140,1.1319536911106103,0.020000000000000018,0.0537409782409668,3.9288434982299805
0,141,1.1314982732996919,0.020000000000000073,0.15206551551818848,3.9288434982299805
0,142,1.131482804722852,0.020000000000000018,0.048876047134399414,3.9288434982299805
0,143,1.1312607219043826,0.020000000000000018,0.11687159538269043,3.9288434982299805
0,144,1.1312497484211625,0.020000000000000018,0.040955305099487305,3.9288434982299805
0,145,1.1311314056737896,0.020000000000000018,0.07761740684509277,3.9288434982299805
0,146,1.1311000419625548,0.020000000000000018,0.046237945556640625,3.9288434982299805
0,147,1.1304618121685355,0.020000000000000018,0.23572087287902832,3.9288434982299805
0,148,1.1304517682458708,0.020000000000000018,0.05104541778564453,3.9288434982299805
0,149,1.1303883731268938,0.020000000000000018,0.07043695449829102,3.9288434982299805
0,150,1.1303765848640066,0.020000000000000073,0.04072427749633789,3.9288434982299805
0,1,0.6923840897280142,0.2,0.996410608291626,3.9225106239318848
0,2,0.6904276459302585,0.1985,0.15503406524658203,3.9288434982299805
0,3,0.6931361011589278,0.19277495269545508,0.11688756942749023,3.9288434982299805
0,4,0.6979146978431874,0.15358109209970316,0.10788726806640625,3.9288434982299805
0,5,0.7019375868375368,0.16586333284430366,0.10270476341247559,3.9288434982299805
0,6,0.7079308234242279,0.09968863269718686,0.10819005966186523,3.9288434982299805
0,7,0.7143996024278996,0.10576960311797612,0.1212913990020752,3.9288434982299805
0,8,0.7206032053738575,0.11502118670245232,0.1092219352722168,3.9288434982299805
0,9,0.7250400831698841,0.09787707556903602,0.07624268531799316,3.9288434982299805
0,10,0.7346554862388274,0.06802344412395789,0.1334397792816162,3.9288434982299805
0,11,0.7368231156803662,0.06924228030012913,0.06285834312438965,3.9288434982299805
0,12,0.746325766524276,0.07406529615290613,0.15598249435424805,3.9288434982299805
0,13,0.7524036710509562,0.08111058833564144,0.13910555839538574,3.9288434982299805
0,14,0.7566755790402321,0.05253547969387762,0.08917689323425293,3.9288434982299805
0,15,0.7675767073247983,0.04562959257966348,0.15688204765319824,3.9288434982299805
0,16,0.7701130638438636,0.05203569603041891,0.059027910232543945,3.9288434982299805
0,17,0.7800129892492991,0.05293276364060273,0.13360333442687988,3.9288434982299805
0,18,0.7862250558456099,0.052949040359856814,0.0977332592010498,3.9288434982299805
0,19,0.7907624155136831,0.055494677356940136,0.08050918579101562,3.9288434982299805
0,20,0.8019649135232079,0.05467010306427689,0.14483213424682617,3.9288434982299805
0,21,0.8051117018300289,0.053379089795567936,0.0740203857421875,3.9288434982299805
0,22,0.8155654245788637,0.04828994661794428,0.15748953819274902,3.9288434982299805
0,23,0.8230289925314275,0.038052328621856146,0.1182558536529541,3.9288434982299805
0,24,0.8282678241919035,0.043044795320711704,0.08294057846069336,3.9288434982299805
0,25,0.8392497809427272,0.04527881794626509,0.15482544898986816,3.9288434982299805
0,26,0.8430046827921771,0.04971753536686352,0.09395980834960938,3.9288434982299805
0,27,0.8541478706861123,0.0320013237219271,0.1508488655090332,3.9288434982299805
0,28,0.8579236378426196,0.030413281135781123,0.0764615535736084,3.9288434982299805
0,29,0.869834645323541,0.03129312423088093,0.16604185104370117,3.9288434982299805
0,30,0.8736486998133707,0.03254601529839929,0.09654664993286133,3.9288434982299805
0,31,0.8854879833533151,0.030687264092715716,0.1771376132965088,3.9288434982299805
0,32,0.8893945950795813,0.03143767590448454,0.07837986946105957,3.9288434982299805
0,33,0.9011856088903594,0.03249649391214626,0.17046904563903809,3.9288434982299805
0,34,0.9050763961200629,0.034488896938591584,0.08030033111572266,3.9288434982299805
0,35,0.9169934449701241,0.03376625350311446,0.16967058181762695,3.9288434982299805
0,36,0.9209879711951732,0.03475689668764825,0.09290671348571777,3.9288434982299805
0,37,0.9327822199388958,0.03885125645907661,0.18558454513549805,3.9288434982299805
0,38,0.9366511055599416,0.04220187671193909,0.09178566932678223,3.9288434982299805
0,39,0.948500013678217,0.03827935721835163,0.1795337200164795,3.9288434982299805
0,40,0.9523400690082926,0.044210400192220334,0.09294819831848145,3.9288434982299805
0,41,1.0605031263571068,0.14,0.45566248893737793,3.9288434982299805
0,42,1.063106817153685,0.08342785652174989,0.14659523963928223,3.9288434982299805
0,43,1.066695641011335,0.09409590760892506,0.2311255931854248,3.9288434982299805
0,44,1.0691832216566581,0.09511738963733019,0.16191554069519043,3.9288434982299805
0,45,1.0746414853568897,0.12039339805266736,0.23664212226867676,3.9288434982299805
0,46,1.0751909632529402,0.12170273041574697,0.15703678131103516,3.9288434982299805
0,47,1.0793280742625704,0.131,0.26216650009155273,3.9288434982299805
0,48,1.0783206817813569,0.11525941796075778,0.16914963722229004,3.9288434982299805
0,49,1.0820662260678837,0.11789967385001432,0.28391027450561523,3.9288434982299805
0,50,1.081063656455651,0.12650000000000006,0.23482394218444824,3.9288434982299805
0,51,1.0824462095025733,0.125,0.2958076000213623,3.9288434982299805
0,52,1.080775437488737,0.12350000000000005,0.22733378410339355,3.9288434982299805
0,53,1.0812763955992546,0.122,0.30898475646972656,3.9288434982299805
0,54,1.0786882393282418,0.12050000000000005,0.21696686744689941,3.9288434982299805
0,55,1.0745977289944537,0.119,0.19729828834533691,3.9288434982299805
0,56,1.0751496362448236,0.11750000000000005,0.3836500644683838,3.9288434982299805
0,57,1.0730125647854076,0.11599999999999999,0.15878629684448242,3.9288434982299805
0,58,1.073981885195657,0.10765504132678194,0.28121232986450195,3.9288434982299805
0,59,1.074673391305864,0.10266040621602068,0.2253882884979248,3.9288434982299805
0,60,1.0760590207676963,0.0933988967825986,0.23038268089294434,3.9288434982299805
0,61,1.0772489613427678,0.08572897001442625,0.13739562034606934,3.9288434982299805
0,62,1.079172568164741,0.09697004504415485,0.18174314498901367,3.9288434982299805
0,63,1.081827667871018,0.10699999999999998,0.17892050743103027,3.9288434982299805
0,64,1.083346889293797,0.10550000000000004,0.1322474479675293,3.9288434982299805
0,65,1.0845513137571707,0.10399999999999998,0.1023111343383789,3.9288434982299805
0,66,1.0876562943412837,0.10250000000000004,0.16410350799560547,3.9288434982299805
0,67,1.0913980795106255,0.07975763388029822,0.18855977058410645,3.9288434982299805
0,68,1.0930447955103668,0.08980892215977332,0.09806704521179199,3.9288434982299805
0,69,1.0951564109625733,0.09799999999999998,0.09907197952270508,3.9288434982299805
0,70,1.09552128125346,0.09650000000000003,0.07302498817443848,3.9288434982299805
0,71,1.101857194967296,0.08250185355895356,0.23012375831604004,3.9288434982299805
0,72,1.103007381958232,0.08413680525316813,0.0834357738494873,3.9288434982299805
0,73,1.1074683729373755,0.07018771860577078,0.1894979476928711,3.9288434982299805
0,74,1.1084387390745878,0.08287364189153668,0.07476544380187988,3.9288434982299805
0,75,1.112379869581186,0.08899999999999997,0.12671732902526855,3.9288434982299805
0,76,1.1142342550750344,0.08750000000000002,0.0917367935180664,3.9288434982299805
0,77,1.1186018249902774,0.08600000000000008,0.1302323341369629,3.9288434982299805
0,78,1.1205780209308416,0.08450000000000002,0.09748077392578125,3.9288434982299805
0,79,1.125140458638926,0.08299999999999996,0.2076282501220703,3.9288434982299805
0,80,1.127636556944517,0.08150000000000002,0.10996484756469727,3.9288434982299805
0,81,1.117135436121429,0.08000000000000007,0.6591832637786865,3.9288434982299805
0,82,1.1181791686092555,0.07850000000000001,0.34119153022766113,3.9288434982299805
0,83,1.1193874571425697,0.07700000000000007,0.31802821159362793,3.9288434982299805
0,84,1.1208291305351605,0.07550000000000001,0.3117554187774658,3.9288434982299805
0,85,1.1233161856758174,0.07400000000000001,0.19247794151306152,3.9288434982299805
0,86,1.1237452958410499,0.07250000000000001,0.28881335258483887,3.9288434982299805
0,87,1.1254981335112406,0.07099999999999995,0.12218070030212402,3.9288434982299805
0,88,1.1277534249372116,0.0695,0.2871663570404053,3.9288434982299805
0,89,1.1291969150069812,0.06800000000000006,0.10798430442810059,3.9288434982299805
0,90,1.1320681560317967,0.0665,0.1651911735534668,3.9288434982299805
0,91,1.1337065425421433,0.06500000000000006,0.11535024642944336,3.9288434982299805
0,92,1.1363268995026343,0.0635,0.1506338119506836,3.9288434982299805
0,93,1.1369795186458376,0.062000000000000055,0.0713186264038086,3.9288434982299805
0,94,1.1405685700235184,0.0605,0.15891242027282715,3.9288434982299805
0,95,1.1412504016004381,0.05900000000000005,0.08067107200622559,3.9288434982299805
0,96,1.1448123494019633,0.057499999999999996,0.19084954261779785,3.9288434982299805
0,97,1.1462668163638847,0.05600000000000005,0.09487509727478027,3.9288434982299805
0,98,1.1482387286892284,0.05449999999999999,0.14687800407409668,3.9288434982299805
0,99,1.1505289132148033,0.05300000000000005,0.11383581161499023,3.9288434982299805
0,100,1.1528984050141196,0.05149999999999999,0.15618395805358887,3.9288434982299805
0,101,1.1552737583384713,0.050000000000000044,0.17132806777954102,3.9288434982299805
0,102,1.1579564965043896,0.04849999999999999,0.1739211082458496,3.9288434982299805
0,103,1.1594372183403092,0.04700000000000004,0.10032176971435547,3.9288434982299805
0,104,1.1632314297375994,0.045499999999999985,0.28641700744628906,3.9288434982299805
0,105,1.1643905263234613,0.04400000000000004,0.09542632102966309,3.9288434982299805
0,106,1.1672438510855463,0.04249999999999998,0.18462181091308594,3.9288434982299805
0,107,1.169594549387368,0.041000000000000036,0.19657611846923828,3.9288434982299805
0,108,1.172098146030783,0.03949999999999998,0.21101665496826172,3.9288434982299805
0,109,1.1737878929455117,0.038000000000000034,0.10653305053710938,3.9288434982299805
0,110,1.1772582248379315,0.03649999999999998,0.3030397891998291,3.9288434982299805
0,111,1.1787256104714177,0.03500000000000003,0.10612225532531738,3.9288434982299805
0,112,1.1813177222990707,0.033499999999999974,0.17869782447814941,3.9288434982299805
0,113,1.1837827962018221,0.03200000000000003,0.2039034366607666,3.9288434982299805
0,114,1.186309160285584,0.030500000000000083,0.22757220268249512,3.9288434982299805
0,115,1.1883390119731874,0.029000000000000026,0.13593721389770508,3.9288434982299805
0,116,1.19138469672533,0.02750000000000008,0.3280327320098877,3.9288434982299805
0,117,1.1932164849388966,0.02600000000000008,0.13208293914794922,3.9288434982299805
0,118,1.1961031046800712,0.024500000000000077,0.332625150680542,3.9288434982299805
0,119,1.197962131361733,0.02300000000000002,0.13811087608337402,3.9288434982299805
0,120,1.2008588696158413,0.021500000000000075,0.34064388275146484,3.9288434982299805
0,121,1.1382161868403968,0.020000000000000073,0.8989436626434326,3.9288434982299805
0,122,1.1374163884682993,0.020000000000000073,0.37955546379089355,3.9288434982299805
0,123,1.1368940777796503,0.020000000000000018,0.42870593070983887,3.9288434982299805
0,124,1.136394151845458,0.020000000000000018,0.29445981979370117,3.9288434982299805
0,125,1.1362187389234486,0.020000000000000018,0.1884019374847412,3.9288434982299805
0,126,1.135524089924367,0.020000000000000046,0.3362610340118408,3.9288434982299805
0,127,1.1353521925600345,0.020000000000000018,0.12001872062683105,3.9288434982299805
0,128,1.1348420510169646,0.020000000000000018,0.2639930248260498,3.9288434982299805
0,129,1.1346503067847427,0.020000000000000018,0.16200709342956543,3.9288434982299805
0,130,1.134510276623136,0.020000000000000018,0.11084413528442383,3.9288434982299805
0,131,1.1339847985732612,0.020000000000000018,0.2736523151397705,3.9288434982299805
0,132,1.1338783352956265,0.020000000000000018,0.1181180477142334,3.9288434982299805
0,133,1.1336021592930052,0.020000000000000018,0.15785598754882812,3.9288434982299805
0,134,1.133453243822749,0.020000000000000018,0.0888364315032959,3.9288434982299805
0,135,1.1333762820370987,0.020000000000000018,0.06971335411071777,3.9288434982299805
0,136,1.1329730590657436,0.020000000000000018,0.19664216041564941,3.9288434982299805
0,137,1.1326100851408585,0.020000000000000073,0.18775200843811035,3.9288434982299805
0,138,1.1325643229601585,0.020000000000000018,0.05376124382019043,3.9288434982299805
0,139,1.132310583167285,0.020000000000000018,0.09445619583129883,3.9288434982299805
0,140,1.1322772290842447,0.020000000000000018,0.044719696044921875,3.9288434982299805
0,141,1.1319397323900569,0.020000000000000073,0.11655759811401367,3.9288434982299805
0,142,1.1319147955721873,0.020000000000000018,0.044040679931640625,3.9288434982299805
0,143,1.131566072864243,0.020000000000000018,0.12965083122253418,3.9288434982299805
0,144,1.1315461983486217,0.020000000000000018,0.04406547546386719,3.9288434982299805
0,145,1.131339028720566,0.020000000000000018,0.0927736759185791,3.9288434982299805
0,146,1.1313166274795585,0.020000000000000018,0.04556846618652344,3.9288434982299805
0,147,1.1308521915346672,0.020000000000000073,0.15004253387451172,3.9288434982299805
0,148,1.1308413643947037,0.020000000000000018,0.04399728775024414,3.9288434982299805
0,149,1.1307701922122038,0.020000000000000018,0.06832337379455566,3.9288434982299805
0,150,1.130587331361788,0.020000000000000018,0.10163998603820801,3.9288434982299805
0,1,0.7040918999299273,0.2,0.9432663917541504,3.9225106239318848
0,2,0.7021860467518632,0.1985,0.14774727821350098,3.9288434982299805
0,3,0.7051414800326554,0.19700000000000006,0.13295555114746094,3.9288434982299805
0,4,0.7088266180419143,0.13614092467651728,0.09011602401733398,3.9288434982299805
0,5,0.716844558864099,0.1529677059997081,0.13111662864685059,3.9288434982299805
0,6,0.7191825034269281,0.11882178514120056,0.0670175552368164,3.9288434982299805
0,7,0.729473933149144,0.09514048303071942,0.149336576461792,3.9288434982299805
0,8,0.7321298425478678,0.10788598829337048,0.07856488227844238,3.9288434982299805
0,9,0.7393347131113037,0.08982729450503513,0.1000821590423584,3.9288434982299805
0,10,0.7455328847815335,0.08019437567058041,0.09638762474060059,3.9288434982299805
0,11,0.7534489080399589,0.060439757137260686,0.1305832862854004,3.9288434982299805
0,12,0.7614136848463617,0.06898440986801246,0.14614462852478027,3.9288434982299805
0,13,0.7659776168439622,0.0723926912820162,0.09232068061828613,3.9288434982299805
0,14,0.7740780513972805,0.07763222054867369,0.10926461219787598,3.9288434982299805
0,15,0.7803438886415452,0.04611874520953341,0.09664511680603027,3.9288434982299805
0,16,0.7883873536851519,0.047275349101432496,0.14997267723083496,3.9288434982299805
0,17,0.7970316086275713,0.04774020781379007,0.14307141304016113,3.9288434982299805
0,18,0.8024471771489936,0.049740192550800866,0.10320043563842773,3.9288434982299805
0,19,0.8109092513570952,0.05216645089589289,0.1307826042175293,3.9288434982299805
0,20,0.8179307741334544,0.05009433769292271,0.12267231941223145,3.9288434982299805
0,21,0.8267810698910576,0.04727036519419492,0.14293360710144043,3.9288434982299805
0,22,0.83472937760178,0.05025271970634537,0.12598109245300293,3.9288434982299805
0,23,0.8401617498042939,0.04562728596429866,0.10124564170837402,3.9288434982299805
0,24,0.8518486483151928,0.05022117414704974,0.21068191528320312,3.9288434982299805
0,25,0.8557548664026216,0.036772544422916664,0.08438801765441895,3.9288434982299805
0,26,0.8678373087250992,0.04135590208290241,0.172929048538208,3.9288434982299805
0,27,0.871836421826476,0.04397803429340097,0.08718299865722656,3.9288434982299805
0,28,0.8839933217865796,0.04984092399950946,0.17877864837646484,3.9288434982299805
0,29,0.8881160526241711,0.05311487451129271,0.08013296127319336,3.9288434982299805
0,30,0.9004778341797064,0.03351531321193424,0.15904784202575684,3.9288434982299805
0,31,0.9047146410149793,0.033543599108869615,0.0939645767211914,3.9288434982299805
0,32,0.9171340210412136,0.03526189271607283,0.2211928367614746,3.9288434982299805
0,33,0.9213730153508535,0.03465467532091038,0.1204996109008789,3.9288434982299805
0,34,0.9338887586857743,0.03551393398197766,0.18762969970703125,3.9288434982299805
0,35,0.9381301892110565,0.03538597090156903,0.0930783748626709,3.9288434982299805
0,36,0.9506128509328144,0.036454466280814835,0.17763972282409668,3.9288434982299805
0,37,0.9548025012304662,0.03963100407022491,0.0885617733001709,3.9288434982299805
0,38,0.9673917314994833,0.044775394456170625,0.19451117515563965,3.9288434982299805
0,39,0.9716413967217438,0.039613111630231956,0.11166548728942871,3.9288434982299805
0,40,0.9837705942197562,0.04378094584380743,0.19434380531311035,3.9288434982299805
0,41,1.0983420403449937,0.14,0.45101237297058105,3.9288434982299805
0,42,1.1000380205953189,0.09293582066496309,0.16850590705871582,3.9288434982299805
0,43,1.103145693322674,0.10419450056171742,0.19525742530822754,3.9288434982299805
0,44,1.1044910612110321,0.09071325783449435,0.18146753311157227,3.9288434982299805
0,45,1.1096738573306624,0.1117420267487852,0.2636449337005615,3.9288434982299805
0,46,1.1089224448966326,0.13250000000000006,0.16869330406188965,3.9288434982299805
0,47,1.1127837307060633,0.131,0.28619837760925293,3.9288434982299805
0,48,1.110418373758747,0.12426563282701253,0.1703047752380371,3.9288434982299805
0,49,1.1142793564506306,0.11036135195998154,0.2957296371459961,3.9288434982299805
0,50,1.1121483863676764,0.12649999999999995,0.24547767639160156,3.9288434982299805
0,51,1.1134925526564454,0.125,0.31467747688293457,3.9288434982299805
0,52,1.1109383026190753,0.12350000000000005,0.24557971954345703,3.9288434982299805
0,53,1.1111484838606152,0.122,0.31339192390441895,3.9288434982299805
0,54,1.1076887166862706,0.12050000000000005,0.23276567459106445,3.9288434982299805
0,55,1.103226937900247,0.119,0.16048312187194824,3.9288434982299805
0,56,1.1037419375766637,0.11750000000000005,0.31313610076904297,3.9288434982299805
0,57,1.1022554127983493,0.11599999999999999,0.1225881576538086,3.9288434982299805
0,58,1.1034544872690932,0.10351458256444257,0.2396714687347412,3.9288434982299805
0,59,1.1043670944310775,0.10447272159516652,0.2074723243713379,3.9288434982299805
0,60,1.105696931229017,0.09364110560499506,0.2062528133392334,3.9288434982299805
0,61,1.1066453975664374,0.10549620241829594,0.13689160346984863,3.9288434982299805
0,62,1.1073272510482388,0.09273916991848374,0.10320329666137695,3.9288434982299805
0,63,1.1125956201427112,0.10133841259102094,0.3068220615386963,3.9288434982299805
0,64,1.1137462082472003,0.10550000000000004,0.0941007137298584,3.9288434982299805
0,65,1.1157640102594155,0.10399999999999998,0.1007680892944336,3.9288434982299805
0,66,1.1185228744850955,0.10250000000000004,0.16908788681030273,3.9288434982299805
0,67,1.1228461363743492,0.10099999999999998,0.21859216690063477,3.9288434982299805
0,68,1.1245880506125119,0.09016192328031347,0.09867167472839355,3.9288434982299805
0,69,1.1284727127495167,0.08187377057619438,0.19951701164245605,3.9288434982299805
0,70,1.131072088618453,0.08987873695717541,0.11452412605285645,3.9288434982299805
0,71,1.1325155402924478,0.09499999999999997,0.0843205451965332,3.9288434982299805
0,72,1.137849560746051,0.08965009544170732,0.2663605213165283,3.9288434982299805
0,73,1.1416431948147194,0.09199999999999997,0.24136853218078613,3.9288434982299805
0,74,1.144210649239226,0.07013828513522902,0.12093353271484375,3.9288434982299805
0,75,1.1471419229232858,0.07658778271871458,0.1204226016998291,3.9288434982299805
0,76,1.1490615497440193,0.08227526633765092,0.09411072731018066,3.9288434982299805
0,77,1.1532343111451364,0.08398103738123786,0.22723865509033203,3.9288434982299805
0,78,1.1584585638778837,0.08450000000000002,0.22539424896240234,3.9288434982299805
0,79,1.1611002724768427,0.08299999999999996,0.12141251564025879,3.9288434982299805
0,80,1.1628359821470666,0.08150000000000002,0.0878911018371582,3.9288434982299805
0,81,1.1532501876050392,0.08000000000000007,0.6089375019073486,3.9288434982299805
0,82,1.15565970012665,0.07850000000000001,0.21334600448608398,3.9288434982299805
0,83,1.155669922515178,0.07700000000000001,0.31789350509643555,3.9288434982299805
0,84,1.157565587413687,0.07550000000000001,0.18915963172912598,3.9288434982299805
0,85,1.1591801952783973,0.07400000000000007,0.12780070304870605,3.9288434982299805
0,86,1.1618315023852723,0.07250000000000001,0.1486659049987793,3.9288434982299805
0,87,1.1633695275577896,0.07099999999999995,0.10787129402160645,3.9288434982299805
0,88,1.1654323893855794,0.0695,0.12887883186340332,3.9288434982299805
0,89,1.167779258936465,0.06604212286604572,0.13697385787963867,3.9288434982299805
0,90,1.1704641880099458,0.0665,0.18915438652038574,3.9288434982299805
0,91,1.1729519579958962,0.06094553826863225,0.14838767051696777,3.9288434982299805
0,92,1.1746200372344795,0.06288721707897549,0.11483025550842285,3.9288434982299805
0,93,1.178329819341779,0.05708353538690336,0.15903806686401367,3.9288434982299805
0,94,1.1791502803312155,0.05216342434180543,0.12980389595031738,3.9288434982299805
0,95,1.183884615896851,0.055531901339541445,0.277087926864624,3.9288434982299805
0,96,1.1852272442263636,0.057499999999999996,0.10938000679016113,3.9288434982299805
0,97,1.1886298528153931,0.05600000000000005,0.22832107543945312,3.9288434982299805
0,98,1.191280794499396,0.05450000000000005,0.20703434944152832,3.9288434982299805
0,99,1.1928658934333187,0.05300000000000005,0.11970305442810059,3.9288434982299805
0,100,1.197536469450733,0.05149999999999999,0.3739798069000244,3.9288434982299805
0,101,1.1993052179832286,0.050000000000000044,0.12315750122070312,3.9288434982299805
0,102,1.2017913799623337,0.04849999999999999,0.11768031120300293,3.9288434982299805
0,103,1.2048474460113014,0.04700000000000004,0.2572798728942871,3.9288434982299805
0,104,1.2077114898471617,0.045499999999999985,0.2710537910461426,3.9288434982299805
0,105,1.2099317527361753,0.04400000000000004,0.14583730697631836,3.9288434982299805
0,106,1.2128760760242936,0.04249999999999998,0.2720932960510254,3.9288434982299805
0,107,1.2158717746523324,0.041000000000000036,0.2794501781463623,3.9288434982299805
0,108,1.2179841046346276,0.03949999999999998,0.14858675003051758,3.9288434982299805
0,109,1.2208462322412021,0.038000000000000034,0.2752547264099121,3.9288434982299805
0,110,1.22380761129497,0.03649999999999998,0.2728097438812256,3.9288434982299805
0,111,1.2261493557602314,0.03500000000000003,0.24997997283935547,3.9288434982299805
0,112,1.228157962373614,0.0335,0.12509942054748535,3.9288434982299805
0,113,1.231646550548406,0.03200000000000003,0.3671987056732178,3.9288434982299805
0,114,1.2334372430292504,0.030500000000000083,0.14364218711853027,3.9288434982299805
0,115,1.236094410382878,0.029000000000000026,0.276198148727417,3.9288434982299805
0,116,1.238965967306529,0.02750000000000008,0.32831239700317383,3.9288434982299805
0,117,1.2412009086913318,0.026000000000000023,0.25946879386901855,3.9288434982299805
0,118,1.243884822481886,0.024500000000000077,0.2815084457397461,3.9288434982299805
0,119,1.246196682656033,0.023000000000000076,0.3087441921234131,3.9288434982299805
0,120,1.24877672430886,0.021500000000000075,0.3349952697753906,3.9288434982299805
0,121,1.1847819070975434,0.020000000000000073,1.0023984909057617,3.9288434982299805
0,122,1.1839635807685482,0.020000000000000046,0.3577864170074463,3.9288434982299805
0,123,1.1833070800621344,0.020000000000000073,0.3462224006652832,3.9288434982299805
0,124,1.182919561106253,0.020000000000000073,0.254016637802124,3.9288434982299805
0,125,1.1820809645817536,0.020000000000000073,0.3104369640350342,3.9288434982299805
0,126,1.1814531943695297,0.020000000000000073,0.26525306701660156,3.9288434982299805
0,127,1.1809593063734032,0.020000000000000073,0.18181705474853516,3.9288434982299805
0,128,1.1806165496346015,0.020000000000000018,0.14318370819091797,3.9288434982299805
0,129,1.1797033325966164,0.020000000000000018,0.32778072357177734,3.9288434982299805
0,130,1.1795551153605697,0.020000000000000018,0.10695672035217285,3.9288434982299805
0,131,1.1789612411222514,0.020000000000000073,0.18329906463623047,3.9288434982299805
0,132,1.1786018060350112,0.020000000000000018,0.17286467552185059,3.9288434982299805
0,133,1.178127550606356,0.020000000000000018,0.22007155418395996,3.9288434982299805
0,134,1.1775146944051966,0.020000000000000018,0.27187681198120117,3.9288434982299805
0,135,1.1772856231299944,0.020000000000000018,0.10119509696960449,3.9288434982299805
0,136,1.176976504372191,0.020000000000000018,0.10575151443481445,3.9288434982299805
0,137,1.1767742011994902,0.020000000000000018,0.0987691879272461,3.9288434982299805
0,138,1.1761048107126277,0.020000000000000018,0.18870782852172852,3.9288434982299805
0,139,1.1760409850324525,0.020000000000000018,0.08931636810302734,3.9288434982299805
0,140,1.1758267951143049,0.020000000000000018,0.10234999656677246,3.9288434982299805
0,141,1.1747861428007194,0.020000000000000018,0.3269612789154053,3.9288434982299805
0,142,1.17465778941779,0.020000000000000018,0.12276124954223633,3.9288434982299805
0,143,1.1744388943937112,0.020000000000000073,0.10491752624511719,3.9288434982299805
0,144,1.1741940855006687,0.020000000000000018,0.09822535514831543,3.9288434982299805
0,145,1.173922787627952,0.020000000000000018,0.10726499557495117,3.9288434982299805
0,146,1.1736842815716386,0.020000000000000018,0.11909699440002441,3.9288434982299805
0,147,1.1731989087324655,0.020000000000000018,0.16565608978271484,3.9288434982299805
0,148,1.173068109305534,0.020000000000000018,0.08420395851135254,3.9288434982299805
0,149,1.1724229835966573,0.020000000000000073,0.2364974021911621,3.9288434982299805
0,150,1.1722512404911696,0.020000000000000018,0.10004138946533203,3.9288434982299805
0,1,0.7035241479450018,0.2,0.7753636837005615,3.9225106239318848
0,2,0.7019344812499085,0.19850000000000007,0.13019824028015137,3.9288434982299805
0,3,0.7050002491677225,0.19700000000000006,0.09938573837280273,3.9288434982299805
0,4,0.7102702744962703,0.13270334859347233,0.10162520408630371,3.9288434982299805
0,5,0.7144547076726334,0.14587803518434772,0.08214950561523438,3.9288434982299805
0,6,0.7207632547159989,0.13300039051191825,0.10120058059692383,3.9288434982299805
0,7,0.7276444945663814,0.09089098605346813,0.1054987907409668,3.9288434982299805
0,8,0.7324276608411677,0.103392085368887,0.07928991317749023,3.9288434982299805
0,9,0.7406469794330938,0.09763015915221729,0.10631465911865234,3.9288434982299805
0,10,0.746495772018523,0.09120620945358116,0.08618855476379395,3.9288434982299805
0,11,0.7536812208005829,0.060572323024982944,0.11612772941589355,3.9288434982299805
0,12,0.7614218940623058,0.06324780661632634,0.13160157203674316,3.9288434982299805
0,13,0.7662950180533263,0.06992728572218176,0.08067178726196289,3.9288434982299805
0,14,0.774503526084546,0.0723792469596507,0.10920047760009766,3.9288434982299805
0,15,0.7802596930041229,0.07136956065200672,0.09331130981445312,3.9288434982299805
0,16,0.7885298927051749,0.041515692506619906,0.12944722175598145,3.9288434982299805
0,17,0.79718134260393,0.04458084581421251,0.12410187721252441,3.9288434982299805
0,18,0.80255872548716,0.04583145435925928,0.08277440071105957,3.9288434982299805
0,19,0.8116424727058895,0.05107116990480198,0.11878347396850586,3.9288434982299805
0,20,0.8183438089557753,0.04952989075729475,0.09140944480895996,3.9288434982299805
0,21,0.8254788947298682,0.04972230705091385,0.10622525215148926,3.9288434982299805
0,22,0.8345015970947645,0.044941747720068315,0.12989163398742676,3.9288434982299805
0,23,0.8426135482093168,0.04871557801752424,0.11304330825805664,3.9288434982299805
0,24,0.8481302662231383,0.046855562144594076,0.08223938941955566,3.9288434982299805
0,25,0.8600181071375859,0.03512450485960239,0.1556684970855713,3.9288434982299805
0,26,0.8640275170682759,0.03850667646120909,0.08083462715148926,3.9288434982299805
0,27,0.8760258052992727,0.043019575172427715,0.16222453117370605,3.9288434982299805
0,28,0.8801505004082099,0.046335881586511696,0.08010411262512207,3.9288434982299805
0,29,0.892409447692225,0.05202030320682616,0.15630745887756348,3.9288434982299805
0,30,0.8964854227184798,0.031708790835453304,0.07582831382751465,3.9288434982299805
0,31,0.9090586757724057,0.033179683553725026,0.1548912525177002,3.9288434982299805
0,32,0.9132974477691506,0.032873402885309266,0.08258700370788574,3.9288434982299805
0,33,0.9259026569845498,0.03456422286240268,0.15655899047851562,3.9288434982299805
0,34,0.9301751977938796,0.03403026250223451,0.08760857582092285,3.9288434982299805
0,35,0.9427165944709582,0.034835816356663996,0.154876708984375,3.9288434982299805
0,36,0.9469871638657616,0.03407927181485493,0.09965801239013672,3.9288434982299805
0,37,0.9595391422340809,0.03620010220323466,0.16495513916015625,3.9288434982299805
0,38,0.963770528819811,0.03987628123266562,0.09798192977905273,3.9288434982299805
0,39,0.9764419655605086,0.0442723801442928,0.1995546817779541,3.9288434982299805
0,40,0.980788043083701,0.03987822304298061,0.08855128288269043,3.9288434982299805
0,41,1.1008166875248975,0.14,0.40535593032836914,3.9288434982299805
0,42,1.102753991920872,0.09205516464960439,0.14937067031860352,3.9288434982299805
0,43,1.1059874632392028,0.09993481184280295,0.19064807891845703,3.9288434982299805
0,44,1.1075932075621457,0.08996356669386951,0.16501116752624512,3.9288434982299805
0,45,1.1128306246976978,0.10026252905759514,0.2456512451171875,3.9288434982299805
0,46,1.112307702272395,0.12684542920938424,0.17022013664245605,3.9288434982299805
0,47,1.1164108058991244,0.131,0.27719855308532715,3.9288434982299805
0,48,1.1142213238339869,0.12949999999999995,0.1587543487548828,3.9288434982299805
0,49,1.118077352361051,0.128,0.2774190902709961,3.9288434982299805
0,50,1.1159964662273572,0.12351645058712823,0.2232060432434082,3.9288434982299805
0,51,1.117412338541413,0.125,0.30252957344055176,3.9288434982299805
0,52,1.114874513131229,0.12350000000000005,0.2236614227294922,3.9288434982299805
0,53,1.1155035459648444,0.122,0.291914701461792,3.9288434982299805
0,54,1.1121676911290366,0.12050000000000005,0.22173690795898438,3.9288434982299805
0,55,1.1096592128684817,0.119,0.23196005821228027,3.9288434982299805
0,56,1.1079556522641265,0.11750000000000005,0.21216583251953125,3.9288434982299805
0,57,1.1046172820552833,0.11599999999999999,0.13083577156066895,3.9288434982299805
0,58,1.1062226770229229,0.11450000000000005,0.3002142906188965,3.9288434982299805
0,59,1.1058231698719854,0.11299999999999999,0.11594676971435547,3.9288434982299805
0,60,1.1072008184576498,0.09585489883996923,0.19614911079406738,3.9288434982299805
0,61,1.1076338748087613,0.10554611609682785,0.08927106857299805,3.9288434982299805
0,62,1.111744974473038,0.10657484038863319,0.2987971305847168,3.9288434982299805
0,63,1.1125204961808561,0.10699999999999998,0.08059859275817871,3.9288434982299805
0,64,1.1145762408607498,0.10550000000000004,0.1048126220703125,3.9288434982299805
0,65,1.1174070216960095,0.10399999999999998,0.16404342651367188,3.9288434982299805
0,66,1.1213459649202493,0.10250000000000004,0.18518304824829102,3.9288434982299805
0,67,1.1230475714933417,0.095721195076097,0.08801984786987305,3.9288434982299805
0,68,1.1272165575622317,0.0854777791837491,0.19177675247192383,3.9288434982299805
0,69,1.128261171082222,0.08280626108030964,0.07139778137207031,3.9288434982299805
0,70,1.133230801035602,0.08997904641816379,0.1921675205230713,3.9288434982299805
0,71,1.1354487666938116,0.09499999999999997,0.10814070701599121,3.9288434982299805
0,72,1.1371275587297978,0.09350000000000003,0.08403921127319336,3.9288434982299805
0,73,1.1416190716088068,0.08150091108322088,0.1910078525543213,3.9288434982299805
0,74,1.146444949821959,0.08584528997929275,0.24132561683654785,3.9288434982299805
0,75,1.148708718566037,0.06625890245817168,0.11803197860717773,3.9288434982299805
0,76,1.1520031511706257,0.0722208664293511,0.12198448181152344,3.9288434982299805
0,77,1.154295094460612,0.07855665433081405,0.11121535301208496,3.9288434982299805
0,78,1.1589198033067403,0.08169192882084442,0.22682809829711914,3.9288434982299805
0,79,1.1633358509322678,0.08300000000000007,0.24429893493652344,3.9288434982299805
0,80,1.165940552929472,0.08150000000000002,0.11546802520751953,3.9288434982299805
0,81,1.1560301790547205,0.08000000000000007,0.6531107425689697,3.9288434982299805
0,82,1.157065723326438,0.07850000000000001,0.26427125930786133,3.9288434982299805
0,83,1.1592495889958245,0.07700000000000007,0.18375706672668457,3.9288434982299805
0,84,1.1596610338919349,0.07550000000000001,0.2654690742492676,3.9288434982299805
0,85,1.1614266706525131,0.07400000000000001,0.12567853927612305,3.9288434982299805
0,86,1.1629051916402542,0.07250000000000001,0.08972811698913574,3.9288434982299805
0,87,1.1655673397243764,0.07100000000000006,0.13745999336242676,3.9288434982299805
0,88,1.1670776974921622,0.0695,0.09795427322387695,3.9288434982299805
0,89,1.169317918517172,0.06800000000000006,0.10555219650268555,3.9288434982299805
0,90,1.1715175815165808,0.0665,0.08830857276916504,3.9288434982299805
0,91,1.174106141535621,0.06151892931257863,0.16048431396484375,3.9288434982299805
0,92,1.1769970374220502,0.0635,0.12427544593811035,3.9288434982299805
0,93,1.1785852729829407,0.05661883805605483,0.08440351486206055,3.9288434982299805
0,94,1.182259142738664,0.05188474775003393,0.13402843475341797,3.9288434982299805
0,95,1.1831176739689226,0.052483150318413996,0.09029364585876465,3.9288434982299805
0,96,1.187942671938442,0.05584213575322183,0.296006441116333,3.9288434982299805
0,97,1.189699692710168,0.05600000000000005,0.10033559799194336,3.9288434982299805
0,98,1.1921850195193078,0.05449999999999999,0.1175529956817627,3.9288434982299805
0,99,1.1960134166402683,0.05300000000000005,0.24198555946350098,3.9288434982299805
0,100,1.197248204849886,0.05149999999999999,0.09129571914672852,3.9288434982299805
0,101,1.2008065802010082,0.050000000000000044,0.23819971084594727,3.9288434982299805
0,102,1.2031361762056156,0.04849999999999999,0.11919641494750977,3.9288434982299805
0,103,1.2064130659723507,0.04700000000000004,0.23907136917114258,3.9288434982299805
0,104,1.209063240129037,0.045499999999999985,0.2238607406616211,3.9288434982299805
0,105,1.2111677266064467,0.04400000000000004,0.12575888633728027,3.9288434982299805
0,106,1.2145800703415057,0.04249999999999998,0.2716691493988037,3.9288434982299805
0,107,1.2170713585992994,0.041000000000000036,0.24418354034423828,3.9288434982299805
0,108,1.2192282562105419,0.03949999999999998,0.12716388702392578,3.9288434982299805
0,109,1.222714797272504,0.038000000000000034,0.3652002811431885,3.9288434982299805
0,110,1.224561547543832,0.03649999999999998,0.1294863224029541,3.9288434982299805
0,111,1.2273741639249356,0.03500000000000003,0.2356853485107422,3.9288434982299805
0,112,1.2301732898732305,0.033499999999999974,0.24585866928100586,3.9288434982299805
0,113,1.2327084008510765,0.03200000000000003,0.2744009494781494,3.9288434982299805
0,114,1.235319053399472,0.030500000000000083,0.2605326175689697,3.9288434982299805
0,115,1.237687744811887,0.029000000000000026,0.2706930637359619,3.9288434982299805
0,116,1.2402543512448074,0.02750000000000008,0.26747870445251465,3.9288434982299805
0,117,1.2427004965319663,0.026000000000000023,0.42119717597961426,3.9288434982299805
0,118,1.245246996086808,0.024500000000000077,0.350574254989624,3.9288434982299805
0,119,1.247620601200685,0.02300000000000002,0.29250288009643555,3.9288434982299805
0,120,1.250153054069064,0.021500000000000075,0.32976508140563965,3.9288434982299805
0,121,1.1869715394596083,0.020000000000000073,1.0690360069274902,3.9288434982299805
0,122,1.1861094788912108,0.020000000000000018,0.36346006393432617,3.9288434982299805
0,123,1.1854125644360638,0.020000000000000018,0.3506314754486084,3.9288434982299805
0,124,1.1849974474172575,0.020000000000000018,0.19269156455993652,3.9288434982299805
0,125,1.1839759029913592,0.020000000000000018,0.34174609184265137,3.9288434982299805
0,126,1.1835104311695521,0.020000000000000073,0.18423008918762207,3.9288434982299805
0,127,1.1828505092912223,0.020000000000000073,0.22090649604797363,3.9288434982299805
0,128,1.1824362290478931,0.020000000000000018,0.1642153263092041,3.9288434982299805
0,129,1.1814753495376116,0.020000000000000073,0.3225865364074707,3.9288434982299805
0,130,1.181063214500476,0.020000000000000073,0.14676189422607422,3.9288434982299805
0,131,1.1806804236906385,0.020000000000000018,0.132249116897583,3.9288434982299805
0,132,1.1800147877426013,0.020000000000000018,0.20790982246398926,3.9288434982299805
0,133,1.1798045874518324,0.020000000000000018,0.10145759582519531,3.9288434982299805
0,134,1.1788818775304204,0.020000000000000018,0.2736489772796631,3.9288434982299805
0,135,1.178667097134328,0.020000000000000018,0.0973060131072998,3.9288434982299805
0,136,1.1783273191130599,0.020000000000000018,0.10774016380310059,3.9288434982299805
0,137,1.1777787784041438,0.020000000000000018,0.14948701858520508,3.9288434982299805
0,138,1.1771830500457425,0.020000000000000018,0.2306215763092041,3.9288434982299805
0,139,1.1769432810244582,0.020000000000000018,0.12470126152038574,3.9288434982299805
0,140,1.1765369511509949,0.020000000000000073,0.1311178207397461,3.9288434982299805
0,141,1.1763032567948273,0.020000000000000018,0.0858602523803711,3.9288434982299805
0,142,1.1756977489759717,0.020000000000000073,0.1827380657196045,3.9288434982299805
0,143,1.1755694335344007,0.020000000000000073,0.07689476013183594,3.9288434982299805
0,144,1.174884953849869,0.020000000000000018,0.2216663360595703,3.9288434982299805
0,145,1.1745931490851143,0.020000000000000073,0.10775113105773926,3.9288434982299805
0,146,1.1743945988475426,0.020000000000000018,0.08194422721862793,3.9288434982299805
0,147,1.1739234135418828,0.020000000000000018,0.15180039405822754,3.9288434982299805
0,148,1.1737535545487074,0.020000000000000046,0.08991479873657227,3.9288434982299805
0,149,1.1732257175104586,0.020000000000000018,0.20968079566955566,3.9288434982299805
0,150,1.173022366215986,0.020000000000000018,0.09989094734191895,3.9288434982299805
0,1,0.7034911781774967,0.2,0.7018556594848633,3.9225106239318848
0,2,0.7018466149642797,0.19850000000000007,0.12848472595214844,3.9288434982299805
0,3,0.7050194957126923,0.19700000000000006,0.10646224021911621,3.9288434982299805
0,4,0.7103819255084853,0.13415431426178304,0.12178635597229004,3.9288434982299805
0,5,0.7145437421621597,0.14074536952422934,0.09397244453430176,3.9288434982299805
0,6,0.7207942430061927,0.14605746974218292,0.12263345718383789,3.9288434982299805
0,7,0.7276980751055494,0.08751024302939703,0.10957646369934082,3.9288434982299805
0,8,0.7324697530902902,0.10032558544396342,0.10610079765319824,3.9288434982299805
0,9,0.7405444322544482,0.10249189871872799,0.11888456344604492,3.9288434982299805
0,10,0.7463762119118775,0.08862509327024748,0.09940028190612793,3.9288434982299805
0,11,0.7536887157820886,0.06281069438521136,0.1184072494506836,3.9288434982299805
0,12,0.761366274422326,0.06118436335897437,0.1527571678161621,3.9288434982299805
0,13,0.7662009112772934,0.06762261419711402,0.08091402053833008,3.9288434982299805
0,14,0.774427980776074,0.07041411249946283,0.10646915435791016,3.9288434982299805
0,15,0.7804076357804572,0.07583068757395894,0.09952664375305176,3.9288434982299805
0,16,0.7886737616567517,0.04083914121907217,0.13377666473388672,3.9288434982299805
0,17,0.79724951163736,0.0425719874531465,0.1452484130859375,3.9288434982299805
0,18,0.8025349472702568,0.04677526724475378,0.08953452110290527,3.9288434982299805
0,19,0.8117362899973966,0.04916529306560058,0.13131141662597656,3.9288434982299805
0,20,0.8184666141006658,0.05253324325384279,0.0949246883392334,3.9288434982299805
0,21,0.8256279206166866,0.04803067712243181,0.10972094535827637,3.9288434982299805
0,22,0.8345670227979385,0.043842136832231815,0.13382411003112793,3.9288434982299805
0,23,0.842672761093054,0.04787451086621952,0.1188516616821289,3.9288434982299805
0,24,0.848239805704236,0.04675699004237688,0.09183311462402344,3.9288434982299805
0,25,0.860059063338832,0.034052827089955495,0.15930581092834473,3.9288434982299805
0,26,0.8640478968822336,0.03751694769087077,0.08543705940246582,3.9288434982299805
0,27,0.876117821958592,0.04175193179472536,0.1539762020111084,3.9288434982299805
0,28,0.8801599039445378,0.04463317529821631,0.07489657402038574,3.9288434982299805
0,29,0.8925521916192499,0.05056132486978793,0.15283966064453125,3.9288434982299805
0,30,0.896733024655087,0.038929196805867816,0.08024859428405762,3.9288434982299805
0,31,0.9092142824355222,0.03228253133128589,0.15384888648986816,3.9288434982299805
0,32,0.9134698146710614,0.032169183237444776,0.0828256607055664,3.9288434982299805
0,33,0.9260869054902651,0.03402920844159374,0.15427589416503906,3.9288434982299805
0,34,0.9303832133454539,0.03352767886332875,0.08610224723815918,3.9288434982299805
0,35,0.9429422150533644,0.034631349723123095,0.15991735458374023,3.9288434982299805
0,36,0.9472486382549634,0.036638854782774954,0.08381223678588867,3.9288434982299805
0,37,0.9599588221093505,0.03444454093886418,0.1749718189239502,3.9288434982299805
0,38,0.9642274678216305,0.037033634843768426,0.08729720115661621,3.9288434982299805
0,39,0.9767012795336908,0.042031597149793876,0.18405938148498535,3.9288434982299805
0,40,0.9807954717876034,0.038581314928808896,0.08984088897705078,3.9288434982299805
0,41,1.102259632100239,0.14,0.4186892509460449,3.9288434982299805
0,42,1.1043817388441246,0.09128737683915189,0.17490601539611816,3.9288434982299805
0,43,1.1077802274510238,0.09832298391338379,0.2093219757080078,3.9288434982299805
0,44,1.109553325944527,0.10369885421380654,0.16966009140014648,3.9288434982299805
0,45,1.1149000994682305,0.09645228541289586,0.2507295608520508,3.9288434982299805
0,46,1.1144812491809226,0.11756360268383981,0.18176794052124023,3.9288434982299805
0,47,1.1185326145411,0.12491247086713553,0.3195312023162842,3.9288434982299805
0,48,1.1164875497346147,0.12949999999999995,0.2024223804473877,3.9288434982299805
0,49,1.120396572662732,0.1236627459433296,0.31052589416503906,3.9288434982299805
0,50,1.1184157264933394,0.11551158661880245,0.24285244941711426,3.9288434982299805
0,51,1.1199562925661213,0.125,0.302478551864624,3.9288434982299805
0,52,1.117403612427539,0.12350000000000005,0.22343683242797852,3.9288434982299805
0,53,1.118162232931757,0.122,0.30048561096191406,3.9288434982299805
0,54,1.1147243036304377,0.12050000000000005,0.23253965377807617,3.9288434982299805
0,55,1.1124839171367604,0.119,0.29900598526000977,3.9288434982299805
0,56,1.1107790448058905,0.11750000000000005,0.28608226776123047,3.9288434982299805
0,57,1.1064586895187527,0.11599999999999999,0.17085623741149902,3.9288434982299805
0,58,1.1078245116359065,0.11450000000000005,0.3214108943939209,3.9288434982299805
0,59,1.1072396857663607,0.11299999999999999,0.14284181594848633,3.9288434982299805
0,60,1.1084517879896152,0.09472916666645181,0.23172283172607422,3.9288434982299805
0,61,1.108818691624146,0.10562836877078152,0.08560943603515625,3.9288434982299805
0,62,1.1125354677756276,0.10753810549775655,0.273162841796875,3.9288434982299805
0,63,1.113453394340119,0.10699999999999998,0.09069395065307617,3.9288434982299805
0,64,1.1145508264902202,0.10550000000000004,0.07680773735046387,3.9288434982299805
0,65,1.120228245471695,0.10399999999999998,0.2716987133026123,3.9288434982299805
0,66,1.121544668856573,0.10250000000000004,0.08338427543640137,3.9288434982299805
0,67,1.1236408054390368,0.08791311301145988,0.09194684028625488,3.9288434982299805
0,68,1.1280346851333294,0.08755927979066047,0.19783759117126465,3.9288434982299805
0,69,1.1292343107010723,0.08295676221025838,0.07467007637023926,3.9288434982299805
0,70,1.1339429219334929,0.0902517048371353,0.21059656143188477,3.9288434982299805
0,71,1.1363560039076046,0.09499999999999997,0.11334347724914551,3.9288434982299805
0,72,1.1405567328444879,0.09246416812130864,0.20720267295837402,3.9288434982299805
0,73,1.143395983950764,0.07499237251590685,0.11667633056640625,3.9288434982299805
0,74,1.1450302119767926,0.0831502357318975,0.07799863815307617,3.9288434982299805
0,75,1.150060415360826,0.06854862752184565,0.20713067054748535,3.9288434982299805
0,76,1.1514630691759047,0.06918128483539498,0.08143949508666992,3.9288434982299805
0,77,1.1575028527352056,0.0739659440629038,0.20832538604736328,3.9288434982299805
0,78,1.1605267910782833,0.07927432857043781,0.11844658851623535,3.9288434982299805
0,79,1.1625167019082936,0.08300000000000007,0.08693289756774902,3.9288434982299805
0,80,1.1673553795091423,0.08150000000000002,0.22114276885986328,3.9288434982299805
0,81,1.1580319110093218,0.08000000000000007,0.6242387294769287,3.9288434982299805
0,82,1.1589829538490732,0.07850000000000001,0.2669355869293213,3.9288434982299805
0,83,1.161043262860926,0.07700000000000007,0.1666412353515625,3.9288434982299805
0,84,1.1612372983140986,0.07550000000000001,0.267284631729126,3.9288434982299805
0,85,1.162785528829939,0.07400000000000001,0.12380623817443848,3.9288434982299805
0,86,1.164739712562718,0.07250000000000001,0.12711310386657715,3.9288434982299805
0,87,1.1659915942038002,0.07100000000000006,0.09203243255615234,3.9288434982299805
0,88,1.1688582888846673,0.0695,0.18064117431640625,3.9288434982299805
0,89,1.1696070039987199,0.06800000000000006,0.08319973945617676,3.9288434982299805
0,90,1.1722644240971185,0.0665,0.10841226577758789,3.9288434982299805
0,91,1.1755402313910384,0.06500000000000006,0.1768498420715332,3.9288434982299805
0,92,1.1762377773634962,0.06350000000000006,0.08014535903930664,3.9288434982299805
0,93,1.178889420896071,0.062,0.12029409408569336,3.9288434982299805
0,94,1.181596105843806,0.060500000000000054,0.18308401107788086,3.9288434982299805
0,95,1.1837866124836767,0.05900000000000005,0.12086057662963867,3.9288434982299805
0,96,1.18550793110156,0.057499999999999996,0.10685324668884277,3.9288434982299805
0,97,1.1892370667083805,0.05600000000000005,0.27231860160827637,3.9288434982299805
0,98,1.1904702280504644,0.05449999999999999,0.08835196495056152,3.9288434982299805
0,99,1.1928582739748386,0.05300000000000005,0.10520744323730469,3.9288434982299805
0,100,1.1961682536635867,0.05149999999999999,0.2238142490386963,3.9288434982299805
0,101,1.19836601445813,0.050000000000000044,0.19494128227233887,3.9288434982299805
0,102,1.200579990047215,0.04849999999999999,0.10475444793701172,3.9288434982299805
0,103,1.2035902324644607,0.04700000000000004,0.21768498420715332,3.9288434982299805
0,104,1.206403000223806,0.045499999999999985,0.21906065940856934,3.9288434982299805
0,105,1.2084754047056068,0.04400000000000004,0.1298985481262207,3.9288434982299805
0,106,1.2114227331556315,0.04249999999999998,0.2272176742553711,3.9288434982299805
0,107,1.2142246153450356,0.041000000000000036,0.22929835319519043,3.9288434982299805
0,108,1.2162428153802745,0.03949999999999998,0.12108349800109863,3.9288434982299805
0,109,1.2191715054961776,0.038000000000000034,0.23615789413452148,3.9288434982299805
0,110,1.2220013945201598,0.03649999999999998,0.22747159004211426,3.9288434982299805
0,111,1.2244535800711105,0.03500000000000003,0.22713637351989746,3.9288434982299805
0,112,1.2264728157214142,0.033499999999999974,0.11922621726989746,3.9288434982299805
0,113,1.2300617464580825,0.03200000000000003,0.3454294204711914,3.9288434982299805
0,114,1.231999518231794,0.030500000000000083,0.14360880851745605,3.9288434982299805
0,115,1.2347286809210871,0.029000000000000026,0.26314687728881836,3.9288434982299805
0,116,1.2376503832844477,0.02750000000000008,0.29711079597473145,3.9288434982299805
0,117,1.240062892742416,0.026000000000000023,0.2608003616333008,3.9288434982299805
0,118,1.2428447572936043,0.024500000000000077,0.28082776069641113,3.9288434982299805
0,119,1.245307299762323,0.02300000000000002,0.27301573753356934,3.9288434982299805
0,120,1.2479927302110583,0.021500000000000075,0.27899813652038574,3.9288434982299805
0,121,1.1855063038636482,0.020000000000000073,0.9157130718231201,3.9288434982299805
0,122,1.1847793109201938,0.020000000000000073,0.343461275100708,3.9288434982299805
0,123,1.184268235235537,0.020000000000000018,0.34456825256347656,3.9288434982299805
0,124,1.1839223809220552,0.020000000000000018,0.22782349586486816,3.9288434982299805
0,125,1.183174176502336,0.020000000000000018,0.3106255531311035,3.9288434982299805
0,126,1.182702009694431,0.020000000000000018,0.2320261001586914,3.9288434982299805
0,127,1.1823576376774763,0.020000000000000073,0.17856574058532715,3.9288434982299805
0,128,1.181902839012865,0.020000000000000018,0.19453883171081543,3.9288434982299805
0,129,1.1812547300160947,0.020000000000000018,0.2851371765136719,3.9288434982299805
0,130,1.180796687713522,0.020000000000000018,0.1945357322692871,3.9288434982299805
0,131,1.180547543989137,0.020000000000000018,0.144850492477417,3.9288434982299805
0,132,1.180173002914231,0.020000000000000018,0.15603971481323242,3.9288434982299805
0,133,1.1799014400454104,0.020000000000000018,0.1429121494293213,3.9288434982299805
0,134,1.1794424184453838,0.020000000000000018,0.17166543006896973,3.9288434982299805
0,135,1.1789714460615999,0.020000000000000018,0.21854233741760254,3.9288434982299805
0,136,1.1788344575251997,0.020000000000000018,0.09118080139160156,3.9288434982299805
0,137,1.1783626191114247,0.020000000000000018,0.16582322120666504,3.9288434982299805
0,138,1.1782273964437602,0.020000000000000018,0.09142112731933594,3.9288434982299805
0,139,1.1781275314651038,0.020000000000000018,0.07395577430725098,3.9288434982299805
0,140,1.1775277679556857,0.020000000000000046,0.22613072395324707,3.9288434982299805
0,141,1.177465919823582,0.020000000000000018,0.06971311569213867,3.9288434982299805
0,142,1.176963034711049,0.020000000000000018,0.16657257080078125,3.9288434982299805
0,143,1.1769260125848078,0.020000000000000018,0.06699061393737793,3.9288434982299805
0,144,1.176642335529523,0.020000000000000018,0.11068153381347656,3.9288434982299805
0,145,1.1765285076783414,0.020000000000000018,0.08058953285217285,3.9288434982299805
0,146,1.1763351222946592,0.020000000000000073,0.0913701057434082,3.9288434982299805
0,147,1.1762885649080048,0.020000000000000018,0.05764031410217285,3.9288434982299805
0,148,1.1754420732538557,0.020000000000000018,0.3476574420928955,3.9288434982299805
0,149,1.1753969305918646,0.020000000000000018,0.07909226417541504,3.9288434982299805
0,150,1.175288834449939,0.020000000000000018,0.08425188064575195,3.9288434982299805
0,1,0.7034838270021486,0.2,0.9731132984161377,3.9225106239318848
0,2,0.7017756344719801,0.1985,0.14525675773620605,3.9288434982299805
0,3,0.7049427212393031,0.19700000000000006,0.12441039085388184,3.9288434982299805
0,4,0.7086925196761048,0.13479066167166665,0.09724688529968262,3.9288434982299805
0,5,0.7168847480300249,0.13290569779883699,0.15106916427612305,3.9288434982299805
0,6,0.7187840518977111,0.16106467884879228,0.07008671760559082,3.9288434982299805
0,7,0.7296462495299574,0.0839302231164627,0.17075347900390625,3.9288434982299805
0,8,0.7322197255573549,0.09343117423392033,0.0860297679901123,3.9288434982299805
0,9,0.7394099224477945,0.09771043195127904,0.10803532600402832,3.9288434982299805
0,10,0.748892448082689,0.08480173719748774,0.13248109817504883,3.9288434982299805
0,11,0.7509889407115445,0.0672931376322935,0.06583905220031738,3.9288434982299805
0,12,0.7633613582303777,0.0598832532538669,0.18129944801330566,3.9288434982299805
0,13,0.7666622426300784,0.0661323852309148,0.08278679847717285,3.9288434982299805
0,14,0.7734156342992378,0.06889802208609364,0.0989530086517334,3.9288434982299805
0,15,0.7829197606211906,0.07268240011926108,0.1220712661743164,3.9288434982299805
0,16,0.7852656431282508,0.043956422444877186,0.06539583206176758,3.9288434982299805
0,17,0.7991761818698637,0.041085351838868855,0.19926762580871582,3.9288434982299805
0,18,0.8030840495468421,0.04321051098986062,0.08623266220092773,3.9288434982299805
0,19,0.8100179626680749,0.047118910518501034,0.08991003036499023,3.9288434982299805
0,20,0.8211263314560202,0.049531567354821227,0.16418218612670898,3.9288434982299805
0,21,0.8249983435172992,0.0436563193220727,0.08179545402526855,3.9288434982299805
0,22,0.8345806017321493,0.04506196466174961,0.12699198722839355,3.9288434982299805
0,23,0.8422968409242948,0.04521203822582187,0.12003540992736816,3.9288434982299805
0,24,0.8502644047559513,0.04820452447992074,0.11855959892272949,3.9288434982299805
0,25,0.8560566300496703,0.03422283331685627,0.08932876586914062,3.9288434982299805
0,26,0.8676192624225989,0.03650655741010511,0.1522231101989746,3.9288434982299805
0,27,0.871082144969543,0.04034483324159455,0.07311010360717773,3.9288434982299805
0,28,0.8847465459335373,0.043429273800274504,0.18328070640563965,3.9288434982299805
0,29,0.8892669414531227,0.04799022817000609,0.08735966682434082,3.9288434982299805
0,30,0.8997910228292563,0.04638574267196749,0.13812518119812012,3.9288434982299805
0,31,0.9067167585562523,0.031071602992937652,0.10433626174926758,3.9288434982299805
0,32,0.9182237245581836,0.03240009819351308,0.16582608222961426,3.9288434982299805
0,33,0.9223794249046817,0.03172421491318578,0.08544468879699707,3.9288434982299805
0,34,0.934488540704801,0.033462978055975534,0.17973566055297852,3.9288434982299805
0,35,0.9388488229316161,0.034088020072035596,0.0890800952911377,3.9288434982299805
0,36,0.9518261635738745,0.03424757977508297,0.1637723445892334,3.9288434982299805
0,37,0.956117393639981,0.03727107578244937,0.08653426170349121,3.9288434982299805
0,38,0.9690046030567547,0.034736862327720885,0.19126152992248535,3.9288434982299805
0,39,0.9734543020064064,0.039045801419832826,0.09305071830749512,3.9288434982299805
0,40,0.9856860136262481,0.04244170038434847,0.18101954460144043,3.9288434982299805
0,41,1.1040446819803935,0.14,0.4475281238555908,3.9288434982299805
0,42,1.1063770554975823,0.09006843827836664,0.15495610237121582,3.9288434982299805
0,43,1.1099158573019174,0.09554033368229808,0.18632054328918457,3.9288434982299805
0,44,1.1118696069248601,0.10912703059661899,0.1681060791015625,3.9288434982299805
0,45,1.117361756555305,0.09150193747959934,0.24599766731262207,3.9288434982299805
0,46,1.1170549613208227,0.11235050142014669,0.16754651069641113,3.9288434982299805
0,47,1.1212433514422098,0.131,0.2849276065826416,3.9288434982299805
0,48,1.1193204859548007,0.12950000000000006,0.16684460639953613,3.9288434982299805
0,49,1.1232722916277789,0.128,0.28813838958740234,3.9288434982299805
0,50,1.1212918198915311,0.12649999999999995,0.256777286529541,3.9288434982299805
0,51,1.1229207828409067,0.125,0.3240230083465576,3.9288434982299805
0,52,1.120374342196245,0.12350000000000005,0.23322653770446777,3.9288434982299805
0,53,1.1213851764147407,0.122,0.34755992889404297,3.9288434982299805
0,54,1.1179319630464053,0.12050000000000005,0.23972392082214355,3.9288434982299805
0,55,1.1172838148198099,0.119,0.3122086524963379,3.9288434982299805
0,56,1.1125445727636176,0.11750000000000005,0.13785052299499512,3.9288434982299805
0,57,1.1100813335032562,0.11599999999999999,0.2558305263519287,3.9288434982299805
0,58,1.1091046313880133,0.11450000000000005,0.2235095500946045,3.9288434982299805
0,59,1.109605217033041,0.11299999999999999,0.2588365077972412,3.9288434982299805
0,60,1.1095417511478913,0.10007832193821575,0.15758514404296875,3.9288434982299805
0,61,1.1119082685862955,0.10999999999999999,0.35385632514953613,3.9288434982299805
0,62,1.1125263029465633,0.10850000000000004,0.13112449645996094,3.9288434982299805
0,63,1.115156778494763,0.10699999999999998,0.21245622634887695,3.9288434982299805
0,64,1.1158614340254345,0.10550000000000004,0.0837564468383789,3.9288434982299805
0,65,1.1197277592836015,0.10399999999999998,0.23784184455871582,3.9288434982299805
0,66,1.1228527582305312,0.10250000000000004,0.20415949821472168,3.9288434982299805
0,67,1.1249330146359005,0.0941807619861813,0.11707687377929688,3.9288434982299805
0,68,1.1264097724469138,0.08733468821010759,0.09388375282287598,3.9288434982299805
0,69,1.1328416619505188,0.08266079906780965,0.35237550735473633,3.9288434982299805
0,70,1.1343632052892803,0.09194876967222321,0.09832262992858887,3.9288434982299805
0,71,1.1368675861366786,0.09499999999999997,0.1266157627105713,3.9288434982299805
0,72,1.1401617671841908,0.07242774278508401,0.12898898124694824,3.9288434982299805
0,73,1.1407524224283878,0.06762185354317052,0.07628846168518066,3.9288434982299805
0,74,1.1484395063060053,0.07329243201888014,0.3544960021972656,3.9288434982299805
0,75,1.15034541245494,0.08188430919108369,0.10500764846801758,3.9288434982299805
0,76,1.1533160399608284,0.07115162568220734,0.10616230964660645,3.9288434982299805
0,77,1.155198886324029,0.07157201679741731,0.08122777938842773,3.9288434982299805
0,78,1.1591307297441065,0.07731076095911937,0.18968701362609863,3.9288434982299805
0,79,1.1638211372840988,0.08300000000000007,0.20325732231140137,3.9288434982299805
0,80,1.1665254823876585,0.08150000000000002,0.10694742202758789,3.9288434982299805
0,81,1.1582692160446775,0.08000000000000007,0.6345326900482178,3.9288434982299805
0,82,1.1590694282399867,0.07850000000000001,0.28583431243896484,3.9288434982299805
0,83,1.161048215762111,0.07699999999999996,0.16502857208251953,3.9288434982299805
0,84,1.1610185654662355,0.07550000000000001,0.288616418838501,3.9288434982299805
0,85,1.162507663723101,0.07400000000000007,0.12777090072631836,3.9288434982299805
0,86,1.1643560479728539,0.07250000000000001,0.13361263275146484,3.9288434982299805
0,87,1.1662025965420317,0.07100000000000006,0.13200736045837402,3.9288434982299805
0,88,1.1666836093278827,0.0695,0.06871986389160156,3.9288434982299805
0,89,1.1701538993697491,0.06800000000000006,0.19699430465698242,3.9288434982299805
0,90,1.1708965475438795,0.0665,0.07207512855529785,3.9288434982299805
0,91,1.173511450860366,0.06500000000000006,0.10766148567199707,3.9288434982299805
0,92,1.1760990588193088,0.06350000000000006,0.19452714920043945,3.9288434982299805
0,93,1.1786745386254434,0.062000000000000055,0.13672471046447754,3.9288434982299805
0,94,1.180509874807874,0.060500000000000054,0.10397958755493164,3.9288434982299805
0,95,1.183213287994449,0.05900000000000005,0.11920738220214844,3.9288434982299805
0,96,1.18490512247394,0.05750000000000005,0.09083962440490723,3.9288434982299805
0,97,1.1876729500280332,0.05600000000000005,0.20932888984680176,3.9288434982299805
0,98,1.1909487038260385,0.05449999999999999,0.2298891544342041,3.9288434982299805
0,99,1.1930507851439605,0.05300000000000005,0.10770368576049805,3.9288434982299805
0,100,1.19587173641633,0.05149999999999999,0.13896703720092773,3.9288434982299805
0,101,1.1978238479037098,0.050000000000000044,0.12181758880615234,3.9288434982299805
0,102,1.2006606134163653,0.04849999999999999,0.2234511375427246,3.9288434982299805
0,103,1.2040543092826606,0.04700000000000004,0.240647554397583,3.9288434982299805
0,104,1.2062030742571577,0.045499999999999985,0.15459680557250977,3.9288434982299805
0,105,1.2091023850600537,0.04400000000000004,0.26694703102111816,3.9288434982299805
0,106,1.211269124676734,0.04249999999999998,0.12912988662719727,3.9288434982299805
0,107,1.2144613960271138,0.041000000000000036,0.27082300186157227,3.9288434982299805
0,108,1.2171725384199332,0.03949999999999998,0.2730238437652588,3.9288434982299805
0,109,1.2193174999896128,0.038000000000000034,0.16081476211547852,3.9288434982299805
0,110,1.2229276397860809,0.03649999999999998,0.3659632205963135,3.9288434982299805
0,111,1.2247179697923989,0.03500000000000003,0.13231110572814941,3.9288434982299805
0,112,1.2276152419908115,0.033499999999999974,0.23550009727478027,3.9288434982299805
0,113,1.2305141597861236,0.03200000000000003,0.2478940486907959,3.9288434982299805
0,114,1.2330648132601225,0.030500000000000083,0.24933505058288574,3.9288434982299805
0,115,1.2352370937173367,0.029000000000000026,0.13240861892700195,3.9288434982299805
0,116,1.2387070494114556,0.02750000000000008,0.39502811431884766,3.9288434982299805
0,117,1.240654417361191,0.026000000000000023,0.15097784996032715,3.9288434982299805
0,118,1.2439130133124234,0.024500000000000077,0.4110443592071533,3.9288434982299805
0,119,1.2459517039269166,0.02300000000000002,0.15209341049194336,3.9288434982299805
0,120,1.2491087936188756,0.021500000000000075,0.40879130363464355,3.9288434982299805
0,121,1.186556420897562,0.020000000000000018,0.9570596218109131,3.9288434982299805
0,122,1.1858862901273093,0.020000000000000073,0.35152125358581543,3.9288434982299805
0,123,1.1853843417972296,0.020000000000000073,0.35686254501342773,3.9288434982299805
0,124,1.1851987969642588,0.020000000000000018,0.18475842475891113,3.9288434982299805
0,125,1.18428816800167,0.020000000000000018,0.38051557540893555,3.9288434982299805
0,126,1.1840894539055669,0.020000000000000073,0.15680956840515137,3.9288434982299805
0,127,1.1835250717797514,0.020000000000000018,0.2521324157714844,3.9288434982299805
0,128,1.1833818539442866,0.020000000000000018,0.1143651008605957,3.9288434982299805
0,129,1.182590188132457,0.020000000000000018,0.34017300605773926,3.9288434982299805
0,130,1.1821970923173497,0.020000000000000018,0.19429993629455566,3.9288434982299805
0,131,1.1820167494250358,0.020000000000000073,0.15344905853271484,3.9288434982299805
0,132,1.1815487820231745,0.020000000000000018,0.2103290557861328,3.9288434982299805
0,133,1.1813001116689406,0.020000000000000018,0.13198018074035645,3.9288434982299805
0,134,1.181131175178455,0.020000000000000018,0.10357379913330078,3.9288434982299805
0,135,1.1803062239171567,0.020000000000000073,0.298433780670166,3.9288434982299805
0,136,1.1802105907037665,0.020000000000000018,0.09975886344909668,3.9288434982299805
0,137,1.180038404407135,0.020000000000000018,0.09625124931335449,3.9288434982299805
0,138,1.1795577643109625,0.020000000000000073,0.17984294891357422,3.9288434982299805
0,139,1.17950850493644,0.020000000000000018,0.06911826133728027,3.9288434982299805
0,140,1.1791499450489855,0.020000000000000018,0.13985562324523926,3.9288434982299805
0,141,1.1790932750074175,0.020000000000000018,0.07064509391784668,3.9288434982299805
0,142,1.1786101302258292,0.020000000000000018,0.19460844993591309,3.9288434982299805
0,143,1.178561943609784,0.020000000000000073,0.06356596946716309,3.9288434982299805
0,144,1.1778598311446205,0.020000000000000018,0.22695088386535645,3.9288434982299805
0,145,1.1777260271804075,0.020000000000000018,0.08446884155273438,3.9288434982299805
0,146,1.1775553532462413,0.020000000000000018,0.08624148368835449,3.9288434982299805
0,147,1.1775109873304073,0.020000000000000073,0.05306124687194824,3.9288434982299805
0,148,1.1770192093475427,0.020000000000000018,0.19239115715026855,3.9288434982299805
0,149,1.1769743441373142,0.020000000000000018,0.07426571846008301,3.9288434982299805
0,150,1.176841179281612,0.020000000000000018,0.09497785568237305,3.9288434982299805
0,1,0.7034806486687208,0.2,0.6659204959869385,3.9225106239318848
0,2,0.7017289912378619,0.1985,0.13828516006469727,3.9288434982299805
0,3,0.7048946145671762,0.19700000000000006,0.12204742431640625,3.9288434982299805
0,4,0.7084428867333405,0.13450044314674114,0.10617256164550781,3.9288434982299805
0,5,0.7167928050938454,0.13047903503688407,0.13841676712036133,3.9288434982299805
0,6,0.7190666632102863,0.1560873149589519,0.07143616676330566,3.9288434982299805
0,7,0.728075439568902,0.0825826684272637,0.13811850547790527,3.9288434982299805
0,8,0.7338021125604159,0.09636054369419633,0.09166336059570312,3.9288434982299805
0,9,0.7400408199857635,0.09796267871445219,0.12968087196350098,3.9288434982299805
0,10,0.747540644482291,0.0850760893723086,0.11615586280822754,3.9288434982299805
0,11,0.7524073308766364,0.07203217802562767,0.08321690559387207,3.9288434982299805
0,12,0.7608569449903504,0.05713942624184287,0.1110527515411377,3.9288434982299805
0,13,0.7672353108820151,0.06429929317908945,0.11870169639587402,3.9288434982299805
0,14,0.7757177136352603,0.06780317628806132,0.13199710845947266,3.9288434982299805
0,15,0.7806384943088511,0.07526719447955021,0.08211088180541992,3.9288434982299805
0,16,0.7887456714463826,0.044088378456606514,0.12005782127380371,3.9288434982299805
0,17,0.7946482995094919,0.04235204783981239,0.09454154968261719,3.9288434982299805
0,18,0.8032621166215638,0.04253608995487179,0.1330423355102539,3.9288434982299805
0,19,0.8122202167107804,0.04617726050883231,0.15088534355163574,3.9288434982299805
0,20,0.8178737304388071,0.04776427112158321,0.09072613716125488,3.9288434982299805
0,21,0.8271216595481219,0.04365779292691174,0.13270974159240723,3.9288434982299805
0,22,0.8346102970091152,0.043853103712072405,0.12428140640258789,3.9288434982299805
0,23,0.8405162233884271,0.04485898618714801,0.09560704231262207,3.9288434982299805
0,24,0.8504286982359693,0.04642795205653316,0.1395871639251709,3.9288434982299805
0,25,0.8587790329396766,0.033973487008721714,0.12397098541259766,3.9288434982299805
0,26,0.864919335905072,0.03574086420906408,0.09187722206115723,3.9288434982299805
0,27,0.8746164437740391,0.04081864715453287,0.13481497764587402,3.9288434982299805
0,28,0.8829319459646601,0.042684521654986374,0.12620854377746582,3.9288434982299805
0,29,0.8908609233621452,0.04688100810683393,0.13329863548278809,3.9288434982299805
0,30,0.8990468146453919,0.05080524641378503,0.1315302848815918,3.9288434982299805
0,31,0.9074025947394802,0.029338593993231243,0.1251358985900879,3.9288434982299805
0,32,0.9158129422938093,0.03151196833147507,0.13160157203674316,3.9288434982299805
0,33,0.924432059309964,0.031639103691329384,0.1508481502532959,3.9288434982299805
0,34,0.9328569899282662,0.032994418136970904,0.15797114372253418,3.9288434982299805
0,35,0.9414415757248443,0.0327143805120248,0.14682388305664062,3.9288434982299805
0,36,0.9499096624268953,0.0346008699792455,0.15427088737487793,3.9288434982299805
0,37,0.9587602436030065,0.03713418485410469,0.15517926216125488,3.9288434982299805
0,38,0.9673811026352195,0.034003303967475196,0.13831067085266113,3.9288434982299805
0,39,0.975515969007272,0.037252470603380106,0.13322949409484863,3.9288434982299805
0,40,0.9841103220887943,0.03988634707845551,0.13114595413208008,3.9288434982299805
0,41,1.1050654729151788,0.14,0.4113636016845703,3.9288434982299805
0,42,1.1075244605563555,0.0884056812865317,0.14823269844055176,3.9288434982299805
0,43,1.111094924710539,0.09403392556742363,0.19138693809509277,3.9288434982299805
0,44,1.1143776445899323,0.10628177700901653,0.2098405361175537,3.9288434982299805
0,45,1.1174221773756046,0.08883236547499052,0.2191929817199707,3.9288434982299805
0,46,1.11989355126528,0.10893302761037393,0.21810698509216309,3.9288434982299805
0,47,1.1212096167684464,0.12521339208391002,0.22596287727355957,3.9288434982299805
0,48,1.1224967786274158,0.12949999999999995,0.23156070709228516,3.9288434982299805
0,49,1.1230625125743479,0.128,0.238677978515625,3.9288434982299805
0,50,1.1249595468841402,0.12650000000000006,0.31851768493652344,3.9288434982299805
0,51,1.1226720114092172,0.125,0.26273226737976074,3.9288434982299805
0,52,1.1241683668398659,0.12350000000000005,0.3331477642059326,3.9288434982299805
0,53,1.1211988119103697,0.122,0.28052186965942383,3.9288434982299805
0,54,1.1214826218824987,0.12050000000000005,0.327972412109375,3.9288434982299805
0,55,1.1176215774220473,0.119,0.22826290130615234,3.9288434982299805
0,56,1.1151635455797733,0.11750000000000005,0.21959567070007324,3.9288434982299805
0,57,1.1129928790796075,0.11599999999999999,0.22383570671081543,3.9288434982299805
0,58,1.1094545306825605,0.11450000000000005,0.14087343215942383,3.9288434982299805
0,59,1.110674118301656,0.11299999999999999,0.3066880702972412,3.9288434982299805
0,60,1.1103987422876833,0.10861482260255617,0.11252427101135254,3.9288434982299805
0,61,1.111759415166823,0.10999999999999999,0.19765830039978027,3.9288434982299805
0,62,1.1139202199190907,0.10850000000000004,0.20079684257507324,3.9288434982299805
0,63,1.1148209463913243,0.10699999999999998,0.11651897430419922,3.9288434982299805
0,64,1.1181090106093134,0.10550000000000004,0.20090913772583008,3.9288434982299805
0,65,1.1189741719996928,0.10399999999999998,0.07657861709594727,3.9288434982299805
0,66,1.1231348745829308,0.10250000000000004,0.19805192947387695,3.9288434982299805
0,67,1.126115055741454,0.08781853948194662,0.18791437149047852,3.9288434982299805
0,68,1.1283201566839756,0.08979211111275354,0.10746216773986816,3.9288434982299805
0,69,1.1297340454265496,0.08463511781720401,0.08174991607666016,3.9288434982299805
0,70,1.135263407661974,0.09271889597901095,0.23801207542419434,3.9288434982299805
0,71,1.1359347838672307,0.09499999999999997,0.0814063549041748,3.9288434982299805
0,72,1.141223272918356,0.06997720571837607,0.2283158302307129,3.9288434982299805
0,73,1.1439191910644086,0.06743710555663607,0.12574410438537598,3.9288434982299805
0,74,1.1455211684970203,0.07154783617580629,0.08104753494262695,3.9288434982299805
0,75,1.1503241546051761,0.07775846268833342,0.2171170711517334,3.9288434982299805
0,76,1.1512306915371775,0.08639921287643137,0.0808706283569336,3.9288434982299805
0,77,1.1568846841037086,0.07454588002391971,0.24735426902770996,3.9288434982299805
0,78,1.1597676331757698,0.07888831830221121,0.12604951858520508,3.9288434982299805
0,79,1.1616810118652037,0.08030982018321486,0.09212636947631836,3.9288434982299805
0,80,1.165296664921323,0.08150000000000002,0.19635844230651855,3.9288434982299805
0,81,1.1580902948294425,0.08000000000000007,0.7120332717895508,3.9288434982299805
0,82,1.1590476933184575,0.07850000000000001,0.3217446804046631,3.9288434982299805
0,83,1.161301841411109,0.07699999999999996,0.19652748107910156,3.9288434982299805
0,84,1.1614004105687048,0.07550000000000001,0.3401768207550049,3.9288434982299805
0,85,1.1631604115248972,0.07399999999999995,0.14417695999145508,3.9288434982299805
0,86,1.1646383382852745,0.07250000000000001,0.10232782363891602,3.9288434982299805
0,87,1.1671778921563907,0.07099999999999995,0.13851618766784668,3.9288434982299805
0,88,1.1694162210796377,0.0695,0.13671588897705078,3.9288434982299805
0,89,1.170752101433669,0.06800000000000006,0.09358692169189453,3.9288434982299805
0,90,1.1737982950583081,0.0665,0.18403220176696777,3.9288434982299805
0,91,1.1754840950433096,0.06500000000000006,0.10683560371398926,3.9288434982299805
0,92,1.1766121501336382,0.06350000000000003,0.08748698234558105,3.9288434982299805
0,93,1.1788699855864304,0.062000000000000055,0.16307520866394043,3.9288434982299805
0,94,1.1825020500992343,0.060500000000000026,0.2454237937927246,3.9288434982299805
0,95,1.1842917911171589,0.05900000000000005,0.10337686538696289,3.9288434982299805
0,96,1.1869275534188408,0.05750000000000005,0.11954998970031738,3.9288434982299805
0,97,1.1873278245845724,0.05600000000000005,0.062148332595825195,3.9288434982299805
0,98,1.1928529692846732,0.05449999999999999,0.3910202980041504,3.9288434982299805
0,99,1.1945228146477367,0.05300000000000005,0.10686707496643066,3.9288434982299805
0,100,1.1968611008696803,0.05150000000000002,0.10953426361083984,3.9288434982299805
0,101,1.1995088379017511,0.050000000000000044,0.20258355140686035,3.9288434982299805
0,102,1.2024082053620213,0.048500000000000015,0.22287559509277344,3.9288434982299805
0,103,1.2050647291238388,0.04700000000000004,0.21541237831115723,3.9288434982299805
0,104,1.2067922758555665,0.045499999999999985,0.12912750244140625,3.9288434982299805
0,105,1.209417118210832,0.04400000000000004,0.12863993644714355,3.9288434982299805
0,106,1.2131147912760976,0.04249999999999998,0.3527696132659912,3.9288434982299805
0,107,1.2149289883544265,0.041000000000000036,0.11691451072692871,3.9288434982299805
0,108,1.2179749494358643,0.03949999999999998,0.24692773818969727,3.9288434982299805
0,109,1.2208259340364749,0.038000000000000034,0.2696850299835205,3.9288434982299805
0,110,1.2235061176236943,0.03649999999999998,0.24109530448913574,3.9288434982299805
0,111,1.2255537219934638,0.03500000000000003,0.12987327575683594,3.9288434982299805
0,112,1.229289907222375,0.033499999999999974,0.40984320640563965,3.9288434982299805
0,113,1.231124913702227,0.03200000000000003,0.12987160682678223,3.9288434982299805
0,114,1.2340904836341076,0.030500000000000083,0.26685667037963867,3.9288434982299805
0,115,1.2369985236682863,0.029000000000000026,0.30048227310180664,3.9288434982299805
0,116,1.2394642136315914,0.02750000000000008,0.27708864212036133,3.9288434982299805
0,117,1.2422510547949133,0.02600000000000008,0.32668614387512207,3.9288434982299805
0,118,1.244731671416198,0.024500000000000077,0.29125142097473145,3.9288434982299805
0,119,1.2474631779027279,0.02300000000000002,0.2794225215911865,3.9288434982299805
0,120,1.2500188880939462,0.021500000000000075,0.3080718517303467,3.9288434982299805
0,121,1.1877937321045522,0.020000000000000018,1.0381395816802979,3.9288434982299805
0,122,1.1870897587552545,0.020000000000000018,0.4270031452178955,3.9288434982299805
0,123,1.1866085720195494,0.020000000000000018,0.385345458984375,3.9288434982299805
0,124,1.1864350647171797,0.020000000000000018,0.18020343780517578,3.9288434982299805
0,125,1.1855092253806998,0.020000000000000046,0.38803935050964355,3.9288434982299805
0,126,1.1853197492341077,0.020000000000000018,0.16045498847961426,3.9288434982299805
0,127,1.1847547483821224,0.020000000000000018,0.27264881134033203,3.9288434982299805
0,128,1.1846208699926013,0.020000000000000073,0.11880660057067871,3.9288434982299805
0,129,1.1838194592527564,0.020000000000000073,0.33953404426574707,3.9288434982299805
0,130,1.1836761216157128,0.020000000000000018,0.11070132255554199,3.9288434982299805
0,131,1.183123520027717,0.020000000000000018,0.2218189239501953,3.9288434982299805
0,132,1.1829877170240204,0.020000000000000018,0.12128520011901855,3.9288434982299805
0,133,1.1825393858632454,0.020000000000000018,0.20946216583251953,3.9288434982299805
0,134,1.1821427132750264,0.020000000000000073,0.16009950637817383,3.9288434982299805
0,135,1.1820356193925168,0.020000000000000018,0.11771512031555176,3.9288434982299805
0,136,1.181227035754704,0.020000000000000018,0.3252601623535156,3.9288434982299805
0,137,1.1811529152172973,0.020000000000000073,0.08944368362426758,3.9288434982299805
0,138,1.181002232198863,0.020000000000000018,0.10504031181335449,3.9288434982299805
0,139,1.1808801090708707,0.020000000000000018,0.09728264808654785,3.9288434982299805
0,140,1.1803233158895035,0.020000000000000046,0.23082232475280762,3.9288434982299805
0,141,1.1802820981626185,0.020000000000000018,0.06704306602478027,3.9288434982299805
0,142,1.1797250251300873,0.020000000000000018,0.2268235683441162,3.9288434982299805
0,143,1.1795914747997753,0.020000000000000018,0.09052276611328125,3.9288434982299805
0,144,1.179491270382933,0.020000000000000018,0.0699462890625,3.9288434982299805
0,145,1.1791560619995538,0.020000000000000018,0.1486670970916748,3.9288434982299805
0,146,1.17897193759558,0.020000000000000018,0.09399080276489258,3.9288434982299805
0,147,1.1787799165885589,0.020000000000000018,0.10313200950622559,3.9288434982299805
0,148,1.1787173349993951,0.020000000000000018,0.07798981666564941,3.9288434982299805
0,149,1.178154631999113,0.020000000000000018,0.2660398483276367,3.9288434982299805
0,150,1.1780953962929566,0.020000000000000018,0.0844416618347168,3.9288434982299805
0,1,0.7034823282751692,0.2,0.7107899188995361,3.9225106239318848
0,2,0.7016792405241179,0.1985,0.12959647178649902,3.9288434982299805
0,3,0.7049618293768738,0.19700000000000006,0.11349892616271973,3.9288434982299805
0,4,0.7087026232285236,0.13808042664151798,0.09698152542114258,3.9288434982299805
0,5,0.7169036026494493,0.12922845078083933,0.13550782203674316,3.9288434982299805
0,6,0.7187499235592243,0.15136346700033965,0.06221437454223633,3.9288434982299805
0,7,0.7297036655226814,0.08072291110180863,0.15862059593200684,3.9288434982299805
0,8,0.7323414621597182,0.08863625635454453,0.07758474349975586,3.9288434982299805
0,9,0.7395310718909535,0.09281618443121631,0.10621213912963867,3.9288434982299805
0,10,0.7490534331507495,0.08075745227383291,0.12280464172363281,3.9288434982299805
0,11,0.7508644911437712,0.07380862431005186,0.06966900825500488,3.9288434982299805
0,12,0.7634924231622662,0.05731087579501093,0.17895841598510742,3.9288434982299805
0,13,0.7667182965423036,0.0630469500343096,0.07270646095275879,3.9288434982299805
0,14,0.7733688008399116,0.06577002432561174,0.10593652725219727,3.9288434982299805
0,15,0.7834793879282236,0.07053889681840098,0.15849924087524414,3.9288434982299805
0,16,0.7863454729785315,0.05135655437806996,0.061814308166503906,3.9288434982299805
0,17,0.7972759918930117,0.04011970672965359,0.13661932945251465,3.9288434982299805
0,18,0.8041970741392968,0.0424587053802411,0.13287138938903809,3.9288434982299805
0,19,0.8090871034884692,0.04535194681067467,0.08892965316772461,3.9288434982299805
0,20,0.8216084778815494,0.04733910593529478,0.17308378219604492,3.9288434982299805
0,21,0.8254133251431555,0.0408418894005782,0.08295536041259766,3.9288434982299805
0,22,0.8347032773475811,0.042998932784177324,0.12655234336853027,3.9288434982299805
0,23,0.8414722319617662,0.043543876945507654,0.14229607582092285,3.9288434982299805
0,24,0.849144236724307,0.047735209850997995,0.1213233470916748,3.9288434982299805
0,25,0.85862980195119,0.032945540523115935,0.16255903244018555,3.9288434982299805
0,26,0.8669083668388646,0.035192734648667234,0.15732622146606445,3.9288434982299805
0,27,0.8729869000586392,0.03878986640150195,0.12251400947570801,3.9288434982299805
0,28,0.8848617606043419,0.041619424381000636,0.20514488220214844,3.9288434982299805
0,29,0.8890669725511733,0.04501767226389397,0.09780621528625488,3.9288434982299805
0,30,0.9014459440789054,0.05143014886417607,0.17492961883544922,3.9288434982299805
0,31,0.9059878321161154,0.028595591617798788,0.10304975509643555,3.9288434982299805
0,32,0.9180433762051357,0.03062381917955137,0.17258930206298828,3.9288434982299805
0,33,0.9225067768727023,0.030167925468584378,0.09471511840820312,3.9288434982299805
0,34,0.9351671634269361,0.03224696704018459,0.16360068321228027,3.9288434982299805
0,35,0.939619540035168,0.031929818704859336,0.09307074546813965,3.9288434982299805
0,36,0.9523324936612928,0.03334467482432091,0.17733407020568848,3.9288434982299805
0,37,0.9567276352306069,0.03379688777332868,0.08713078498840332,3.9288434982299805
0,38,0.9695550945632004,0.03419715941908108,0.1791057586669922,3.9288434982299805
0,39,0.974084045675605,0.035248827384251724,0.09876608848571777,3.9288434982299805
0,40,0.9865344575942647,0.03823244152649763,0.2091083526611328,3.9288434982299805
0,41,1.1063636649430286,0.14,0.43019533157348633,3.9288434982299805
0,42,1.108942051063324,0.08757261250364667,0.1509537696838379,3.9288434982299805
0,43,1.1126662474489226,0.09181446262745507,0.1952047348022461,3.9288434982299805
0,44,1.1149205913116487,0.10248258606617866,0.1801767349243164,3.9288434982299805
0,45,1.1206136118829733,0.0859097289470856,0.24709343910217285,3.9288434982299805
0,46,1.120509225117286,0.10498551510909515,0.1580791473388672,3.9288434982299805
0,47,1.1247759905200665,0.12959616547976227,0.24887967109680176,3.9288434982299805
0,48,1.1230420082144938,0.12771315862782162,0.1699059009552002,3.9288434982299805
0,49,1.127015073298521,0.128,0.2851223945617676,3.9288434982299805
0,50,1.1250802790207142,0.12650000000000006,0.22033023834228516,3.9288434982299805
0,51,1.1269747689164742,0.12456209136842455,0.308241605758667,3.9288434982299805
0,52,1.1243399548601287,0.12350000000000005,0.2334306240081787,3.9288434982299805
0,53,1.1254018172377664,0.122,0.3217940330505371,3.9288434982299805
0,54,1.1219314777827478,0.12050000000000005,0.26826024055480957,3.9288434982299805
0,55,1.121567667520591,0.119,0.31111979484558105,3.9288434982299805
0,56,1.1162531165796628,0.11750000000000005,0.15590310096740723,3.9288434982299805
0,57,1.1138399179645446,0.11599999999999999,0.2619924545288086,3.9288434982299805
0,58,1.1118614258319879,0.11450000000000005,0.2826991081237793,3.9288434982299805
0,59,1.111732141608375,0.11299999999999999,0.24186968803405762,3.9288434982299805
0,60,1.1111165044118891,0.10737730856461725,0.12833380699157715,3.9288434982299805
0,61,1.1120977719406362,0.10999999999999999,0.19984102249145508,3.9288434982299805
0,62,1.1146135942292101,0.10850000000000004,0.20439624786376953,3.9288434982299805
0,63,1.1153775743120642,0.10699999999999998,0.09322047233581543,3.9288434982299805
0,64,1.1180564069980097,0.10550000000000004,0.18187451362609863,3.9288434982299805
0,65,1.1214475017311916,0.10399999999999998,0.2168598175048828,3.9288434982299805
0,66,1.1227661189586722,0.10250000000000004,0.10311460494995117,3.9288434982299805
0,67,1.124136224986183,0.08279845226663451,0.08702325820922852,3.9288434982299805
0,68,1.1300198541117958,0.08682167017207165,0.28768444061279297,3.9288434982299805
0,69,1.13130447422262,0.09034003523431011,0.09560251235961914,3.9288434982299805
0,70,1.1337813414385445,0.0919706596857065,0.10631680488586426,3.9288434982299805
0,71,1.1357067823700866,0.09499999999999997,0.10080099105834961,3.9288434982299805
0,72,1.1396174583188476,0.07233730155526119,0.1899113655090332,3.9288434982299805
0,73,1.1439188261811317,0.07507394171571768,0.20274972915649414,3.9288434982299805
0,74,1.146378762942995,0.07923002144826985,0.11328530311584473,3.9288434982299805
0,75,1.1481503831307776,0.08094633851339739,0.08245444297790527,3.9288434982299805
0,76,1.1531907425831693,0.0739189620872216,0.20530080795288086,3.9288434982299805
0,77,1.1541002738510828,0.08224099291032227,0.0791316032409668,3.9288434982299805
0,78,1.1601399331590376,0.07671650361158233,0.2552483081817627,3.9288434982299805
0,79,1.1634172378106098,0.08042583422711291,0.15955662727355957,3.9288434982299805
0,80,1.1653254337749677,0.08150000000000002,0.10182738304138184,3.9288434982299805
0,81,1.1593667813012276,0.08000000000000007,0.678502082824707,3.9288434982299805
0,82,1.1603429246274195,0.07850000000000001,0.27165675163269043,3.9288434982299805
0,83,1.1626600791101138,0.07700000000000007,0.18353724479675293,3.9288434982299805
0,84,1.162598073907799,0.07550000000000001,0.27603721618652344,3.9288434982299805
0,85,1.1644541117237583,0.07400000000000007,0.13752341270446777,3.9288434982299805
0,86,1.1661772467580107,0.07250000000000001,0.10583305358886719,3.9288434982299805
0,87,1.1692579816558917,0.07100000000000006,0.1322481632232666,3.9288434982299805
0,88,1.1720872908697086,0.0695,0.12944865226745605,3.9288434982299805
0,89,1.172477607383897,0.06800000000000006,0.19874072074890137,3.9288434982299805
0,90,1.175497014679748,0.0665,0.1246635913848877,3.9288434982299805
0,91,1.1776164336074229,0.06500000000000006,0.10079336166381836,3.9288434982299805
0,92,1.1815766733464368,0.06350000000000006,0.18316268920898438,3.9288434982299805
0,93,1.1823838386003085,0.062000000000000055,0.2323760986328125,3.9288434982299805
0,94,1.185946247543082,0.060500000000000054,0.19284749031066895,3.9288434982299805
0,95,1.1875201687580297,0.05900000000000005,0.2768065929412842,3.9288434982299805
0,96,1.190136320925272,0.05750000000000005,0.2604081630706787,3.9288434982299805
0,97,1.1920715591359505,0.05600000000000005,0.2893996238708496,3.9288434982299805
0,98,1.1950103138875883,0.05450000000000005,0.20657801628112793,3.9288434982299805
0,99,1.1969845346614032,0.05300000000000005,0.3502206802368164,3.9288434982299805
0,100,1.198728518997812,0.05149999999999999,0.12819147109985352,3.9288434982299805
0,101,1.2020322237660928,0.050000000000000044,0.19426774978637695,3.9288434982299805
0,102,1.204002979130045,0.04849999999999999,0.27132225036621094,3.9288434982299805
0,103,1.2057293236490767,0.04700000000000004,0.11099767684936523,3.9288434982299805
0,104,1.208784444418717,0.045499999999999985,0.17036771774291992,3.9288434982299805
0,105,1.2107343478884567,0.04400000000000004,0.12347292900085449,3.9288434982299805
0,106,1.213844634104297,0.04249999999999998,0.176910400390625,3.9288434982299805
0,107,1.2156960274740802,0.041000000000000036,0.12704181671142578,3.9288434982299805
0,108,1.2187299619846237,0.03949999999999998,0.20010137557983398,3.9288434982299805
0,109,1.220888067608367,0.038000000000000034,0.14528918266296387,3.9288434982299805
0,110,1.2241557578462179,0.03649999999999998,0.2877192497253418,3.9288434982299805
0,111,1.225761516580313,0.03500000000000003,0.11797165870666504,3.9288434982299805
0,112,1.2294210883884642,0.033499999999999974,0.345583438873291,3.9288434982299805
0,113,1.2312440471996,0.03200000000000003,0.12041878700256348,3.9288434982299805
0,114,1.2341659994204135,0.030500000000000083,0.23386335372924805,3.9288434982299805
0,115,1.2370840146661912,0.029000000000000026,0.24610662460327148,3.9288434982299805
0,116,1.239727167153799,0.02750000000000008,0.2506880760192871,3.9288434982299805
0,117,1.2423893683782952,0.026000000000000023,0.2828712463378906,3.9288434982299805
0,118,1.2450309792299883,0.024500000000000077,0.26363420486450195,3.9288434982299805
0,119,1.2477302826676677,0.02300000000000002,0.2874736785888672,3.9288434982299805
0,120,1.2502916737634662,0.021500000000000075,0.27013134956359863,3.9288434982299805
0,121,1.1866085971469222,0.020000000000000046,0.8511731624603271,3.9288434982299805
0,122,1.1856562609058023,0.020000000000000018,0.4897148609161377,3.9288434982299805
0,123,1.1852151271471691,0.020000000000000018,0.3202087879180908,3.9288434982299805
0,124,1.1843279420704917,0.020000000000000018,0.38519883155822754,3.9288434982299805
0,125,1.184258773680087,0.020000000000000073,0.16425228118896484,3.9288434982299805
0,126,1.1835612027285083,0.020000000000000073,0.28212690353393555,3.9288434982299805
0,127,1.1833106531558806,0.020000000000000018,0.1969618797302246,3.9288434982299805
0,128,1.182788112038292,0.020000000000000018,0.23427057266235352,3.9288434982299805
0,129,1.1822883528748467,0.020000000000000018,0.25634098052978516,3.9288434982299805
0,130,1.1821969232900034,0.020000000000000018,0.11434412002563477,3.9288434982299805
0,131,1.1816016986532296,0.020000000000000018,0.23906731605529785,3.9288434982299805
0,132,1.181395367927739,0.020000000000000018,0.13704180717468262,3.9288434982299805
0,133,1.1813337941450173,0.020000000000000073,0.09343409538269043,3.9288434982299805
0,134,1.1810104149893996,0.020000000000000018,0.14648032188415527,3.9288434982299805
0,135,1.1805721235055975,0.020000000000000018,0.1966872215270996,3.9288434982299805
0,136,1.1802724456073985,0.020000000000000018,0.12355232238769531,3.9288434982299805
0,137,1.1801921895093097,0.020000000000000073,0.07490682601928711,3.9288434982299805
0,138,1.180025025265617,0.020000000000000018,0.08572793006896973,3.9288434982299805
0,139,1.1799730166122728,0.020000000000000018,0.05046844482421875,3.9288434982299805
0,140,1.1793991729680777,0.020000000000000018,0.1817624568939209,3.9288434982299805
0,141,1.1793396940434238,0.020000000000000018,0.0829319953918457,3.9288434982299805
0,142,1.179253182288929,0.020000000000000018,0.0650491714477539,3.9288434982299805
0,143,1.1788758893784903,0.020000000000000018,0.18307995796203613,3.9288434982299805
0,144,1.1785234873390231,0.020000000000000018,0.16117429733276367,3.9288434982299805
0,145,1.1783784271632007,0.020000000000000018,0.07611560821533203,3.9288434982299805
0,146,1.17832508352333,0.020000000000000018,0.05513763427734375,3.9288434982299805
0,147,1.1778804947082904,0.020000000000000018,0.12067365646362305,3.9288434982299805
0,148,1.1778483999470513,0.020000000000000018,0.045101165771484375,3.9288434982299805
0,149,1.1776060000919082,0.020000000000000018,0.07726669311523438,3.9288434982299805
0,150,1.1774008799008662,0.020000000000000073,0.09236574172973633,3.9288434982299805
