Is_3D_Phase,Iteration,Envelope_Compliance_Nm,Max_Delta_Rho,Compute_Time_sec,Peak_VRAM_GB
0,1,0.5883435700718826,0.20000000000000007,0.6192164421081543,1.118788242340088
0,2,0.5540806167280118,0.19850000000000007,0.22429156303405762,1.1251211166381836
0,3,0.5462656543142033,0.19700000000000006,0.2329273223876953,1.1251211166381836
0,4,0.5422118464336448,0.1955,0.12773823738098145,1.1251211166381836
0,5,0.5521109387102704,0.19400000000000006,0.12642478942871094,1.1251211166381836
0,6,0.5464069736063586,0.1925,0.13616132736206055,1.1251211166381836
0,7,0.5588103526624861,0.19100000000000006,0.11656808853149414,1.1251211166381836
0,8,0.5583856458666494,0.18950000000000006,0.2162644863128662,1.1251211166381836
0,9,0.5699102829771623,0.18800000000000006,0.14290452003479004,1.1251211166381836
0,10,0.5698663478697564,0.18650000000000005,0.24390721321105957,1.1251211166381836
0,11,0.579873750670411,0.18500000000000005,0.1922588348388672,1.1251211166381836
0,12,0.5785997495798739,0.18350000000000005,0.24191761016845703,1.1251211166381836
0,13,0.5883858986680344,0.18200000000000005,0.1890881061553955,1.1251211166381836
0,14,0.5867498655405818,0.18050000000000005,0.251293420791626,1.1251211166381836
0,15,0.5961164461030719,0.17900000000000005,0.20043563842773438,1.1251211166381836
0,16,0.5946847556745483,0.17750000000000005,0.24339652061462402,1.1251211166381836
0,17,0.6037887923273759,0.17600000000000005,0.21346712112426758,1.1251211166381836
0,18,0.6027506600162286,0.17450000000000004,0.26238417625427246,1.1251211166381836
0,19,0.6116804322963747,0.17300000000000004,0.22568202018737793,1.1251211166381836
0,20,0.6107427642486964,0.17150000000000004,0.2563939094543457,1.1251211166381836
0,21,0.6197877277214985,0.17000000000000004,0.2234935760498047,1.1251211166381836
0,22,0.618737228205088,0.16850000000000004,0.25652408599853516,1.1251211166381836
0,23,0.6274874884248522,0.16700000000000004,0.23059988021850586,1.1251211166381836
0,24,0.6265552912355443,0.16550000000000004,0.26126718521118164,1.1251211166381836
0,25,0.6354405572453456,0.16400000000000003,0.24425578117370605,1.1251211166381836
0,26,0.6344284930500148,0.16250000000000003,0.2614710330963135,1.1251211166381836
0,27,0.6435112585689181,0.16100000000000003,0.23642396926879883,1.1251211166381836
0,28,0.6422269138737424,0.15950000000000003,0.27478790283203125,1.1251211166381836
0,29,0.6515186235482444,0.15800000000000008,0.24603533744812012,1.1251211166381836
0,30,0.6500065787232676,0.15650000000000008,0.2767906188964844,1.1251211166381836
0,31,0.6596190022200052,0.15500000000000008,0.25121378898620605,1.1251211166381836
0,32,0.6578743394621596,0.15350000000000008,0.27672266960144043,1.1251211166381836
0,33,0.6675270684076258,0.15200000000000008,0.24797463417053223,1.1251211166381836
0,34,0.6655519446764108,0.15050000000000008,0.27769923210144043,1.1251211166381836
0,35,0.6755594482633949,0.14900000000000008,0.24562716484069824,1.1251211166381836
0,36,0.6731468118910846,0.14750000000000008,0.2868208885192871,1.1251211166381836
0,37,0.6835590047056548,0.14600000000000007,0.27332043647766113,1.1251211166381836
0,38,0.6807800733678517,0.14450000000000007,0.29859066009521484,1.1251211166381836
0,39,0.6912799141042358,0.14300000000000007,0.2751288414001465,1.1251211166381836
0,40,0.6882666150323191,0.14150000000000007,0.2924983501434326,1.1251211166381836
0,41,0.7288735228587093,0.14000000000000007,0.20859360694885254,1.1251211166381836
0,42,0.7026791968041278,0.13850000000000007,0.3205146789550781,1.1251211166381836
0,43,0.7239413301612995,0.13700000000000007,0.2884538173675537,1.1251211166381836
0,44,0.7155728684024282,0.13550000000000006,0.30855512619018555,1.1251211166381836
0,45,0.7351010305335705,0.13400000000000006,0.2923746109008789,1.1251211166381836
0,46,0.7249502270525565,0.13250000000000006,0.31453442573547363,1.1251211166381836
0,47,0.7431789279466579,0.13100000000000006,0.2957425117492676,1.1251211166381836
0,48,0.7325905603686148,0.12950000000000006,0.3120296001434326,1.1251211166381836
0,49,0.751152231041791,0.12800000000000006,0.29661989212036133,1.1251211166381836
0,50,0.739920815552652,0.12650000000000006,0.31523609161376953,1.1251211166381836
0,51,0.7590129229523359,0.12500000000000006,0.31711339950561523,1.1251211166381836
0,52,0.7472275950589706,0.12350000000000005,0.31689929962158203,1.1251211166381836
0,53,0.7666712612320653,0.12200000000000005,0.30696916580200195,1.1251211166381836
0,54,0.7542289641479487,0.12050000000000005,0.31546449661254883,1.1251211166381836
0,55,0.7741958615687918,0.11900000000000005,0.3062305450439453,1.1251211166381836
0,56,0.7606772748435595,0.11750000000000005,0.32232069969177246,1.1251211166381836
0,57,0.7810942431294219,0.11600000000000005,0.31467390060424805,1.1251211166381836
0,58,0.7660086946875164,0.11450000000000005,0.3180553913116455,1.1251211166381836
0,59,0.7864917566271941,0.11300000000000004,0.31206679344177246,1.1251211166381836
0,60,0.7699224438231627,0.11150000000000004,0.33685946464538574,1.1251211166381836
0,61,0.7898033298643503,0.11000000000000004,0.31630921363830566,1.1251211166381836
0,62,0.772696761614143,0.10850000000000004,0.33277463912963867,1.1251211166381836
0,63,0.7929027065482352,0.10700000000000004,0.32875776290893555,1.1251211166381836
0,64,0.7765977379694591,0.10550000000000004,0.32344698905944824,1.1251211166381836
0,65,0.7954743557144548,0.10400000000000004,0.3014180660247803,1.1251211166381836
0,66,0.7790708239626651,0.10250000000000004,0.3264021873474121,1.1251211166381836
0,67,0.7976377033415072,0.10100000000000003,0.30774617195129395,1.1251211166381836
0,68,0.7817949624666959,0.09950000000000003,0.32320141792297363,1.1251211166381836
0,69,0.7972451963456947,0.09800000000000003,0.2953798770904541,1.1251211166381836
0,70,0.7813000806771035,0.09650000000000003,0.30219101905822754,1.1251211166381836
0,71,0.7940799618084782,0.09500000000000003,0.2530982494354248,1.1251211166381836
0,72,0.7785400961299285,0.09350000000000003,0.24877429008483887,1.1251211166381836
0,73,0.7930579473276091,0.09200000000000003,0.1974191665649414,1.1251211166381836
0,74,0.7784437615087798,0.09050000000000008,0.20090341567993164,1.1251211166381836
0,75,0.7918331991079222,0.08900000000000002,0.18869829177856445,1.1251211166381836
0,76,0.7793588526656912,0.08750000000000008,0.19802045822143555,1.1251211166381836
0,77,0.7926689366287011,0.08600000000000008,0.18633222579956055,1.1251211166381836
0,78,0.7811232537468933,0.08450000000000002,0.21275758743286133,1.1251211166381836
0,79,0.7928367596545689,0.08300000000000007,0.20461487770080566,1.1251211166381836
0,80,0.7827920467133423,0.08150000000000007,0.22762227058410645,1.1251211166381836
0,81,0.7668477141084107,0.08000000000000007,0.3592691421508789,1.1251211166381836
0,82,0.7508845608853939,0.07850000000000007,0.21716618537902832,1.1251211166381836
0,83,0.7636952328520084,0.07700000000000007,0.16998815536499023,1.1251211166381836
0,84,0.7509993391048402,0.07550000000000007,0.1678311824798584,1.1251211166381836
0,85,0.7651964546783642,0.07400000000000007,0.19043922424316406,1.1251211166381836
0,86,0.753708625867453,0.07250000000000006,0.18610644340515137,1.1251211166381836
0,87,0.7671335309469723,0.07100000000000006,0.18975520133972168,1.1251211166381836
0,88,0.7564932962079898,0.06950000000000006,0.18291592597961426,1.1251211166381836
0,89,0.7693855734082021,0.06800000000000006,0.20178580284118652,1.1251211166381836
0,90,0.7596403702321977,0.06650000000000003,0.19100236892700195,1.1251211166381836
0,91,0.7712463455539741,0.06500000000000006,0.19454598426818848,1.1251211166381836
0,92,0.7626643183302526,0.06350000000000006,0.1964418888092041,1.1251211166381836
0,93,0.7742034285660647,0.062000000000000055,0.19218969345092773,1.1251211166381836
0,94,0.766081026920306,0.060500000000000054,0.19959354400634766,1.1251211166381836
0,95,0.7768754462876992,0.05900000000000005,0.20478224754333496,1.1251211166381836
0,96,0.769605219974371,0.05750000000000005,0.1999521255493164,1.1251211166381836
0,97,0.7796832144394095,0.05600000000000005,0.1982402801513672,1.1251211166381836
0,98,0.7734157364846614,0.05450000000000005,0.2655317783355713,1.1251211166381836
0,99,0.782777717815752,0.05300000000000005,0.2144758701324463,1.1251211166381836
0,100,0.7769535965201839,0.051500000000000046,0.2114558219909668,1.1251211166381836
0,101,0.7854627493709251,0.050000000000000044,0.19522929191589355,1.1251211166381836
0,102,0.7806645853758934,0.04850000000000004,0.21467947959899902,1.1251211166381836
0,103,0.7884080646524896,0.04700000000000004,0.19655609130859375,1.1251211166381836
0,104,0.7842258531209807,0.04550000000000004,0.23181581497192383,1.1251211166381836
0,105,0.7914574575158482,0.04400000000000004,0.19222688674926758,1.1251211166381836
0,106,0.7877433517624989,0.04250000000000004,0.2392442226409912,1.1251211166381836
0,107,0.7950896790119171,0.041000000000000036,0.2041935920715332,1.1251211166381836
0,108,0.7915261473620454,0.039500000000000035,0.3458061218261719,1.1251211166381836
0,109,0.800292452752867,0.038000000000000034,0.22107529640197754,1.1251211166381836
0,110,0.7958046288521599,0.03650000000000003,0.27378177642822266,1.1251211166381836
0,111,0.8054930072874456,0.03500000000000006,0.27755236625671387,1.1251211166381836
0,112,0.8004503194354331,0.03350000000000003,0.3733057975769043,1.1251211166381836
0,113,0.8117457610951584,0.032000000000000056,0.2606081962585449,1.1251211166381836
0,114,0.8071181557234761,0.030500000000000083,0.3245065212249756,1.1251211166381836
0,115,0.8159178368166085,0.02900000000000008,0.2529289722442627,1.1251211166381836
0,116,0.8124683003317936,0.02750000000000008,0.3765718936920166,1.1251211166381836
0,117,0.8219400140337757,0.02600000000000003,0.27608227729797363,1.1251211166381836
0,118,0.8191435785595591,0.024500000000000077,0.3533945083618164,1.1251211166381836
0,119,0.8264865312428816,0.023000000000000076,0.25826287269592285,1.1251211166381836
0,120,0.8254555388668371,0.021500000000000075,0.3555581569671631,1.1251211166381836
0,121,0.7759861337285274,0.020000000000000073,0.6188321113586426,1.1251211166381836
0,122,0.7844392490300185,0.020000000000000046,0.3939697742462158,1.1251211166381836
0,123,0.791096680185464,0.020000000000000073,0.37179040908813477,1.1251211166381836
0,124,0.7892947874817673,0.020000000000000025,0.2505357265472412,1.1251211166381836
0,125,0.794032474034027,0.020000000000000025,0.24143767356872559,1.1251211166381836
0,126,0.7910063867676196,0.020000000000000025,0.20180678367614746,1.1251211166381836
0,127,0.7945296431891153,0.020000000000000018,0.2107076644897461,1.1251211166381836
0,128,0.7924490617827222,0.020000000000000046,0.20934748649597168,1.1251211166381836
0,129,0.7955779126645346,0.020000000000000018,0.24745559692382812,1.1251211166381836
0,130,0.7935291425907429,0.020000000000000018,0.22668027877807617,1.1251211166381836
0,131,0.7964987988641216,0.020000000000000018,0.21527957916259766,1.1251211166381836
0,132,0.7946577307808579,0.020000000000000025,0.21891260147094727,1.1251211166381836
0,133,0.7973186015859275,0.020000000000000018,0.21431684494018555,1.1251211166381836
0,134,0.7956108643957198,0.020000000000000018,0.20735573768615723,1.1251211166381836
0,135,0.7981133574599473,0.020000000000000018,0.21168780326843262,1.1251211166381836
0,136,0.7967135415031987,0.020000000000000073,0.20960021018981934,1.1251211166381836
0,137,0.7990413262726515,0.020000000000000073,0.20773696899414062,1.1251211166381836
0,138,0.797621942081831,0.020000000000000073,0.21622252464294434,1.1251211166381836
0,139,0.7998376307341025,0.020000000000000018,0.21230530738830566,1.1251211166381836
0,140,0.7986618438637123,0.020000000000000025,0.21438860893249512,1.1251211166381836
0,141,0.8005043087370292,0.020000000000000025,0.19843626022338867,1.1251211166381836
0,142,0.7992774159153077,0.020000000000000025,0.2032487392425537,1.1251211166381836
0,143,0.8011457948507752,0.020000000000000073,0.25621891021728516,1.1251211166381836
0,144,0.7999528116549453,0.020000000000000018,0.20937895774841309,1.1251211166381836
0,145,0.8018380209217968,0.020000000000000025,0.20006942749023438,1.1251211166381836
0,146,0.8006851591048496,0.020000000000000025,0.22404766082763672,1.1251211166381836
0,147,0.8024123353647548,0.020000000000000018,0.2020862102508545,1.1251211166381836
0,148,0.8011636813724959,0.020000000000000025,0.20299267768859863,1.1251211166381836
0,149,0.802875243031515,0.020000000000000025,0.20149898529052734,1.1251211166381836
0,150,0.8017567753114844,0.020000000000000025,0.2018280029296875,1.1251211166381836
0,1,0.5886433984931472,0.20000000000000007,0.514533281326294,2.184495449066162
0,2,0.551443641224403,0.19850000000000007,0.1950974464416504,2.190828323364258
0,3,0.5425537169043326,0.19700000000000006,0.15244078636169434,2.190828323364258
0,4,0.5422593311988786,0.14657100496865283,0.06908798217773438,2.190828323364258
0,5,0.5429433456367805,0.11021707778103706,0.06442046165466309,2.190828323364258
0,6,0.5430938990995644,0.11751462470079732,0.044300079345703125,2.190828323364258
0,7,0.5453777174488512,0.1340558524145985,0.08432650566101074,2.190828323364258
0,8,0.5459991788217196,0.10746157428330805,0.03869938850402832,2.190828323364258
0,9,0.5520472600756514,0.09874220007000112,0.09614729881286621,2.190828323364258
0,10,0.5525435460601509,0.07378036085535178,0.03581809997558594,2.190828323364258
0,11,0.5606363514136767,0.08889976196012872,0.11680316925048828,2.190828323364258
0,12,0.5614591499173357,0.09978781554248162,0.0415043830871582,2.190828323364258
0,13,0.5621934685497416,0.08617339664002233,0.04337310791015625,2.190828323364258
0,14,0.5718061349554433,0.06874416628599507,0.15439915657043457,2.190828323364258
0,15,0.5729961152026042,0.047401849840226995,0.046003103256225586,2.190828323364258
0,16,0.5734624471613172,0.05691870568936184,0.04310131072998047,2.190828323364258
0,17,0.5811487291358313,0.05679711400092158,0.13509130477905273,2.190828323364258
0,18,0.5817515015952119,0.05436769051255641,0.04277610778808594,2.190828323364258
0,19,0.5866596941427284,0.09806928171106072,0.08934283256530762,2.190828323364258
0,20,0.5868767685352715,0.03981870003478505,0.034455299377441406,2.190828323364258
0,21,0.5932635578325995,0.1092952779841538,0.13115739822387695,2.190828323364258
0,22,0.5941824978940304,0.03508010375950599,0.04225492477416992,2.190828323364258
0,23,0.6009874916971896,0.11946074396287988,0.1238710880279541,2.190828323364258
0,24,0.6038196478994193,0.11946074396287988,0.07091736793518066,2.190828323364258
0,25,0.605041148000787,0.055571329690035684,0.055268049240112305,2.190828323364258
0,26,0.6093708356367384,0.08149136369390016,0.09293842315673828,2.190828323364258
0,27,0.6152212849877527,0.10907743370542712,0.1113131046295166,2.190828323364258
0,28,0.6190461548963155,0.1595,0.09952044486999512,2.190828323364258
0,29,0.6206977755490071,0.07746658986787457,0.07397842407226562,2.190828323364258
0,30,0.6239332900070791,0.07739113320980906,0.10428428649902344,2.190828323364258
0,31,0.6271562539180686,0.15293977977835355,0.07217192649841309,2.190828323364258
0,32,0.6316761207226904,0.11506241821729384,0.09306883811950684,2.190828323364258
0,33,0.636093010447639,0.11506241821729384,0.1315157413482666,2.190828323364258
0,34,0.6373060978710998,0.07284111178167979,0.06059527397155762,2.190828323364258
0,35,0.6450709089740353,0.07246874169772533,0.18276166915893555,2.190828323364258
0,36,0.6462343069514316,0.07848681321278961,0.050493717193603516,2.190828323364258
0,37,0.6476441936345445,0.08600367378960909,0.06841850280761719,2.190828323364258
0,38,0.6501821315879235,0.08050875218648279,0.0758514404296875,2.190828323364258
0,39,0.6556052827089702,0.14300000000000002,0.13010072708129883,2.190828323364258
0,40,0.6606076923018029,0.1082006106021928,0.1027677059173584,2.190828323364258
0,41,0.687272992604322,0.14000000000000007,0.32686686515808105,2.190828323364258
0,42,0.6851983372287922,0.1385,0.26410913467407227,2.190828323364258
0,43,0.6869427984340012,0.137,0.18863415718078613,2.190828323364258
0,44,0.689083946905017,0.1355,0.14917445182800293,2.190828323364258
0,45,0.6921259110750199,0.08479157263331472,0.13502907752990723,2.190828323364258
0,46,0.6933998627053664,0.1325,0.12909269332885742,2.190828323364258
0,47,0.6974773746249654,0.10984187459617474,0.1511549949645996,2.190828323364258
0,48,0.6997158611383851,0.1295,0.1264655590057373,2.190828323364258
0,49,0.7065126016939471,0.11010403088319819,0.21085762977600098,2.190828323364258
0,50,0.7079794048133261,0.08825314381478022,0.13111615180969238,2.190828323364258
0,51,0.7107471842676973,0.10442695745453967,0.12258481979370117,2.190828323364258
0,52,0.7133851026503158,0.11065124902847034,0.1427009105682373,2.190828323364258
0,53,0.7182665371081272,0.122,0.18903517723083496,2.190828323364258
0,54,0.7198205602067045,0.12050000000000005,0.14636945724487305,2.190828323364258
0,55,0.7235843097266375,0.119,0.16440510749816895,2.190828323364258
0,56,0.7264199576695541,0.11750000000000005,0.1877434253692627,2.190828323364258
0,57,0.7303067571908008,0.11600000000000002,0.14424514770507812,2.190828323364258
0,58,0.7306179307353228,0.11450000000000005,0.18743205070495605,2.190828323364258
0,59,0.7344060725653163,0.11300000000000004,0.1630690097808838,2.190828323364258
0,60,0.7338290000179637,0.11150000000000004,0.19088459014892578,2.190828323364258
0,61,0.7375842179010726,0.11000000000000001,0.15476608276367188,2.190828323364258
0,62,0.7362233392826096,0.10850000000000004,0.22687196731567383,2.190828323364258
0,63,0.7397082222505873,0.10700000000000001,0.16737818717956543,2.190828323364258
0,64,0.7365809949336033,0.10550000000000004,0.21849942207336426,2.190828323364258
0,65,0.7394104183109453,0.10400000000000001,0.16387128829956055,2.190828323364258
0,66,0.7351889293678922,0.10250000000000004,0.17339348793029785,2.190828323364258
0,67,0.7390698567886183,0.101,0.17861437797546387,2.190828323364258
0,68,0.7363695318539936,0.09950000000000003,0.1598834991455078,2.190828323364258
0,69,0.7406828838162189,0.09800000000000003,0.17175817489624023,2.190828323364258
0,70,0.7388643900151908,0.09650000000000003,0.17710304260253906,2.190828323364258
0,71,0.7428890672274908,0.09500000000000001,0.15222620964050293,2.190828323364258
0,72,0.741555812609166,0.09350000000000003,0.1947479248046875,2.190828323364258
0,73,0.7457589948297186,0.09200000000000003,0.16512179374694824,2.190828323364258
0,74,0.7441829284114783,0.09050000000000002,0.18446564674377441,2.190828323364258
0,75,0.7484195354364201,0.08899999999999997,0.16202521324157715,2.190828323364258
0,76,0.7471628424473318,0.08750000000000002,0.1777970790863037,2.190828323364258
0,77,0.7513360522999175,0.08600000000000008,0.161790132522583,2.190828323364258
0,78,0.7512976350467845,0.08450000000000002,0.21422076225280762,2.190828323364258
0,79,0.754925294732281,0.08300000000000007,0.16059350967407227,2.190828323364258
0,80,0.7540141447984744,0.08150000000000002,0.18711471557617188,2.190828323364258
0,81,0.7333966123524405,0.08000000000000007,0.24754571914672852,2.190828323364258
0,82,0.7288734553861889,0.07850000000000003,0.2587313652038574,2.190828323364258
0,83,0.7331788484801365,0.07700000000000007,0.1811234951019287,2.190828323364258
0,84,0.7308726908623403,0.07550000000000007,0.17507314682006836,2.190828323364258
0,85,0.7354897425730642,0.07400000000000007,0.19857454299926758,2.190828323364258
0,86,0.7330523424308195,0.07250000000000001,0.17690205574035645,2.190828323364258
0,87,0.7377300348960729,0.07100000000000006,0.18653559684753418,2.190828323364258
0,88,0.7352719599559994,0.06950000000000006,0.2157421112060547,2.190828323364258
0,89,0.7400080026998734,0.06800000000000006,0.18583369255065918,2.190828323364258
0,90,0.737878841651442,0.0665,0.1921980381011963,2.190828323364258
0,91,0.7424638070908309,0.06500000000000006,0.20978355407714844,2.190828323364258
0,92,0.740651483977024,0.06350000000000006,0.21610116958618164,2.190828323364258
0,93,0.7451768205693458,0.062000000000000055,0.19880104064941406,2.190828323364258
0,94,0.7437389097326701,0.060500000000000054,0.20775485038757324,2.190828323364258
0,95,0.7480043249913392,0.05900000000000005,0.22185611724853516,2.190828323364258
0,96,0.746866028123219,0.05750000000000005,0.20680475234985352,2.190828323364258
0,97,0.750948328521901,0.05600000000000005,0.20360445976257324,2.190828323364258
0,98,0.7500534568735423,0.05450000000000005,0.21834945678710938,2.190828323364258
0,99,0.7539556052379781,0.05300000000000005,0.1999220848083496,2.190828323364258
0,100,0.753228044539745,0.051500000000000046,0.21817874908447266,2.190828323364258
0,101,0.7570529070162921,0.050000000000000044,0.2318875789642334,2.190828323364258
0,102,0.7564574226304228,0.04850000000000004,0.22422027587890625,2.190828323364258
0,103,0.7599695519013665,0.04700000000000004,0.210097074508667,2.190828323364258
0,104,0.7595675880315766,0.04550000000000004,0.21643447875976562,2.190828323364258
0,105,0.7629239306821357,0.04400000000000004,0.22116518020629883,2.190828323364258
0,106,0.7626864105651538,0.04250000000000004,0.22257542610168457,2.190828323364258
0,107,0.7658568196064559,0.041000000000000036,0.23053717613220215,2.190828323364258
0,108,0.7657673853563665,0.039500000000000035,0.2243649959564209,2.190828323364258
0,109,0.7687490300654278,0.038000000000000034,0.21849679946899414,2.190828323364258
0,110,0.768819082847338,0.03650000000000003,0.24604058265686035,2.190828323364258
0,111,0.7717373760559502,0.03500000000000003,0.2265329360961914,2.190828323364258
0,112,0.7718903234582515,0.03350000000000003,0.2255866527557373,2.190828323364258
0,113,0.774822309417422,0.032000000000000084,0.24370193481445312,2.190828323364258
0,114,0.774963726535802,0.030500000000000083,0.23241758346557617,2.190828323364258
0,115,0.7778327364828781,0.02900000000000008,0.2656369209289551,2.190828323364258
0,116,0.7780394635693539,0.02750000000000008,0.2252180576324463,2.190828323364258
0,117,0.7807083769632039,0.02600000000000008,0.2563967704772949,2.190828323364258
0,118,0.7812126458680362,0.024500000000000077,0.312197208404541,2.190828323364258
0,119,0.7837956078620669,0.02300000000000002,0.2738199234008789,2.190828323364258
0,120,0.7842431829538659,0.021500000000000075,0.2274036407470703,2.190828323364258
0,121,0.7359484545633894,0.020000000000000073,0.6525664329528809,2.190828323364258
0,122,0.7344233378381175,0.020000000000000073,0.23138928413391113,2.190828323364258
0,123,0.7338513716302066,0.020000000000000046,0.240645170211792,2.190828323364258
0,124,0.733522692788399,0.020000000000000073,0.2555854320526123,2.190828323364258
0,125,0.7332625970362304,0.020000000000000018,0.28368091583251953,2.190828323364258
0,126,0.7329158107561868,0.020000000000000073,0.17084527015686035,2.190828323364258
0,127,0.7328706471057744,0.020000000000000073,0.25727200508117676,2.190828323364258
0,128,0.7324676147385406,0.020000000000000073,0.166823148727417,2.190828323364258
0,129,0.7328503085322398,0.020000000000000018,0.19195199012756348,2.190828323364258
0,130,0.7323651387740772,0.020000000000000073,0.1885204315185547,2.190828323364258
0,131,0.7328430839481441,0.020000000000000018,0.19315743446350098,2.190828323364258
0,132,0.7321335908326098,0.020000000000000073,0.22066545486450195,2.190828323364258
0,133,0.7327829134749769,0.020000000000000018,0.19184374809265137,2.190828323364258
0,134,0.7319258409704341,0.020000000000000018,0.20676708221435547,2.190828323364258
0,135,0.7327325989470089,0.020000000000000018,0.2049868106842041,2.190828323364258
0,136,0.7317565586786701,0.020000000000000018,0.2151792049407959,2.190828323364258
0,137,0.7327164261175083,0.020000000000000073,0.20362210273742676,2.190828323364258
0,138,0.7316470675138071,0.020000000000000018,0.20838713645935059,2.190828323364258
0,139,0.732667824473615,0.020000000000000073,0.19495868682861328,2.190828323364258
0,140,0.7315604738579833,0.020000000000000018,0.22308683395385742,2.190828323364258
0,141,0.732607696202247,0.020000000000000073,0.21088886260986328,2.190828323364258
0,142,0.7314876579125298,0.020000000000000018,0.24813508987426758,2.190828323364258
0,143,0.7325526444355437,0.020000000000000073,0.25905442237854004,2.190828323364258
0,144,0.731412131123881,0.020000000000000018,0.22921419143676758,2.190828323364258
0,145,0.7325146732467549,0.020000000000000073,0.2163386344909668,2.190828323364258
0,146,0.7313470001652803,0.020000000000000018,0.20546531677246094,2.190828323364258
0,147,0.7324794450951373,0.020000000000000073,0.19426393508911133,2.190828323364258
0,148,0.7312744955143691,0.020000000000000018,0.20902109146118164,2.190828323364258
0,149,0.7324422638051702,0.020000000000000018,0.19722914695739746,2.190828323364258
0,150,0.7312360307040182,0.020000000000000018,0.20931649208068848,2.190828323364258
0,1,0.5889521463779932,0.20000000000000007,0.6488738059997559,2.184495449066162
0,2,0.5509308737062693,0.19850000000000007,0.18744969367980957,2.190828323364258
0,3,0.5415772343070213,0.18676463116384034,0.14158082008361816,2.190828323364258
0,4,0.5410792276116432,0.1117924493279081,0.06771302223205566,2.190828323364258
0,5,0.5409971533834689,0.1197223584865923,0.06795597076416016,2.190828323364258
0,6,0.5413465136228589,0.09504901437758795,0.042113304138183594,2.190828323364258
0,7,0.544163968533237,0.10313824532745275,0.09524917602539062,2.190828323364258
0,8,0.5447505325464979,0.11723513087032478,0.04523324966430664,2.190828323364258
0,9,0.5513738179555883,0.08326711464762249,0.10859131813049316,2.190828323364258
0,10,0.5527055535808889,0.06370229042408315,0.05556011199951172,2.190828323364258
0,11,0.5528663728987072,0.0697262043914404,0.036600351333618164,2.190828323364258
0,12,0.5638343678718918,0.07683517790968475,0.16990327835083008,2.190828323364258
0,13,0.5647451333096778,0.0868843021167034,0.041391849517822266,2.190828323364258
0,14,0.5659328234453997,0.062219943060841,0.04796433448791504,2.190828323364258
0,15,0.5689684219082314,0.041549252010444127,0.06843304634094238,2.190828323364258
0,16,0.5747341262382681,0.03996346163199904,0.12914633750915527,2.190828323364258
0,17,0.5757641337276275,0.041152179366538144,0.04451417922973633,2.190828323364258
0,18,0.5819767244359118,0.038685677679780484,0.11635589599609375,2.190828323364258
0,19,0.5824756890059999,0.03844231810277965,0.036966562271118164,2.190828323364258
0,20,0.5867328809873544,0.04273306214726913,0.06935763359069824,2.190828323364258
0,21,0.5909085432040766,0.04970668733190342,0.10431218147277832,2.190828323364258
0,22,0.591190300561796,0.046827029753839566,0.03998517990112305,2.190828323364258
0,23,0.6017760689487659,0.05759089710037936,0.19208025932312012,2.190828323364258
0,24,0.6026914037632531,0.03783404585267136,0.04488968849182129,2.190828323364258
0,25,0.604188948671436,0.06657328884636302,0.05289006233215332,2.190828323364258
0,26,0.6067035213654364,0.048528763952576826,0.05697965621948242,2.190828323364258
0,27,0.6123404853188371,0.048665610543824844,0.10776424407958984,2.190828323364258
0,28,0.6171308208053461,0.05703740266516836,0.08617925643920898,2.190828323364258
0,29,0.6186468669171216,0.05213493703125288,0.06081819534301758,2.190828323364258
0,30,0.6188986234955448,0.058902081062383815,0.037654876708984375,2.190828323364258
0,31,0.6293822670142171,0.060990337695507546,0.1902296543121338,2.190828323364258
0,32,0.6303199721254016,0.07179740553078506,0.04522705078125,2.190828323364258
0,33,0.6317967771928344,0.08060659270417614,0.05305600166320801,2.190828323364258
0,34,0.6372050209516125,0.08122356077719473,0.09930968284606934,2.190828323364258
0,35,0.6375179267408517,0.08065249308882227,0.04093122482299805,2.190828323364258
0,36,0.6457330042417941,0.07588831535253793,0.12749838829040527,2.190828323364258
0,37,0.6465984744078508,0.07081264010147298,0.05024576187133789,2.190828323364258
0,38,0.6539520427906682,0.06656022683561691,0.15775513648986816,2.190828323364258
0,39,0.6545862320545537,0.06341891937146166,0.044318437576293945,2.190828323364258
0,40,0.655945262755229,0.06149538908000818,0.0586550235748291,2.190828323364258
0,41,0.6830308544608419,0.14,0.33521080017089844,2.190828323364258
0,42,0.6830455573820042,0.10861319220175802,0.23968887329101562,2.190828323364258
0,43,0.6840093736431557,0.08374752936158258,0.13852953910827637,2.190828323364258
0,44,0.6848482319722882,0.08123887967028776,0.09081840515136719,2.190828323364258
0,45,0.6871253662771878,0.07649548904350784,0.06856656074523926,2.190828323364258
0,46,0.6921775412809374,0.07356329668967787,0.11381101608276367,2.190828323364258
0,47,0.6936514800534438,0.07405951354387491,0.07181286811828613,2.190828323364258
0,48,0.7007396920001102,0.06739409640593935,0.193709135055542,2.190828323364258
0,49,0.7022442703333367,0.06413904502258999,0.0721123218536377,2.190828323364258
0,50,0.7028523633189565,0.06209098085962128,0.05727243423461914,2.190828323364258
0,51,0.708373500751657,0.0955395450869192,0.10613465309143066,2.190828323364258
0,52,0.7087375889412301,0.05679722691638761,0.043982744216918945,2.190828323364258
0,53,0.7169294699685869,0.05422861708905602,0.18990731239318848,2.190828323364258
0,54,0.7176024910997312,0.053973382267897885,0.05002403259277344,2.190828323364258
0,55,0.720183933550864,0.05521390349244382,0.09272575378417969,2.190828323364258
0,56,0.7227672174810947,0.05697628957823708,0.08238101005554199,2.190828323364258
0,57,0.7271740387896222,0.055749901411234815,0.13117551803588867,2.190828323364258
0,58,0.7312420039714209,0.061095386364196314,0.13429522514343262,2.190828323364258
0,59,0.7333592183304996,0.07608936504532698,0.0930333137512207,2.190828323364258
0,60,0.7366038128694274,0.08099263329375739,0.12184786796569824,2.190828323364258
0,61,0.7373753222255871,0.0839610655105576,0.06646227836608887,2.190828323364258
0,62,0.7430036440942047,0.0750255729885605,0.18813753128051758,2.190828323364258
0,63,0.7439550571685734,0.07728968664254454,0.0782175064086914,2.190828323364258
0,64,0.7462554678726715,0.07919564163565868,0.1546008586883545,2.190828323364258
0,65,0.7467260622533103,0.09751406198747278,0.08069658279418945,2.190828323364258
0,66,0.7489348971823502,0.10250000000000002,0.1832118034362793,2.190828323364258
0,67,0.7491258322417746,0.101,0.0827023983001709,2.190828323364258
0,68,0.7491918958823627,0.09950000000000003,0.12888526916503906,2.190828323364258
0,69,0.748513382676954,0.09800000000000003,0.09084749221801758,2.190828323364258
0,70,0.7480483173640611,0.09650000000000003,0.08497881889343262,2.190828323364258
0,71,0.7476478820418003,0.09500000000000003,0.09709930419921875,2.190828323364258
0,72,0.7478463703762579,0.09350000000000003,0.09583210945129395,2.190828323364258
0,73,0.7483525497592289,0.08477696224746774,0.09645891189575195,2.190828323364258
0,74,0.7493767845035944,0.09050000000000002,0.1075444221496582,2.190828323364258
0,75,0.7503343495470205,0.08899999999999997,0.10709810256958008,2.190828323364258
0,76,0.7508211451919826,0.08750000000000002,0.07741141319274902,2.190828323364258
0,77,0.7525763718939262,0.08600000000000002,0.13157916069030762,2.190828323364258
0,78,0.7539609967564582,0.08450000000000002,0.11748838424682617,2.190828323364258
0,79,0.7545817031690052,0.08299999999999996,0.07463502883911133,2.190828323364258
0,80,0.7559551486851344,0.08150000000000002,0.10807323455810547,2.190828323364258
0,81,0.7313552089827284,0.08000000000000007,0.22991728782653809,2.190828323364258
0,82,0.728614847205977,0.07850000000000003,0.29137420654296875,2.190828323364258
0,83,0.7288161500427749,0.07700000000000001,0.156904935836792,2.190828323364258
0,84,0.7299251156573856,0.07550000000000001,0.1179513931274414,2.190828323364258
0,85,0.7306819232222821,0.07400000000000001,0.10634160041809082,2.190828323364258
0,86,0.7309273549191964,0.07250000000000001,0.10548019409179688,2.190828323364258
0,87,0.7322543607809373,0.07099999999999995,0.08909225463867188,2.190828323364258
0,88,0.7321287150467917,0.0695,0.09521079063415527,2.190828323364258
0,89,0.7343861381225716,0.06800000000000006,0.11749768257141113,2.190828323364258
0,90,0.7354060955609996,0.0665,0.13431191444396973,2.190828323364258
0,91,0.7365789944163803,0.06500000000000006,0.08356213569641113,2.190828323364258
0,92,0.7387775355809458,0.06350000000000003,0.17617535591125488,2.190828323364258
0,93,0.7397475210894167,0.062,0.07123875617980957,2.190828323364258
0,94,0.7393228490792275,0.0605,0.08033037185668945,2.190828323364258
0,95,0.7432191184429535,0.05900000000000005,0.22220706939697266,2.190828323364258
0,96,0.7431349763331233,0.057499999999999996,0.07215523719787598,2.190828323364258
0,97,0.7443923571256719,0.05600000000000005,0.08988642692565918,2.190828323364258
0,98,0.7471247014014761,0.05449999999999999,0.1786036491394043,2.190828323364258
0,99,0.747696702684064,0.05300000000000005,0.06823563575744629,2.190828323364258
0,100,0.7495693222286552,0.051500000000000046,0.15999937057495117,2.190828323364258
0,101,0.7510077736385186,0.050000000000000044,0.09611964225769043,2.190828323364258
0,102,0.7518433668355784,0.04849999999999999,0.10405230522155762,2.190828323364258
0,103,0.7536659724522206,0.04700000000000004,0.15441584587097168,2.190828323364258
0,104,0.7553760430001304,0.045499999999999985,0.1449296474456787,2.190828323364258
0,105,0.756333253350172,0.04400000000000004,0.08735084533691406,2.190828323364258
0,106,0.7582277866687537,0.04249999999999998,0.1242055892944336,2.190828323364258
0,107,0.7586666337590025,0.041000000000000036,0.06832003593444824,2.190828323364258
0,108,0.7615257790355425,0.039500000000000035,0.23583126068115234,2.190828323364258
0,109,0.7624292102927073,0.038000000000000034,0.1022801399230957,2.190828323364258
0,110,0.763940041733562,0.03649999999999998,0.12421250343322754,2.190828323364258
0,111,0.7659497696202111,0.03500000000000003,0.1907949447631836,2.190828323364258
0,112,0.7664924731660383,0.033499999999999974,0.0813744068145752,2.190828323364258
0,113,0.7687505475150029,0.03200000000000003,0.22197675704956055,2.190828323364258
0,114,0.7694678787975903,0.030500000000000083,0.09585738182067871,2.190828323364258
0,115,0.7715093186574642,0.029000000000000026,0.2178494930267334,2.190828323364258
0,116,0.7722919879735777,0.02750000000000008,0.10804152488708496,2.190828323364258
0,117,0.7742765565278178,0.026000000000000023,0.2258007526397705,2.190828323364258
0,118,0.7751480351896671,0.024500000000000077,0.11136937141418457,2.190828323364258
0,119,0.7770560339918682,0.02300000000000002,0.23996853828430176,2.190828323364258
0,120,0.7781203038065898,0.021500000000000075,0.1340939998626709,2.190828323364258
0,121,0.7274121603521191,0.020000000000000073,0.6936469078063965,2.190828323364258
0,122,0.7265920241553724,0.020000000000000073,0.2165088653564453,2.190828323364258
0,123,0.7260892030682724,0.020000000000000073,0.23255658149719238,2.190828323364258
0,124,0.7258833787345892,0.020000000000000073,0.17097139358520508,2.190828323364258
0,125,0.7255671684115086,0.020000000000000073,0.20944833755493164,2.190828323364258
0,126,0.7253550301072023,0.020000000000000018,0.13655686378479004,2.190828323364258
0,127,0.7253525290522447,0.020000000000000018,0.15186071395874023,2.190828323364258
0,128,0.7248567930883986,0.020000000000000073,0.20482563972473145,2.190828323364258
0,129,0.724998509951277,0.020000000000000018,0.13397002220153809,2.190828323364258
0,130,0.7246985751891697,0.020000000000000018,0.14099669456481934,2.190828323364258
0,131,0.724688894666039,0.020000000000000018,0.17989230155944824,2.190828323364258
0,132,0.7242185270233545,0.020000000000000018,0.20088648796081543,2.190828323364258
0,133,0.7245183839332534,0.020000000000000018,0.12277030944824219,2.190828323364258
0,134,0.7241264907725541,0.020000000000000018,0.12796330451965332,2.190828323364258
0,135,0.7243972492325244,0.020000000000000018,0.135911226272583,2.190828323364258
0,136,0.7240889861220764,0.020000000000000018,0.13981199264526367,2.190828323364258
0,137,0.7241005647635058,0.020000000000000018,0.19438481330871582,2.190828323364258
0,138,0.7237963990354346,0.020000000000000018,0.13131046295166016,2.190828323364258
0,139,0.7240451651705581,0.020000000000000018,0.1286005973815918,2.190828323364258
0,140,0.7236860064469993,0.020000000000000018,0.12778568267822266,2.190828323364258
0,141,0.7240365610807038,0.020000000000000018,0.11144399642944336,2.190828323364258
0,142,0.723612546438571,0.020000000000000018,0.11764192581176758,2.190828323364258
0,143,0.7239614528254664,0.020000000000000018,0.09839749336242676,2.190828323364258
0,144,0.7235248305074783,0.020000000000000018,0.08991646766662598,2.190828323364258
0,145,0.7238939155482007,0.020000000000000018,0.08379697799682617,2.190828323364258
0,146,0.7235353013798418,0.020000000000000018,0.15350961685180664,2.190828323364258
0,147,0.7236005496674851,0.020000000000000018,0.1484832763671875,2.190828323364258
0,148,0.7232873631246244,0.020000000000000018,0.11378312110900879,2.190828323364258
0,149,0.7236039755177697,0.020000000000000018,0.08132600784301758,2.190828323364258
0,150,0.7232781653281314,0.020000000000000018,0.07604050636291504,2.190828323364258
0,1,0.5889242036700283,0.20000000000000007,0.8278424739837646,2.184495449066162
0,2,0.5509741716034171,0.1985,0.19165396690368652,2.190828323364258
0,3,0.5411992465146535,0.17106072583723986,0.14058542251586914,2.190828323364258
0,4,0.5403973443642516,0.10305870531964012,0.0677635669708252,2.190828323364258
0,5,0.5401099079858929,0.11974846159754848,0.06583833694458008,2.190828323364258
0,6,0.5404376814045369,0.0862601946962942,0.04396963119506836,2.190828323364258
0,7,0.5435652440737022,0.09012246323528739,0.10209536552429199,2.190828323364258
0,8,0.5444150767610247,0.10685033219084195,0.050194740295410156,2.190828323364258
0,9,0.5481858600966771,0.0895851374839135,0.07333135604858398,2.190828323364258
0,10,0.5542763576534621,0.08064913944344232,0.10239577293395996,2.190828323364258
0,11,0.5585975918401653,0.07086333587343963,0.09440398216247559,2.190828323364258
0,12,0.5589470443857856,0.06444935910436056,0.0332493782043457,2.190828323364258
0,13,0.5628885333887815,0.0798774803254162,0.0833282470703125,2.190828323364258
0,14,0.5631955305117367,0.08521032220289515,0.03794074058532715,2.190828323364258
0,15,0.5737880692300759,0.0546541794914962,0.17583537101745605,2.190828323364258
0,16,0.5744679570579385,0.040889835924479034,0.03985929489135742,2.190828323364258
0,17,0.5751331551077118,0.041868413077387756,0.03601384162902832,2.190828323364258
0,18,0.5784734536631038,0.03576554538730303,0.06855130195617676,2.190828323364258
0,19,0.5847051882065718,0.03719328654345677,0.12027096748352051,2.190828323364258
0,20,0.5852508084162886,0.03811944761572916,0.03948831558227539,2.190828323364258
0,21,0.5918416478399285,0.03848779940024316,0.12508320808410645,2.190828323364258
0,22,0.5923304421860949,0.03642683044381212,0.04114508628845215,2.190828323364258
0,23,0.5997052364092912,0.041691928689027824,0.12528371810913086,2.190828323364258
0,24,0.6002660467049943,0.046765533520007785,0.04105544090270996,2.190828323364258
0,25,0.6051856440030449,0.040307217043407007,0.09187030792236328,2.190828323364258
0,26,0.6057660641868294,0.043086980693530674,0.04332137107849121,2.190828323364258
0,27,0.6153657882903175,0.042378806397304014,0.14549756050109863,2.190828323364258
0,28,0.6160418204408746,0.046900235572169935,0.05958080291748047,2.190828323364258
0,29,0.6175170084240734,0.06006269975612033,0.05467510223388672,2.190828323364258
0,30,0.6177349137978627,0.06880726734255016,0.03306245803833008,2.190828323364258
0,31,0.6289986320241825,0.06604842644408127,0.19672656059265137,2.190828323364258
0,32,0.6299435116026877,0.07611224598694832,0.046111106872558594,2.190828323364258
0,33,0.6317758335553968,0.08039396360429207,0.056586503982543945,2.190828323364258
0,34,0.6343930180409896,0.07932554146297188,0.06394433975219727,2.190828323364258
0,35,0.6381855065201469,0.07453416844128785,0.07497835159301758,2.190828323364258
0,36,0.6430332854428162,0.06923255835949021,0.09573650360107422,2.190828323364258
0,37,0.6435930291243539,0.0669281690626169,0.04783034324645996,2.190828323364258
0,38,0.6530241829943577,0.06020737781992336,0.17704248428344727,2.190828323364258
0,39,0.6538353818412445,0.05756580698854774,0.043152570724487305,2.190828323364258
0,40,0.6562710708929544,0.06321115764554097,0.07047200202941895,2.190828323364258
0,41,0.6815865445604016,0.14,0.3286597728729248,2.190828323364258
0,42,0.6823839609681468,0.09299330105109188,0.2324976921081543,2.190828323364258
0,43,0.6836414802962172,0.08152158293194794,0.11552929878234863,2.190828323364258
0,44,0.6840158550856482,0.07860811619430208,0.07758021354675293,2.190828323364258
0,45,0.6859561518256723,0.07700710036257014,0.06931281089782715,2.190828323364258
0,46,0.691520762421059,0.07086743796036693,0.10973167419433594,2.190828323364258
0,47,0.692556988827707,0.06575565361137636,0.07223105430603027,2.190828323364258
0,48,0.6926909299394928,0.06369542268458966,0.04259777069091797,2.190828323364258
0,49,0.7029931784800919,0.05546395285379402,0.20761871337890625,2.190828323364258
0,50,0.7043441432292541,0.055379689587137515,0.05267143249511719,2.190828323364258
0,51,0.7070634686342638,0.05809919303165134,0.07729125022888184,2.190828323364258
0,52,0.7074447619277083,0.05811917070501016,0.049028635025024414,2.190828323364258
0,53,0.7136184829912543,0.05867211842734665,0.1149606704711914,2.190828323364258
0,54,0.7166614707167085,0.05820387886223932,0.11080479621887207,2.190828323364258
0,55,0.7207557511970799,0.05437600858793201,0.10936903953552246,2.190828323364258
0,56,0.7231237407841309,0.06049969409570757,0.07293581962585449,2.190828323364258
0,57,0.7249185221076995,0.052793678806604905,0.0772240161895752,2.190828323364258
0,58,0.7289855558831332,0.052872859813195894,0.12842702865600586,2.190828323364258
0,59,0.7336377873070696,0.05016493243593734,0.14782476425170898,2.190828323364258
0,60,0.7354482294210729,0.05242134454910774,0.08082866668701172,2.190828323364258
0,61,0.7375658920431003,0.053305929709785316,0.08478593826293945,2.190828323364258
0,62,0.743006441287804,0.05924151293679025,0.15587735176086426,2.190828323364258
0,63,0.7437815025533958,0.06646220077313048,0.07829403877258301,2.190828323364258
0,64,0.7482032836434245,0.0680070218478458,0.16231465339660645,2.190828323364258
0,65,0.749028448852356,0.0708948064122946,0.0730137825012207,2.190828323364258
0,66,0.7535174727599119,0.06068952477782008,0.17740869522094727,2.190828323364258
0,67,0.754196634198085,0.0653318439831636,0.0802614688873291,2.190828323364258
0,68,0.7562218153367101,0.08200057010277217,0.14474892616271973,2.190828323364258
0,69,0.7564713441785056,0.09799999999999998,0.07943344116210938,2.190828323364258
0,70,0.7578367434390997,0.09650000000000003,0.17254185676574707,2.190828323364258
0,71,0.7578835205526171,0.09500000000000003,0.0781710147857666,2.190828323364258
0,72,0.7578852559983636,0.09350000000000003,0.11019468307495117,2.190828323364258
0,73,0.7574592236819974,0.09200000000000003,0.08476519584655762,2.190828323364258
0,74,0.7574342321376948,0.09050000000000002,0.09428048133850098,2.190828323364258
0,75,0.7572274531301899,0.08899999999999997,0.09828329086303711,2.190828323364258
0,76,0.7578429876507375,0.07490631267064407,0.1167757511138916,2.190828323364258
0,77,0.7583961103322094,0.08310789756779469,0.1089315414428711,2.190828323364258
0,78,0.7588243149606835,0.08450000000000002,0.07585477828979492,2.190828323364258
0,79,0.7590451945392983,0.08299999999999996,0.05964517593383789,2.190828323364258
0,80,0.7616821431443476,0.07998314696708353,0.19008541107177734,2.190828323364258
0,81,0.7352884783896119,0.08000000000000007,0.327695369720459,2.190828323364258
0,82,0.7329629061955707,0.07850000000000001,0.2823646068572998,2.190828323364258
0,83,0.732734911094435,0.07700000000000001,0.13654685020446777,2.190828323364258
0,84,0.7334330421460196,0.07550000000000001,0.10031819343566895,2.190828323364258
0,85,0.7340435059759514,0.07399999999999995,0.07608366012573242,2.190828323364258
0,86,0.7340536409551701,0.07250000000000001,0.06482934951782227,2.190828323364258
0,87,0.735472471890959,0.06788103226995135,0.09451007843017578,2.190828323364258
0,88,0.735475459838286,0.06704505781056269,0.04774618148803711,2.190828323364258
0,89,0.7369956334211429,0.06800000000000006,0.10165619850158691,2.190828323364258
0,90,0.7370455745052348,0.0665,0.045706987380981445,2.190828323364258
0,91,0.7391679958188329,0.06499999999999995,0.12276196479797363,2.190828323364258
0,92,0.7392911073876531,0.0635,0.04690361022949219,2.190828323364258
0,93,0.7418050321050089,0.062000000000000055,0.14819884300231934,2.190828323364258
0,94,0.741957994721341,0.0605,0.04764151573181152,2.190828323364258
0,95,0.742501650396562,0.05900000000000005,0.07154536247253418,2.190828323364258
0,96,0.7441107374052536,0.057499999999999996,0.12222409248352051,2.190828323364258
0,97,0.7463185916190251,0.05600000000000005,0.15070605278015137,2.190828323364258
0,98,0.7469829031369322,0.05450000000000002,0.07443618774414062,2.190828323364258
0,99,0.7484309596847192,0.05300000000000005,0.12385153770446777,2.190828323364258
0,100,0.750349871395319,0.05149999999999999,0.13981175422668457,2.190828323364258
0,101,0.7512409557461431,0.050000000000000044,0.08565640449523926,2.190828323364258
0,102,0.7520975394311693,0.04849999999999999,0.08288192749023438,2.190828323364258
0,103,0.7538384931048185,0.04700000000000004,0.14124846458435059,2.190828323364258
0,104,0.7557660007551582,0.045499999999999985,0.1481931209564209,2.190828323364258
0,105,0.7568846872271076,0.04400000000000004,0.09688043594360352,2.190828323364258
0,106,0.7587314738386558,0.04249999999999998,0.13403534889221191,2.190828323364258
0,107,0.7590877669604408,0.04049939090466581,0.06923317909240723,2.190828323364258
0,108,0.7619114883722549,0.03770519557574281,0.2274341583251953,2.190828323364258
0,109,0.7624891803879527,0.038000000000000034,0.07575798034667969,2.190828323364258
0,110,0.7645059656265061,0.03649999999999998,0.1802515983581543,2.190828323364258
0,111,0.7649783573866086,0.03500000000000003,0.07890748977661133,2.190828323364258
0,112,0.7674351045171564,0.0335,0.23221945762634277,2.190828323364258
0,113,0.7681088597412358,0.03200000000000003,0.09883785247802734,2.190828323364258
0,114,0.7702275555770897,0.030500000000000083,0.23542571067810059,2.190828323364258
0,115,0.7709741134625747,0.029000000000000026,0.10568976402282715,2.190828323364258
0,116,0.7729582503501661,0.02750000000000008,0.2297811508178711,2.190828323364258
0,117,0.7737696181430256,0.026000000000000023,0.12215352058410645,2.190828323364258
0,118,0.7757114627048276,0.024500000000000077,0.2555372714996338,2.190828323364258
0,119,0.7766478838012127,0.02300000000000002,0.1181793212890625,2.190828323364258
0,120,0.7784306054584225,0.021500000000000075,0.25467538833618164,2.190828323364258
0,121,0.726101984234374,0.020000000000000073,0.7321195602416992,2.190828323364258
0,122,0.7252707725554728,0.020000000000000073,0.25307178497314453,2.190828323364258
0,123,0.7247833670068169,0.020000000000000073,0.25544023513793945,2.190828323364258
0,124,0.7245651085825863,0.020000000000000018,0.17872381210327148,2.190828323364258
0,125,0.7243338007748772,0.020000000000000018,0.19868135452270508,2.190828323364258
0,126,0.7241631211761568,0.020000000000000018,0.08547759056091309,2.190828323364258
0,127,0.7237497130682269,0.020000000000000073,0.2234959602355957,2.190828323364258
0,128,0.7236337092834171,0.020000000000000018,0.07274484634399414,2.190828323364258
0,129,0.7235770439813145,0.020000000000000018,0.09369921684265137,2.190828323364258
0,130,0.7232777310541992,0.020000000000000018,0.19488525390625,2.190828323364258
0,131,0.723204661324548,0.020000000000000018,0.07425498962402344,2.190828323364258
0,132,0.7229562678580199,0.020000000000000018,0.13918590545654297,2.190828323364258
0,133,0.7229177581870678,0.020000000000000018,0.05680704116821289,2.190828323364258
0,134,0.72288538362439,0.020000000000000018,0.10043001174926758,2.190828323364258
0,135,0.7228631737853586,0.020000000000000018,0.04765820503234863,2.190828323364258
0,136,0.7228262650058587,0.020000000000000018,0.10232400894165039,2.190828323364258
0,137,0.7227810419776346,0.020000000000000018,0.0487058162689209,2.190828323364258
0,138,0.7224600650663011,0.020000000000000018,0.16016554832458496,2.190828323364258
0,139,0.7224489829132501,0.020000000000000018,0.04370617866516113,2.190828323364258
0,140,0.7220397656287942,0.020000000000000018,0.1578664779663086,2.190828323364258
0,141,0.7220158737267479,0.020000000000000018,0.04392075538635254,2.190828323364258
0,142,0.7219689415382053,0.020000000000000018,0.0625457763671875,2.190828323364258
0,143,0.7219620212026041,0.020000000000000018,0.03794097900390625,2.190828323364258
0,144,0.7219332478061213,0.020000000000000018,0.0883779525756836,2.190828323364258
0,145,0.7219276241944628,0.020000000000000073,0.04132890701293945,2.190828323364258
0,146,0.7219103280423163,0.020000000000000018,0.04809927940368652,2.190828323364258
0,147,0.7218578643526214,0.020000000000000018,0.07908248901367188,2.190828323364258
0,148,0.7218268018689982,0.020000000000000018,0.07672262191772461,2.190828323364258
0,149,0.7218193799481818,0.020000000000000018,0.037427663803100586,2.190828323364258
0,150,0.7218024313271854,0.020000000000000025,0.035698652267456055,2.190828323364258
0,1,0.5889478621571909,0.20000000000000007,0.8574516773223877,2.184495449066162
0,2,0.5510594354034171,0.1985,0.18379855155944824,2.190828323364258
0,3,0.5411711515962194,0.16444672421865159,0.14737391471862793,2.190828323364258
0,4,0.5401844691777178,0.09980992278627343,0.06836605072021484,2.190828323364258
0,5,0.5397921087351962,0.11441544835853878,0.06803631782531738,2.190828323364258
0,6,0.5401125264091394,0.08250038966360074,0.04289054870605469,2.190828323364258
0,7,0.5434124370146046,0.08583647143710582,0.11033320426940918,2.190828323364258
0,8,0.5442707893709965,0.10100897945177245,0.05235481262207031,2.190828323364258
0,9,0.5483453317547085,0.09898620813413417,0.07308268547058105,2.190828323364258
0,10,0.554479260255553,0.07729459177528508,0.10831403732299805,2.190828323364258
0,11,0.5585174028946895,0.06410149341429072,0.09448838233947754,2.190828323364258
0,12,0.558885435398074,0.06032360316795249,0.034156084060668945,2.190828323364258
0,13,0.5624798690626862,0.07289043960830299,0.07661080360412598,2.190828323364258
0,14,0.5627439332084307,0.0801817165630595,0.03504753112792969,2.190828323364258
0,15,0.5735789979393604,0.0522504421666129,0.18863463401794434,2.190828323364258
0,16,0.5743268078178847,0.039111428693317074,0.0433351993560791,2.190828323364258
0,17,0.575318798628018,0.03738415947300244,0.057497262954711914,2.190828323364258
0,18,0.5784804774055599,0.03714017186950991,0.07103776931762695,2.190828323364258
0,19,0.5842876848806013,0.03302979519618621,0.1192314624786377,2.190828323364258
0,20,0.5893522686755532,0.035337893807037446,0.10150504112243652,2.190828323364258
0,21,0.5905706773511752,0.03401514785945636,0.04680156707763672,2.190828323364258
0,22,0.5908019455280792,0.033685522199861206,0.03446507453918457,2.190828323364258
0,23,0.6011166613202271,0.040511493104819385,0.17979097366333008,2.190828323364258
0,24,0.601666161833469,0.041879033487745465,0.04333662986755371,2.190828323364258
0,25,0.6030078899708875,0.044123026809165466,0.05094122886657715,2.190828323364258
0,26,0.6077875551459992,0.039645735743053745,0.10605239868164062,2.190828323364258
0,27,0.6136581727750453,0.046260926907158884,0.11612248420715332,2.190828323364258
0,28,0.6144606309302446,0.052801504824425805,0.04373359680175781,2.190828323364258
0,29,0.6206130083843495,0.06037382311628792,0.12584257125854492,2.190828323364258
0,30,0.62121084608759,0.06992767488983742,0.04529714584350586,2.190828323364258
0,31,0.6256258918314488,0.07643971662105986,0.0881509780883789,2.190828323364258
0,32,0.6261639673763192,0.07959527049385495,0.04252171516418457,2.190828323364258
0,33,0.6357539441611005,0.07490424842258825,0.1753861904144287,2.190828323364258
0,34,0.6365708381462456,0.07532841669279028,0.0430295467376709,2.190828323364258
0,35,0.6384654152504525,0.0727903199220265,0.0628957748413086,2.190828323364258
0,36,0.641689031218337,0.06656890918985381,0.07897329330444336,2.190828323364258
0,37,0.6470182550073158,0.0593418261646409,0.1380176544189453,2.190828323364258
0,38,0.6474628747813433,0.059621436994290455,0.044152259826660156,2.190828323364258
0,39,0.654593761155493,0.06095440542300912,0.20105624198913574,2.190828323364258
0,40,0.655390386638008,0.06448588743650319,0.05823540687561035,2.190828323364258
0,41,0.6810309127360286,0.14,0.34895849227905273,2.190828323364258
0,42,0.6822103981896004,0.09023708603976116,0.24256157875061035,2.190828323364258
0,43,0.6835542695417105,0.0819345432515719,0.12322330474853516,2.190828323364258
0,44,0.6838506802443702,0.07906848626175222,0.07400798797607422,2.190828323364258
0,45,0.6873895039603901,0.07430013023137799,0.0979008674621582,2.190828323364258
0,46,0.6901374002947943,0.0678087657446475,0.07473373413085938,2.190828323364258
0,47,0.6944407348439116,0.06261775673740655,0.11922764778137207,2.190828323364258
0,48,0.6985031372961215,0.058543774171467555,0.11252808570861816,2.190828323364258
0,49,0.7002303074069144,0.05688079940371582,0.06412124633789062,2.190828323364258
0,50,0.7012163040380976,0.060415173464696825,0.05369901657104492,2.190828323364258
0,51,0.7057569929097638,0.058517600004056924,0.1170344352722168,2.190828323364258
0,52,0.7109812809589187,0.05850477174887114,0.128403902053833,2.190828323364258
0,53,0.7131116027577691,0.05720929696628341,0.07774758338928223,2.190828323364258
0,54,0.7149352137182322,0.056254804984746665,0.08130025863647461,2.190828323364258
0,55,0.7193644699334996,0.052701482166158664,0.1251077651977539,2.190828323364258
0,56,0.7237195612999463,0.05299836430326743,0.11687636375427246,2.190828323364258
0,57,0.7258095031289051,0.05345719144246042,0.0816497802734375,2.190828323364258
0,58,0.7278567509972864,0.05534893186774448,0.08056950569152832,2.190828323364258
0,59,0.7323587529600037,0.05233043816582572,0.13284945487976074,2.190828323364258
0,60,0.7363391798970641,0.05164525930025654,0.12211799621582031,2.190828323364258
0,61,0.7383835151919977,0.05087312290096391,0.08029866218566895,2.190828323364258
0,62,0.7419336742162046,0.0506910567253247,0.10931015014648438,2.190828323364258
0,63,0.7426323798832655,0.05277770637843482,0.06469011306762695,2.190828323364258
0,64,0.7494796735951657,0.05751062609548352,0.21802377700805664,2.190828323364258
0,65,0.750649632392659,0.05945012797197635,0.07769918441772461,2.190828323364258
0,66,0.7530356725986334,0.04852467198160859,0.11420559883117676,2.190828323364258
0,67,0.7548398295781864,0.06243558529451824,0.09676647186279297,2.190828323364258
0,68,0.7589133971712371,0.06302497486785796,0.17229533195495605,2.190828323364258
0,69,0.7593659402843406,0.08069357092350549,0.07809567451477051,2.190828323364258
0,70,0.7608980137561573,0.0962984853935357,0.13555479049682617,2.190828323364258
0,71,0.7610262041556646,0.09499999999999997,0.07599878311157227,2.190828323364258
0,72,0.7622683249336193,0.09350000000000003,0.18532347679138184,2.190828323364258
0,73,0.7623003193971553,0.09200000000000003,0.07341957092285156,2.190828323364258
0,74,0.7623553965573068,0.09050000000000002,0.09636712074279785,2.190828323364258
0,75,0.7623986288428597,0.08856255045642791,0.12976741790771484,2.190828323364258
0,76,0.7623571978088604,0.08750000000000002,0.07123756408691406,2.190828323364258
0,77,0.7629008520064895,0.08599999999999997,0.17248225212097168,2.190828323364258
0,78,0.7630337445346695,0.07311998989266666,0.06698966026306152,2.190828323364258
0,79,0.763688707264462,0.08278878374091314,0.13494563102722168,2.190828323364258
0,80,0.7641927600111389,0.07791722217393915,0.10566449165344238,2.190828323364258
0,81,0.7387260026624631,0.08000000000000007,0.3383142948150635,2.190828323364258
0,82,0.7360253489056883,0.07850000000000001,0.2970154285430908,2.190828323364258
0,83,0.7354006918391708,0.07700000000000007,0.13011860847473145,2.190828323364258
0,84,0.7357346568084446,0.07550000000000001,0.09991717338562012,2.190828323364258
0,85,0.736158020688318,0.07301141739474226,0.06625890731811523,2.190828323364258
0,86,0.7364119326144953,0.05963807177663771,0.08515810966491699,2.190828323364258
0,87,0.7368480387424032,0.058979080948543094,0.06142067909240723,2.190828323364258
0,88,0.7379478952713475,0.062026968652579284,0.10976290702819824,2.190828323364258
0,89,0.7380644068206974,0.06658890820847652,0.051181793212890625,2.190828323364258
0,90,0.7398794195575693,0.06239265211153788,0.11762309074401855,2.190828323364258
0,91,0.7399884335985907,0.05305863014145107,0.04541516304016113,2.190828323364258
0,92,0.7423363010650218,0.056966739168203495,0.14295721054077148,2.190828323364258
0,93,0.7424479276083858,0.061268035622857986,0.054369211196899414,2.190828323364258
0,94,0.7439114787265794,0.0605,0.11472010612487793,2.190828323364258
0,95,0.7456218255264404,0.05900000000000005,0.12900185585021973,2.190828323364258
0,96,0.7460604034150728,0.05750000000000002,0.07111501693725586,2.190828323364258
0,97,0.7480499036186831,0.05600000000000005,0.15222740173339844,2.190828323364258
0,98,0.7481682214386702,0.05449999999999999,0.05237722396850586,2.190828323364258
0,99,0.750603576128736,0.05300000000000005,0.182769775390625,2.190828323364258
0,100,0.7509899060783118,0.05149999999999999,0.06634521484375,2.190828323364258
0,101,0.7531617600509937,0.050000000000000044,0.16850066184997559,2.190828323364258
0,102,0.7535185487846952,0.048500000000000015,0.06578564643859863,2.190828323364258
0,103,0.7559343469717512,0.04700000000000004,0.18660879135131836,2.190828323364258
0,104,0.7563880605551908,0.045499999999999985,0.06866812705993652,2.190828323364258
0,105,0.7585688914722687,0.04400000000000004,0.1711869239807129,2.190828323364258
0,106,0.7590212652438615,0.04249999999999998,0.07163381576538086,2.190828323364258
0,107,0.7613232310494369,0.041000000000000036,0.19518256187438965,2.190828323364258
0,108,0.7626535396566695,0.03949999999999998,0.13054156303405762,2.190828323364258
0,109,0.7636229575344302,0.038000000000000034,0.10575270652770996,2.190828323364258
0,110,0.7650955506978483,0.03649999999999998,0.1575620174407959,2.190828323364258
0,111,0.7666213386645109,0.03500000000000003,0.16327571868896484,2.190828323364258
0,112,0.7681277484776099,0.033499999999999974,0.16467690467834473,2.190828323364258
0,113,0.7693497918202101,0.03200000000000003,0.15073299407958984,2.190828323364258
0,114,0.7708004727867402,0.030500000000000083,0.16767430305480957,2.190828323364258
0,115,0.7721717160183599,0.029000000000000026,0.1755995750427246,2.190828323364258
0,116,0.7735660872082054,0.027500000000000024,0.17096257209777832,2.190828323364258
0,117,0.7748850080459759,0.026000000000000023,0.18396997451782227,2.190828323364258
0,118,0.7762664479713459,0.024500000000000077,0.17939305305480957,2.190828323364258
0,119,0.7776213373519474,0.02300000000000002,0.1927332878112793,2.190828323364258
0,120,0.7789812190467635,0.021500000000000075,0.19594645500183105,2.190828323364258
0,121,0.7260689698780519,0.020000000000000073,0.7130410671234131,2.190828323364258
0,122,0.7252389643686323,0.020000000000000073,0.2577526569366455,2.190828323364258
0,123,0.7247560229991337,0.020000000000000018,0.25428128242492676,2.190828323364258
0,124,0.7245678978201912,0.020000000000000046,0.15465831756591797,2.190828323364258
0,125,0.7242852952534381,0.020000000000000073,0.1773693561553955,2.190828323364258
0,126,0.7240007712502606,0.020000000000000018,0.1488020420074463,2.190828323364258
0,127,0.7240070895053641,0.020000000000000018,0.11131906509399414,2.190828323364258
0,128,0.7238070752886834,0.020000000000000073,0.14162302017211914,2.190828323364258
0,129,0.7234268661277512,0.020000000000000018,0.17723917961120605,2.190828323364258
0,130,0.7233253052477185,0.020000000000000018,0.07413196563720703,2.190828323364258
0,131,0.7230938891359885,0.020000000000000018,0.13045740127563477,2.190828323364258
0,132,0.7231096895103318,0.020000000000000018,0.09147286415100098,2.190828323364258
0,133,0.7230376026256431,0.020000000000000018,0.07317137718200684,2.190828323364258
0,134,0.7227475887405421,0.020000000000000018,0.157942533493042,2.190828323364258
0,135,0.7227136881414636,0.020000000000000018,0.0489344596862793,2.190828323364258
0,136,0.7223451433966572,0.020000000000000018,0.15671133995056152,2.190828323364258
0,137,0.7223299254399189,0.020000000000000018,0.0438079833984375,2.190828323364258
0,138,0.7223259516012519,0.020000000000000018,0.08414030075073242,2.190828323364258
0,139,0.7223035485585243,0.020000000000000018,0.04320359230041504,2.190828323364258
0,140,0.7222447021558724,0.020000000000000018,0.06928014755249023,2.190828323364258
0,141,0.7222303172378064,0.020000000000000018,0.05013298988342285,2.190828323364258
0,142,0.7218905168706999,0.020000000000000018,0.17140960693359375,2.190828323364258
0,143,0.7218742476707469,0.020000000000000018,0.03901100158691406,2.190828323364258
0,144,0.721833998327408,0.020000000000000018,0.05055403709411621,2.190828323364258
0,145,0.7218221097023443,0.020000000000000073,0.03401613235473633,2.190828323364258
0,146,0.7215293432987009,0.020000000000000018,0.14752769470214844,2.190828323364258
0,147,0.7215183986992486,0.020000000000000018,0.039484500885009766,2.190828323364258
0,148,0.7214904713896919,0.020000000000000018,0.07254981994628906,2.190828323364258
0,149,0.721479894143997,0.020000000000000018,0.033678531646728516,2.190828323364258
0,150,0.721454409766364,0.020000000000000018,0.055359840393066406,2.190828323364258
0,1,0.5244242728655585,0.2,0.7911462783813477,2.184495449066162
0,2,0.4942444389182057,0.1985,0.1769113540649414,2.190828323364258
0,3,0.4857164226293252,0.19524999999999998,0.13268756866455078,2.190828323364258
0,4,0.4847089446594136,0.09226371146596646,0.07389950752258301,2.190828323364258
0,5,0.48436253061143636,0.10963542954829375,0.06749606132507324,2.190828323364258
0,6,0.48451682225448806,0.12423940190350302,0.03876066207885742,2.190828323364258
0,7,0.4853888304060985,0.09711343293857455,0.08295965194702148,2.190828323364258
0,8,0.4855585529113119,0.08026259727227691,0.03701519966125488,2.190828323364258
0,9,0.48768067828821626,0.07415799573519333,0.06788063049316406,2.190828323364258
0,10,0.4878073750854726,0.08349637334579418,0.03203439712524414,2.190828323364258
0,11,0.49155230609930567,0.08297767163481229,0.0749063491821289,2.190828323364258
0,12,0.49175840568406537,0.047480573384112046,0.03313851356506348,2.190828323364258
0,13,0.5001882268556478,0.043908939885759835,0.14924168586730957,2.190828323364258
0,14,0.5005217083802925,0.04368631227621833,0.03592872619628906,2.190828323364258
0,15,0.5006224194749228,0.04470883663909753,0.02777552604675293,2.190828323364258
0,16,0.5026055279463854,0.04884469115953283,0.06725740432739258,2.190828323364258
0,17,0.5028303812154946,0.05098427315935594,0.04021406173706055,2.190828323364258
0,18,0.5029146257210235,0.05372868673821285,0.02854466438293457,2.190828323364258
0,19,0.5134385713578236,0.04333394914190247,0.19693470001220703,2.190828323364258
0,20,0.5141299667039354,0.04212800489641133,0.040323495864868164,2.190828323364258
0,21,0.5143462547307417,0.04151061085013541,0.03040790557861328,2.190828323364258
0,22,0.5162728919937207,0.038482980795763955,0.05473613739013672,2.190828323364258
0,23,0.516419592750045,0.02923456876014685,0.035691022872924805,2.190828323364258
0,24,0.5222458720675702,0.03187598612791043,0.1039118766784668,2.190828323364258
0,25,0.5226214532362912,0.034722035941763374,0.04105257987976074,2.190828323364258
0,26,0.5227342274275428,0.03657317152630801,0.031192779541015625,2.190828323364258
0,27,0.5311888363623634,0.03854779810787268,0.15903067588806152,2.190828323364258
0,28,0.5315417585194868,0.044292541471234514,0.05287957191467285,2.190828323364258
0,29,0.5316582815351578,0.05235585485079686,0.03354144096374512,2.190828323364258
0,30,0.5333627730240098,0.06195960380251564,0.05957436561584473,2.190828323364258
0,31,0.5335355046654795,0.06605300024945382,0.037642478942871094,2.190828323364258
0,32,0.5336080943667799,0.06944783244730035,0.02783060073852539,2.190828323364258
0,33,0.5440946374868781,0.06319800529746622,0.2012031078338623,2.190828323364258
0,34,0.5448618270569163,0.06615794584063361,0.04437541961669922,2.190828323364258
0,35,0.5450529742111769,0.06438037418043924,0.03280520439147949,2.190828323364258
0,36,0.547123485112722,0.06665181920407504,0.061765193939208984,2.190828323364258
0,37,0.5473274175372101,0.06413728158449733,0.04193472862243652,2.190828323364258
0,38,0.5501842655121247,0.0668763381144779,0.06970643997192383,2.190828323364258
0,39,0.5550817031230902,0.0661332731632196,0.11937379837036133,2.190828323364258
0,40,0.5582331361743578,0.06958626163727621,0.09605574607849121,2.190828323364258
0,41,0.5650553897146986,0.12787146689704132,0.25021886825561523,2.190828323364258
0,42,0.5658891727558779,0.09747601730867211,0.18951749801635742,2.190828323364258
0,43,0.5662576217293154,0.08121898445286296,0.10353517532348633,2.190828323364258
0,44,0.5669528534359654,0.06922693898076826,0.07120537757873535,2.190828323364258
0,45,0.5691539799403268,0.06655113902268084,0.0913686752319336,2.190828323364258
0,46,0.5693353659239553,0.06608663223949035,0.03343534469604492,2.190828323364258
0,47,0.571587628970609,0.06210561661203218,0.07727408409118652,2.190828323364258
0,48,0.5722413921494314,0.05796866466959627,0.04929661750793457,2.190828323364258
0,49,0.5723817409737431,0.05303749776385913,0.035233497619628906,2.190828323364258
0,50,0.5777801975130912,0.048441276979148906,0.11495351791381836,2.190828323364258
0,51,0.578552723187779,0.05141773839760089,0.05491280555725098,2.190828323364258
0,52,0.578676131015353,0.056235112792373476,0.03404974937438965,2.190828323364258
0,53,0.5857328536105717,0.05388519676343273,0.1780228614807129,2.190828323364258
0,54,0.5862124069212657,0.055936140809722756,0.04062008857727051,2.190828323364258
0,55,0.5863461056625247,0.05740889833901541,0.03179502487182617,2.190828323364258
0,56,0.5901602523517231,0.05799622598183973,0.10211896896362305,2.190828323364258
0,57,0.5904296383519572,0.05614457656889621,0.04200577735900879,2.190828323364258
0,58,0.5905272763528882,0.054327548450669394,0.03158450126647949,2.190828323364258
0,59,0.5980453640667179,0.04867839998487111,0.19999194145202637,2.190828323364258
0,60,0.5987206758991168,0.050229704480737714,0.046495676040649414,2.190828323364258
0,61,0.5988855655218692,0.05195805712767143,0.03303122520446777,2.190828323364258
0,62,0.6022687582933985,0.052464975548188075,0.10230827331542969,2.190828323364258
0,63,0.6027678672364699,0.05141422270891527,0.05261087417602539,2.190828323364258
0,64,0.6029290056607024,0.05047892633778228,0.03525662422180176,2.190828323364258
0,65,0.610158968627861,0.04613597585633311,0.20361065864562988,2.190828323364258
0,66,0.6107318849062806,0.045686509351612115,0.04441571235656738,2.190828323364258
0,67,0.6117928666721895,0.04655938964729911,0.054224252700805664,2.190828323364258
0,68,0.6137982027706069,0.04727604288320131,0.09089517593383789,2.190828323364258
0,69,0.6177709324693271,0.045699839405446085,0.13047075271606445,2.190828323364258
0,70,0.6182116938108497,0.04507856852759229,0.048491716384887695,2.190828323364258
0,71,0.6194632229973871,0.044288803744258864,0.0761101245880127,2.190828323364258
0,72,0.6230743257291255,0.04128160958842686,0.14199304580688477,2.190828323364258
0,73,0.6233656284047839,0.0426101029464061,0.0422365665435791,2.190828323364258
0,74,0.6277875191655107,0.04299878667401724,0.15250039100646973,2.190828323364258
0,75,0.6282323577809168,0.04341238444498452,0.0470278263092041,2.190828323364258
0,76,0.6314376408825408,0.04432345772956048,0.10909247398376465,2.190828323364258
0,77,0.6319787195782502,0.04649000517583812,0.060100555419921875,2.190828323364258
0,78,0.6345550473341912,0.04632086107758304,0.12540221214294434,2.190828323364258
0,79,0.6378371417930851,0.04458103248421419,0.12519502639770508,2.190828323364258
0,80,0.6390946120945749,0.04516457135662533,0.07128596305847168,2.190828323364258
0,81,0.6202519706581069,0.08000000000000007,0.2087879180908203,2.190828323364258
0,82,0.6174868083370219,0.07850000000000001,0.32746028900146484,2.190828323364258
0,83,0.6177013429860803,0.054822608356073554,0.19348740577697754,2.190828323364258
0,84,0.6192945854436769,0.05591641527420325,0.13543272018432617,2.190828323364258
0,85,0.6201988700668033,0.05591641527420325,0.10441970825195312,2.190828323364258
0,86,0.6213371159277921,0.044048266242261325,0.10585618019104004,2.190828323364258
0,87,0.6224187705714175,0.044727442298561404,0.08825039863586426,2.190828323364258
0,88,0.6244360996833461,0.04516780161732892,0.12415957450866699,2.190828323364258
0,89,0.6261461111207717,0.043735716645166844,0.11172890663146973,2.190828323364258
0,90,0.6281063901783288,0.043448275004995485,0.11333513259887695,2.190828323364258
0,91,0.6299015317235352,0.042273715601791995,0.11496376991271973,2.190828323364258
0,92,0.6300139394851927,0.04236559198792844,0.0353548526763916,2.190828323364258
0,93,0.633978842333088,0.03977007028644208,0.1893901824951172,2.190828323364258
0,94,0.6342405158683397,0.03892650146892951,0.04194760322570801,2.190828323364258
0,95,0.6365948120702936,0.04223179663698384,0.1312096118927002,2.190828323364258
0,96,0.6382472687109799,0.03841306721952531,0.12172460556030273,2.190828323364258
0,97,0.639912744480077,0.05600000000000002,0.11034107208251953,2.190828323364258
0,98,0.6414313086253985,0.053547146834312186,0.1288161277770996,2.190828323364258
0,99,0.6430016456072132,0.05300000000000002,0.12098336219787598,2.190828323364258
0,100,0.6445369989843468,0.05150000000000002,0.13156747817993164,2.190828323364258
0,101,0.6461465511787332,0.043136398944262466,0.13482356071472168,2.190828323364258
0,102,0.6476474818637441,0.048322816508222455,0.13663983345031738,2.190828323364258
0,103,0.6490769213131585,0.041930684122697126,0.13705968856811523,2.190828323364258
0,104,0.6504795780096783,0.04459914706192547,0.14686942100524902,2.190828323364258
0,105,0.6518721628099847,0.04400000000000004,0.14796113967895508,2.190828323364258
0,106,0.6532046756602097,0.04250000000000004,0.1477956771850586,2.190828323364258
0,107,0.6544683446667101,0.041000000000000036,0.1455090045928955,2.190828323364258
0,108,0.655863451700118,0.039500000000000035,0.17864465713500977,2.190828323364258
0,109,0.6569478486741707,0.038000000000000034,0.1360337734222412,2.190828323364258
0,110,0.6583065129862129,0.03650000000000003,0.16867733001708984,2.190828323364258
0,111,0.6594707949724838,0.03500000000000003,0.14594721794128418,2.190828323364258
0,112,0.6607724655112202,0.03350000000000003,0.1731710433959961,2.190828323364258
0,113,0.6620319458864907,0.03200000000000003,0.16713690757751465,2.190828323364258
0,114,0.66319632758264,0.030500000000000083,0.1643815040588379,2.190828323364258
0,115,0.6644151542454055,0.029000000000000026,0.16739773750305176,2.190828323364258
0,116,0.6656376997218991,0.02750000000000008,0.1655445098876953,2.190828323364258
0,117,0.6668152292787373,0.026000000000000023,0.1733095645904541,2.190828323364258
0,118,0.6680552343390622,0.024500000000000077,0.1749718189239502,2.190828323364258
0,119,0.6692631673973596,0.02300000000000002,0.17493939399719238,2.190828323364258
0,120,0.6707502322018455,0.021500000000000075,0.2322697639465332,2.190828323364258
0,121,0.6166250108513415,0.020000000000000073,0.5982520580291748,2.190828323364258
0,122,0.6148148400586142,0.020000000000000073,0.34841346740722656,2.190828323364258
0,123,0.6140265675456982,0.020000000000000018,0.18601608276367188,2.190828323364258
0,124,0.6133514660567387,0.020000000000000018,0.17921090126037598,2.190828323364258
0,125,0.6129319870385843,0.020000000000000018,0.12715768814086914,2.190828323364258
0,126,0.6124752504992075,0.020000000000000018,0.14461994171142578,2.190828323364258
0,127,0.6118658030115979,0.020000000000000018,0.1355118751525879,2.190828323364258
0,128,0.611671530840951,0.020000000000000018,0.0725247859954834,2.190828323364258
0,129,0.6110013895725862,0.020000000000000018,0.14159107208251953,2.190828323364258
0,130,0.6106630942544681,0.020000000000000018,0.1042184829711914,2.190828323364258
0,131,0.6104623905575339,0.020000000000000018,0.07150530815124512,2.190828323364258
0,132,0.6097913815181264,0.020000000000000018,0.136643648147583,2.190828323364258
0,133,0.6096284248848787,0.020000000000000018,0.06330060958862305,2.190828323364258
0,134,0.6090389580486002,0.020000000000000018,0.13518142700195312,2.190828323364258
0,135,0.608638673907687,0.020000000000000073,0.10198307037353516,2.190828323364258
0,136,0.6084785531606642,0.020000000000000018,0.07431936264038086,2.190828323364258
0,137,0.6082564583152854,0.020000000000000018,0.08181595802307129,2.190828323364258
0,138,0.6077661353246502,0.020000000000000018,0.11174488067626953,2.190828323364258
0,139,0.6076309587394586,0.020000000000000018,0.06048083305358887,2.190828323364258
0,140,0.6072349646390067,0.020000000000000018,0.10482478141784668,2.190828323364258
0,141,0.6068944407636323,0.020000000000000018,0.08984184265136719,2.190828323364258
0,142,0.6067336293172984,0.020000000000000018,0.0661017894744873,2.190828323364258
0,143,0.6063408204337948,0.020000000000000018,0.09957361221313477,2.190828323364258
0,144,0.6060568816024325,0.020000000000000018,0.08648300170898438,2.190828323364258
0,145,0.6059346970997412,0.020000000000000018,0.06479883193969727,2.190828323364258
0,146,0.6057357585458661,0.020000000000000018,0.07966136932373047,2.190828323364258
0,147,0.6054714193247692,0.020000000000000018,0.08241105079650879,2.190828323364258
0,148,0.6051023541845206,0.020000000000000018,0.08940339088439941,2.190828323364258
0,149,0.6049629001203205,0.020000000000000018,0.061423540115356445,2.190828323364258
0,150,0.6047629890970961,0.020000000000000018,0.07101106643676758,2.190828323364258
0,1,0.4686444514486721,0.20000000000000007,0.6443119049072266,2.184495449066162
0,2,0.44508864237908496,0.1985,0.20258259773254395,2.190828323364258
0,3,0.43988175479871017,0.197,0.10268640518188477,2.190828323364258
0,4,0.4387909630375604,0.13864789076856243,0.0681447982788086,2.190828323364258
0,5,0.43809884139778854,0.10348108446032145,0.06879353523254395,2.190828323364258
0,6,0.4381269348928176,0.07606180040045296,0.037273406982421875,2.190828323364258
0,7,0.43805773637578416,0.09399155170830298,0.06137442588806152,2.190828323364258
0,8,0.4381250371944522,0.10759488014877805,0.031105518341064453,2.190828323364258
0,9,0.43864451354683376,0.0680073852337938,0.06593823432922363,2.190828323364258
0,10,0.43869755488985795,0.06116861757659375,0.028941631317138672,2.190828323364258
0,11,0.43883225856833485,0.06895278677334982,0.03157496452331543,2.190828323364258
0,12,0.44043009951219686,0.04428250234338227,0.05690932273864746,2.190828323364258
0,13,0.44264455175058015,0.04484427722028528,0.061635494232177734,2.190828323364258
0,14,0.442764830316965,0.04492899341927847,0.03035140037536621,2.190828323364258
0,15,0.4428320203430724,0.04549338204584519,0.02817249298095703,2.190828323364258
0,16,0.4458935458167909,0.05368627606298226,0.07290267944335938,2.190828323364258
0,17,0.44593808641554716,0.04612098732821912,0.029719829559326172,2.190828323364258
0,18,0.44596890801141664,0.04765268083660512,0.027109861373901367,2.190828323364258
0,19,0.4504250321525167,0.039238566776713446,0.09471368789672852,2.190828323364258
0,20,0.45048272933546407,0.040560549296520976,0.02821636199951172,2.190828323364258
0,21,0.45447301280098806,0.042527899100655464,0.09272122383117676,2.190828323364258
0,22,0.45450337205381175,0.04297558084328701,0.026617765426635742,2.190828323364258
0,23,0.45527087934060906,0.035616932889364405,0.043375492095947266,2.190828323364258
0,24,0.45529051803278736,0.03381819406814779,0.023904800415039062,2.190828323364258
0,25,0.455763323819856,0.02924484415615003,0.04311633110046387,2.190828323364258
0,26,0.4557913277771085,0.0334955557256672,0.02576136589050293,2.190828323364258
0,27,0.4632510913730876,0.028766863214235716,0.16185522079467773,2.190828323364258
0,28,0.4633931852100712,0.033551485966629824,0.034714698791503906,2.190828323364258
0,29,0.46343372898028223,0.03860109425585567,0.027777433395385742,2.190828323364258
0,30,0.46404500325486486,0.043585469945451316,0.048087120056152344,2.190828323364258
0,31,0.46412327158495054,0.045975519990430314,0.03485918045043945,2.190828323364258
0,32,0.4679155335586491,0.04475905446336004,0.11438345909118652,2.190828323364258
0,33,0.4680312775075106,0.045635133499950686,0.0326688289642334,2.190828323364258
0,34,0.4680561269716552,0.046300794453872474,0.028417587280273438,2.190828323364258
0,35,0.4708621845280945,0.044630014559352116,0.08380126953125,2.190828323364258
0,36,0.4709052143136956,0.04921832822911165,0.030301570892333984,2.190828323364258
0,37,0.47410611874821407,0.046196296316337704,0.09180259704589844,2.190828323364258
0,38,0.47423769046951647,0.05124976526326963,0.03748798370361328,2.190828323364258
0,39,0.4742553843385954,0.056599184714407835,0.025679349899291992,2.190828323364258
0,40,0.4778043831272654,0.057644736194789825,0.10325813293457031,2.190828323364258
0,41,0.47746988342094726,0.1239076951474326,0.14458155632019043,2.190828323364258
0,42,0.4782587889064418,0.09859951909139897,0.1658010482788086,2.190828323364258
0,43,0.4776226087945794,0.08160295076666468,0.09303092956542969,2.190828323364258
0,44,0.4786152237804424,0.06706103793304097,0.06611967086791992,2.190828323364258
0,45,0.47854086960762077,0.05643267227451887,0.046154022216796875,2.190828323364258
0,46,0.47887634110453503,0.0487451902652804,0.0386815071105957,2.190828323364258
0,47,0.4790752063728202,0.051329181821882064,0.0325932502746582,2.190828323364258
0,48,0.4803627143009804,0.053155252481916104,0.05321240425109863,2.190828323364258
0,49,0.48216288223779535,0.053477687207454494,0.05750727653503418,2.190828323364258
0,50,0.482341611117717,0.05482096503558592,0.045432329177856445,2.190828323364258
0,51,0.48236912559305306,0.054137502595320575,0.029701709747314453,2.190828323364258
0,52,0.48616536666305477,0.05049354993352739,0.1228790283203125,2.190828323364258
0,53,0.48646332134133663,0.0475861434686472,0.040436506271362305,2.190828323364258
0,54,0.4865425756595277,0.0518659885856082,0.030148029327392578,2.190828323364258
0,55,0.48815681462979904,0.05404776872755157,0.0835866928100586,2.190828323364258
0,56,0.4908183730183133,0.05368606029381118,0.08754754066467285,2.190828323364258
0,57,0.49114884037173323,0.05549796199223367,0.03990340232849121,2.190828323364258
0,58,0.4911881154285227,0.05588680087543113,0.029646635055541992,2.190828323364258
0,59,0.4945615519808815,0.05144983969524419,0.1410224437713623,2.190828323364258
0,60,0.49486355926561526,0.04895067796786945,0.0446779727935791,2.190828323364258
0,61,0.494932664918734,0.04642687155713354,0.034056663513183594,2.190828323364258
0,62,0.4968774366646449,0.0464171909185116,0.09830570220947266,2.190828323364258
0,63,0.49724048981454494,0.04802144126385266,0.04926800727844238,2.190828323364258
0,64,0.49730078511303966,0.04929538418243096,0.028882741928100586,2.190828323364258
0,65,0.4996129768404992,0.049505197876367646,0.09009051322937012,2.190828323364258
0,66,0.5022857827665631,0.05000409179238707,0.11005997657775879,2.190828323364258
0,67,0.5024688486683431,0.050661220287354425,0.033910512924194336,2.190828323364258
0,68,0.5025011634980328,0.05123530414186894,0.02581191062927246,2.190828323364258
0,69,0.5048053690959544,0.04909614506240262,0.10726714134216309,2.190828323364258
0,70,0.5051093008006681,0.048954059475910916,0.06115412712097168,2.190828323364258
0,71,0.5052020808202664,0.04697165568529088,0.045462846755981445,2.190828323364258
0,72,0.5076247267603017,0.04532702479097861,0.11631631851196289,2.190828323364258
0,73,0.5101181583653318,0.04421175137537925,0.10838174819946289,2.190828323364258
0,74,0.5103595734490061,0.045182503919943495,0.03626728057861328,2.190828323364258
0,75,0.510412021698668,0.04589842921719822,0.02871084213256836,2.190828323364258
0,76,0.5127371666991576,0.04488444092116267,0.10004091262817383,2.190828323364258
0,77,0.5128206478570584,0.0443876417538453,0.03075242042541504,2.190828323364258
0,78,0.5164050528119861,0.042379016631330146,0.16158390045166016,2.190828323364258
0,79,0.5164680087757976,0.040959149018952645,0.03261566162109375,2.190828323364258
0,80,0.5167285754562092,0.04112891929947016,0.03814268112182617,2.190828323364258
0,81,0.49701612674908363,0.08000000000000007,0.2735724449157715,2.190828323364258
0,82,0.49589590784239707,0.06819183796368833,0.2765505313873291,2.190828323364258
0,83,0.49549358516376657,0.06650052412385288,0.16328144073486328,2.190828323364258
0,84,0.4965613947023096,0.05232196455300031,0.11512589454650879,2.190828323364258
0,85,0.4967183801037049,0.04881093093634303,0.09374117851257324,2.190828323364258
0,86,0.4972779785156496,0.048143243189084695,0.09285330772399902,2.190828323364258
0,87,0.49825206010331835,0.03806524653687737,0.09351277351379395,2.190828323364258
0,88,0.499459030779412,0.0333974287758142,0.0897209644317627,2.190828323364258
0,89,0.499610737493257,0.03138889603753703,0.06188035011291504,2.190828323364258
0,90,0.5011309425478712,0.030772383401429515,0.1034390926361084,2.190828323364258
0,91,0.502715925695362,0.031087776132884715,0.09526824951171875,2.190828323364258
0,92,0.5030326618959233,0.030794506315448278,0.04764580726623535,2.190828323364258
0,93,0.5030599986090798,0.031696461782748764,0.025794267654418945,2.190828323364258
0,94,0.5059375922189193,0.03001592269955322,0.16419744491577148,2.190828323364258
0,95,0.5060732903354035,0.030430912996025627,0.037340402603149414,2.190828323364258
0,96,0.5061171176117067,0.031788847409562226,0.02833080291748047,2.190828323364258
0,97,0.5086645561620144,0.030603560199312763,0.15972638130187988,2.190828323364258
0,98,0.5087356298736533,0.03139386017301926,0.03310585021972656,2.190828323364258
0,99,0.5089468750700672,0.0319028929859817,0.04152178764343262,2.190828323364258
0,100,0.5102355820344349,0.032108577946575734,0.09505414962768555,2.190828323364258
0,101,0.5118305250514553,0.03170248395009978,0.12386202812194824,2.190828323364258
0,102,0.5127108347114928,0.03139963522605005,0.08979463577270508,2.190828323364258
0,103,0.5132363203532844,0.03180293047813315,0.062070369720458984,2.190828323364258
0,104,0.5132926833121251,0.03247892336322167,0.03136396408081055,2.190828323364258
0,105,0.5157867770651807,0.03096683735691419,0.19042325019836426,2.190828323364258
0,106,0.5159526782341626,0.03125851634547128,0.04428863525390625,2.190828323364258
0,107,0.5169737898934799,0.03146956542946877,0.09360098838806152,2.190828323364258
0,108,0.5178311462477834,0.031443379435517116,0.09392929077148438,2.190828323364258
0,109,0.5189736081519185,0.031144778268069717,0.1019434928894043,2.190828323364258
0,110,0.5200622000579789,0.03069211619485923,0.11078572273254395,2.190828323364258
0,111,0.5201855403035089,0.030831581555642473,0.04187893867492676,2.190828323364258
0,112,0.5221443456610669,0.03073763434058152,0.18755531311035156,2.190828323364258
0,113,0.52232592236206,0.031513381675797536,0.05111384391784668,2.190828323364258
0,114,0.5236845385710557,0.029185929088775153,0.16577839851379395,2.190828323364258
0,115,0.5244916501106027,0.028645556206484568,0.10797739028930664,2.190828323364258
0,116,0.5253610645816286,0.02750000000000008,0.11967110633850098,2.190828323364258
0,117,0.5263673715758539,0.026000000000000023,0.22536587715148926,2.190828323364258
0,118,0.527289821642301,0.024500000000000077,0.13577771186828613,2.190828323364258
0,119,0.528151239320516,0.02300000000000002,0.13509607315063477,2.190828323364258
0,120,0.5290781986442131,0.021500000000000075,0.13904404640197754,2.190828323364258
0,121,0.49137139433897603,0.020000000000000073,0.5156641006469727,2.190828323364258
0,122,0.49063472675021486,0.020000000000000073,0.30566835403442383,2.190828323364258
0,123,0.49048281093352575,0.020000000000000018,0.14368438720703125,2.190828323364258
0,124,0.4905281028114911,0.020000000000000018,0.11090087890625,2.190828323364258
0,125,0.49040604572147484,0.020000000000000018,0.06928062438964844,2.190828323364258
0,126,0.4904476234046691,0.020000000000000018,0.06083035469055176,2.190828323364258
0,127,0.4903303206816285,0.020000000000000018,0.07556939125061035,2.190828323364258
0,128,0.4903437722462532,0.020000000000000018,0.041643619537353516,2.190828323364258
0,129,0.49029404284469247,0.020000000000000018,0.0556793212890625,2.190828323364258
0,130,0.4902469557214969,0.020000000000000018,0.05721926689147949,2.190828323364258
0,131,0.4902276780180498,0.020000000000000018,0.04754924774169922,2.190828323364258
0,132,0.4902173921592534,0.020000000000000018,0.036101579666137695,2.190828323364258
0,133,0.49009645195708906,0.020000000000000018,0.07114624977111816,2.190828323364258
0,134,0.4900982662940023,0.020000000000000018,0.03132748603820801,2.190828323364258
0,135,0.4900898133589183,0.020000000000000018,0.03520941734313965,2.190828323364258
0,136,0.4900327815620421,0.020000000000000018,0.050634145736694336,2.190828323364258
0,137,0.4900331540762355,0.020000000000000018,0.0284574031829834,2.190828323364258
0,138,0.489932751419656,0.020000000000000018,0.060060977935791016,2.190828323364258
0,139,0.48993392743078873,0.020000000000000018,0.02980780601501465,2.190828323364258
0,140,0.4898776667710566,0.020000000000000018,0.05313301086425781,2.190828323364258
0,141,0.48987837992373495,0.020000000000000018,0.027405500411987305,2.190828323364258
0,142,0.48986492691729383,0.020000000000000018,0.035439491271972656,2.190828323364258
0,143,0.4898646230530892,0.020000000000000018,0.029568195343017578,2.190828323364258
0,144,0.48968713128534364,0.020000000000000018,0.08446002006530762,2.190828323364258
0,145,0.48968824673679723,0.020000000000000018,0.0321507453918457,2.190828323364258
0,146,0.489687323108665,0.020000000000000018,0.02771282196044922,2.190828323364258
0,147,0.48968719862526655,0.020000000000000018,0.02586221694946289,2.190828323364258
0,148,0.48968016796086766,0.01713635114519174,0.029556751251220703,2.190828323364258
0,149,0.48966689745590875,0.01664789066675698,0.03142523765563965,2.190828323364258
0,150,0.4896649193556112,0.01470943263679314,0.02619194984436035,2.190828323364258
0,1,0.42100708565324185,0.19999999999999996,0.699406623840332,2.184495449066162
0,2,0.40293585279227523,0.1985,0.17850017547607422,2.190828323364258
0,3,0.4014676065157585,0.197,0.0773475170135498,2.190828323364258
0,4,0.4000860303571646,0.192959375,0.08895206451416016,2.190828323364258
0,5,0.40001170559184485,0.11025776790031738,0.04557156562805176,2.190828323364258
0,6,0.399689465302025,0.08528535163116269,0.05243229866027832,2.190828323364258
0,7,0.39969433020136613,0.07290447683409162,0.031786441802978516,2.190828323364258
0,8,0.3995277229981262,0.06978750098738606,0.053255558013916016,2.190828323364258
0,9,0.3995482769951906,0.06285285332660284,0.02812790870666504,2.190828323364258
0,10,0.399581929911539,0.06807992721837952,0.02954554557800293,2.190828323364258
0,11,0.39965538706428994,0.06837452722262272,0.03240823745727539,2.190828323364258
0,12,0.3996647484087215,0.052281727320803384,0.025228023529052734,2.190828323364258
0,13,0.40062862022707046,0.05203058893693979,0.06790518760681152,2.190828323364258
0,14,0.40064336328887884,0.05376942481135816,0.026273488998413086,2.190828323364258
0,15,0.4006758608930814,0.04591699092418411,0.028298616409301758,2.190828323364258
0,16,0.40067909655356826,0.04021195333337724,0.022844791412353516,2.190828323364258
0,17,0.40189807070526234,0.04518678505342977,0.05283188819885254,2.190828323364258
0,18,0.40191029094370684,0.032289556414995535,0.02435469627380371,2.190828323364258
0,19,0.40194362510210996,0.031058422755138704,0.026986360549926758,2.190828323364258
0,20,0.4036005433081421,0.029243172408610518,0.05968499183654785,2.190828323364258
0,21,0.4037257202815342,0.032337739515118646,0.036162376403808594,2.190828323364258
0,22,0.40373858912288263,0.03346977850639232,0.027174711227416992,2.190828323364258
0,23,0.40375204302283,0.033847705846203446,0.024677038192749023,2.190828323364258
0,24,0.40385262415933104,0.038277679487790706,0.03282308578491211,2.190828323364258
0,25,0.40385803747093063,0.03835064650312314,0.025110721588134766,2.190828323364258
0,26,0.40626613412516926,0.04380614953293405,0.0680077075958252,2.190828323364258
0,27,0.40626922393981835,0.04502617039087564,0.02443981170654297,2.190828323364258
0,28,0.4087592262271753,0.0360025008959407,0.0726325511932373,2.190828323364258
0,29,0.4087635243299879,0.03368357187070525,0.026001691818237305,2.190828323364258
0,30,0.4088944693304175,0.03262293214646861,0.03539848327636719,2.190828323364258
0,31,0.4089015715713652,0.033994449056240605,0.023251771926879883,2.190828323364258
0,32,0.40904960211228886,0.032066381220709705,0.032434940338134766,2.190828323364258
0,33,0.40905518406840025,0.033581381692967094,0.022768735885620117,2.190828323364258
0,34,0.41188678685098534,0.03126241671597069,0.0734395980834961,2.190828323364258
0,35,0.41188877962517517,0.03296221990191356,0.02581167221069336,2.190828323364258
0,36,0.4146074470476523,0.0312112681905512,0.07879900932312012,2.190828323364258
0,37,0.41461423371829825,0.031437042809935034,0.023821592330932617,2.190828323364258
0,38,0.4147117397651532,0.028753773306779973,0.0348973274230957,2.190828323364258
0,39,0.4147238796576713,0.02803703691862744,0.02484726905822754,2.190828323364258
0,40,0.41478412220954386,0.0323809487951483,0.029657602310180664,2.190828323364258
0,41,0.4139733067877115,0.13379030200196185,0.06866669654846191,2.190828323364258
0,42,0.413559936861451,0.08396577843497444,0.1259746551513672,2.190828323364258
0,43,0.41361169430568284,0.07130270325280019,0.06107163429260254,2.190828323364258
0,44,0.4137245836313066,0.06014877809870023,0.04185748100280762,2.190828323364258
0,45,0.41381730631187996,0.05254765012839413,0.034089088439941406,2.190828323364258
0,46,0.41383999139370675,0.04882617036115611,0.02730584144592285,2.190828323364258
0,47,0.4138851619004955,0.04960541431353627,0.025114059448242188,2.190828323364258
0,48,0.4152751420506414,0.05062253372188452,0.0648350715637207,2.190828323364258
0,49,0.4154438656183128,0.050650374853236646,0.030211210250854492,2.190828323364258
0,50,0.41546031880263035,0.051770273541756895,0.024258136749267578,2.190828323364258
0,51,0.41548121095656765,0.05330589161484245,0.025485754013061523,2.190828323364258
0,52,0.4176365453553105,0.03660317200774421,0.08519649505615234,2.190828323364258
0,53,0.4178659974646158,0.0362766823516284,0.03958606719970703,2.190828323364258
0,54,0.4178709540141424,0.03883237458218969,0.02480340003967285,2.190828323364258
0,55,0.4179790513618238,0.039884752298811055,0.030876636505126953,2.190828323364258
0,56,0.41799997544029976,0.04103547644675387,0.02660989761352539,2.190828323364258
0,57,0.4180158670385089,0.04202335096245691,0.02499079704284668,2.190828323364258
0,58,0.4207389576896503,0.039044439620323224,0.10794687271118164,2.190828323364258
0,59,0.4227432667419779,0.0372094602723943,0.08553743362426758,2.190828323364258
0,60,0.4227799855916947,0.03597112025309929,0.027381181716918945,2.190828323364258
0,61,0.4228110544305899,0.03526332633851542,0.02802276611328125,2.190828323364258
0,62,0.42292556216332855,0.034116939638535626,0.031136274337768555,2.190828323364258
0,63,0.42304332050775956,0.0331397520350773,0.03151440620422363,2.190828323364258
0,64,0.42306308534839443,0.032202925890781886,0.026315689086914062,2.190828323364258
0,65,0.42306651427359027,0.035565019471438086,0.02381610870361328,2.190828323364258
0,66,0.4258704927336795,0.031366888153403494,0.11754155158996582,2.190828323364258
0,67,0.4258908312240888,0.032370528396212905,0.02804732322692871,2.190828323364258
0,68,0.42593754231182224,0.033918345292985985,0.0294497013092041,2.190828323364258
0,69,0.4273387742266501,0.0347486101764638,0.08035731315612793,2.190828323364258
0,70,0.42743675728540337,0.03686789412889424,0.032527923583984375,2.190828323364258
0,71,0.4274558809657265,0.03839352736885415,0.026468276977539062,2.190828323364258
0,72,0.4289418615139148,0.03813154413152153,0.0796818733215332,2.190828323364258
0,73,0.4291313017057282,0.037035317208913066,0.046118736267089844,2.190828323364258
0,74,0.4291538861471348,0.03726471205674797,0.031177282333374023,2.190828323364258
0,75,0.4291746758723692,0.03749914812744359,0.0295870304107666,2.190828323364258
0,76,0.4292967670773814,0.03714369806213669,0.04082632064819336,2.190828323364258
0,77,0.4312335841065843,0.034927230295888456,0.11807012557983398,2.190828323364258
0,78,0.43123987716348455,0.035216923504666986,0.03667449951171875,2.190828323364258
0,79,0.4329483303084376,0.03263566323352707,0.11046600341796875,2.190828323364258
0,80,0.4329948984266735,0.032635284695584466,0.030944108963012695,2.190828323364258
0,81,0.42121027745276396,0.08000000000000007,0.27445483207702637,2.190828323364258
0,82,0.4216081242316744,0.07839844537759144,0.18796181678771973,2.190828323364258
0,83,0.42085355178959316,0.07699999999999996,0.11595320701599121,2.190828323364258
0,84,0.42183405716638234,0.06872269093449968,0.09169507026672363,2.190828323364258
0,85,0.42123729884204464,0.06557888853292382,0.09089112281799316,2.190828323364258
0,86,0.42205976047345795,0.05360890800098239,0.0857541561126709,2.190828323364258
0,87,0.42168132574598083,0.05332283821921446,0.07714390754699707,2.190828323364258
0,88,0.42231560629420617,0.043417606538390996,0.0655817985534668,2.190828323364258
0,89,0.42209010644432665,0.04407709499127366,0.06680774688720703,2.190828323364258
0,90,0.4225813027806085,0.04095373218575704,0.056160688400268555,2.190828323364258
0,91,0.4230475006241403,0.03723139733864389,0.07954144477844238,2.190828323364258
0,92,0.42325467350134893,0.035171502504097174,0.060621023178100586,2.190828323364258
0,93,0.42394942422518805,0.035300854229436296,0.06295347213745117,2.190828323364258
0,94,0.42396658198438764,0.03473680909810162,0.02931046485900879,2.190828323364258
0,95,0.4239941044975456,0.03407419932264544,0.028905630111694336,2.190828323364258
0,96,0.425088145684447,0.029228115316535908,0.0687406063079834,2.190828323364258
0,97,0.4250970918039676,0.0256478171079364,0.02580571174621582,2.190828323364258
0,98,0.42613677841747316,0.025143656200529496,0.06947135925292969,2.190828323364258
0,99,0.4261443447513177,0.024515214774540217,0.02855825424194336,2.190828323364258
0,100,0.4271091753939048,0.0234364432334333,0.08536791801452637,2.190828323364258
0,101,0.4271319331140989,0.022732366314047292,0.02913069725036621,2.190828323364258
0,102,0.4280894837608836,0.022177967078275573,0.07553887367248535,2.190828323364258
0,103,0.4281694496058993,0.02172025243442277,0.03454017639160156,2.190828323364258
0,104,0.4281964290859475,0.021319524499606612,0.03214526176452637,2.190828323364258
0,105,0.42914842141088927,0.02013441229792101,0.10495305061340332,2.190828323364258
0,106,0.42993901286740266,0.01948548061391786,0.09705328941345215,2.190828323364258
0,107,0.42995054728345616,0.01578717017332798,0.028629779815673828,2.190828323364258
0,108,0.4302785717336899,0.015572123166447294,0.06462526321411133,2.190828323364258
0,109,0.4303011205011572,0.015311508237917826,0.03207254409790039,2.190828323364258
0,110,0.4309560354772068,0.015714885140583834,0.08970928192138672,2.190828323364258
0,111,0.43187261164948926,0.01569289732018031,0.10294890403747559,2.190828323364258
0,112,0.43194230301506065,0.01623166526324682,0.04153847694396973,2.190828323364258
0,113,0.4321264129163667,0.016694122139336853,0.05442380905151367,2.190828323364258
0,114,0.4329250067742425,0.01725969253965287,0.11464309692382812,2.190828323364258
0,115,0.43357349168247006,0.017528359112768177,0.10268855094909668,2.190828323364258
0,116,0.43377986245433736,0.018168726510086164,0.06052279472351074,2.190828323364258
0,117,0.4340329557368354,0.01866615056399945,0.06541252136230469,2.190828323364258
0,118,0.4349771160167465,0.018986628361501667,0.1439952850341797,2.190828323364258
0,119,0.435028730725919,0.019578956828375293,0.04077458381652832,2.190828323364258
0,120,0.4358788813827639,0.01937625284997191,0.16870570182800293,2.190828323364258
0,121,0.4167923463775551,0.020000000000000073,0.4712333679199219,2.190828323364258
0,122,0.41670679471683714,0.020000000000000018,0.2208251953125,2.190828323364258
0,123,0.4165946325343529,0.020000000000000018,0.09511065483093262,2.190828323364258
0,124,0.4167073767716063,0.020000000000000018,0.07739686965942383,2.190828323364258
0,125,0.4166092612775302,0.020000000000000018,0.06688880920410156,2.190828323364258
0,126,0.41669387332037355,0.020000000000000073,0.06138157844543457,2.190828323364258
0,127,0.4166402756540551,0.020000000000000018,0.05047488212585449,2.190828323364258
0,128,0.41666243184584373,0.020000000000000018,0.046417951583862305,2.190828323364258
0,129,0.41665495022176524,0.020000000000000018,0.04030871391296387,2.190828323364258
0,130,0.4165360734843491,0.020000000000000073,0.07984185218811035,2.190828323364258
0,131,0.41653774586528725,0.020000000000000073,0.03327536582946777,2.190828323364258
0,132,0.4165365443471504,0.020000000000000018,0.03145480155944824,2.190828323364258
0,133,0.4165218418172826,0.020000000000000018,0.03939485549926758,2.190828323364258
0,134,0.41652026593383307,0.020000000000000018,0.03204154968261719,2.190828323364258
0,135,0.41652221580168025,0.020000000000000018,0.037494659423828125,2.190828323364258
0,136,0.41652450188271595,0.020000000000000018,0.030400753021240234,2.190828323364258
0,137,0.4165221938261925,0.020000000000000018,0.035208940505981445,2.190828323364258
0,138,0.41647730679715883,0.020000000000000018,0.04964399337768555,2.190828323364258
0,139,0.4164784634836785,0.020000000000000018,0.026137828826904297,2.190828323364258
0,140,0.4164793835192174,0.020000000000000018,0.02753162384033203,2.190828323364258
0,141,0.4164791759507526,0.020000000000000018,0.02593231201171875,2.190828323364258
0,142,0.41646815402750914,0.020000000000000018,0.04060220718383789,2.190828323364258
0,143,0.41646719691386774,0.020000000000000018,0.02969980239868164,2.190828323364258
0,144,0.416467500290581,0.020000000000000018,0.025101900100708008,2.190828323364258
0,145,0.41646796059612773,0.020000000000000018,0.025612831115722656,2.190828323364258
0,146,0.4164689641782904,0.020000000000000018,0.023322105407714844,2.190828323364258
0,147,0.41646884181553245,0.020000000000000018,0.02914571762084961,2.190828323364258
0,148,0.4164663992795632,0.020000000000000018,0.03043365478515625,2.190828323364258
0,149,0.4164668932409936,0.020000000000000018,0.024797916412353516,2.190828323364258
0,150,0.416250412274181,0.020000000000000018,0.07639098167419434,2.190828323364258
0,1,0.5266227286607661,0.2,0.42846012115478516,2.184495449066162
0,2,0.4962415883066184,0.1985,0.2080984115600586,2.190828323364258
0,3,0.4877183412682298,0.1903445312499999,0.154893159866333,2.190828323364258
0,4,0.4867678382871784,0.09082336452184492,0.07409071922302246,2.190828323364258
0,5,0.48648364056598337,0.10772428939134426,0.06900858879089355,2.190828323364258
0,6,0.48665931859593287,0.12238154166550452,0.042044639587402344,2.190828323364258
0,7,0.48840226890441674,0.09659602918311871,0.10030436515808105,2.190828323364258
0,8,0.48864211419798476,0.08055880032712792,0.043889760971069336,2.190828323364258
0,9,0.48899824306421974,0.07312295316724715,0.04313325881958008,2.190828323364258
0,10,0.4932621681818381,0.08408644167929424,0.10354423522949219,2.190828323364258
0,11,0.4982450637061252,0.09345125000656163,0.14635062217712402,2.190828323364258
0,12,0.49880738009755676,0.05263871773080342,0.039865970611572266,2.190828323364258
0,13,0.49912053998368755,0.0395161217989195,0.03304243087768555,2.190828323364258
0,14,0.5030312107472521,0.04307039967822657,0.09973716735839844,2.190828323364258
0,15,0.5058753702828815,0.0483782581459995,0.07877302169799805,2.190828323364258
0,16,0.5062036049084122,0.04243593087682995,0.04281210899353027,2.190828323364258
0,17,0.5062817878928345,0.04463284266745193,0.03098893165588379,2.190828323364258
0,18,0.5152750560967927,0.044590049508495766,0.1892397403717041,2.190828323364258
0,19,0.5156123639006214,0.048132195835140834,0.03711342811584473,2.190828323364258
0,20,0.5159780331634107,0.040726990941945096,0.03513979911804199,2.190828323364258
0,21,0.5170889297242904,0.041334450151539914,0.04391837120056152,2.190828323364258
0,22,0.521200748546591,0.03496915904209286,0.09746837615966797,2.190828323364258
0,23,0.5212912122926993,0.03651903531019851,0.030528783798217773,2.190828323364258
0,24,0.5267762277021013,0.03163456540475629,0.1166226863861084,2.190828323364258
0,25,0.5269210009815704,0.03512856380083906,0.030807971954345703,2.190828323364258
0,26,0.5318080419879279,0.035800888546226095,0.11920690536499023,2.190828323364258
0,27,0.5319619746335047,0.04180441962317594,0.04682779312133789,2.190828323364258
0,28,0.5347087808439557,0.04990425403982701,0.07755160331726074,2.190828323364258
0,29,0.534812322391471,0.05691062773072919,0.03198409080505371,2.190828323364258
0,30,0.5423146824822787,0.057645108159322445,0.1481633186340332,2.190828323364258
0,31,0.5426332503244858,0.06170405454526251,0.03770756721496582,2.190828323364258
0,32,0.5430471255870968,0.06524979537028663,0.03995537757873535,2.190828323364258
0,33,0.543667412616307,0.06733502215536485,0.043219566345214844,2.190828323364258
0,34,0.5479947455661132,0.0658341755249311,0.10695242881774902,2.190828323364258
0,35,0.5524699332994476,0.06160271627599051,0.11721467971801758,2.190828323364258
0,36,0.5530533251860381,0.062208824170707444,0.04424691200256348,2.190828323364258
0,37,0.5531968441629753,0.06133217029757354,0.03290128707885742,2.190828323364258
0,38,0.5587754747738263,0.06756922651623054,0.13266253471374512,2.190828323364258
0,39,0.5590060534529864,0.07145171785610716,0.03995513916015625,2.190828323364258
0,40,0.5593783659449831,0.0738371289458909,0.04822397232055664,2.190828323364258
0,41,0.5712092514607992,0.13012310683423323,0.29833531379699707,2.190828323364258
0,42,0.5720650729119037,0.09566447199154487,0.19159483909606934,2.190828323364258
0,43,0.5723772877583151,0.07751674375301304,0.10607647895812988,2.190828323364258
0,44,0.573142340069537,0.07053461201620481,0.07232117652893066,2.190828323364258
0,45,0.5753913142171961,0.06792373866264573,0.09328913688659668,2.190828323364258
0,46,0.575593470261093,0.06504606219499248,0.03584551811218262,2.190828323364258
0,47,0.5781533865455969,0.05965626433892279,0.08203554153442383,2.190828323364258
0,48,0.5787948392829154,0.05434154739854957,0.04952645301818848,2.190828323364258
0,49,0.5789514387931405,0.048697046688406354,0.03582477569580078,2.190828323364258
0,50,0.5816838901677839,0.05461253403913513,0.06494975090026855,2.190828323364258
0,51,0.5853277415724584,0.05546617020289901,0.07161903381347656,2.190828323364258
0,52,0.5885708470302777,0.05851380419740848,0.11041903495788574,2.190828323364258
0,53,0.5887894738491085,0.0596662042929752,0.03651857376098633,2.190828323364258
0,54,0.5892122794213903,0.0597041681795355,0.042969465255737305,2.190828323364258
0,55,0.5937727846308065,0.055618920576534,0.12040567398071289,2.190828323364258
0,56,0.5977132727485099,0.053844151279643315,0.12416887283325195,2.190828323364258
0,57,0.5984520615915051,0.05224126713152277,0.04677176475524902,2.190828323364258
0,58,0.6000695359252008,0.0521962177446359,0.05983591079711914,2.190828323364258
0,59,0.6020732105080031,0.0539833018302498,0.0700523853302002,2.190828323364258
0,60,0.6053552324517346,0.05214023593196382,0.11391067504882812,2.190828323364258
0,61,0.6055106235500386,0.05173325288278152,0.03469991683959961,2.190828323364258
0,62,0.6095766029097196,0.0503090550991363,0.1196441650390625,2.190828323364258
0,63,0.6097857125524595,0.048562709320962516,0.040360450744628906,2.190828323364258
0,64,0.6134333973558415,0.047812682964539555,0.10021495819091797,2.190828323364258
0,65,0.6155112772387117,0.04775739198191142,0.10042667388916016,2.190828323364258
0,66,0.6181407058628003,0.047696036731964375,0.07862734794616699,2.190828323364258
0,67,0.6196541914707765,0.0462988300162952,0.08922719955444336,2.190828323364258
0,68,0.6198106460525901,0.045524019525411075,0.04044651985168457,2.190828323364258
0,69,0.6260135865843642,0.04241916662783679,0.19589471817016602,2.190828323364258
0,70,0.6265198408180372,0.04244520348878633,0.04744386672973633,2.190828323364258
0,71,0.6285281020964552,0.0443777064083295,0.08732271194458008,2.190828323364258
0,72,0.6288015319245126,0.04450127419669159,0.04623746871948242,2.190828323364258
0,73,0.6344310909569055,0.04349047317298438,0.19019460678100586,2.190828323364258
0,74,0.6348565903344907,0.0446216404470684,0.04818916320800781,2.190828323364258
0,75,0.6369050362026925,0.04619374308647206,0.09700655937194824,2.190828323364258
0,76,0.6390808862482521,0.04603851631333089,0.1044912338256836,2.190828323364258
0,77,0.6418341919883308,0.0463743981110315,0.12007427215576172,2.190828323364258
0,78,0.6441896607330675,0.045310423907445996,0.12181448936462402,2.190828323364258
0,79,0.6444409407922531,0.04427494601280957,0.04610252380371094,2.190828323364258
0,80,0.6490790828722792,0.05736716462137847,0.21083760261535645,2.190828323364258
0,81,0.6289454358632369,0.08000000000000007,0.22010183334350586,2.190828323364258
0,82,0.6261818182422658,0.07850000000000001,0.33054423332214355,2.190828323364258
0,83,0.6263762549834254,0.061747079858349485,0.2010493278503418,2.190828323364258
0,84,0.6278410845056197,0.062446534541858334,0.14555811882019043,2.190828323364258
0,85,0.6287341861338609,0.05214338993711565,0.10650992393493652,2.190828323364258
0,86,0.6298009459145426,0.048863564164101425,0.11020112037658691,2.190828323364258
0,87,0.6306214893499817,0.04491531134944182,0.08063244819641113,2.190828323364258
0,88,0.6339123229935533,0.0475871607014306,0.19189715385437012,2.190828323364258
0,89,0.6343019992238634,0.05268562875579069,0.06055188179016113,2.190828323364258
0,90,0.6362694701002383,0.055343774637320986,0.1879281997680664,2.190828323364258
0,91,0.6364352941888609,0.05523849162925412,0.0546262264251709,2.190828323364258
0,92,0.638004911160285,0.05426555069906297,0.13694071769714355,2.190828323364258
0,93,0.6381256207110677,0.05675775282966053,0.06648969650268555,2.190828323364258
0,94,0.640548829847347,0.060500000000000026,0.22994732856750488,2.190828323364258
0,95,0.6407140697524056,0.059000000000000025,0.047486305236816406,2.190828323364258
0,96,0.6422594170117777,0.05291236942434885,0.14178252220153809,2.190828323364258
0,97,0.6423947351486066,0.046386570041392794,0.05541348457336426,2.190828323364258
0,98,0.6449473145825979,0.05117956829766812,0.23315072059631348,2.190828323364258
0,99,0.6451857383262993,0.05288141276535785,0.07200884819030762,2.190828323364258
0,100,0.6469808469950924,0.045733936758764804,0.15631675720214844,2.190828323364258
0,101,0.6482721988390268,0.05000000000000002,0.12514233589172363,2.190828323364258
0,102,0.6493845819201745,0.048500000000000015,0.14600586891174316,2.190828323364258
0,103,0.6505828934719948,0.047000000000000014,0.152130126953125,2.190828323364258
0,104,0.6520714634640028,0.04550000000000001,0.14877629280090332,2.190828323364258
0,105,0.653280522295177,0.04400000000000004,0.1671309471130371,2.190828323364258
0,106,0.6544942313446156,0.04250000000000004,0.15479636192321777,2.190828323364258
0,107,0.6557780463822802,0.041000000000000036,0.18419289588928223,2.190828323364258
0,108,0.6570621776829751,0.03949999999999998,0.17265582084655762,2.190828323364258
0,109,0.6583576994957192,0.038000000000000034,0.17209482192993164,2.190828323364258
0,110,0.6596013145313232,0.036500000000000005,0.1644456386566162,2.190828323364258
0,111,0.6608195975724995,0.03500000000000003,0.17174100875854492,2.190828323364258
0,112,0.6620425059029817,0.0335,0.16050124168395996,2.190828323364258
0,113,0.6632369777093249,0.03200000000000003,0.16775274276733398,2.190828323364258
0,114,0.6645117693695051,0.030500000000000083,0.1734619140625,2.190828323364258
0,115,0.6655782994242152,0.029000000000000026,0.16137933731079102,2.190828323364258
0,116,0.666791738539282,0.02750000000000008,0.22391152381896973,2.190828323364258
0,117,0.6679314309001381,0.026000000000000023,0.19151687622070312,2.190828323364258
0,118,0.6690604116287215,0.024500000000000077,0.18670940399169922,2.190828323364258
0,119,0.6701522566972014,0.02300000000000002,0.20630693435668945,2.190828323364258
0,120,0.6713799617360489,0.021500000000000075,0.21458768844604492,2.190828323364258
0,121,0.6183739553898531,0.020000000000000073,0.6487951278686523,2.190828323364258
0,122,0.6167134639275802,0.020000000000000018,0.36625170707702637,2.190828323364258
0,123,0.6159434669280313,0.020000000000000073,0.20350193977355957,2.190828323364258
0,124,0.6152550204290785,0.020000000000000073,0.18352866172790527,2.190828323364258
0,125,0.615006058505579,0.020000000000000018,0.09166646003723145,2.190828323364258
0,126,0.6142362011230944,0.020000000000000018,0.23091530799865723,2.190828323364258
0,127,0.614031792985866,0.020000000000000018,0.0806126594543457,2.190828323364258
0,128,0.6138109500818114,0.020000000000000018,0.09959959983825684,2.190828323364258
0,129,0.612832699662387,0.020000000000000018,0.21680617332458496,2.190828323364258
0,130,0.6126849987239358,0.020000000000000073,0.07218217849731445,2.190828323364258
0,131,0.6125206485246886,0.020000000000000073,0.08351349830627441,2.190828323364258
0,132,0.6119740983676105,0.020000000000000018,0.15677618980407715,2.190828323364258
0,133,0.611443821578725,0.020000000000000018,0.15434622764587402,2.190828323364258
0,134,0.6113030980741643,0.020000000000000018,0.07828855514526367,2.190828323364258
0,135,0.6111411011842997,0.020000000000000018,0.0811159610748291,2.190828323364258
0,136,0.6107446948335401,0.020000000000000018,0.11690115928649902,2.190828323364258
0,137,0.6105643310942006,0.020000000000000018,0.08180618286132812,2.190828323364258
0,138,0.610248190370356,0.020000000000000018,0.10535502433776855,2.190828323364258
0,139,0.6096639713440568,0.020000000000000018,0.14378690719604492,2.190828323364258
0,140,0.6095179930524526,0.020000000000000018,0.07345128059387207,2.190828323364258
0,141,0.6089819111706951,0.020000000000000018,0.1505899429321289,2.190828323364258
0,142,0.6088385700687117,0.020000000000000018,0.07496190071105957,2.190828323364258
0,143,0.6086698539467519,0.020000000000000018,0.0801393985748291,2.190828323364258
0,144,0.6085473995995183,0.020000000000000018,0.06549596786499023,2.190828323364258
0,145,0.6079641321018513,0.020000000000000018,0.15552163124084473,2.190828323364258
0,146,0.6078008292284554,0.020000000000000018,0.08097505569458008,2.190828323364258
0,147,0.6077111246828301,0.020000000000000018,0.07479524612426758,2.190828323364258
0,148,0.6074006449392968,0.020000000000000018,0.1110684871673584,2.190828323364258
0,149,0.6072697186511189,0.020000000000000018,0.07297348976135254,2.190828323364258
0,150,0.6071676015782805,0.020000000000000018,0.06345677375793457,2.190828323364258
0,1,0.47172355568049834,0.20000000000000007,0.7115824222564697,2.184495449066162
0,2,0.44776008349386986,0.1985,0.1815016269683838,2.190828323364258
0,3,0.44238590755677537,0.197,0.10884785652160645,2.190828323364258
0,4,0.44128451448842004,0.1353188156236892,0.06998848915100098,2.190828323364258
0,5,0.44060947649830307,0.11506540876399418,0.0698099136352539,2.190828323364258
0,6,0.4406461120061037,0.07377585928625563,0.03885698318481445,2.190828323364258
0,7,0.44056279584376756,0.09131345655228873,0.06611394882202148,2.190828323364258
0,8,0.44063780192081253,0.10539345748014783,0.032352447509765625,2.190828323364258
0,9,0.4409174869221474,0.06036432565370653,0.0486903190612793,2.190828323364258
0,10,0.4409555767008273,0.0580571420282312,0.029558420181274414,2.190828323364258
0,11,0.4425168868491617,0.06517634520435422,0.0717935562133789,2.190828323364258
0,12,0.4425626969156843,0.05642830498976348,0.030393600463867188,2.190828323364258
0,13,0.44482039446771127,0.0467739981808869,0.06953859329223633,2.190828323364258
0,14,0.4448612000834289,0.04484390641855829,0.030274152755737305,2.190828323364258
0,15,0.44782293119511485,0.04667259026044024,0.07894682884216309,2.190828323364258
0,16,0.4478838864320933,0.046658705513020426,0.029114484786987305,2.190828323364258
0,17,0.4479809793365336,0.04765519777495031,0.02953362464904785,2.190828323364258
0,18,0.45183242806652923,0.04496062371199161,0.07272052764892578,2.190828323364258
0,19,0.45503087183022023,0.04078581256788383,0.08604311943054199,2.190828323364258
0,20,0.45516371683206625,0.03417007628616553,0.03458809852600098,2.190828323364258
0,21,0.455193712955133,0.03457128646733376,0.02809453010559082,2.190828323364258
0,22,0.45848273345092705,0.047548394673993744,0.09177708625793457,2.190828323364258
0,23,0.4585371992395303,0.05041906568691035,0.02909255027770996,2.190828323364258
0,24,0.45879054103436107,0.03771540088603953,0.04055666923522949,2.190828323364258
0,25,0.46237967179267647,0.028012343691682373,0.09281468391418457,2.190828323364258
0,26,0.4624625299000511,0.030808454810796415,0.033650875091552734,2.190828323364258
0,27,0.4624843256873443,0.03777943226784164,0.026831388473510742,2.190828323364258
0,28,0.4654424413308409,0.03571564496009527,0.09049034118652344,2.190828323364258
0,29,0.46551508120806484,0.03983701877959733,0.033479928970336914,2.190828323364258
0,30,0.46553671251287526,0.044014787680709155,0.02677774429321289,2.190828323364258
0,31,0.4720536442055123,0.04285676186640297,0.16785526275634766,2.190828323364258
0,32,0.47228286746147036,0.04218258773937983,0.04000687599182129,2.190828323364258
0,33,0.4723353669409982,0.04261405333397145,0.029896259307861328,2.190828323364258
0,34,0.47334945272459616,0.04150318953425325,0.0646207332611084,2.190828323364258
0,35,0.473452979753345,0.04661312771575543,0.03742814064025879,2.190828323364258
0,36,0.473476260165163,0.052275634421640294,0.028405189514160156,2.190828323364258
0,37,0.47971046572096687,0.052834280024641855,0.1770784854888916,2.190828323364258
0,38,0.4798368230969143,0.05518671058008362,0.036225080490112305,2.190828323364258
0,39,0.480020884387537,0.05684082071474461,0.03298020362854004,2.190828323364258
0,40,0.480540623101034,0.05858336847566614,0.04506492614746094,2.190828323364258
0,41,0.4802355893550487,0.12262271808536696,0.15640807151794434,2.190828323364258
0,42,0.48228664594003456,0.10234353389214834,0.16034293174743652,2.190828323364258
0,43,0.4816456120356671,0.08152265947344095,0.09528613090515137,2.190828323364258
0,44,0.48267543432003646,0.06802451003697063,0.06836438179016113,2.190828323364258
0,45,0.48264045066685984,0.05611718212921046,0.04967522621154785,2.190828323364258
0,46,0.48300591191335274,0.051697309115793955,0.04045581817626953,2.190828323364258
0,47,0.48317150469828096,0.054262333485899594,0.03344845771789551,2.190828323364258
0,48,0.4845593694464251,0.05456579760612906,0.057276010513305664,2.190828323364258
0,49,0.4866038460360408,0.05296920116402726,0.06214642524719238,2.190828323364258
0,50,0.4868595385316956,0.051590994384051514,0.040257930755615234,2.190828323364258
0,51,0.4868810259353942,0.05452318467803163,0.03623318672180176,2.190828323364258
0,52,0.4915449496281903,0.05384554352880666,0.14896893501281738,2.190828323364258
0,53,0.49179144374229095,0.05379797053346369,0.03893136978149414,2.190828323364258
0,54,0.49184241729302003,0.055149126436012885,0.02853250503540039,2.190828323364258
0,55,0.4932599476146595,0.05478650721789302,0.08538341522216797,2.190828323364258
0,56,0.49565471239515047,0.05423079378117396,0.11764693260192871,2.190828323364258
0,57,0.4957391475248464,0.05241348821826369,0.03888511657714844,2.190828323364258
0,58,0.497828266596573,0.04927700922607281,0.08596444129943848,2.190828323364258
0,59,0.49786330204270457,0.050302551561669406,0.03655123710632324,2.190828323364258
0,60,0.5000162615975895,0.04985865126599831,0.10633063316345215,2.190828323364258
0,61,0.5000653312314686,0.050216009968955366,0.033843040466308594,2.190828323364258
0,62,0.5027094262588601,0.04946992552660745,0.10643792152404785,2.190828323364258
0,63,0.5027569032445762,0.051969093346718176,0.029549598693847656,2.190828323364258
0,64,0.5052113576341948,0.05258708076105234,0.10206246376037598,2.190828323364258
0,65,0.505275637219765,0.05300017809133817,0.033948421478271484,2.190828323364258
0,66,0.5067279190509872,0.05121240197210042,0.0803062915802002,2.190828323364258
0,67,0.5069397418628858,0.04989712104170324,0.04947495460510254,2.190828323364258
0,68,0.509086124964832,0.048318036839695655,0.09375619888305664,2.190828323364258
0,69,0.5111401129016506,0.04570516551822734,0.07870316505432129,2.190828323364258
0,70,0.5111792116339626,0.04702890732659393,0.02963089942932129,2.190828323364258
0,71,0.5130416764726591,0.046943209765230365,0.09685134887695312,2.190828323364258
0,72,0.5130851939421017,0.04722133220559743,0.030838727951049805,2.190828323364258
0,73,0.5155136295809579,0.045759553590397906,0.10791921615600586,2.190828323364258
0,74,0.5155844028649565,0.04473213073254234,0.03393983840942383,2.190828323364258
0,75,0.5156097174603896,0.04376664195152885,0.02754998207092285,2.190828323364258
0,76,0.5187643602313402,0.04220566031069917,0.14054203033447266,2.190828323364258
0,77,0.5188650218471544,0.042817316401531746,0.03239107131958008,2.190828323364258
0,78,0.5213490053417408,0.043419321711296366,0.12026047706604004,2.190828323364258
0,79,0.5214074681371121,0.044734495035270716,0.03319501876831055,2.190828323364258
0,80,0.5230541414253014,0.04524273541372381,0.08358097076416016,2.190828323364258
0,81,0.5027158928719553,0.08000000000000007,0.2957000732421875,2.190828323364258
0,82,0.5014877881742341,0.05809575462342709,0.29963183403015137,2.190828323364258
0,83,0.5011702278848889,0.06704643707393676,0.17250704765319824,2.190828323364258
0,84,0.5022275089031945,0.051925716415717194,0.11853551864624023,2.190828323364258
0,85,0.5024259723884218,0.048236783312521236,0.09372329711914062,2.190828323364258
0,86,0.5029547042503362,0.047575753771819995,0.08027386665344238,2.190828323364258
0,87,0.5039456217087936,0.043913014129530636,0.09268593788146973,2.190828323364258
0,88,0.5052066415229041,0.033681415892860445,0.08980989456176758,2.190828323364258
0,89,0.5064256146485668,0.033272385749695155,0.10546875,2.190828323364258
0,90,0.5066188180024891,0.03224046059371377,0.04479074478149414,2.190828323364258
0,91,0.5081723143690379,0.03194065813450986,0.09798955917358398,2.190828323364258
0,92,0.5096474406319172,0.031350280139734066,0.10960102081298828,2.190828323364258
0,93,0.5098439839917783,0.032176429951597973,0.041039228439331055,2.190828323364258
0,94,0.5101471682382432,0.03249403156128605,0.05507826805114746,2.190828323364258
0,95,0.5118170437675733,0.03222900349544744,0.11914992332458496,2.190828323364258
0,96,0.5133800978644067,0.03185339040664792,0.11342716217041016,2.190828323364258
0,97,0.5136894226076039,0.032605878047029746,0.047132253646850586,2.190828323364258
0,98,0.5137478243198648,0.033712167781380975,0.03281736373901367,2.190828323364258
0,99,0.5165883941672292,0.03292441757354436,0.19036650657653809,2.190828323364258
0,100,0.5167267828711357,0.033155474956373165,0.04134726524353027,2.190828323364258
0,101,0.51772577723273,0.03255691579789288,0.0912940502166748,2.190828323364258
0,102,0.5187079711408751,0.032749000255012484,0.08328676223754883,2.190828323364258
0,103,0.5204629538315872,0.03223271385466098,0.1608288288116455,2.190828323364258
0,104,0.5205713141809583,0.03232755021201289,0.044075965881347656,2.190828323364258
0,105,0.5220373997089462,0.031482091650913924,0.13823938369750977,2.190828323364258
0,106,0.5228327960812209,0.0310838640416074,0.10421919822692871,2.190828323364258
0,107,0.5238266345460916,0.030286659521329196,0.11642909049987793,2.190828323364258
0,108,0.5244885941642992,0.030418984413967953,0.079864501953125,2.190828323364258
0,109,0.5261006369802501,0.03037243190378458,0.15799856185913086,2.190828323364258
0,110,0.5262318188745122,0.03140040134740196,0.04645800590515137,2.190828323364258
0,111,0.5277292699297307,0.03140272708911784,0.15773868560791016,2.190828323364258
0,112,0.5279711774773829,0.031661424404540006,0.06175422668457031,2.190828323364258
0,113,0.5297955776005564,0.03073121383755062,0.21552395820617676,2.190828323364258
0,114,0.5300658262782938,0.030500000000000083,0.06064653396606445,2.190828323364258
0,115,0.5314710002037053,0.029000000000000026,0.14314985275268555,2.190828323364258
0,116,0.5323473827342835,0.02750000000000008,0.11295843124389648,2.190828323364258
0,117,0.5332529875533075,0.026000000000000023,0.12379622459411621,2.190828323364258
0,118,0.5342868288953757,0.024500000000000077,0.16926097869873047,2.190828323364258
0,119,0.535223677445368,0.02300000000000002,0.1696617603302002,2.190828323364258
0,120,0.5361623219348615,0.021500000000000075,0.16524195671081543,2.190828323364258
0,121,0.4972760160019426,0.020000000000000073,0.5499019622802734,2.190828323364258
0,122,0.49648655452244395,0.020000000000000018,0.3223264217376709,2.190828323364258
0,123,0.4963324825588953,0.020000000000000018,0.14211702346801758,2.190828323364258
0,124,0.49633854390402055,0.020000000000000018,0.12336921691894531,2.190828323364258
0,125,0.4962125895936491,0.020000000000000018,0.07585501670837402,2.190828323364258
0,126,0.49624700663926347,0.020000000000000018,0.06221938133239746,2.190828323364258
0,127,0.49611848570777844,0.020000000000000018,0.08464598655700684,2.190828323364258
0,128,0.49612516110899174,0.020000000000000018,0.04818105697631836,2.190828323364258
0,129,0.49607934464143527,0.020000000000000018,0.062308549880981445,2.190828323364258
0,130,0.49599954510351607,0.020000000000000018,0.07399749755859375,2.190828323364258
0,131,0.49596448896572926,0.020000000000000018,0.05690145492553711,2.190828323364258
0,132,0.4959503674257644,0.020000000000000018,0.046756744384765625,2.190828323364258
0,133,0.4958878113681936,0.020000000000000018,0.06519389152526855,2.190828323364258
0,134,0.4958889316760484,0.020000000000000018,0.03452277183532715,2.190828323364258
0,135,0.4957846446927545,0.020000000000000018,0.06376409530639648,2.190828323364258
0,136,0.4957366362149265,0.020000000000000018,0.05506539344787598,2.190828323364258
0,137,0.4957266069627867,0.020000000000000018,0.03843379020690918,2.190828323364258
0,138,0.4957236403943102,0.020000000000000018,0.039591073989868164,2.190828323364258
0,139,0.49564613970640814,0.020000000000000018,0.06282472610473633,2.190828323364258
0,140,0.49564690785907484,0.020000000000000018,0.03814816474914551,2.190828323364258
0,141,0.49558700258532196,0.020000000000000018,0.05524253845214844,2.190828323364258
0,142,0.4955857138936216,0.020000000000000018,0.0355076789855957,2.190828323364258
0,143,0.4955014227383573,0.020000000000000018,0.07045197486877441,2.190828323364258
0,144,0.4955020185126223,0.020000000000000018,0.03260016441345215,2.190828323364258
0,145,0.4953916498102778,0.020000000000000018,0.0629267692565918,2.190828323364258
0,146,0.49538987660952744,0.020000000000000018,0.03412008285522461,2.190828323364258
0,147,0.49538903336320306,0.020000000000000018,0.03034520149230957,2.190828323364258
0,148,0.4953723764878215,0.020000000000000018,0.03511667251586914,2.190828323364258
0,149,0.49536304577589607,0.020000000000000018,0.03365278244018555,2.190828323364258
0,150,0.4953621163235365,0.020000000000000018,0.0277402400970459,2.190828323364258
0,1,0.4235609544024976,0.19999999999999996,0.47333741188049316,2.184495449066162
0,2,0.40519178618030005,0.1985,0.17821240425109863,2.190828323364258
0,3,0.4035909954379069,0.197,0.0782155990600586,2.190828323364258
0,4,0.40210206996836184,0.18647189257812474,0.09093427658081055,2.190828323364258
0,5,0.4020106776410479,0.10618880945198472,0.0461115837097168,2.190828323364258
0,6,0.40167934197676614,0.08104947848164412,0.052194833755493164,2.190828323364258
0,7,0.40168179935218146,0.06744230875205692,0.032891273498535156,2.190828323364258
0,8,0.40151789039127084,0.06473929454463923,0.057435035705566406,2.190828323364258
0,9,0.40153971156149626,0.059001411171168305,0.03185105323791504,2.190828323364258
0,10,0.4015763187179009,0.06406492961404409,0.030530691146850586,2.190828323364258
0,11,0.4016511871038112,0.0644389783674515,0.03439807891845703,2.190828323364258
0,12,0.4016642154953951,0.05363816576378577,0.027703046798706055,2.190828323364258
0,13,0.4027358842332254,0.05816428335113655,0.07552790641784668,2.190828323364258
0,14,0.4027570490000927,0.04976252802519665,0.028017044067382812,2.190828323364258
0,15,0.4028026877020589,0.050482046475488485,0.02947068214416504,2.190828323364258
0,16,0.4028060506267581,0.04464294070943642,0.02552199363708496,2.190828323364258
0,17,0.4041673086693638,0.03711489510525412,0.058577537536621094,2.190828323364258
0,18,0.40418578890157436,0.03636630992987866,0.027660369873046875,2.190828323364258
0,19,0.40440971645382306,0.03397322087630694,0.035941123962402344,2.190828323364258
0,20,0.40442290185843294,0.02718242229649015,0.026665687561035156,2.190828323364258
0,21,0.40456231314584623,0.03134393903643351,0.034651756286621094,2.190828323364258
0,22,0.4067299216269037,0.029368473443589727,0.06076359748840332,2.190828323364258
0,23,0.4067543135606217,0.03040943326008294,0.02880859375,2.190828323364258
0,24,0.40677006161764184,0.03099737805853342,0.025647401809692383,2.190828323364258
0,25,0.40899609532751613,0.03586626169075624,0.06564903259277344,2.190828323364258
0,26,0.40910205955979984,0.03717708169435863,0.03850913047790527,2.190828323364258
0,27,0.40912067394707613,0.0393285082511049,0.028942108154296875,2.190828323364258
0,28,0.409135872523245,0.03989405046972927,0.027328014373779297,2.190828323364258
0,29,0.4092572488798314,0.03937209042383394,0.039472103118896484,2.190828323364258
0,30,0.4120141761927082,0.03190437562955656,0.073150634765625,2.190828323364258
0,31,0.4122161976763262,0.03055910386458377,0.03908181190490723,2.190828323364258
0,32,0.41222988086275175,0.030979541979500258,0.027858257293701172,2.190828323364258
0,33,0.4123319887933454,0.030257333672701003,0.03487539291381836,2.190828323364258
0,34,0.41233776036817676,0.031730193724802846,0.02624964714050293,2.190828323364258
0,35,0.41598897358667086,0.029114286342576068,0.1083676815032959,2.190828323364258
0,36,0.4180469186474839,0.02844149911640123,0.08435869216918945,2.190828323364258
0,37,0.4180735690331564,0.027404920914551933,0.027400493621826172,2.190828323364258
0,38,0.4181028254231127,0.028943585075063005,0.026970386505126953,2.190828323364258
0,39,0.4182236937055406,0.0331550940139832,0.03239607810974121,2.190828323364258
0,40,0.418316487273763,0.03807397879961538,0.03209972381591797,2.190828323364258
0,41,0.4175868111132819,0.1309048890057637,0.07110738754272461,2.190828323364258
0,42,0.4173089539176465,0.07969221825271233,0.11572432518005371,2.190828323364258
0,43,0.4172471272507531,0.06654417757444242,0.061838388442993164,2.190828323364258
0,44,0.41745985791004203,0.06425135944923233,0.04389619827270508,2.190828323364258
0,45,0.4175624999722115,0.05518326049571143,0.036299943923950195,2.190828323364258
0,46,0.4175789669137976,0.043842851395829996,0.027737855911254883,2.190828323364258
0,47,0.41758378336514873,0.04358823787467825,0.030113697052001953,2.190828323364258
0,48,0.41775819151603955,0.04155461795993609,0.04048967361450195,2.190828323364258
0,49,0.41779102140560576,0.04196141176009671,0.029404163360595703,2.190828323364258
0,50,0.41899669482580265,0.044168214670531,0.06645560264587402,2.190828323364258
0,51,0.42044713151947377,0.043594393457623615,0.06582522392272949,2.190828323364258
0,52,0.4204838077035114,0.04535917626721009,0.027742385864257812,2.190828323364258
0,53,0.4205091570315595,0.045742018841470666,0.02732706069946289,2.190828323364258
0,54,0.4205995058597276,0.04747894608797476,0.03114771842956543,2.190828323364258
0,55,0.4208224715739719,0.037785376583890085,0.04629254341125488,2.190828323364258
0,56,0.4208294999555994,0.037805732797347724,0.02820301055908203,2.190828323364258
0,57,0.42324533977689205,0.03448007044090001,0.10611844062805176,2.190828323364258
0,58,0.4232536846412137,0.03372637800393735,0.03572535514831543,2.190828323364258
0,59,0.42583535445960197,0.03173151464115792,0.10497617721557617,2.190828323364258
0,60,0.4258493737017239,0.03401704650878379,0.027745723724365234,2.190828323364258
0,61,0.4260834834570874,0.03248308966835267,0.04142594337463379,2.190828323364258
0,62,0.4261092748253815,0.03437647938661503,0.028774261474609375,2.190828323364258
0,63,0.42618738695918107,0.03707822064475497,0.03383755683898926,2.190828323364258
0,64,0.42723544737915997,0.03608833566242653,0.06630349159240723,2.190828323364258
0,65,0.4272608410529817,0.03758557483182867,0.0260164737701416,2.190828323364258
0,66,0.42728373395165237,0.038980974847851124,0.02745842933654785,2.190828323364258
0,67,0.429166372379932,0.03873280738238216,0.0880427360534668,2.190828323364258
0,68,0.43079509493482115,0.03823897104199414,0.0744173526763916,2.190828323364258
0,69,0.4308251657994067,0.03866567982594382,0.03148698806762695,2.190828323364258
0,70,0.4308374268193454,0.0391335583588347,0.030197858810424805,2.190828323364258
0,71,0.4321424911570903,0.03734309670014485,0.10656976699829102,2.190828323364258
0,72,0.43230250283254235,0.0355168733319009,0.047740936279296875,2.190828323364258
0,73,0.43235535407336034,0.03440594845348122,0.03598904609680176,2.190828323364258
0,74,0.43237286802114117,0.033454371001052086,0.03133749961853027,2.190828323364258
0,75,0.4342813721813575,0.03170519647043324,0.11395144462585449,2.190828323364258
0,76,0.4342936605882339,0.033519333728470935,0.03145599365234375,2.190828323364258
0,77,0.4354674632703851,0.0343228764594099,0.07785463333129883,2.190828323364258
0,78,0.43547785339260203,0.035958684367560334,0.027915477752685547,2.190828323364258
0,79,0.43561678536444515,0.034983450633123137,0.045709848403930664,2.190828323364258
0,80,0.43562772513486114,0.035905638788210514,0.03068089485168457,2.190828323364258
0,81,0.4245913011382578,0.08000000000000007,0.26919078826904297,2.190828323364258
0,82,0.4247241476882514,0.07675395333275092,0.22777342796325684,2.190828323364258
0,83,0.42383956335394285,0.07699999999999996,0.11829113960266113,2.190828323364258
0,84,0.4249397646058794,0.0635174420998933,0.09920716285705566,2.190828323364258
0,85,0.42430222933911005,0.06944138086187712,0.09317755699157715,2.190828323364258
0,86,0.42519466830755215,0.056075247895865266,0.08835411071777344,2.190828323364258
0,87,0.42483799982942205,0.05218592928609267,0.08294510841369629,2.190828323364258
0,88,0.42549273353780315,0.04345507485881972,0.07262277603149414,2.190828323364258
0,89,0.42530882643574114,0.04522348510720464,0.07526302337646484,2.190828323364258
0,90,0.4258259770507354,0.03718145036006104,0.06771254539489746,2.190828323364258
0,91,0.42646402079972223,0.037244986423145665,0.09266281127929688,2.190828323364258
0,92,0.42668550051571286,0.03570754355671313,0.050952911376953125,2.190828323364258
0,93,0.42753775120668847,0.03158840785000705,0.07081031799316406,2.190828323364258
0,94,0.427553231832353,0.0304118037084814,0.03277444839477539,2.190828323364258
0,95,0.42761524310511595,0.029961620693239044,0.03873467445373535,2.190828323364258
0,96,0.42768650914217876,0.029687532588082877,0.0370790958404541,2.190828323364258
0,97,0.42896293059792956,0.02890041186761283,0.09824156761169434,2.190828323364258
0,98,0.43015016590358907,0.029577041911731383,0.07502865791320801,2.190828323364258
0,99,0.43021349806260334,0.029057723282332137,0.034819602966308594,2.190828323364258
0,100,0.4302327209115221,0.02445644293026683,0.030042409896850586,2.190828323364258
0,101,0.4310045669501344,0.0213535008090463,0.08115100860595703,2.190828323364258
0,102,0.43192191464163165,0.020968640816414363,0.0905003547668457,2.190828323364258
0,103,0.43195710188911135,0.02048295529066113,0.03232622146606445,2.190828323364258
0,104,0.43199121985597055,0.02018816461341033,0.030186891555786133,2.190828323364258
0,105,0.4329201442688566,0.019180580967765204,0.09311866760253906,2.190828323364258
0,106,0.4335289838452313,0.018547911081785773,0.0747525691986084,2.190828323364258
0,107,0.43356610806921436,0.018259231423711997,0.03720998764038086,2.190828323364258
0,108,0.43413502052459774,0.017911687637047313,0.09102034568786621,2.190828323364258
0,109,0.4350426129982575,0.017196058460586916,0.10501980781555176,2.190828323364258
0,110,0.43511934859180235,0.01692549869397908,0.03974580764770508,2.190828323364258
0,111,0.4351663236774187,0.017539792272339927,0.03750348091125488,2.190828323364258
0,112,0.43627468061027697,0.017984375464456193,0.1183478832244873,2.190828323364258
0,113,0.4363040233479918,0.01880326052150183,0.033722877502441406,2.190828323364258
0,114,0.4373698481024724,0.018651579242279226,0.1329958438873291,2.190828323364258
0,115,0.4373990799836796,0.01936721452539325,0.03580760955810547,2.190828323364258
0,116,0.43786644712244416,0.019675309226158344,0.11177325248718262,2.190828323364258
0,117,0.43846870476000077,0.019959148168198215,0.11116933822631836,2.190828323364258
0,118,0.43877560703881935,0.020438925930544305,0.07917523384094238,2.190828323364258
0,119,0.4392317107414544,0.020325092706994008,0.11223554611206055,2.190828323364258
0,120,0.43974949716171774,0.020518202484383297,0.11248159408569336,2.190828323364258
0,121,0.41996819310030575,0.020000000000000073,0.47759222984313965,2.190828323364258
0,122,0.4198059551597728,0.020000000000000018,0.2554745674133301,2.190828323364258
0,123,0.4196986568368565,0.020000000000000073,0.1016085147857666,2.190828323364258
0,124,0.41981321307374,0.020000000000000018,0.09827733039855957,2.190828323364258
0,125,0.4197214456038454,0.020000000000000018,0.07391667366027832,2.190828323364258
0,126,0.41980366741735425,0.020000000000000018,0.0675497055053711,2.190828323364258
0,127,0.41975944287247213,0.020000000000000018,0.05891728401184082,2.190828323364258
0,128,0.4197766924084452,0.020000000000000018,0.04803037643432617,2.190828323364258
0,129,0.41974859603772297,0.020000000000000018,0.05449819564819336,2.190828323364258
0,130,0.4197535345039952,0.020000000000000018,0.03989720344543457,2.190828323364258
0,131,0.41975429722101143,0.020000000000000073,0.03354644775390625,2.190828323364258
0,132,0.4197414377366171,0.020000000000000073,0.047179222106933594,2.190828323364258
0,133,0.4197430560895617,0.020000000000000073,0.029272079467773438,2.190828323364258
0,134,0.41963848484313937,0.020000000000000073,0.069061279296875,2.190828323364258
0,135,0.41964012640070536,0.020000000000000018,0.030801773071289062,2.190828323364258
0,136,0.4196424438780615,0.020000000000000073,0.052909135818481445,2.190828323364258
0,137,0.4196177270846484,0.020000000000000018,0.06318020820617676,2.190828323364258
0,138,0.4196190652380377,0.020000000000000018,0.03671002388000488,2.190828323364258
0,139,0.4196194847725828,0.020000000000000018,0.03173041343688965,2.190828323364258
0,140,0.4196227196252004,0.020000000000000018,0.046778202056884766,2.190828323364258
0,141,0.41962348584599457,0.020000000000000018,0.03035140037536621,2.190828323364258
0,142,0.4196251655016266,0.020000000000000018,0.027959585189819336,2.190828323364258
0,143,0.4196272711271786,0.020000000000000018,0.035372257232666016,2.190828323364258
0,144,0.4196283129317838,0.020000000000000018,0.027516841888427734,2.190828323364258
0,145,0.41941344840954287,0.020000000000000018,0.08961224555969238,2.190828323364258
0,146,0.4192347960116393,0.020000000000000018,0.08271074295043945,2.190828323364258
0,147,0.41923536686531504,0.020000000000000018,0.02569723129272461,2.190828323364258
0,148,0.419236090379131,0.020000000000000018,0.02526712417602539,2.190828323364258
0,149,0.41923787010891367,0.020000000000000018,0.03316760063171387,2.190828323364258
0,150,0.41923822037028813,0.020000000000000018,0.025970935821533203,2.190828323364258
0,1,0.4023140363350968,0.20000000000000007,0.6375508308410645,2.184495449066162
0,2,0.38883533708002105,0.1985,0.1609804630279541,2.190828323364258
0,3,0.3875404529986628,0.197,0.08144545555114746,2.190828323364258
0,4,0.386139330561086,0.1955,0.09994173049926758,2.190828323364258
0,5,0.385975078378209,0.09205290664178667,0.06416535377502441,2.190828323364258
0,6,0.38577800810535456,0.08302541970882893,0.05441737174987793,2.190828323364258
0,7,0.38565027495705295,0.07978971827428727,0.050891876220703125,2.190828323364258
0,8,0.38550495711757377,0.0701203799636474,0.0569300651550293,2.190828323364258
0,9,0.385515608652064,0.0632205371278729,0.029897212982177734,2.190828323364258
0,10,0.38549792159093577,0.05691222737877599,0.03993821144104004,2.190828323364258
0,11,0.38550597934082387,0.054741107891114416,0.035497188568115234,2.190828323364258
0,12,0.38554941614481925,0.05124670143206056,0.029076337814331055,2.190828323364258
0,13,0.38557037496185587,0.04341989400290058,0.029093265533447266,2.190828323364258
0,14,0.38558296247231116,0.04531008576064188,0.03350186347961426,2.190828323364258
0,15,0.38681820494510527,0.055878145503546195,0.09561753273010254,2.190828323364258
0,16,0.3868267882308712,0.05292587675396565,0.02875542640686035,2.190828323364258
0,17,0.38684705583530754,0.05490031130200301,0.043604135513305664,2.190828323364258
0,18,0.38684936339393783,0.0479960078220113,0.03972339630126953,2.190828323364258
0,19,0.3869456216939734,0.04056777104528497,0.04627394676208496,2.190828323364258
0,20,0.386954567081455,0.030086102905445666,0.02855658531188965,2.190828323364258
0,21,0.38706422191102163,0.02872536547328519,0.032592058181762695,2.190828323364258
0,22,0.38719920352152437,0.029544498022766708,0.038886070251464844,2.190828323364258
0,23,0.38720257953280224,0.028860037516966752,0.02636408805847168,2.190828323364258
0,24,0.3874271942761909,0.02646996417344838,0.03819847106933594,2.190828323364258
0,25,0.38743107081315187,0.027096057888986724,0.027270078659057617,2.190828323364258
0,26,0.38892377986222304,0.03077005473390182,0.06560182571411133,2.190828323364258
0,27,0.38893926192210904,0.024502638831145784,0.028247833251953125,2.190828323364258
0,28,0.3889457904584209,0.029633774409481894,0.02626943588256836,2.190828323364258
0,29,0.3905738775020593,0.02476950957481372,0.06560444831848145,2.190828323364258
0,30,0.3905773122907887,0.029178780402448923,0.027108430862426758,2.190828323364258
0,31,0.3905899182793642,0.031899575738083996,0.028031349182128906,2.190828323364258
0,32,0.3907021086721782,0.03202966085588177,0.037184953689575195,2.190828323364258
0,33,0.39070592168867657,0.03542612990592253,0.02884697914123535,2.190828323364258
0,34,0.390787765306689,0.03346383699246863,0.03720235824584961,2.190828323364258
0,35,0.39079215837610737,0.03577627897251323,0.02690434455871582,2.190828323364258
0,36,0.39248984783131613,0.033396946196712296,0.06981515884399414,2.190828323364258
0,37,0.3926391354630523,0.03295362875494989,0.03423643112182617,2.190828323364258
0,38,0.3926464957953769,0.035159135860550195,0.02643108367919922,2.190828323364258
0,39,0.392668786898266,0.03716267056651312,0.029710769653320312,2.190828323364258
0,40,0.39267025434219444,0.042494377894631064,0.027048110961914062,2.190828323364258
0,41,0.3923041787887399,0.13612259683266925,0.06704545021057129,2.190828323364258
0,42,0.39237887066219646,0.07932035667682535,0.09177136421203613,2.190828323364258
0,43,0.39250922968191504,0.07953149452640762,0.05029797554016113,2.190828323364258
0,44,0.3925233845499235,0.07637928611721012,0.036066532135009766,2.190828323364258
0,45,0.39252563636282645,0.0537961413202922,0.02917027473449707,2.190828323364258
0,46,0.39252720727226165,0.04807416433842859,0.0248565673828125,2.190828323364258
0,47,0.39254113396057544,0.04544347076208832,0.02847599983215332,2.190828323364258
0,48,0.39255207791725455,0.044654360560527406,0.026148557662963867,2.190828323364258
0,49,0.3926181592614221,0.03449959762117116,0.034912824630737305,2.190828323364258
0,50,0.3940973518776643,0.03363542781715417,0.07560920715332031,2.190828323364258
0,51,0.39411496528595114,0.030632572433777927,0.03114151954650879,2.190828323364258
0,52,0.39412002104098165,0.030653558009512527,0.02870774269104004,2.190828323364258
0,53,0.39413671472044,0.03142513672070474,0.030430078506469727,2.190828323364258
0,54,0.3962775879750029,0.03019644109271591,0.09543442726135254,2.190828323364258
0,55,0.3963521246733504,0.029253464476970137,0.041260719299316406,2.190828323364258
0,56,0.39637979853405314,0.028873192277953263,0.03382706642150879,2.190828323364258
0,57,0.3963875804833843,0.028495054819081378,0.031157493591308594,2.190828323364258
0,58,0.3964037102122374,0.027870189065758555,0.03288841247558594,2.190828323364258
0,59,0.3964780096610412,0.027178931027675934,0.0354304313659668,2.190828323364258
0,60,0.39846321927477335,0.024990786908667684,0.09708929061889648,2.190828323364258
0,61,0.3984694778941444,0.024499943402552904,0.030504941940307617,2.190828323364258
0,62,0.3984856469168852,0.026345518583100414,0.03256559371948242,2.190828323364258
0,63,0.39848738699210284,0.02997620882401597,0.026304244995117188,2.190828323364258
0,64,0.40030972963871503,0.028295510583662975,0.09315705299377441,2.190828323364258
0,65,0.4003144504233038,0.030614147310334627,0.028594017028808594,2.190828323364258
0,66,0.4003298170088578,0.03143514821563875,0.02903294563293457,2.190828323364258
0,67,0.40033163883503775,0.03384123521988691,0.026839256286621094,2.190828323364258
0,68,0.40157771478255355,0.030559670315278065,0.09389352798461914,2.190828323364258
0,69,0.40158422032077945,0.031878832837619386,0.03129720687866211,2.190828323364258
0,70,0.40158585542337544,0.03358685993301136,0.028808116912841797,2.190828323364258
0,71,0.4027118864453573,0.03246774447768064,0.09248542785644531,2.190828323364258
0,72,0.4027203618109819,0.03243971455646211,0.028174400329589844,2.190828323364258
0,73,0.40282668996610005,0.03083510862228306,0.04340410232543945,2.190828323364258
0,74,0.40283374286358564,0.031004010825585293,0.030904293060302734,2.190828323364258
0,75,0.4028458269059876,0.030965549136868664,0.03011608123779297,2.190828323364258
0,76,0.4028473887860303,0.031120218046521264,0.027651309967041016,2.190828323364258
0,77,0.4043271469718238,0.02816052903720101,0.10024070739746094,2.190828323364258
0,78,0.40433204887926555,0.027939486290769366,0.02823495864868164,2.190828323364258
0,79,0.4043411658611265,0.029091525913400695,0.025930166244506836,2.190828323364258
0,80,0.40437354451269675,0.02992872168437366,0.034423112869262695,2.190828323364258
0,81,0.39834968895244083,0.08000000000000007,0.19451427459716797,2.190828323364258
0,82,0.3983759528798955,0.07850000000000001,0.09576654434204102,2.190828323364258
0,83,0.3983733128741329,0.07700000000000007,0.06150197982788086,2.190828323364258
0,84,0.39844554202031457,0.07452849916451376,0.05332756042480469,2.190828323364258
0,85,0.3984787916891389,0.07399999999999995,0.04747128486633301,2.190828323364258
0,86,0.3985051108652171,0.0632919140315591,0.04342484474182129,2.190828323364258
0,87,0.39855437681369943,0.05675444638224625,0.041162729263305664,2.190828323364258
0,88,0.39857519461807134,0.05912402131833061,0.03400778770446777,2.190828323364258
0,89,0.39859791273259104,0.050442824231096806,0.03231048583984375,2.190828323364258
0,90,0.39906126777647266,0.04835136734248169,0.05908489227294922,2.190828323364258
0,91,0.39958020729270977,0.03502253181028858,0.06214284896850586,2.190828323364258
0,92,0.3995949899896275,0.034865727063832175,0.04138445854187012,2.190828323364258
0,93,0.3995967699663474,0.034969139262321924,0.025075912475585938,2.190828323364258
0,94,0.3996847688195837,0.03426017537453163,0.04265475273132324,2.190828323364258
0,95,0.3996911387650484,0.0340532781757894,0.03082442283630371,2.190828323364258
0,96,0.39970705394816514,0.03341659832663546,0.03059840202331543,2.190828323364258
0,97,0.40119523792626466,0.03617180645366258,0.09786605834960938,2.190828323364258
0,98,0.40120564733677466,0.03558001578650294,0.030236005783081055,2.190828323364258
0,99,0.40123587122591814,0.022375661525700696,0.033593177795410156,2.190828323364258
0,100,0.40123974850481936,0.021901932990746165,0.026805639266967773,2.190828323364258
0,101,0.40212731525769374,0.02100888887004937,0.08081555366516113,2.190828323364258
0,102,0.40213114909202496,0.02030649813816554,0.029464006423950195,2.190828323364258
0,103,0.40306211437343575,0.019943007856457085,0.10333871841430664,2.190828323364258
0,104,0.40306634192335666,0.019225810969110357,0.028729915618896484,2.190828323364258
0,105,0.4036888052500064,0.018791952855425564,0.08854794502258301,2.190828323364258
0,106,0.40369729580745084,0.018147369009803516,0.030920982360839844,2.190828323364258
0,107,0.40393022138159884,0.018362066478966876,0.06139874458312988,2.190828323364258
0,108,0.4039383819937017,0.017636069143730393,0.028814077377319336,2.190828323364258
0,109,0.40444538016087184,0.015533241259315989,0.08990144729614258,2.190828323364258
0,110,0.4044577549733034,0.014955009738893854,0.0315852165222168,2.190828323364258
0,111,0.4052769329479906,0.014874137769864904,0.1057279109954834,2.190828323364258
0,112,0.40528501223353186,0.014360212665140759,0.03223466873168945,2.190828323364258
0,113,0.4059346079017074,0.014026911331253222,0.1116797924041748,2.190828323364258
0,114,0.40594799999605846,0.013491062618275818,0.03521227836608887,2.190828323364258
0,115,0.40640850181791116,0.013521479833656591,0.09729695320129395,2.190828323364258
0,116,0.406419806087401,0.013005181086367723,0.03459811210632324,2.190828323364258
0,117,0.40702306077093126,0.012807847463063737,0.14450836181640625,2.190828323364258
0,118,0.4070613759653688,0.012504641528904847,0.046401023864746094,2.190828323364258
0,119,0.4076754755981993,0.012010308290462679,0.1329667568206787,2.190828323364258
0,120,0.40770561417104734,0.011611113400942785,0.04422783851623535,2.190828323364258
0,121,0.39610580031742637,0.020000000000000073,0.44893383979797363,2.190828323364258
0,122,0.39622071161630934,0.020000000000000073,0.14735865592956543,2.190828323364258
0,123,0.39609131409917964,0.020000000000000018,0.08664703369140625,2.190828323364258
0,124,0.3962018410605276,0.020000000000000018,0.08471155166625977,2.190828323364258
0,125,0.39606896102384614,0.020000000000000046,0.07540297508239746,2.190828323364258
0,126,0.39617777402752175,0.020000000000000018,0.07798218727111816,2.190828323364258
0,127,0.39604485715371485,0.020000000000000018,0.07273697853088379,2.190828323364258
0,128,0.3961487965800497,0.020000000000000018,0.07225680351257324,2.190828323364258
0,129,0.39602576467519307,0.020000000000000018,0.06813454627990723,2.190828323364258
0,130,0.39612050240876984,0.020000000000000073,0.06847476959228516,2.190828323364258
0,131,0.39601109501593346,0.020000000000000018,0.06569933891296387,2.190828323364258
0,132,0.39609087260124876,0.020000000000000073,0.06298112869262695,2.190828323364258
0,133,0.3960166593604101,0.020000000000000018,0.05800151824951172,2.190828323364258
0,134,0.39605732503169944,0.020000000000000018,0.05532717704772949,2.190828323364258
0,135,0.3960258486177166,0.020000000000000018,0.051917314529418945,2.190828323364258
0,136,0.39603866988552366,0.020000000000000018,0.04608750343322754,2.190828323364258
0,137,0.39602997411434776,0.020000000000000073,0.04447793960571289,2.190828323364258
0,138,0.39603083690962526,0.020000000000000018,0.043607234954833984,2.190828323364258
0,139,0.3960314727763146,0.020000000000000018,0.04302358627319336,2.190828323364258
0,140,0.39603035305300927,0.020000000000000018,0.042429208755493164,2.190828323364258
0,141,0.39603097395306597,0.020000000000000073,0.051248788833618164,2.190828323364258
0,142,0.39602962886408677,0.020000000000000018,0.05130767822265625,2.190828323364258
0,143,0.39602338852047814,0.020000000000000018,0.04872727394104004,2.190828323364258
0,144,0.3960246486630006,0.020000000000000018,0.03218555450439453,2.190828323364258
0,145,0.39602535871835837,0.020000000000000018,0.029027223587036133,2.190828323364258
0,146,0.39603194091183613,0.020000000000000018,0.04481077194213867,2.190828323364258
0,147,0.3960319884600166,0.020000000000000073,0.027458667755126953,2.190828323364258
0,148,0.3960336100918674,0.020000000000000018,0.04731297492980957,2.190828323364258
0,149,0.3960337757017693,0.020000000000000018,0.04204106330871582,2.190828323364258
0,150,0.3960340593431204,0.020000000000000018,0.026616334915161133,2.190828323364258
0,1,0.5005737024371888,0.2,0.4190664291381836,2.184495449066162
0,2,0.47322208153417245,0.1985,0.20499897003173828,2.190828323364258
0,3,0.4665322767367544,0.197,0.12685871124267578,2.190828323364258
0,4,0.4653445791862746,0.10848767663315073,0.06994485855102539,2.190828323364258
0,5,0.4648056670600095,0.12859952252942775,0.0764460563659668,2.190828323364258
0,6,0.4649008368050538,0.10713646941619448,0.03969573974609375,2.190828323364258
0,7,0.46537052627249353,0.08663846014006338,0.08774161338806152,2.190828323364258
0,8,0.46550469671641886,0.0804705320207052,0.03783774375915527,2.190828323364258
0,9,0.4658197111526502,0.09272825499738524,0.04374289512634277,2.190828323364258
0,10,0.4679882743835594,0.06060488986222767,0.06933975219726562,2.190828323364258
0,11,0.47090840428861225,0.05918551248551718,0.07726764678955078,2.190828323364258
0,12,0.47120442726672584,0.047396004576364836,0.03921151161193848,2.190828323364258
0,13,0.47147222988657944,0.051394512243893686,0.03440117835998535,2.190828323364258
0,14,0.4759955301398461,0.052488031911318234,0.09750199317932129,2.190828323364258
0,15,0.48049559076547754,0.05539675364686125,0.10061144828796387,2.190828323364258
0,16,0.4810039380652591,0.04245293872496625,0.040345191955566406,2.190828323364258
0,17,0.48106164358149717,0.043468221084708714,0.027200937271118164,2.190828323364258
0,18,0.48250847797539603,0.04831492109823332,0.060212135314941406,2.190828323364258
0,19,0.4826154265295945,0.0480972855083559,0.03347325325012207,2.190828323364258
0,20,0.4902156550364204,0.03827985295618053,0.17080259323120117,2.190828323364258
0,21,0.49053744685852874,0.040601847749677455,0.041550397872924805,2.190828323364258
0,22,0.49061863036533865,0.03334885234619955,0.030414819717407227,2.190828323364258
0,23,0.49212378242437077,0.03707178842856085,0.06438875198364258,2.190828323364258
0,24,0.4922777454838196,0.03825881259041786,0.0435490608215332,2.190828323364258
0,25,0.49232397779356296,0.033634804789532236,0.02995443344116211,2.190828323364258
0,26,0.5009937409359555,0.031070109641591737,0.18886399269104004,2.190828323364258
0,27,0.5013626481857059,0.03253672685272446,0.040679931640625,2.190828323364258
0,28,0.5014825324838883,0.037954731999987446,0.030844688415527344,2.190828323364258
0,29,0.5028242120332533,0.04664805410321704,0.05159616470336914,2.190828323364258
0,30,0.5029555992812553,0.05022657197013636,0.03563880920410156,2.190828323364258
0,31,0.50667566407118,0.0492074770969404,0.09382176399230957,2.190828323364258
0,32,0.5109147081181835,0.050256609040219447,0.11600255966186523,2.190828323364258
0,33,0.5112691364883057,0.05279893393761226,0.04325675964355469,2.190828323364258
0,34,0.5115896130219135,0.0596939695788643,0.03574681282043457,2.190828323364258
0,35,0.5148623058100005,0.062002235830641905,0.09292125701904297,2.190828323364258
0,36,0.5170444182816736,0.06620324100755615,0.07339167594909668,2.190828323364258
0,37,0.5172443624141472,0.06734101281992999,0.041521549224853516,2.190828323364258
0,38,0.5176594407499283,0.06623007213518478,0.045042991638183594,2.190828323364258
0,39,0.5213961928921401,0.0640675649861504,0.1180410385131836,2.190828323364258
0,40,0.5252023865044815,0.059884712582339406,0.12183785438537598,2.190828323364258
0,41,0.526666055758999,0.12250058227309635,0.18465614318847656,2.190828323364258
0,42,0.5282190897463209,0.09219043876795352,0.18184399604797363,2.190828323364258
0,43,0.5282035356613649,0.06989858325359133,0.09882974624633789,2.190828323364258
0,44,0.5290095902642138,0.06960745212774311,0.07406783103942871,2.190828323364258
0,45,0.53033611649384,0.0705323302994888,0.07925653457641602,2.190828323364258
0,46,0.5307785302431491,0.06933371546952255,0.042934417724609375,2.190828323364258
0,47,0.5308904199754999,0.06800593533282467,0.029618501663208008,2.190828323364258
0,48,0.5345032681932398,0.06364832006694499,0.08611369132995605,2.190828323364258
0,49,0.5346560003673906,0.05993410683184064,0.03620648384094238,2.190828323364258
0,50,0.5348803262833439,0.05973986291902167,0.041793107986450195,2.190828323364258
0,51,0.5380424812686122,0.05647671428294865,0.09643363952636719,2.190828323364258
0,52,0.5416225474715011,0.05638834002224791,0.11230993270874023,2.190828323364258
0,53,0.5419454173189163,0.057893608718488254,0.03620123863220215,2.190828323364258
0,54,0.5422734433751054,0.059558283750985375,0.037328243255615234,2.190828323364258
0,55,0.5453912416406826,0.05807190874755852,0.09867525100708008,2.190828323364258
0,56,0.5484036143260107,0.0571654831774942,0.1105952262878418,2.190828323364258
0,57,0.54847526673686,0.05556368804560563,0.03259992599487305,2.190828323364258
0,58,0.5512846723990841,0.05172811237514907,0.12216734886169434,2.190828323364258
0,59,0.5513615939936978,0.05187381741284247,0.03665304183959961,2.190828323364258
0,60,0.5543115708554476,0.05106672575476273,0.10655593872070312,2.190828323364258
0,61,0.5547808949338733,0.04916001570761325,0.04707908630371094,2.190828323364258
0,62,0.5548417578978517,0.047367058882935686,0.03214216232299805,2.190828323364258
0,63,0.5596105319128257,0.04537725259071823,0.15994477272033691,2.190828323364258
0,64,0.5600916437987493,0.04670318305828469,0.04715251922607422,2.190828323364258
0,65,0.5601867978265833,0.048090776447534456,0.04016852378845215,2.190828323364258
0,66,0.5645910393158758,0.04691672625732224,0.14832425117492676,2.190828323364258
0,67,0.5648656482499177,0.04861493449226195,0.040802001953125,2.190828323364258
0,68,0.5649363496429627,0.05016280998425282,0.03147482872009277,2.190828323364258
0,69,0.5704190251556231,0.049356310878540866,0.18313145637512207,2.190828323364258
0,70,0.5705752891074553,0.04919188748111536,0.03447723388671875,2.190828323364258
0,71,0.5715492385128969,0.048179195231535854,0.06772708892822266,2.190828323364258
0,72,0.5716946395690907,0.04654805334140055,0.039882659912109375,2.190828323364258
0,73,0.5769797271827306,0.043152874496410476,0.19230294227600098,2.190828323364258
0,74,0.577307417886849,0.042554779943478005,0.03950953483581543,2.190828323364258
0,75,0.5777237082106382,0.04369701484409583,0.042432308197021484,2.190828323364258
0,76,0.5793444153203123,0.046049504004952446,0.0712740421295166,2.190828323364258
0,77,0.5822490272005378,0.04397289053441478,0.13682866096496582,2.190828323364258
0,78,0.5824717869288365,0.04445664472827382,0.04512286186218262,2.190828323364258
0,79,0.5825560556822283,0.04437268298152641,0.033133506774902344,2.190828323364258
0,80,0.5882755269773436,0.042709741678287616,0.20522594451904297,2.190828323364258
0,81,0.5653156898927737,0.08000000000000007,0.29776644706726074,2.190828323364258
0,82,0.5634899051908069,0.07046732605654105,0.33448362350463867,2.190828323364258
0,83,0.5635014253839387,0.07699999999999996,0.20962882041931152,2.190828323364258
0,84,0.5648364308884847,0.041987153572725866,0.1332716941833496,2.190828323364258
0,85,0.5654535302529637,0.04363978193876905,0.09387373924255371,2.190828323364258
0,86,0.5658246734533989,0.04235505111290949,0.0839388370513916,2.190828323364258
0,87,0.567825060425075,0.0428290312818671,0.11461400985717773,2.190828323364258
0,88,0.5682765323609809,0.040816403137052704,0.07218503952026367,2.190828323364258
0,89,0.5714641122569575,0.038703719367110756,0.17167997360229492,2.190828323364258
0,90,0.5717070468190395,0.03796735784512595,0.04574728012084961,2.190828323364258
0,91,0.5719631125731488,0.03877468363959902,0.049555301666259766,2.190828323364258
0,92,0.5738629719448303,0.038644428344022486,0.13648319244384766,2.190828323364258
0,93,0.5762480946716325,0.0366333931229299,0.1277451515197754,2.190828323364258
0,94,0.576795399652559,0.03847476230197289,0.058683156967163086,2.190828323364258
0,95,0.5782780679844578,0.039784273253055225,0.10736703872680664,2.190828323364258
0,96,0.5802724408694824,0.0385766019917716,0.1321873664855957,2.190828323364258
0,97,0.5810673780029143,0.038982082856482636,0.07033324241638184,2.190828323364258
0,98,0.5831912595757333,0.038446496040777156,0.17077064514160156,2.190828323364258
0,99,0.5843215859823014,0.03785133008645386,0.09910154342651367,2.190828323364258
0,100,0.5853690751336287,0.05150000000000002,0.08983421325683594,2.190828323364258
0,101,0.5867495180853739,0.049058634354438045,0.1089928150177002,2.190828323364258
0,102,0.5882947846255544,0.03588181977479521,0.12894940376281738,2.190828323364258
0,103,0.5896838557977631,0.03588589027811917,0.11354780197143555,2.190828323364258
0,104,0.5905323889641533,0.03606399467880739,0.07527565956115723,2.190828323364258
0,105,0.5929656108283611,0.03453533516252205,0.22451114654541016,2.190828323364258
0,106,0.5931540023876094,0.04250000000000001,0.04932141304016113,2.190828323364258
0,107,0.5954733542987523,0.04100000000000001,0.17870616912841797,2.190828323364258
0,108,0.5958438020458818,0.03950000000000001,0.07642436027526855,2.190828323364258
0,109,0.5981343835646871,0.031086086163904958,0.2018113136291504,2.190828323364258
0,110,0.5984575953469666,0.03326697660012401,0.056900739669799805,2.190828323364258
0,111,0.6007504747616466,0.03385726767036534,0.21132111549377441,2.190828323364258
0,112,0.601330033680341,0.0335,0.08868598937988281,2.190828323364258
0,113,0.6033948723118894,0.03200000000000003,0.21304607391357422,2.190828323364258
0,114,0.6041738715414275,0.030500000000000083,0.11079120635986328,2.190828323364258
0,115,0.6060531866579779,0.029000000000000026,0.21010780334472656,2.190828323364258
0,116,0.6069551067336258,0.02750000000000008,0.12857508659362793,2.190828323364258
0,117,0.6087102918809779,0.026000000000000023,0.2292633056640625,2.190828323364258
0,118,0.6095976868892926,0.024500000000000077,0.10943031311035156,2.190828323364258
0,119,0.6113746192048489,0.02300000000000002,0.20935463905334473,2.190828323364258
0,120,0.6123424243960551,0.021500000000000075,0.11428642272949219,2.190828323364258
0,121,0.5633399602891292,0.020000000000000073,0.557030200958252,2.190828323364258
0,122,0.5618857080294294,0.020000000000000018,0.3419840335845947,2.190828323364258
0,123,0.5615568238021889,0.020000000000000018,0.19813227653503418,2.190828323364258
0,124,0.5610921787218324,0.020000000000000018,0.26340699195861816,2.190828323364258
0,125,0.5608725210064056,0.020000000000000018,0.09342455863952637,2.190828323364258
0,126,0.5608035517380109,0.020000000000000018,0.09195733070373535,2.190828323364258
0,127,0.5606386392449386,0.020000000000000018,0.07802987098693848,2.190828323364258
0,128,0.5604852885664049,0.020000000000000018,0.08636689186096191,2.190828323364258
0,129,0.5603296936847098,0.020000000000000018,0.07490158081054688,2.190828323364258
0,130,0.5601624009448841,0.020000000000000018,0.07535171508789062,2.190828323364258
0,131,0.5600489956270209,0.020000000000000018,0.06177377700805664,2.190828323364258
0,132,0.5597956020607899,0.020000000000000018,0.10877251625061035,2.190828323364258
0,133,0.5597402015654764,0.020000000000000018,0.05262899398803711,2.190828323364258
0,134,0.559532737734913,0.020000000000000018,0.08516883850097656,2.190828323364258
0,135,0.5594524239374297,0.020000000000000018,0.05751681327819824,2.190828323364258
0,136,0.5593093314769381,0.020000000000000018,0.07343792915344238,2.190828323364258
0,137,0.5591315983256118,0.020000000000000018,0.08752083778381348,2.190828323364258
0,138,0.5590669381270503,0.020000000000000018,0.05276322364807129,2.190828323364258
0,139,0.5588865324118101,0.020000000000000018,0.0959479808807373,2.190828323364258
0,140,0.5588683314841485,0.020000000000000018,0.04104185104370117,2.190828323364258
0,141,0.558751781604554,0.020000000000000018,0.060071706771850586,2.190828323364258
0,142,0.5586867348736465,0.020000000000000018,0.05252408981323242,2.190828323364258
0,143,0.5586071478067364,0.020000000000000018,0.11988019943237305,2.190828323364258
0,144,0.5584322707303055,0.020000000000000018,0.08803296089172363,2.190828323364258
0,145,0.5583930901070953,0.020000000000000018,0.048835039138793945,2.190828323364258
0,146,0.5583109024453745,0.020000000000000018,0.05992007255554199,2.190828323364258
0,147,0.5583029657865074,0.020000000000000018,0.0406949520111084,2.190828323364258
0,148,0.5580911352877234,0.020000000000000018,0.1188042163848877,2.190828323364258
0,149,0.5580837221224189,0.020000000000000018,0.04320240020751953,2.190828323364258
0,150,0.5580088224144921,0.020000000000000018,0.05722379684448242,2.190828323364258
0,1,0.448886869863412,0.20000000000000007,0.7489104270935059,2.184495449066162
0,2,0.42790785236300954,0.1985,0.17668485641479492,2.190828323364258
0,3,0.42388051059892196,0.197,0.0923771858215332,2.190828323364258
0,4,0.42274915365737764,0.13108275313284734,0.07027077674865723,2.190828323364258
0,5,0.422097491941387,0.08512430434825469,0.06557130813598633,2.190828323364258
0,6,0.42211899322005136,0.09278476595729723,0.035256385803222656,2.190828323364258
0,7,0.42202562320948733,0.11214779830137678,0.05241751670837402,2.190828323364258
0,8,0.42204872035223495,0.06625237181131893,0.030938148498535156,2.190828323364258
0,9,0.42225215688364925,0.07590456535578305,0.06455326080322266,2.190828323364258
0,10,0.4223084692850562,0.04778538732016724,0.03092813491821289,2.190828323364258
0,11,0.4224033091859507,0.05094670327964912,0.03149580955505371,2.190828323364258
0,12,0.42275985321984,0.047503112129607006,0.03650474548339844,2.190828323364258
0,13,0.4230413428388503,0.050668915278323845,0.03438878059387207,2.190828323364258
0,14,0.4242820809515564,0.053218056932444524,0.05547356605529785,2.190828323364258
0,15,0.4262856967218287,0.04932592093199395,0.05765223503112793,2.190828323364258
0,16,0.42633751460078584,0.04697444721636346,0.027496337890625,2.190828323364258
0,17,0.4264459555295905,0.05098794989812028,0.029598474502563477,2.190828323364258
0,18,0.4267906209762742,0.03455681824363854,0.03568410873413086,2.190828323364258
0,19,0.42703943204372086,0.037763118417762365,0.03532123565673828,2.190828323364258
0,20,0.43000873966463415,0.0411483294806797,0.062447309494018555,2.190828323364258
0,21,0.43004401979293694,0.03771051453748542,0.027245759963989258,2.190828323364258
0,22,0.4340495202700595,0.03259927254141093,0.09947609901428223,2.190828323364258
0,23,0.4340775860400434,0.033282983513818865,0.02577352523803711,2.190828323364258
0,24,0.4369233514590253,0.03081552175753266,0.07471704483032227,2.190828323364258
0,25,0.4369407740300104,0.030259094072155546,0.025200843811035156,2.190828323364258
0,26,0.4374425609731557,0.024787343966432673,0.04326033592224121,2.190828323364258
0,27,0.4374930347407311,0.028979676897301743,0.028446435928344727,2.190828323364258
0,28,0.43754526694824686,0.033573156826759654,0.027186870574951172,2.190828323364258
0,29,0.4379253954663286,0.0360771993511152,0.04096651077270508,2.190828323364258
0,30,0.4414679134687128,0.038921812960026614,0.09817957878112793,2.190828323364258
0,31,0.44157361847379195,0.03970434411382456,0.031681060791015625,2.190828323364258
0,32,0.4416176790865935,0.040876051992550955,0.02748894691467285,2.190828323364258
0,33,0.4454785183615188,0.03832621162109673,0.09866976737976074,2.190828323364258
0,34,0.4454930215110182,0.04467154387602079,0.026188135147094727,2.190828323364258
0,35,0.4462325446445635,0.047429525725713906,0.0501554012298584,2.190828323364258
0,36,0.4462525865629262,0.05244051063554578,0.02596902847290039,2.190828323364258
0,37,0.44657140968617887,0.053061734669252125,0.040044307708740234,2.190828323364258
0,38,0.44658940487524923,0.056024540683851765,0.024382829666137695,2.190828323364258
0,39,0.45000937488327697,0.05615257773452992,0.09644103050231934,2.190828323364258
0,40,0.45319205706969723,0.05181442609190762,0.09752035140991211,2.190828323364258
0,41,0.45152922099025017,0.12416517623193946,0.08238005638122559,2.190828323364258
0,42,0.45122685412264874,0.08867470644675901,0.16146421432495117,2.190828323364258
0,43,0.4503326921027406,0.07607176418520678,0.09684443473815918,2.190828323364258
0,44,0.4513652337956606,0.05756405338158965,0.06180405616760254,2.190828323364258
0,45,0.451137125589477,0.057044844081068025,0.04597020149230957,2.190828323364258
0,46,0.4513553627752995,0.05417280161818838,0.03661370277404785,2.190828323364258
0,47,0.45146042090981087,0.04878807902323201,0.02993154525756836,2.190828323364258
0,48,0.4514805277065078,0.03704311042700592,0.02393198013305664,2.190828323364258
0,49,0.4541045181373522,0.03753029420230847,0.09436893463134766,2.190828323364258
0,50,0.454215384388725,0.04322569746395588,0.03790640830993652,2.190828323364258
0,51,0.45423718763299553,0.04796901309943802,0.029035568237304688,2.190828323364258
0,52,0.45553460482281505,0.050106461726249885,0.07169747352600098,2.190828323364258
0,53,0.45556613141790087,0.05195001358656981,0.028432846069335938,2.190828323364258
0,54,0.45771749407109913,0.047906182096073224,0.08675909042358398,2.190828323364258
0,55,0.4577940736862745,0.049412680644018825,0.02907276153564453,2.190828323364258
0,56,0.4578481964673489,0.04992774062594296,0.0279083251953125,2.190828323364258
0,57,0.46033430700494715,0.04955690764746867,0.0901951789855957,2.190828323364258
0,58,0.4625832911890706,0.04765148435381067,0.07596468925476074,2.190828323364258
0,59,0.46260141492745066,0.04611515398777971,0.026880264282226562,2.190828323364258
0,60,0.462908466308544,0.043110171914519546,0.04276847839355469,2.190828323364258
0,61,0.46292487094199464,0.04327202217879189,0.026182174682617188,2.190828323364258
0,62,0.4646673040979401,0.041986034884819556,0.09062552452087402,2.190828323364258
0,63,0.464687118650872,0.04387702616885847,0.027325868606567383,2.190828323364258
0,64,0.4674198463705158,0.04421314930776277,0.11293530464172363,2.190828323364258
0,65,0.4674546817086803,0.04597845067497486,0.026044368743896484,2.190828323364258
0,66,0.46781100608949905,0.045729886533740216,0.0384669303894043,2.190828323364258
0,67,0.4678626908758381,0.04701567362038528,0.02829265594482422,2.190828323364258
0,68,0.47007876975994267,0.04551553937071118,0.0930788516998291,2.190828323364258
0,69,0.4701392989234817,0.04494091129406608,0.03338432312011719,2.190828323364258
0,70,0.47015660310480967,0.04444726763569684,0.027831315994262695,2.190828323364258
0,71,0.4738828393281076,0.04160824106341077,0.14845037460327148,2.190828323364258
0,72,0.47393650279449756,0.03955756742552141,0.03013300895690918,2.190828323364258
0,73,0.4741733727321924,0.03966294022307071,0.038277626037597656,2.190828323364258
0,74,0.47419991589620336,0.04127984382174599,0.027617692947387695,2.190828323364258
0,75,0.4767942836583408,0.04067601948081201,0.12371373176574707,2.190828323364258
0,76,0.47685294696409103,0.04229581650034808,0.032451629638671875,2.190828323364258
0,77,0.4780663823419702,0.043505953415389875,0.07295036315917969,2.190828323364258
0,78,0.4783195498338313,0.04339107874393522,0.047888755798339844,2.190828323364258
0,79,0.4783558067543391,0.043998340603581765,0.03110671043395996,2.190828323364258
0,80,0.481624109443874,0.04176948352722759,0.17023944854736328,2.190828323364258
0,81,0.4629451789522826,0.08000000000000007,0.27889561653137207,2.190828323364258
0,82,0.4623240730285568,0.07259635239723772,0.26173925399780273,2.190828323364258
0,83,0.4617781408917508,0.07699999999999996,0.15242242813110352,2.190828323364258
0,84,0.4628798090333568,0.07550000000000001,0.10584640502929688,2.190828323364258
0,85,0.46267907424637816,0.07399999999999995,0.0923008918762207,2.190828323364258
0,86,0.4633302172139926,0.07250000000000001,0.07672715187072754,2.190828323364258
0,87,0.46336712031775484,0.050850666403598144,0.06903839111328125,2.190828323364258
0,88,0.4638878123478877,0.05034279903020367,0.05867648124694824,2.190828323364258
0,89,0.46568699665189817,0.050203802696317856,0.10688376426696777,2.190828323364258
0,90,0.46586125409328993,0.0505022583073631,0.043746232986450195,2.190828323364258
0,91,0.46592713630364,0.05087320786632288,0.03433585166931152,2.190828323364258
0,92,0.46594824186054484,0.05136402171899601,0.027513980865478516,2.190828323364258
0,93,0.46884070760811425,0.030643676111225537,0.1628577709197998,2.190828323364258
0,94,0.46896705816558953,0.03103853780765431,0.03712058067321777,2.190828323364258
0,95,0.468990763090402,0.030774543540080024,0.02683854103088379,2.190828323364258
0,96,0.46984205835503035,0.03048105191003414,0.07768130302429199,2.190828323364258
0,97,0.4698834357531555,0.030387232559580646,0.031139135360717773,2.190828323364258
0,98,0.4710935089954882,0.0300572281270578,0.10102176666259766,2.190828323364258
0,99,0.47262546166625086,0.025880649767284103,0.10691332817077637,2.190828323364258
0,100,0.47280527651602533,0.02444967678271126,0.04396462440490723,2.190828323364258
0,101,0.4728364677404847,0.025360010509712705,0.029694080352783203,2.190828323364258
0,102,0.4742713090431733,0.025553324730515192,0.10581612586975098,2.190828323364258
0,103,0.47456311675898766,0.026371736350920716,0.05944323539733887,2.190828323364258
0,104,0.47463205615018844,0.027031761411315136,0.04223155975341797,2.190828323364258
0,105,0.47582830660469033,0.027021577290205823,0.10723090171813965,2.190828323364258
0,106,0.4773085317409148,0.0268640340499946,0.11499881744384766,2.190828323364258
0,107,0.4777590303792875,0.027271772146630346,0.0663900375366211,2.190828323364258
0,108,0.4778039038911232,0.02802990424934515,0.03282451629638672,2.190828323364258
0,109,0.4794037276017814,0.02791822467219074,0.14066028594970703,2.190828323364258
0,110,0.4801161560515588,0.027676767633269872,0.09498906135559082,2.190828323364258
0,111,0.4805367186091102,0.027526044866058808,0.0649871826171875,2.190828323364258
0,112,0.4815538865489537,0.027237435321409764,0.11364603042602539,2.190828323364258
0,113,0.4816617226632187,0.027444331496527585,0.043734073638916016,2.190828323364258
0,114,0.48308019752379117,0.02706365506206221,0.13314437866210938,2.190828323364258
0,115,0.483192959032547,0.026986070428877018,0.044352054595947266,2.190828323364258
0,116,0.4845301818945179,0.026998165207686387,0.160630464553833,2.190828323364258
0,117,0.48463417063147163,0.026000000000000023,0.04488086700439453,2.190828323364258
0,118,0.48568282342182223,0.024500000000000077,0.15990161895751953,2.190828323364258
0,119,0.486270781642272,0.02300000000000002,0.10714221000671387,2.190828323364258
0,120,0.4869324193673851,0.021500000000000075,0.1263132095336914,2.190828323364258
0,121,0.456975227859282,0.020000000000000073,0.4882218837738037,2.190828323364258
0,122,0.4565190477774836,0.020000000000000073,0.27008533477783203,2.190828323364258
0,123,0.4563931183286808,0.020000000000000018,0.11285567283630371,2.190828323364258
0,124,0.45650352195433674,0.020000000000000018,0.08635568618774414,2.190828323364258
0,125,0.4564094165501409,0.020000000000000018,0.06110382080078125,2.190828323364258
0,126,0.4564725773580587,0.020000000000000018,0.05885767936706543,2.190828323364258
0,127,0.4563971807684482,0.020000000000000018,0.07209229469299316,2.190828323364258
0,128,0.4564170444504745,0.020000000000000018,0.043241024017333984,2.190828323364258
0,129,0.45639923741025806,0.020000000000000018,0.04783987998962402,2.190828323364258
0,130,0.45640158151611687,0.020000000000000018,0.03572344779968262,2.190828323364258
0,131,0.4563662957102015,0.020000000000000018,0.05650472640991211,2.190828323364258
0,132,0.4563691074275893,0.020000000000000018,0.03126382827758789,2.190828323364258
0,133,0.4563500525101295,0.020000000000000018,0.05033230781555176,2.190828323364258
0,134,0.4563515687393892,0.020000000000000018,0.03103327751159668,2.190828323364258
0,135,0.4563390364951226,0.020000000000000018,0.038596153259277344,2.190828323364258
0,136,0.45633880145056993,0.020000000000000018,0.030198335647583008,2.190828323364258
0,137,0.45626034648613356,0.020000000000000018,0.06027507781982422,2.190828323364258
0,138,0.4562444236215246,0.020000000000000018,0.04429054260253906,2.190828323364258
0,139,0.45624481544389817,0.020000000000000018,0.03169965744018555,2.190828323364258
0,140,0.4562453938877818,0.020000000000000018,0.02751326560974121,2.190828323364258
0,141,0.4562408752695083,0.020000000000000018,0.0313875675201416,2.190828323364258
0,142,0.45624047847411364,0.020000000000000018,0.027813434600830078,2.190828323364258
0,143,0.4562023895294215,0.020000000000000018,0.049407005310058594,2.190828323364258
0,144,0.4562032107947553,0.020000000000000018,0.025221586227416992,2.190828323364258
0,145,0.4562033948438129,0.020000000000000018,0.02688145637512207,2.190828323364258
0,146,0.4562022766909041,0.020000000000000018,0.028139591217041016,2.190828323364258
0,147,0.45620245983229946,0.020000000000000018,0.022428035736083984,2.190828323364258
0,148,0.4561584000069562,0.020000000000000018,0.04745793342590332,2.190828323364258
0,149,0.45615864756875013,0.01636898041933732,0.023392677307128906,2.190828323364258
0,150,0.4561582756214384,0.016114757428531523,0.025190114974975586,2.190828323364258
0,1,0.4045478749849546,0.20000000000000007,0.5803537368774414,2.184495449066162
0,2,0.39023645693563375,0.1985,0.15351080894470215,2.190828323364258
0,3,0.3889839752199177,0.197,0.07531452178955078,2.190828323364258
0,4,0.38771137862164284,0.1955,0.08867979049682617,2.190828323364258
0,5,0.38759726533942906,0.08930219815535922,0.04417824745178223,2.190828323364258
0,6,0.38730818170780423,0.08257519025538784,0.04750537872314453,2.190828323364258
0,7,0.3873078106247182,0.07518159206141328,0.029313325881958008,2.190828323364258
0,8,0.38722872258425395,0.07869185293375558,0.038828372955322266,2.190828323364258
0,9,0.38723567190424013,0.05737382957371728,0.02591538429260254,2.190828323364258
0,10,0.38713105544099213,0.06541752232662756,0.04552435874938965,2.190828323364258
0,11,0.38714060077907664,0.05283958708648573,0.024866104125976562,2.190828323364258
0,12,0.3871967882626046,0.05762679643996127,0.04655003547668457,2.190828323364258
0,13,0.3872350739613333,0.052204464110191084,0.026723623275756836,2.190828323364258
0,14,0.3872555350518305,0.051162554564307294,0.031553030014038086,2.190828323364258
0,15,0.38726827968051414,0.043223059541817155,0.029155254364013672,2.190828323364258
0,16,0.38797769945751465,0.04949778626331647,0.057913780212402344,2.190828323364258
0,17,0.38799120124609754,0.05039449940408669,0.027066707611083984,2.190828323364258
0,18,0.3880118879414627,0.052758528391691595,0.024811506271362305,2.190828323364258
0,19,0.3880569396354401,0.04237518426089326,0.02626824378967285,2.190828323364258
0,20,0.38805995461779563,0.03834390668829979,0.024269580841064453,2.190828323364258
0,21,0.3895949354073316,0.041357672315184946,0.07851409912109375,2.190828323364258
0,22,0.3896063983150925,0.027462211175613427,0.0306241512298584,2.190828323364258
0,23,0.3896185580904047,0.02663576442428861,0.025877714157104492,2.190828323364258
0,24,0.3906476242755055,0.02871679509572156,0.056479692459106445,2.190828323364258
0,25,0.3907022370028961,0.028034063595630654,0.029147863388061523,2.190828323364258
0,26,0.3907164975172446,0.02487171094110696,0.02544713020324707,2.190828323364258
0,27,0.39075867271283454,0.024433010508363884,0.029932498931884766,2.190828323364258
0,28,0.3907622533557735,0.03011410535832404,0.02445507049560547,2.190828323364258
0,29,0.392337412691796,0.029131180332457096,0.06386637687683105,2.190828323364258
0,30,0.3923464587701758,0.031551868874773126,0.025828123092651367,2.190828323364258
0,31,0.3923627982928747,0.032811042070708396,0.028369903564453125,2.190828323364258
0,32,0.39239527042980116,0.033640056966895204,0.025388717651367188,2.190828323364258
0,33,0.39241987112405025,0.03618133258797018,0.028944969177246094,2.190828323364258
0,34,0.3944007727192165,0.03256854042086377,0.06124997138977051,2.190828323364258
0,35,0.39446002519876666,0.036296594525764725,0.031622886657714844,2.190828323364258
0,36,0.39446631640957736,0.040875422106830595,0.024462461471557617,2.190828323364258
0,37,0.3944796794590879,0.04250374361446185,0.026354551315307617,2.190828323364258
0,38,0.39450073811661435,0.04545339228833778,0.025808095932006836,2.190828323364258
0,39,0.39455808020067584,0.04525590025334969,0.03481626510620117,2.190828323364258
0,40,0.39701685186862057,0.043202158650301636,0.08136248588562012,2.190828323364258
0,41,0.39584135069361776,0.13835655600142072,0.07706904411315918,2.190828323364258
0,42,0.39556082420750616,0.07635835666776081,0.10792088508605957,2.190828323364258
0,43,0.39564183046449153,0.07029471117427488,0.0443730354309082,2.190828323364258
0,44,0.3956608201678338,0.06887640307794907,0.029885292053222656,2.190828323364258
0,45,0.3956642755739214,0.06972238048151758,0.02453303337097168,2.190828323364258
0,46,0.39567190657596235,0.06800310144472221,0.028774023056030273,2.190828323364258
0,47,0.3956829800322652,0.04681103693134847,0.025023460388183594,2.190828323364258
0,48,0.39584015943145145,0.03798581774777132,0.034607648849487305,2.190828323364258
0,49,0.3958990934685309,0.03620041561457488,0.032140493392944336,2.190828323364258
0,50,0.3959075520394247,0.03584087379735579,0.02386307716369629,2.190828323364258
0,51,0.39591521550030556,0.035666316351396166,0.023419618606567383,2.190828323364258
0,52,0.39596181801777364,0.027846626602018032,0.027513980865478516,2.190828323364258
0,53,0.3959644215386998,0.027619967249305044,0.022486448287963867,2.190828323364258
0,54,0.3973438434505325,0.026430066257955964,0.06358981132507324,2.190828323364258
0,55,0.39736761518958025,0.02748242319503058,0.024634599685668945,2.190828323364258
0,56,0.39996169601160697,0.02563740680147597,0.10248947143554688,2.190828323364258
0,57,0.3999660424451654,0.027802831535494343,0.024182796478271484,2.190828323364258
0,58,0.40002171436347633,0.029715289773429965,0.030842065811157227,2.190828323364258
0,59,0.4000360973359624,0.03150451684598321,0.025109529495239258,2.190828323364258
0,60,0.40004297707866654,0.03341237134317876,0.023786067962646484,2.190828323364258
0,61,0.4001397539672079,0.03274077049555535,0.033495426177978516,2.190828323364258
0,62,0.4001427281046186,0.034229679042518946,0.023761272430419922,2.190828323364258
0,63,0.4022827670104808,0.032786287255315405,0.11058616638183594,2.190828323364258
0,64,0.40229878313632506,0.03246227312116179,0.029004812240600586,2.190828323364258
0,65,0.4023212706236079,0.03213230424317254,0.028764963150024414,2.190828323364258
0,66,0.40337117399571787,0.029989997370304222,0.06326746940612793,2.190828323364258
0,67,0.4033764577626879,0.030102489548103406,0.030187129974365234,2.190828323364258
0,68,0.4034324034270411,0.029926588046280234,0.04430699348449707,2.190828323364258
0,69,0.4035059353493916,0.028467291912976422,0.04268479347229004,2.190828323364258
0,70,0.40351016152442476,0.02832548915768851,0.030524730682373047,2.190828323364258
0,71,0.40462842401149823,0.026934954023417057,0.08194589614868164,2.190828323364258
0,72,0.4046493807003406,0.027743066655615878,0.032027244567871094,2.190828323364258
0,73,0.40465167448781003,0.030455678697801858,0.02666497230529785,2.190828323364258
0,74,0.4066602727443157,0.027408562027027905,0.11961722373962402,2.190828323364258
0,75,0.4066670334791478,0.02918786665432682,0.026345491409301758,2.190828323364258
0,76,0.40667744506519926,0.030031396830693224,0.026451587677001953,2.190828323364258
0,77,0.40671309294707164,0.030494144424897063,0.03188610076904297,2.190828323364258
0,78,0.4081455865750254,0.029834194742292874,0.08367395401000977,2.190828323364258
0,79,0.40821886360227133,0.02943929677311219,0.036672353744506836,2.190828323364258
0,80,0.40823619990913373,0.029409803760900632,0.028619766235351562,2.190828323364258
0,81,0.40091788985123156,0.08000000000000007,0.20865750312805176,2.190828323364258
0,82,0.40093058889797223,0.07850000000000001,0.09335446357727051,2.190828323364258
0,83,0.4008952795610624,0.07488345935025931,0.06354308128356934,2.190828323364258
0,84,0.4010519121532031,0.07025849637883452,0.052258968353271484,2.190828323364258
0,85,0.4010516218987862,0.06412184510783969,0.04668927192687988,2.190828323364258
0,86,0.40110308939420614,0.06160840271261936,0.04056549072265625,2.190828323364258
0,87,0.4011583403646145,0.061615591149442595,0.0379185676574707,2.190828323364258
0,88,0.40118332239610954,0.05984056494476986,0.03403329849243164,2.190828323364258
0,89,0.4012205353057689,0.0435581829053131,0.03223419189453125,2.190828323364258
0,90,0.401249172824672,0.04205060356771528,0.030774354934692383,2.190828323364258
0,91,0.4024310295506137,0.04119406132754788,0.08278894424438477,2.190828323364258
0,92,0.4024379588913795,0.040529389340979494,0.026642322540283203,2.190828323364258
0,93,0.40246100142914054,0.04018914447238653,0.02721238136291504,2.190828323364258
0,94,0.4025050146859458,0.024604306553396738,0.03232693672180176,2.190828323364258
0,95,0.4025637541600412,0.02394887084376518,0.032585859298706055,2.190828323364258
0,96,0.40257314574771164,0.023159163921882775,0.025606870651245117,2.190828323364258
0,97,0.40258413713627766,0.022527592168649302,0.024246692657470703,2.190828323364258
0,98,0.4044171304417645,0.023354527949805304,0.09992480278015137,2.190828323364258
0,99,0.4044228098545616,0.022274392899222173,0.026627063751220703,2.190828323364258
0,100,0.4044565432504977,0.021440085521796215,0.03223228454589844,2.190828323364258
0,101,0.4044612809421805,0.020488128082683188,0.025786161422729492,2.190828323364258
0,102,0.4060656617318992,0.018619807858998416,0.11758089065551758,2.190828323364258
0,103,0.40608101255160434,0.016991046822701805,0.02961444854736328,2.190828323364258
0,104,0.4061165829099743,0.015989347810957844,0.03277921676635742,2.190828323364258
0,105,0.4061215593814619,0.01554651114925898,0.02473902702331543,2.190828323364258
0,106,0.4071070004523746,0.015752889716133867,0.1329362392425537,2.190828323364258
0,107,0.4071185311424521,0.015173684741217941,0.0310518741607666,2.190828323364258
0,108,0.40715566680887383,0.014945969290902417,0.03616976737976074,2.190828323364258
0,109,0.40716395903655456,0.014489295155841742,0.027310848236083984,2.190828323364258
0,110,0.4083045509001262,0.013989734518298436,0.14016294479370117,2.190828323364258
0,111,0.4083191611973904,0.0135523688960274,0.032132625579833984,2.190828323364258
0,112,0.4083441913268781,0.013397651608598404,0.03448939323425293,2.190828323364258
0,113,0.4088879511143775,0.013360508621730438,0.09602594375610352,2.190828323364258
0,114,0.40943208437262857,0.012848946238507963,0.08684849739074707,2.190828323364258
0,115,0.40946162015979226,0.012706173873252902,0.03984427452087402,2.190828323364258
0,116,0.4095193638267698,0.01302066163343052,0.0444025993347168,2.190828323364258
0,117,0.4095320636590001,0.013106041287139769,0.03204655647277832,2.190828323364258
0,118,0.4107347905365981,0.012264263508102502,0.19245576858520508,2.190828323364258
0,119,0.41076805943416905,0.012438573025521094,0.039737701416015625,2.190828323364258
0,120,0.4110652647538162,0.012381979700115786,0.0861978530883789,2.190828323364258
0,121,0.39847430828245933,0.020000000000000018,0.4296989440917969,2.190828323364258
0,122,0.3985466192313417,0.020000000000000046,0.14899420738220215,2.190828323364258
0,123,0.3984273260111305,0.020000000000000046,0.07646942138671875,2.190828323364258
0,124,0.3985359168320696,0.020000000000000018,0.07550048828125,2.190828323364258
0,125,0.3984111364325099,0.020000000000000018,0.06749367713928223,2.190828323364258
0,126,0.3985095892664752,0.020000000000000018,0.07239317893981934,2.190828323364258
0,127,0.3983877108758781,0.020000000000000073,0.06841564178466797,2.190828323364258
0,128,0.3984779801618031,0.020000000000000018,0.06716060638427734,2.190828323364258
0,129,0.3983725762563116,0.020000000000000018,0.06160235404968262,2.190828323364258
0,130,0.3984421762472836,0.020000000000000018,0.06385374069213867,2.190828323364258
0,131,0.39837802383198384,0.020000000000000018,0.06089472770690918,2.190828323364258
0,132,0.398402140154781,0.020000000000000018,0.05178046226501465,2.190828323364258
0,133,0.3983856360154572,0.020000000000000018,0.0484163761138916,2.190828323364258
0,134,0.39838644711296545,0.020000000000000018,0.04744839668273926,2.190828323364258
0,135,0.3983877457403765,0.020000000000000018,0.03592991828918457,2.190828323364258
0,136,0.398383489034535,0.020000000000000018,0.03749537467956543,2.190828323364258
0,137,0.39836028244329214,0.020000000000000073,0.04493093490600586,2.190828323364258
0,138,0.3983642512901511,0.020000000000000073,0.03859424591064453,2.190828323364258
0,139,0.398364982597174,0.020000000000000018,0.02925562858581543,2.190828323364258
0,140,0.3983648538733736,0.020000000000000018,0.028931379318237305,2.190828323364258
0,141,0.3983655205191315,0.020000000000000018,0.027479171752929688,2.190828323364258
0,142,0.398364545523128,0.020000000000000018,0.03183317184448242,2.190828323364258
0,143,0.39836029760866176,0.020000000000000018,0.04775214195251465,2.190828323364258
0,144,0.398360659213199,0.020000000000000018,0.024556875228881836,2.190828323364258
0,145,0.3981630690425973,0.020000000000000018,0.07820343971252441,2.190828323364258
0,146,0.39816389278398384,0.020000000000000073,0.02517414093017578,2.190828323364258
0,147,0.3981640000820412,0.020000000000000018,0.023613452911376953,2.190828323364258
0,148,0.3981651706709917,0.020000000000000018,0.029758930206298828,2.190828323364258
0,149,0.3981652899458601,0.020000000000000018,0.0233762264251709,2.190828323364258
0,150,0.3981684630602622,0.020000000000000018,0.03451085090637207,2.190828323364258
0,1,0.40371319920840565,0.20000000000000007,0.47278714179992676,2.184495449066162
0,2,0.38787169486222006,0.1985,0.19348859786987305,2.190828323364258
0,3,0.3867372826651069,0.197,0.0905458927154541,2.190828323364258
0,4,0.38594464710160803,0.1955,0.08294892311096191,2.190828323364258
0,5,0.3853514399935306,0.09744387929039422,0.0693964958190918,2.190828323364258
0,6,0.38533973651508147,0.08053321147181958,0.03334379196166992,2.190828323364258
0,7,0.38522655476098333,0.08080194977347577,0.04388833045959473,2.190828323364258
0,8,0.3852303293110175,0.06342815935750734,0.02949380874633789,2.190828323364258
0,9,0.3852343999855627,0.058428521020967183,0.029228925704956055,2.190828323364258
0,10,0.38520429017078567,0.056375719273098035,0.03515458106994629,2.190828323364258
0,11,0.38518186558550416,0.059167386535059596,0.03521418571472168,2.190828323364258
0,12,0.3851926867466463,0.052519660248206534,0.024202823638916016,2.190828323364258
0,13,0.38521563860349906,0.04540680052157997,0.028062820434570312,2.190828323364258
0,14,0.38521994714585067,0.0456194435863303,0.023945093154907227,2.190828323364258
0,15,0.3863770529186149,0.05485437425561546,0.08054494857788086,2.190828323364258
0,16,0.3863878307520023,0.05285410201632845,0.02425217628479004,2.190828323364258
0,17,0.3864199792827394,0.05336723735414406,0.028403759002685547,2.190828323364258
0,18,0.3864233756944415,0.04757945426495391,0.024399757385253906,2.190828323364258
0,19,0.3866078773846501,0.038154630265081035,0.035715579986572266,2.190828323364258
0,20,0.3866169017622806,0.027556864705981066,0.025159120559692383,2.190828323364258
0,21,0.38664881403369644,0.027617382502742593,0.027835845947265625,2.190828323364258
0,22,0.3866817069552462,0.028311646521619327,0.02458667755126953,2.190828323364258
0,23,0.38685084081265886,0.030935772655966365,0.041133880615234375,2.190828323364258
0,24,0.3881678394074809,0.031021993852562546,0.05471181869506836,2.190828323364258
0,25,0.38818255732946305,0.033948837826403566,0.02436542510986328,2.190828323364258
0,26,0.38819157157994905,0.034588215424617874,0.02430868148803711,2.190828323364258
0,27,0.3897760109259768,0.025683281019366122,0.05550742149353027,2.190828323364258
0,28,0.389804862713015,0.025187260446015047,0.028866291046142578,2.190828323364258
0,29,0.3898195322409046,0.0280740985492004,0.025027036666870117,2.190828323364258
0,30,0.3899018176543155,0.028776528079414776,0.027652978897094727,2.190828323364258
0,31,0.38998522508166134,0.029838026659906536,0.028737783432006836,2.190828323364258
0,32,0.389994890224869,0.03305435185206029,0.025564193725585938,2.190828323364258
0,33,0.39019425980397693,0.0339996648420533,0.034264564514160156,2.190828323364258
0,34,0.39027292526796187,0.033971141410580386,0.040212392807006836,2.190828323364258
0,35,0.39027811033285054,0.03615067941464839,0.02649521827697754,2.190828323364258
0,36,0.3921373752932844,0.03363606680024617,0.06086015701293945,2.190828323364258
0,37,0.39214497767372325,0.03592678567375296,0.027692556381225586,2.190828323364258
0,38,0.39412000888806964,0.0348916748448147,0.06641316413879395,2.190828323364258
0,39,0.3941331509192714,0.037941044444164795,0.026682138442993164,2.190828323364258
0,40,0.39413775348010577,0.04193361641457549,0.026867389678955078,2.190828323364258
0,41,0.39347913303707516,0.1386065300186432,0.06499576568603516,2.190828323364258
0,42,0.3930655232235527,0.07962231944658049,0.09399557113647461,2.190828323364258
0,43,0.39312630047346064,0.07938999453643025,0.046488046646118164,2.190828323364258
0,44,0.3931349281875254,0.0770595724689842,0.03259897232055664,2.190828323364258
0,45,0.3931374407490107,0.0555758508003763,0.02601933479309082,2.190828323364258
0,46,0.39314259836417415,0.0486558651600254,0.02571868896484375,2.190828323364258
0,47,0.39315697744159217,0.04495286905753548,0.027719497680664062,2.190828323364258
0,48,0.3931589634947509,0.0454991481002861,0.027105331420898438,2.190828323364258
0,49,0.39335586922279087,0.035016850420997114,0.045688629150390625,2.190828323364258
0,50,0.3933621224643336,0.03210445995049699,0.02851080894470215,2.190828323364258
0,51,0.393384012541502,0.030821344536128947,0.027406930923461914,2.190828323364258
0,52,0.3933990614495963,0.031742190874795795,0.024997949600219727,2.190828323364258
0,53,0.39340401564839944,0.03244582799749163,0.02393937110900879,2.190828323364258
0,54,0.3953550734673099,0.030318051547938762,0.07776021957397461,2.190828323364258
0,55,0.39739022357870124,0.028374820760408426,0.07679343223571777,2.190828323364258
0,56,0.3974220214184209,0.02834259620806201,0.02640223503112793,2.190828323364258
0,57,0.3974298215367732,0.02701184767560394,0.023730039596557617,2.190828323364258
0,58,0.39745071848452995,0.0264828318711523,0.02482748031616211,2.190828323364258
0,59,0.3975346917654604,0.026213183547599328,0.03017425537109375,2.190828323364258
0,60,0.39763551386387086,0.02557376975311304,0.03184008598327637,2.190828323364258
0,61,0.3976422697315415,0.026378724129302755,0.025177717208862305,2.190828323364258
0,62,0.3976553322712132,0.028543664246705513,0.024741411209106445,2.190828323364258
0,63,0.397664434412877,0.03107090038699345,0.02403092384338379,2.190828323364258
0,64,0.39937754872436837,0.030428175044167505,0.07811999320983887,2.190828323364258
0,65,0.40104211727565975,0.027891987725624734,0.07814669609069824,2.190828323364258
0,66,0.40105241634502076,0.029341043466396877,0.02465510368347168,2.190828323364258
0,67,0.40106135557972966,0.031088199847417175,0.02437114715576172,2.190828323364258
0,68,0.40111683394917286,0.032572644912622906,0.031134366989135742,2.190828323364258
0,69,0.40118042537281035,0.03348270035674539,0.03171205520629883,2.190828323364258
0,70,0.4011890336872545,0.03446001073545979,0.027294635772705078,2.190828323364258
0,71,0.40119359894496387,0.0352750276181627,0.02760767936706543,2.190828323364258
0,72,0.40251858374228644,0.032935058149769825,0.08391594886779785,2.190828323364258
0,73,0.40252230881409473,0.03323441919098957,0.02810811996459961,2.190828323364258
0,74,0.40397249937531654,0.02959643368987147,0.08253264427185059,2.190828323364258
0,75,0.40397846466504395,0.029493335915949492,0.024748802185058594,2.190828323364258
0,76,0.4039803936759305,0.02972751982161692,0.022927284240722656,2.190828323364258
0,77,0.4040554117246578,0.028829895794430516,0.03473234176635742,2.190828323364258
0,78,0.4040603981643519,0.029293051111096147,0.025171756744384766,2.190828323364258
0,79,0.40411828046781045,0.02898421510170668,0.03369474411010742,2.190828323364258
0,80,0.4041216191944589,0.030726063196069964,0.02423715591430664,2.190828323364258
0,81,0.39849021999824175,0.08000000000000007,0.15568065643310547,2.190828323364258
0,82,0.39851574234507925,0.07850000000000001,0.09596800804138184,2.190828323364258
0,83,0.39850537802352315,0.07700000000000007,0.06337332725524902,2.190828323364258
0,84,0.3985867317147827,0.07464021887018257,0.0507504940032959,2.190828323364258
0,85,0.3986098507866291,0.07399999999999995,0.044130563735961914,2.190828323364258
0,86,0.39864257542804926,0.05898274021257377,0.03949451446533203,2.190828323364258
0,87,0.39869069377377564,0.05657677283644402,0.03764152526855469,2.190828323364258
0,88,0.39871135399540486,0.059083069877675864,0.03433847427368164,2.190828323364258
0,89,0.3987343807548124,0.05018684873633572,0.030148744583129883,2.190828323364258
0,90,0.39918211050089414,0.04843418059612048,0.0523226261138916,2.190828323364258
0,91,0.39959704795851236,0.034868341586657414,0.05070900917053223,2.190828323364258
0,92,0.39961228080658323,0.034739632618639105,0.02693009376525879,2.190828323364258
0,93,0.3996140231098082,0.03483185961733637,0.023247957229614258,2.190828323364258
0,94,0.3996909770075694,0.033993709089378044,0.03562641143798828,2.190828323364258
0,95,0.39969745061109263,0.03383900084783631,0.024423837661743164,2.190828323364258
0,96,0.4009242197325802,0.03668305724617926,0.08141112327575684,2.190828323364258
0,97,0.4009297243807283,0.036370186207594024,0.025134563446044922,2.190828323364258
0,98,0.40095810211861077,0.03290177963105989,0.029703140258789062,2.190828323364258
0,99,0.40096290595984974,0.022495498967536887,0.024477720260620117,2.190828323364258
0,100,0.4010832184130029,0.022476164743768234,0.04110312461853027,2.190828323364258
0,101,0.4010898265338423,0.021777268153013063,0.026111841201782227,2.190828323364258
0,102,0.40211134857745146,0.020249412364594988,0.09590506553649902,2.190828323364258
0,103,0.40315652032840293,0.01966194100315488,0.09190249443054199,2.190828323364258
0,104,0.4031864337725235,0.019394783935437254,0.0321958065032959,2.190828323364258
0,105,0.403209737852949,0.01897728690023115,0.031110048294067383,2.190828323364258
0,106,0.40349231657367796,0.018231556019865147,0.05438518524169922,2.190828323364258
0,107,0.4037287577632252,0.01802329194282115,0.05348682403564453,2.190828323364258
0,108,0.4042698822723517,0.01722252073384889,0.07110929489135742,2.190828323364258
0,109,0.40431812244244303,0.015548407451692392,0.037439584732055664,2.190828323364258
0,110,0.4043368603946794,0.015087804566366048,0.03296184539794922,2.190828323364258
0,111,0.40512875084603817,0.014948854033945524,0.09535479545593262,2.190828323364258
0,112,0.4057773883226282,0.013869237254788835,0.09647417068481445,2.190828323364258
0,113,0.4058138882971385,0.013744764071660587,0.03831982612609863,2.190828323364258
0,114,0.40583587319543435,0.013338111715200829,0.03414630889892578,2.190828323364258
0,115,0.40663125084678536,0.013179088123210891,0.13203692436218262,2.190828323364258
0,116,0.4066485187595624,0.01264073192250148,0.034234046936035156,2.190828323364258
0,117,0.407020521659504,0.012704854864591386,0.08722710609436035,2.190828323364258
0,118,0.4070322560332835,0.012242833183496615,0.03079962730407715,2.190828323364258
0,119,0.4075938000208297,0.011793552849700628,0.11600875854492188,2.190828323364258
0,120,0.4078815099906151,0.011721704248816245,0.07274627685546875,2.190828323364258
0,121,0.3961045524977983,0.020000000000000073,0.41777539253234863,2.190828323364258
0,122,0.39622110314931613,0.020000000000000073,0.1269853115081787,2.190828323364258
0,123,0.39609258256616736,0.020000000000000018,0.07661008834838867,2.190828323364258
0,124,0.39620435388527797,0.020000000000000018,0.07547807693481445,2.190828323364258
0,125,0.3960709764215916,0.020000000000000046,0.06775522232055664,2.190828323364258
0,126,0.3961811352278324,0.020000000000000018,0.07291460037231445,2.190828323364258
0,127,0.39604718144927686,0.020000000000000018,0.06642460823059082,2.190828323364258
0,128,0.39615175138269043,0.020000000000000018,0.06809782981872559,2.190828323364258
0,129,0.39602815617851556,0.020000000000000018,0.0640401840209961,2.190828323364258
0,130,0.3961227938073247,0.020000000000000073,0.06494688987731934,2.190828323364258
0,131,0.3960134452944214,0.020000000000000018,0.05848097801208496,2.190828323364258
0,132,0.3960929582248546,0.020000000000000046,0.05648446083068848,2.190828323364258
0,133,0.39601664238969536,0.020000000000000018,0.05146479606628418,2.190828323364258
0,134,0.39605942573079794,0.020000000000000046,0.04967141151428223,2.190828323364258
0,135,0.3960274757860697,0.020000000000000018,0.04908037185668945,2.190828323364258
0,136,0.3960418527374576,0.020000000000000018,0.04767346382141113,2.190828323364258
0,137,0.3960296755363689,0.020000000000000018,0.044347286224365234,2.190828323364258
0,138,0.3960291116671212,0.020000000000000018,0.033574581146240234,2.190828323364258
0,139,0.3960317531878126,0.020000000000000018,0.031533002853393555,2.190828323364258
0,140,0.3960311016291844,0.020000000000000018,0.03134965896606445,2.190828323364258
0,141,0.3960327293786883,0.020000000000000018,0.03974771499633789,2.190828323364258
0,142,0.39603279185572415,0.020000000000000018,0.03804755210876465,2.190828323364258
0,143,0.3960332562608915,0.020000000000000073,0.024997234344482422,2.190828323364258
0,144,0.3960340726169833,0.020000000000000018,0.024904966354370117,2.190828323364258
0,145,0.3960364215470724,0.020000000000000018,0.030025005340576172,2.190828323364258
0,146,0.3960366515344108,0.020000000000000018,0.024196386337280273,2.190828323364258
0,147,0.3958478218724585,0.020000000000000018,0.08799433708190918,2.190828323364258
0,148,0.39584782286057724,0.020000000000000018,0.024424076080322266,2.190828323364258
0,149,0.3958481404977656,0.020000000000000018,0.023354291915893555,2.190828323364258
0,150,0.3958491420039872,0.020000000000000018,0.027304649353027344,2.190828323364258
0,1,0.500694439143232,0.2,0.6930074691772461,2.184495449066162
0,2,0.47342521920784736,0.1985,0.1814868450164795,2.190828323364258
0,3,0.4666360883151296,0.197,0.11252522468566895,2.190828323364258
0,4,0.4654723441026033,0.10840902310410472,0.0677499771118164,2.190828323364258
0,5,0.46490941640019534,0.12862552118547566,0.06392168998718262,2.190828323364258
0,6,0.46500867458018913,0.10712552330679759,0.03857588768005371,2.190828323364258
0,7,0.4654825016073333,0.08644884366722871,0.07590031623840332,2.190828323364258
0,8,0.4656015603377364,0.08046500180046057,0.03229260444641113,2.190828323364258
0,9,0.46593751688046237,0.09277212916635735,0.038417816162109375,2.190828323364258
0,10,0.4660486657489745,0.061257148156800056,0.02946329116821289,2.190828323364258
0,11,0.4715065078691927,0.06136428146045669,0.1053154468536377,2.190828323364258
0,12,0.47182067423012625,0.04847236639743391,0.03713846206665039,2.190828323364258
0,13,0.47188143766893187,0.04698853628170696,0.027197837829589844,2.190828323364258
0,14,0.479545771761542,0.0528742510394985,0.1266160011291504,2.190828323364258
0,15,0.47965519314365485,0.056048977834217806,0.02845478057861328,2.190828323364258
0,16,0.48012426403218245,0.04324436173084423,0.03933548927307129,2.190828323364258
0,17,0.48018488784683444,0.04512166351342228,0.02630901336669922,2.190828323364258
0,18,0.48672183324755014,0.045876495362401015,0.1453227996826172,2.190828323364258
0,19,0.48709049171663854,0.04564164701684248,0.03929400444030762,2.190828323364258
0,20,0.48717277644325474,0.03876582050627375,0.027104616165161133,2.190828323364258
0,21,0.48811545744271223,0.0383599150053624,0.04221010208129883,2.190828323364258
0,22,0.4882237579319386,0.03704148054229961,0.031206369400024414,2.190828323364258
0,23,0.49186997072294886,0.036034067684876936,0.08410048484802246,2.190828323364258
0,24,0.4964529169333055,0.03613736809697776,0.10989832878112793,2.190828323364258
0,25,0.49671134735652483,0.030820443174790935,0.03585028648376465,2.190828323364258
0,26,0.4970532708972738,0.03363190291058016,0.03177833557128906,2.190828323364258
0,27,0.5004701084544914,0.03436736628511994,0.08582782745361328,2.190828323364258
0,28,0.5026187749999441,0.040604936736363895,0.06315207481384277,2.190828323364258
0,29,0.5026965401840731,0.0461231809938627,0.02899622917175293,2.190828323364258
0,30,0.5059047066449409,0.04813420731022233,0.09231352806091309,2.190828323364258
0,31,0.5060907943849368,0.05130659582442476,0.0349581241607666,2.190828323364258
0,32,0.5100329968063952,0.05056749798162907,0.09018731117248535,2.190828323364258
0,33,0.510867759156419,0.05440442352029651,0.045337677001953125,2.190828323364258
0,34,0.5110683818188972,0.06006285564786806,0.033583641052246094,2.190828323364258
0,35,0.5148141854413073,0.06412566732250957,0.10075521469116211,2.190828323364258
0,36,0.5181791826407995,0.06300728371509023,0.09220004081726074,2.190828323364258
0,37,0.5182398389759516,0.06393314915276438,0.02897930145263672,2.190828323364258
0,38,0.5192543644675554,0.06401491353940403,0.049751996994018555,2.190828323364258
0,39,0.5193697902791121,0.06250873671942647,0.034676313400268555,2.190828323364258
0,40,0.526139894374384,0.06122300033401806,0.16026782989501953,2.190828323364258
0,41,0.5258236192031457,0.11993437277164432,0.16490626335144043,2.190828323364258
0,42,0.528032680308931,0.09244697634840937,0.16486120223999023,2.190828323364258
0,43,0.5280904503663195,0.06962030994304325,0.095611572265625,2.190828323364258
0,44,0.5289039841878171,0.07042937661931425,0.06844282150268555,2.190828323364258
0,45,0.5302256658614355,0.07111922425759798,0.0767357349395752,2.190828323364258
0,46,0.5306388043961072,0.07072534363065935,0.039076805114746094,2.190828323364258
0,47,0.5307294804454474,0.06868214610791107,0.028938770294189453,2.190828323364258
0,48,0.5344089449711303,0.06348047369855087,0.0876011848449707,2.190828323364258
0,49,0.53458986196141,0.06038609398935957,0.03909730911254883,2.190828323364258
0,50,0.5346406318598813,0.05961517818139789,0.027701616287231445,2.190828323364258
0,51,0.5406230362938584,0.05615746559190549,0.1506500244140625,2.190828323364258
0,52,0.5409651245915503,0.05560236527563822,0.03980398178100586,2.190828323364258
0,53,0.5410562956722949,0.058505776325125436,0.03676915168762207,2.190828323364258
0,54,0.5439139631930168,0.059412268757664144,0.10768914222717285,2.190828323364258
0,55,0.5439582482543325,0.05955349243433694,0.0277860164642334,2.190828323364258
0,56,0.5476984865480035,0.05570681825049939,0.12215495109558105,2.190828323364258
0,57,0.5479410952797912,0.05412585617137561,0.03857135772705078,2.190828323364258
0,58,0.5508270229684697,0.052697197105488036,0.09612774848937988,2.190828323364258
0,59,0.5522665949993717,0.05161610382859261,0.0640711784362793,2.190828323364258
0,60,0.5525336859752039,0.05114287570261988,0.041754961013793945,2.190828323364258
0,61,0.5548121655426201,0.049077268941370045,0.08346796035766602,2.190828323364258
0,62,0.5579774896041979,0.046955789874599974,0.1247251033782959,2.190828323364258
0,63,0.5581147823384496,0.04733221670242116,0.03334379196166992,2.190828323364258
0,64,0.5612765495597924,0.0473394854946787,0.11649465560913086,2.190828323364258
0,65,0.5613665697984976,0.04788474142325072,0.03466057777404785,2.190828323364258
0,66,0.563504975021152,0.04826580080934029,0.07506990432739258,2.190828323364258
0,67,0.5653893858604089,0.04861534640971432,0.09375786781311035,2.190828323364258
0,68,0.5655164325441873,0.05061573257875274,0.03919577598571777,2.190828323364258
0,69,0.5683452347690036,0.050490995338273725,0.11227035522460938,2.190828323364258
0,70,0.5714565187299955,0.04821548280918808,0.10969877243041992,2.190828323364258
0,71,0.5715450271074696,0.047339211240405854,0.031610727310180664,2.190828323364258
0,72,0.5734857511320812,0.04658501530280157,0.08646440505981445,2.190828323364258
0,73,0.5738211585167423,0.04403469184334663,0.0517275333404541,2.190828323364258
0,74,0.5765793846242065,0.042780144605549464,0.1190941333770752,2.190828323364258
0,75,0.5766785367673928,0.04379408732358525,0.031992197036743164,2.190828323364258
0,76,0.580910143014232,0.04376056842224052,0.14523577690124512,2.190828323364258
0,77,0.5812506755448841,0.0441011878938935,0.041783809661865234,2.190828323364258
0,78,0.583126964434199,0.04398195225727575,0.06695199012756348,2.190828323364258
0,79,0.5849365186350473,0.04451495001251554,0.07481145858764648,2.190828323364258
0,80,0.5850463723080397,0.043839668150383815,0.03407907485961914,2.190828323364258
0,81,0.5656684943999373,0.08000000000000007,0.2353672981262207,2.190828323364258
0,82,0.563496979603609,0.07133724419413445,0.30512309074401855,2.190828323364258
0,83,0.5634619880802006,0.07699999999999996,0.18160367012023926,2.190828323364258
0,84,0.5648856358213997,0.051811533197500426,0.14159107208251953,2.190828323364258
0,85,0.5654224270390986,0.043570204226157094,0.09819507598876953,2.190828323364258
0,86,0.5658644741263039,0.04213234424812751,0.08512735366821289,2.190828323364258
0,87,0.5677775633674078,0.0425505938300339,0.11445403099060059,2.190828323364258
0,88,0.5681969976623882,0.04056684628273399,0.06889605522155762,2.190828323364258
0,89,0.5712526485000072,0.03858574767572853,0.14487123489379883,2.190828323364258
0,90,0.5714889067456502,0.038694931663374676,0.044081926345825195,2.190828323364258
0,91,0.5728623157075144,0.03821136557699423,0.09449076652526855,2.190828323364258
0,92,0.5748981793896728,0.03765825758400754,0.12143492698669434,2.190828323364258
0,93,0.5762019871278885,0.03741758847835719,0.08963251113891602,2.190828323364258
0,94,0.5769725732676856,0.03943385676209532,0.0620114803314209,2.190828323364258
0,95,0.5785195488263231,0.03903964526027337,0.10894370079040527,2.190828323364258
0,96,0.5786213808583862,0.039872973592334326,0.03637552261352539,2.190828323364258
0,97,0.5821543589515508,0.0381883903254282,0.1825249195098877,2.190828323364258
0,98,0.5824102812030214,0.03847274089406988,0.041959285736083984,2.190828323364258
0,99,0.5844094139875469,0.03791673883519292,0.12466025352478027,2.190828323364258
0,100,0.5846379717747581,0.05150000000000002,0.0477447509765625,2.190828323364258
0,101,0.5875421713245685,0.04348151097605988,0.18802404403686523,2.190828323364258
0,102,0.5877926327278487,0.03615967449627666,0.04477882385253906,2.190828323364258
0,103,0.5897570168807981,0.03607173667760677,0.13428616523742676,2.190828323364258
0,104,0.5910164400454484,0.035642794505864106,0.10726428031921387,2.190828323364258
0,105,0.5923246264930697,0.04400000000000001,0.10413599014282227,2.190828323364258
0,106,0.5933431104493296,0.04250000000000001,0.0861968994140625,2.190828323364258
0,107,0.5955259070317431,0.04100000000000001,0.1771245002746582,2.190828323364258
0,108,0.5957606201762067,0.03690225363068864,0.045226097106933594,2.190828323364258
0,109,0.5977712013141478,0.03186401693662533,0.1546633243560791,2.190828323364258
0,110,0.5989416873596454,0.033191743560062825,0.1110227108001709,2.190828323364258
0,111,0.6002515226645396,0.03408992819189727,0.12804770469665527,2.190828323364258
0,112,0.6017868849266648,0.0335,0.14664626121520996,2.190828323364258
0,113,0.6030985871783416,0.03200000000000003,0.1432819366455078,2.190828323364258
0,114,0.6044341582488268,0.030500000000000083,0.14074134826660156,2.190828323364258
0,115,0.6057431512238969,0.029000000000000026,0.14034271240234375,2.190828323364258
0,116,0.6073895150428559,0.02750000000000008,0.18639850616455078,2.190828323364258
0,117,0.6084943127075286,0.026000000000000023,0.14805364608764648,2.190828323364258
0,118,0.6100689015820256,0.024500000000000077,0.19028043746948242,2.190828323364258
0,119,0.6112028622381398,0.02300000000000002,0.13908123970031738,2.190828323364258
0,120,0.6127170816512828,0.021500000000000075,0.21128559112548828,2.190828323364258
0,121,0.5633196523725633,0.020000000000000073,0.5277702808380127,2.190828323364258
0,122,0.5618682482446304,0.020000000000000018,0.32581496238708496,2.190828323364258
0,123,0.5615397585144821,0.020000000000000018,0.18386149406433105,2.190828323364258
0,124,0.5610731007541032,0.020000000000000018,0.2249298095703125,2.190828323364258
0,125,0.5608539829966419,0.020000000000000018,0.07660841941833496,2.190828323364258
0,126,0.560781186900176,0.020000000000000018,0.09186363220214844,2.190828323364258
0,127,0.5606426452785336,0.020000000000000018,0.06671786308288574,2.190828323364258
0,128,0.5604606435249091,0.020000000000000018,0.08420944213867188,2.190828323364258
0,129,0.560335187033904,0.020000000000000018,0.06194353103637695,2.190828323364258
0,130,0.5601281890583849,0.020000000000000018,0.08781671524047852,2.190828323364258
0,131,0.5599840892673826,0.020000000000000018,0.07496833801269531,2.190828323364258
0,132,0.5598229838969873,0.020000000000000018,0.07841610908508301,2.190828323364258
0,133,0.5597270892462418,0.020000000000000018,0.06134605407714844,2.190828323364258
0,134,0.55949230725116,0.020000000000000018,0.10735821723937988,2.190828323364258
0,135,0.5594383980430881,0.020000000000000018,0.04882955551147461,2.190828323364258
0,136,0.5592420845846104,0.020000000000000018,0.08099198341369629,2.190828323364258
0,137,0.5592203656901757,0.020000000000000018,0.04158806800842285,2.190828323364258
0,138,0.5590050864755353,0.020000000000000018,0.0958871841430664,2.190828323364258
0,139,0.5588848962621022,0.020000000000000018,0.07228708267211914,2.190828323364258
0,140,0.5588215827466317,0.020000000000000018,0.048880815505981445,2.190828323364258
0,141,0.5587814057272942,0.020000000000000018,0.04152536392211914,2.190828323364258
0,142,0.5585712733097611,0.020000000000000018,0.09328007698059082,2.190828323364258
0,143,0.5585606425213465,0.020000000000000018,0.03837728500366211,2.190828323364258
0,144,0.5583798210015043,0.020000000000000018,0.0902256965637207,2.190828323364258
0,145,0.5583297766819892,0.020000000000000018,0.04806709289550781,2.190828323364258
0,146,0.5582908026551139,0.020000000000000018,0.043578147888183594,2.190828323364258
0,147,0.5581287816692635,0.020000000000000018,0.08166885375976562,2.190828323364258
0,148,0.5580621262430823,0.020000000000000018,0.04776167869567871,2.190828323364258
0,149,0.558022391295031,0.020000000000000018,0.042334794998168945,2.190828323364258
0,150,0.5580179893569204,0.020000000000000018,0.11027336120605469,2.190828323364258
0,1,0.4488983134637433,0.20000000000000007,0.45862245559692383,2.184495449066162
0,2,0.4279188165402027,0.1985,0.16708612442016602,2.190828323364258
0,3,0.4238931208938316,0.197,0.09266185760498047,2.190828323364258
0,4,0.422785246069856,0.13100096242094017,0.06662130355834961,2.190828323364258
0,5,0.42206701045377076,0.0851010392975704,0.06524515151977539,2.190828323364258
0,6,0.4220949621324229,0.09291284384740106,0.03484320640563965,2.190828323364258
0,7,0.42207089302732814,0.11119384811923683,0.04887056350708008,2.190828323364258
0,8,0.42208850319939556,0.06580166718612523,0.030267953872680664,2.190828323364258
0,9,0.42219631425252013,0.07647149329522462,0.06145334243774414,2.190828323364258
0,10,0.42225395864699933,0.048217610304731595,0.02927088737487793,2.190828323364258
0,11,0.422350728750677,0.051180588216049094,0.02925872802734375,2.190828323364258
0,12,0.4223681817634874,0.0455941738554021,0.025628328323364258,2.190828323364258
0,13,0.42390268872096387,0.052910035179668746,0.07456803321838379,2.190828323364258
0,14,0.423952649657488,0.053513149921963654,0.02791452407836914,2.190828323364258
0,15,0.42398711214753093,0.049376658450596134,0.027469396591186523,2.190828323364258
0,16,0.42652228213738597,0.04899368598056031,0.06331372261047363,2.190828323364258
0,17,0.4265442232132962,0.05038322293684594,0.02513408660888672,2.190828323364258
0,18,0.42920222458780033,0.040045273501627676,0.06596112251281738,2.190828323364258
0,19,0.4292260614648252,0.040171138688007924,0.02496957778930664,2.190828323364258
0,20,0.4319439180417265,0.03841601132507011,0.06370782852172852,2.190828323364258
0,21,0.4319505376604953,0.03455853734462477,0.0236666202545166,2.190828323364258
0,22,0.43229456935218036,0.029995359614485073,0.04137897491455078,2.190828323364258
0,23,0.43230827341172257,0.031233004804778752,0.024875402450561523,2.190828323364258
0,24,0.4344768402163981,0.029283201328019315,0.08560299873352051,2.190828323364258
0,25,0.4344960345332459,0.0305173260661753,0.025779247283935547,2.190828323364258
0,26,0.4388972836330537,0.027650136365711564,0.10093927383422852,2.190828323364258
0,27,0.4389188380812899,0.027011103211148413,0.025658369064331055,2.190828323364258
0,28,0.4391982913647387,0.03138818346849925,0.03383207321166992,2.190828323364258
0,29,0.43921657081918786,0.03730680653359353,0.024744272232055664,2.190828323364258
0,30,0.44157856539391016,0.03646823241997066,0.08130645751953125,2.190828323364258
0,31,0.44159885813782646,0.03997770183515309,0.025439023971557617,2.190828323364258
0,32,0.4417139891245079,0.0396495690046742,0.03101968765258789,2.190828323364258
0,33,0.4417264875897089,0.045513952132254176,0.025782108306884766,2.190828323364258
0,34,0.4478194859435328,0.04066087744039337,0.15890812873840332,2.190828323364258
0,35,0.44785270410775674,0.04586072954620901,0.029778480529785156,2.190828323364258
0,36,0.4478671371823474,0.051561732772322455,0.026278018951416016,2.190828323364258
0,37,0.4482878701483653,0.05430122086312317,0.04190540313720703,2.190828323364258
0,38,0.44833246840611674,0.0557851463398823,0.026981353759765625,2.190828323364258
0,39,0.450043857533844,0.057061856664542,0.0723426342010498,2.190828323364258
0,40,0.4515845148739976,0.05229672674690905,0.06481218338012695,2.190828323364258
0,41,0.4503977098441845,0.12394728392260634,0.07756686210632324,2.190828323364258
0,42,0.45098694064745426,0.08871490232908497,0.14087939262390137,2.190828323364258
0,43,0.45004700421808375,0.07583015144601846,0.09653711318969727,2.190828323364258
0,44,0.45104486053312076,0.05622767015414343,0.06214308738708496,2.190828323364258
0,45,0.4508379518682324,0.05558528219863634,0.046751976013183594,2.190828323364258
0,46,0.4510063284952459,0.052818927792819714,0.03665590286254883,2.190828323364258
0,47,0.45107348011052784,0.05109723459115101,0.02696704864501953,2.190828323364258
0,48,0.45191392238460903,0.03712518284421451,0.04909372329711914,2.190828323364258
0,49,0.4519641927079502,0.03766525510822294,0.027894258499145508,2.190828323364258
0,50,0.4537800421808113,0.043139999405161444,0.06744956970214844,2.190828323364258
0,51,0.4537965446216141,0.04821555026874924,0.027937650680541992,2.190828323364258
0,52,0.45555745437892015,0.04772450489058322,0.06588554382324219,2.190828323364258
0,53,0.45557874816887556,0.05027782618338206,0.025789260864257812,2.190828323364258
0,54,0.45789952086722785,0.05072420695322022,0.07837772369384766,2.190828323364258
0,55,0.4579655368686465,0.05042897093568921,0.03126406669616699,2.190828323364258
0,56,0.45797885140926464,0.05109688684053637,0.026330232620239258,2.190828323364258
0,57,0.46100856658170564,0.04609459702246593,0.11701297760009766,2.190828323364258
0,58,0.461109592526239,0.04564704477202508,0.04626655578613281,2.190828323364258
0,59,0.46112681515960585,0.04493029337644738,0.027171611785888672,2.190828323364258
0,60,0.46368972218687277,0.04285050149294012,0.09596109390258789,2.190828323364258
0,61,0.4637500824033452,0.04247549547781959,0.030272483825683594,2.190828323364258
0,62,0.4657444398524857,0.04214394694552226,0.09244585037231445,2.190828323364258
0,63,0.4659438398264629,0.04330962381319414,0.03380250930786133,2.190828323364258
0,64,0.46597836291370376,0.04473488402506287,0.0268707275390625,2.190828323364258
0,65,0.4678217727619808,0.04519866470822065,0.0872030258178711,2.190828323364258
0,66,0.46785943766316673,0.04638843572126827,0.029114723205566406,2.190828323364258
0,67,0.4697658609103956,0.04587161086440006,0.08643269538879395,2.190828323364258
0,68,0.4697864781474663,0.046344365248983777,0.02723550796508789,2.190828323364258
0,69,0.4714585125754565,0.045522903532117964,0.0865936279296875,2.190828323364258
0,70,0.4714947552557477,0.04446809502914273,0.027708053588867188,2.190828323364258
0,71,0.4733004534349704,0.040986977317678586,0.08611083030700684,2.190828323364258
0,72,0.4733208630633814,0.03938326230647998,0.027863740921020508,2.190828323364258
0,73,0.4746023371422282,0.040198471252209544,0.07196950912475586,2.190828323364258
0,74,0.4747194792099174,0.04127452095491124,0.03652691841125488,2.190828323364258
0,75,0.4750056076017374,0.04231209754313414,0.0479886531829834,2.190828323364258
0,76,0.47694812655063185,0.04246459638433908,0.09260702133178711,2.190828323364258
0,77,0.47869731487845824,0.04335502595039675,0.08582448959350586,2.190828323364258
0,78,0.47886289749538724,0.04308265270933531,0.03966569900512695,2.190828323364258
0,79,0.4789031765967006,0.043694130671136366,0.028527021408081055,2.190828323364258
0,80,0.48070968478644216,0.04178384898690635,0.10675168037414551,2.190828323364258
0,81,0.46293193636770513,0.08000000000000007,0.26772069931030273,2.190828323364258
0,82,0.4623586502588347,0.07160493203372476,0.2577495574951172,2.190828323364258
0,83,0.4617774448104294,0.07700000000000007,0.15651512145996094,2.190828323364258
0,84,0.46290501516368276,0.07448236614710246,0.1022486686706543,2.190828323364258
0,85,0.46267873103375484,0.07399999999999995,0.09013772010803223,2.190828323364258
0,86,0.46334925140920313,0.07250000000000001,0.07605719566345215,2.190828323364258
0,87,0.46337021843218973,0.05084251896048941,0.06713342666625977,2.190828323364258
0,88,0.4638993832670335,0.050369765571826486,0.07219719886779785,2.190828323364258
0,89,0.4656724405251477,0.05029518136411004,0.10876631736755371,2.190828323364258
0,90,0.46586944275741504,0.05061273160245838,0.043958425521850586,2.190828323364258
0,91,0.46592310887812605,0.0507845699697389,0.03334498405456543,2.190828323364258
0,92,0.4659394279712601,0.05151720869053822,0.027123212814331055,2.190828323364258
0,93,0.4688309786595086,0.030351073622507108,0.16379165649414062,2.190828323364258
0,94,0.468975909771323,0.03087156374373856,0.039704322814941406,2.190828323364258
0,95,0.46900206514681336,0.030611203438057788,0.029424190521240234,2.190828323364258
0,96,0.4698543973940693,0.030374415945707556,0.07732963562011719,2.190828323364258
0,97,0.46990217127440626,0.0303039378503297,0.03424882888793945,2.190828323364258
0,98,0.4710925885820198,0.02989967687801187,0.096160888671875,2.190828323364258
0,99,0.4726216015996511,0.029929194344054832,0.10449767112731934,2.190828323364258
0,100,0.4727964278197241,0.024389026977849837,0.04791712760925293,2.190828323364258
0,101,0.4728381681806185,0.02531844628706892,0.03232240676879883,2.190828323364258
0,102,0.47426993335907774,0.025547380723032975,0.10757327079772949,2.190828323364258
0,103,0.47444607644130277,0.0265170013499485,0.04895448684692383,2.190828323364258
0,104,0.4744765214943348,0.02760622340541974,0.03190326690673828,2.190828323364258
0,105,0.4757882469851224,0.027126753065072506,0.10959649085998535,2.190828323364258
0,106,0.4773000941434209,0.02669210356211038,0.11690592765808105,2.190828323364258
0,107,0.4777084729541411,0.027205881158082645,0.062073469161987305,2.190828323364258
0,108,0.4781636869528224,0.02789078335548767,0.06641864776611328,2.190828323364258
0,109,0.4782096608001192,0.028221000949698816,0.03497886657714844,2.190828323364258
0,110,0.48034806972805544,0.027194846476371715,0.19804143905639648,2.190828323364258
0,111,0.480472497512031,0.027294320892974455,0.04356026649475098,2.190828323364258
0,112,0.48125286536389755,0.027231501326581475,0.09261655807495117,2.190828323364258
0,113,0.4819158406519576,0.027294058227855467,0.0970308780670166,2.190828323364258
0,114,0.48275878776820197,0.026981936642449744,0.10348796844482422,2.190828323364258
0,115,0.48357741175066915,0.02677035945436479,0.10977602005004883,2.190828323364258
0,116,0.4836684095229903,0.027385288127510066,0.04246068000793457,2.190828323364258
0,117,0.485157141504971,0.026000000000000023,0.1848316192626953,2.190828323364258
0,118,0.4852941719500215,0.024500000000000077,0.046339988708496094,2.190828323364258
0,119,0.48633516354445094,0.02300000000000002,0.15009164810180664,2.190828323364258
0,120,0.4870059429782523,0.021500000000000075,0.12415862083435059,2.190828323364258
0,121,0.4569716441552868,0.020000000000000073,0.48203420639038086,2.190828323364258
0,122,0.45651229768799273,0.020000000000000018,0.2715303897857666,2.190828323364258
0,123,0.4563888096111276,0.020000000000000018,0.11442708969116211,2.190828323364258
0,124,0.45649942856499637,0.020000000000000018,0.08304977416992188,2.190828323364258
0,125,0.4564063394256622,0.020000000000000018,0.06344103813171387,2.190828323364258
0,126,0.45646875150206667,0.020000000000000018,0.05960226058959961,2.190828323364258
0,127,0.4563937235703145,0.020000000000000018,0.07071590423583984,2.190828323364258
0,128,0.45641348570564433,0.020000000000000073,0.04348254203796387,2.190828323364258
0,129,0.456402301961363,0.020000000000000018,0.04789137840270996,2.190828323364258
0,130,0.4564030013289393,0.020000000000000018,0.043837785720825195,2.190828323364258
0,131,0.4563333927151002,0.020000000000000018,0.08050894737243652,2.190828323364258
0,132,0.4563383923444184,0.020000000000000018,0.03270864486694336,2.190828323364258
0,133,0.4563379375091296,0.020000000000000018,0.0321345329284668,2.190828323364258
0,134,0.4563341357598173,0.020000000000000018,0.03171062469482422,2.190828323364258
0,135,0.4563245942847729,0.020000000000000018,0.03798937797546387,2.190828323364258
0,136,0.4563092729467612,0.020000000000000018,0.0430140495300293,2.190828323364258
0,137,0.4563045815535788,0.020000000000000018,0.03386521339416504,2.190828323364258
0,138,0.45630548502195034,0.020000000000000018,0.026561498641967773,2.190828323364258
0,139,0.4562259411067018,0.020000000000000018,0.06810593605041504,2.190828323364258
0,140,0.45622711201133087,0.020000000000000018,0.0345156192779541,2.190828323364258
0,141,0.4562030428704091,0.020000000000000018,0.05336761474609375,2.190828323364258
0,142,0.4562037769281807,0.020000000000000018,0.02988147735595703,2.190828323364258
0,143,0.4562006986301151,0.020000000000000018,0.03029775619506836,2.190828323364258
0,144,0.45620032572409186,0.020000000000000018,0.026913166046142578,2.190828323364258
0,145,0.456199497920575,0.020000000000000018,0.026897668838500977,2.190828323364258
0,146,0.45618411229502176,0.020000000000000018,0.03928327560424805,2.190828323364258
0,147,0.4561842575018267,0.020000000000000018,0.026216983795166016,2.190828323364258
0,148,0.4561844606874354,0.020000000000000018,0.02510833740234375,2.190828323364258
0,149,0.4561845588850508,0.016480084399464023,0.02757740020751953,2.190828323364258
0,150,0.4561562839464633,0.016035634834703716,0.042055368423461914,2.190828323364258
0,1,0.404552051227676,0.20000000000000007,0.39796996116638184,2.184495449066162
0,2,0.39020589107695924,0.1985,0.15560054779052734,2.190828323364258
0,3,0.388969948140128,0.197,0.07866144180297852,2.190828323364258
0,4,0.38770998631872566,0.1955,0.08850979804992676,2.190828323364258
0,5,0.3876020669471391,0.08935197833899533,0.04566788673400879,2.190828323364258
0,6,0.3872926369527767,0.08282670931849068,0.050153493881225586,2.190828323364258
0,7,0.3872934217888521,0.075269027518586,0.031070709228515625,2.190828323364258
0,8,0.38720660838910703,0.07850885803048013,0.038982391357421875,2.190828323364258
0,9,0.387158070917021,0.06689643621593033,0.03710031509399414,2.190828323364258
0,10,0.3871703224326889,0.05860352423618487,0.02709817886352539,2.190828323364258
0,11,0.38718862609765514,0.04582763787954647,0.026508569717407227,2.190828323364258
0,12,0.3872057420182594,0.04710329632619925,0.025709867477416992,2.190828323364258
0,13,0.38768556141353083,0.0501188291291258,0.05403447151184082,2.190828323364258
0,14,0.3878098333794062,0.05889023582955366,0.0378878116607666,2.190828323364258
0,15,0.3878262216285566,0.046709753083638894,0.02652597427368164,2.190828323364258
0,16,0.38782859003837966,0.04659350878455282,0.02358412742614746,2.190828323364258
0,17,0.3878855145238227,0.05108802000317292,0.028577327728271484,2.190828323364258
0,18,0.3878912182050977,0.04975841278108495,0.02496337890625,2.190828323364258
0,19,0.38897372011930453,0.04774002697799762,0.05657625198364258,2.190828323364258
0,20,0.38898222807089355,0.04253767954151011,0.02366185188293457,2.190828323364258
0,21,0.3890033422216257,0.04331578913039602,0.024534225463867188,2.190828323364258
0,22,0.38902492622267215,0.028116796432338775,0.023635387420654297,2.190828323364258
0,23,0.3903799604970142,0.02821141861516363,0.05391669273376465,2.190828323364258
0,24,0.3904890424546191,0.02765162058805337,0.03077840805053711,2.190828323364258
0,25,0.3904994537175097,0.02377685150151876,0.023905277252197266,2.190828323364258
0,26,0.3905215940953696,0.025443835556108185,0.024182558059692383,2.190828323364258
0,27,0.3907120543000384,0.025802527319931712,0.03155708312988281,2.190828323364258
0,28,0.39080065351201176,0.026425685313573366,0.031074047088623047,2.190828323364258
0,29,0.39081741754553145,0.02931758773605425,0.02720785140991211,2.190828323364258
0,30,0.3908248390022253,0.03299558192053659,0.024172544479370117,2.190828323364258
0,31,0.3925896664047359,0.03011367505020035,0.055744171142578125,2.190828323364258
0,32,0.3925931270518369,0.03274963899265082,0.025528430938720703,2.190828323364258
0,33,0.39445215202809936,0.03024923734783269,0.0656425952911377,2.190828323364258
0,34,0.3944535328771649,0.034888673108232404,0.023307085037231445,2.190828323364258
0,35,0.39455386050960806,0.03424589513403131,0.030219316482543945,2.190828323364258
0,36,0.3945683418024925,0.03878485389020192,0.02526092529296875,2.190828323364258
0,37,0.3945772615695541,0.0429015216572205,0.02341914176940918,2.190828323364258
0,38,0.39466941671094785,0.042869793886650354,0.030609846115112305,2.190828323364258
0,39,0.394673459073301,0.04691010612076785,0.02328205108642578,2.190828323364258
0,40,0.39671552738956484,0.04402215035916368,0.06218361854553223,2.190828323364258
0,41,0.39563422957363026,0.13653885537532795,0.06777667999267578,2.190828323364258
0,42,0.39532437099363144,0.07637702440229577,0.08464312553405762,2.190828323364258
0,43,0.39539739961175835,0.07070142968644955,0.04407644271850586,2.190828323364258
0,44,0.3954093951539661,0.06943068183371659,0.02914881706237793,2.190828323364258
0,45,0.3954131983814277,0.07058822398408193,0.024506807327270508,2.190828323364258
0,46,0.39542000087914375,0.06885153979738501,0.025730371475219727,2.190828323364258
0,47,0.3954372849815975,0.0420212675089604,0.02493739128112793,2.190828323364258
0,48,0.39543915397042384,0.04074606684718185,0.0232388973236084,2.190828323364258
0,49,0.39722298066957873,0.03615205504907343,0.0763692855834961,2.190828323364258
0,50,0.3972278174345193,0.03441851069408097,0.025374412536621094,2.190828323364258
0,51,0.3972507621242502,0.03380639010884379,0.02808523178100586,2.190828323364258
0,52,0.3972525433211122,0.027620055095223583,0.022856473922729492,2.190828323364258
0,53,0.3972835243541336,0.026158918170522794,0.026204586029052734,2.190828323364258
0,54,0.3973529998723926,0.026959982857740483,0.030759334564208984,2.190828323364258
0,55,0.39737146643811505,0.02880789179292964,0.024542570114135742,2.190828323364258
0,56,0.3973771129040566,0.031981821367529695,0.023831844329833984,2.190828323364258
0,57,0.39937272311478744,0.02801898741584863,0.10186576843261719,2.190828323364258
0,58,0.3993757529698289,0.03076143924231689,0.024300813674926758,2.190828323364258
0,59,0.4013814896171617,0.030039083559023627,0.08095932006835938,2.190828323364258
0,60,0.40139809242111296,0.031253139338845326,0.024945735931396484,2.190828323364258
0,61,0.4014197518084447,0.03248301219094829,0.027918577194213867,2.190828323364258
0,62,0.401528692226659,0.032851243027809285,0.03483295440673828,2.190828323364258
0,63,0.40153993992514203,0.03352359081323675,0.024085521697998047,2.190828323364258
0,64,0.40154838188994757,0.03398705035248539,0.025461912155151367,2.190828323364258
0,65,0.4016284384283627,0.03390914227469116,0.0343325138092041,2.190828323364258
0,66,0.4033580020077595,0.03094112111651054,0.08515620231628418,2.190828323364258
0,67,0.4033599829308787,0.031169860781223246,0.026665687561035156,2.190828323364258
0,68,0.40496295142787997,0.02907029984752707,0.08283233642578125,2.190828323364258
0,69,0.40497974799958136,0.028188148337989383,0.025704145431518555,2.190828323364258
0,70,0.40498171858638154,0.027949650437606943,0.023430347442626953,2.190828323364258
0,71,0.4051395382450508,0.02660651143237236,0.041861772537231445,2.190828323364258
0,72,0.40514700327330455,0.028383092892096284,0.02687239646911621,2.190828323364258
0,73,0.4051551560912233,0.0301361785775629,0.02707195281982422,2.190828323364258
0,74,0.4051984495300285,0.029729612403025962,0.03913402557373047,2.190828323364258
0,75,0.40664091022973287,0.028293810831171884,0.08577156066894531,2.190828323364258
0,76,0.4066532591174603,0.02895290672438744,0.03568267822265625,2.190828323364258
0,77,0.4066625244682288,0.029944089810677643,0.02991175651550293,2.190828323364258
0,78,0.40833236663908123,0.02980735706265203,0.10351109504699707,2.190828323364258
0,79,0.40840425400421715,0.02972132238469327,0.03552985191345215,2.190828323364258
0,80,0.4084169877737987,0.030134735691217163,0.027246952056884766,2.190828323364258
0,81,0.4009095496825412,0.08000000000000007,0.21034979820251465,2.190828323364258
0,82,0.4009289223919843,0.07850000000000001,0.09560775756835938,2.190828323364258
0,83,0.40088866680678525,0.07673981422693865,0.062155723571777344,2.190828323364258
0,84,0.4010340826175332,0.07049682058753526,0.05390214920043945,2.190828323364258
0,85,0.4010404120385291,0.062494330122511155,0.04954648017883301,2.190828323364258
0,86,0.4010926362245051,0.06021580302772889,0.04302501678466797,2.190828323364258
0,87,0.4011479851995867,0.06027162692187016,0.0399472713470459,2.190828323364258
0,88,0.40117515523479536,0.0587108891391207,0.03527569770812988,2.190828323364258
0,89,0.4012122347497492,0.04250079740365731,0.029883146286010742,2.190828323364258
0,90,0.4012387897825944,0.04223045825664251,0.03015899658203125,2.190828323364258
0,91,0.40241199812796047,0.04126101783069025,0.08177852630615234,2.190828323364258
0,92,0.40242218326458057,0.040556705285178296,0.027218103408813477,2.190828323364258
0,93,0.402441081737135,0.040169254785286324,0.026091337203979492,2.190828323364258
0,94,0.40246936601834143,0.024589397665754742,0.03027963638305664,2.190828323364258
0,95,0.40253787200477614,0.023987386009792777,0.03351926803588867,2.190828323364258
0,96,0.4025482816751181,0.023266233596926478,0.026190757751464844,2.190828323364258
0,97,0.4041154084237338,0.024198217699783142,0.089691162109375,2.190828323364258
0,98,0.40412273105384294,0.023318370320001724,0.026317119598388672,2.190828323364258
0,99,0.40415238401435527,0.022202145403171114,0.0327000617980957,2.190828323364258
0,100,0.40415646895410595,0.021380152438476796,0.035535573959350586,2.190828323364258
0,101,0.4057184811846969,0.01942119673192133,0.12458109855651855,2.190828323364258
0,102,0.4057284681236102,0.01865374952122778,0.029489755630493164,2.190828323364258
0,103,0.4057717011884561,0.018429553206324667,0.03716087341308594,2.190828323364258
0,104,0.4057779123061812,0.015988254201026342,0.025943279266357422,2.190828323364258
0,105,0.4068407978541682,0.016459569755975623,0.12747645378112793,2.190828323364258
0,106,0.4068511177449621,0.01566610192495399,0.030672311782836914,2.190828323364258
0,107,0.4068909477060454,0.015346072308918601,0.03756546974182129,2.190828323364258
0,108,0.406898369730782,0.014890992283716153,0.028085708618164062,2.190828323364258
0,109,0.4080116926304045,0.014463151171676847,0.13350296020507812,2.190828323364258
0,110,0.40802378281877194,0.013975652103970782,0.02974987030029297,2.190828323364258
0,111,0.40807063653691766,0.014135678562388065,0.03811478614807129,2.190828323364258
0,112,0.4080797304180947,0.013678796338383203,0.028364896774291992,2.190828323364258
0,113,0.4092616328260484,0.013278365238908574,0.15267252922058105,2.190828323364258
0,114,0.4092795716644939,0.012911894459337825,0.03331923484802246,2.190828323364258
0,115,0.4093259265703129,0.01297817232455134,0.045484304428100586,2.190828323364258
0,116,0.4093371485274333,0.013063436601448264,0.029892921447753906,2.190828323364258
0,117,0.4104553761374129,0.012242628514363307,0.17958641052246094,2.190828323364258
0,118,0.41047757647317873,0.01243439099447674,0.03741002082824707,2.190828323364258
0,119,0.41066198461132264,0.012554831419788859,0.07801055908203125,2.190828323364258
0,120,0.4110794225547979,0.012316546204950596,0.10262727737426758,2.190828323364258
0,121,0.3984685337499276,0.020000000000000073,0.4254786968231201,2.190828323364258
0,122,0.3985453460695343,0.020000000000000018,0.15587067604064941,2.190828323364258
0,123,0.3984261361476213,0.020000000000000018,0.0790262222290039,2.190828323364258
0,124,0.39853440899810455,0.020000000000000018,0.07446122169494629,2.190828323364258
0,125,0.39840980508734114,0.020000000000000018,0.06954193115234375,2.190828323364258
0,126,0.39850725551693944,0.020000000000000018,0.0720815658569336,2.190828323364258
0,127,0.39838562671584443,0.020000000000000073,0.06598043441772461,2.190828323364258
0,128,0.39847550609985416,0.020000000000000018,0.06657099723815918,2.190828323364258
0,129,0.3983694444767538,0.020000000000000018,0.05775141716003418,2.190828323364258
0,130,0.3984389361979026,0.020000000000000018,0.05628848075866699,2.190828323364258
0,131,0.39837602782527176,0.020000000000000018,0.04990363121032715,2.190828323364258
0,132,0.39839996188865834,0.020000000000000018,0.04652976989746094,2.190828323364258
0,133,0.39838496208152824,0.020000000000000018,0.04175090789794922,2.190828323364258
0,134,0.3983836821977416,0.020000000000000018,0.04164528846740723,2.190828323364258
0,135,0.3983855788457804,0.020000000000000018,0.03589296340942383,2.190828323364258
0,136,0.39838155654346097,0.020000000000000073,0.03336286544799805,2.190828323364258
0,137,0.39835765514832266,0.020000000000000018,0.05004763603210449,2.190828323364258
0,138,0.39835834067386117,0.020000000000000073,0.027760982513427734,2.190828323364258
0,139,0.39835955350116825,0.020000000000000073,0.02762126922607422,2.190828323364258
0,140,0.3983591386959091,0.020000000000000018,0.0253753662109375,2.190828323364258
0,141,0.39836699591982744,0.020000000000000018,0.037079572677612305,2.190828323364258
0,142,0.39836660741529795,0.020000000000000018,0.030645132064819336,2.190828323364258
0,143,0.39836650288109393,0.020000000000000018,0.02648138999938965,2.190828323364258
0,144,0.3983665676725602,0.020000000000000018,0.023899078369140625,2.190828323364258
0,145,0.3981602125802113,0.020000000000000018,0.09788346290588379,2.190828323364258
0,146,0.39816038627776956,0.020000000000000018,0.025016069412231445,2.190828323364258
0,147,0.39816078443271014,0.020000000000000018,0.024306774139404297,2.190828323364258
0,148,0.39816151777959274,0.020000000000000018,0.026488065719604492,2.190828323364258
0,149,0.39816158915438227,0.020000000000000018,0.022378921508789062,2.190828323364258
0,150,0.3981643781185374,0.020000000000000018,0.036808013916015625,2.190828323364258
0,1,0.4036703796628854,0.20000000000000007,0.5149986743927002,2.184495449066162
0,2,0.3878566716561851,0.1985,0.1856541633605957,2.190828323364258
0,3,0.38673418205563237,0.197,0.08781766891479492,2.190828323364258
0,4,0.3859440764868298,0.1955,0.0842890739440918,2.190828323364258
0,5,0.38534888446198867,0.09749955116860709,0.07206988334655762,2.190828323364258
0,6,0.3853401591015736,0.08055217453973595,0.03517031669616699,2.190828323364258
0,7,0.38522728367601317,0.08078319318553429,0.045731306076049805,2.190828323364258
0,8,0.38522945376575035,0.06363415533391514,0.027823686599731445,2.190828323364258
0,9,0.38523390892592446,0.058467898044210376,0.03201889991760254,2.190828323364258
0,10,0.38520319720168406,0.05647838870100297,0.035274505615234375,2.190828323364258
0,11,0.38518859774098385,0.05867418551045789,0.033814430236816406,2.190828323364258
0,12,0.3851999468171018,0.05204354151702362,0.02456355094909668,2.190828323364258
0,13,0.38522099970063267,0.046935113713047594,0.027539491653442383,2.190828323364258
0,14,0.38523656066984435,0.046755767533253056,0.026427268981933594,2.190828323364258
0,15,0.3854152616431923,0.050589335160113214,0.03708195686340332,2.190828323364258
0,16,0.3862065472471185,0.05196317260932992,0.054706573486328125,2.190828323364258
0,17,0.3862164302883988,0.05251718126097682,0.030065059661865234,2.190828323364258
0,18,0.38623661897606987,0.04543844855446133,0.028853178024291992,2.190828323364258
0,19,0.38625377896619356,0.03752502696638227,0.027311325073242188,2.190828323364258
0,20,0.38732311885555865,0.032891372231963256,0.04971718788146973,2.190828323364258
0,21,0.38743622412043277,0.030769294045582374,0.031929969787597656,2.190828323364258
0,22,0.3874475615101306,0.02772280149152273,0.03596162796020508,2.190828323364258
0,23,0.38747119327871304,0.028636453368599102,0.026548385620117188,2.190828323364258
0,24,0.3874885026720567,0.026516512533357406,0.026930570602416992,2.190828323364258
0,25,0.3875354202917931,0.027418366395019933,0.02727794647216797,2.190828323364258
0,26,0.3889471764091146,0.033038768573279254,0.05776262283325195,2.190828323364258
0,27,0.3889677551588824,0.023694882415923768,0.025791645050048828,2.190828323364258
0,28,0.38897398931972715,0.028691994833635492,0.023295879364013672,2.190828323364258
0,29,0.3905251093049619,0.024766723676542313,0.0626068115234375,2.190828323364258
0,30,0.39052905719883996,0.027281540874454335,0.025849103927612305,2.190828323364258
0,31,0.3905984026757793,0.028725375151927857,0.033144235610961914,2.190828323364258
0,32,0.39061247907304275,0.03141521095279981,0.028805017471313477,2.190828323364258
0,33,0.39061873212054643,0.034426091763410716,0.03081965446472168,2.190828323364258
0,34,0.3906552043159779,0.03375351155740608,0.033556461334228516,2.190828323364258
0,35,0.3906576508592595,0.03628245331984081,0.024746179580688477,2.190828323364258
0,36,0.3925806699579877,0.03186524704544336,0.07664871215820312,2.190828323364258
0,37,0.3925871101800109,0.03215683821267823,0.028011083602905273,2.190828323364258
0,38,0.3925921186991028,0.03657369626436158,0.026795387268066406,2.190828323364258
0,39,0.3926098563066066,0.038988035724305314,0.02816605567932129,2.190828323364258
0,40,0.39262453273643755,0.041994844964047706,0.028807878494262695,2.190828323364258
0,41,0.3922250427286343,0.1349760704315266,0.06737184524536133,2.190828323364258
0,42,0.39231914085709113,0.0799293436171844,0.09270572662353516,2.190828323364258
0,43,0.39245819292384365,0.0798427991526276,0.0524754524230957,2.190828323364258
0,44,0.3924741127975305,0.07709694249842025,0.03578662872314453,2.190828323364258
0,45,0.39247657489480237,0.055409179744725146,0.024683475494384766,2.190828323364258
0,46,0.39248096039925084,0.04800138506679463,0.025408267974853516,2.190828323364258
0,47,0.39249000277796275,0.04566416997314615,0.024782180786132812,2.190828323364258
0,48,0.3937308945870814,0.04157506095981456,0.06359982490539551,2.190828323364258
0,49,0.39379189799674935,0.0361847526170298,0.031103134155273438,2.190828323364258
0,50,0.39380051559452933,0.03295953683701219,0.026409149169921875,2.190828323364258
0,51,0.39382008487359804,0.03028095498896921,0.026203155517578125,2.190828323364258
0,52,0.39383894216971527,0.031266904926564476,0.026124238967895508,2.190828323364258
0,53,0.3939204714277933,0.031021989145413542,0.03370022773742676,2.190828323364258
0,54,0.3960694237957466,0.02957037139414259,0.07961344718933105,2.190828323364258
0,55,0.39607643305123363,0.02967077923136119,0.02588367462158203,2.190828323364258
0,56,0.39610010375142296,0.02868827604320029,0.026566267013549805,2.190828323364258
0,57,0.39610270578748585,0.02875310263341868,0.026261568069458008,2.190828323364258
0,58,0.3978722600153868,0.026499478825741052,0.07361626625061035,2.190828323364258
0,59,0.39787675514056364,0.026071801905624026,0.02482295036315918,2.190828323364258
0,60,0.39787818525662805,0.02525300741407971,0.02559971809387207,2.190828323364258
0,61,0.3991736270632852,0.024709164487183966,0.09208512306213379,2.190828323364258
0,62,0.39918454683554633,0.02662417764452707,0.027202606201171875,2.190828323364258
0,63,0.39920574237347906,0.027988186014887284,0.027298927307128906,2.190828323364258
0,64,0.3992716976278813,0.028911551693897697,0.03607368469238281,2.190828323364258
0,65,0.3992784635676449,0.03115723653468605,0.024441957473754883,2.190828323364258
0,66,0.3993439899550065,0.032157604681541385,0.03214216232299805,2.190828323364258
0,67,0.39934633599952896,0.034525857360142354,0.025663375854492188,2.190828323364258
0,68,0.40123817743875745,0.032356737724883566,0.08700966835021973,2.190828323364258
0,69,0.40125013614893784,0.03292721712494373,0.026618480682373047,2.190828323364258
0,70,0.4023246210227349,0.03176720036494474,0.07039809226989746,2.190828323364258
0,71,0.40232531773462,0.032742003887894944,0.024369478225708008,2.190828323364258
0,72,0.4023905055249546,0.03265579896660187,0.03297829627990723,2.190828323364258
0,73,0.40241536093621644,0.03229257549882447,0.03161287307739258,2.190828323364258
0,74,0.4024259826529317,0.032169317351610216,0.029207944869995117,2.190828323364258
0,75,0.40242823998016775,0.03236068056615343,0.026192188262939453,2.190828323364258
0,76,0.40489729532838536,0.02841960121002013,0.13264060020446777,2.190828323364258
0,77,0.4049010798440772,0.027873915366496804,0.02628350257873535,2.190828323364258
0,78,0.4049159402272292,0.026923483021068007,0.03342008590698242,2.190828323364258
0,79,0.40491769040869374,0.029161872967281788,0.027415990829467773,2.190828323364258
0,80,0.40500184417720475,0.02847587239279692,0.038311004638671875,2.190828323364258
0,81,0.39823462285529376,0.08000000000000007,0.2328798770904541,2.190828323364258
0,82,0.39821765616085547,0.07850000000000001,0.08646202087402344,2.190828323364258
0,83,0.39823070134113714,0.07700000000000007,0.05808568000793457,2.190828323364258
0,84,0.39829069198028677,0.07535008444089797,0.047272443771362305,2.190828323364258
0,85,0.39832893035142153,0.07399999999999995,0.043486595153808594,2.190828323364258
0,86,0.39835719401348024,0.054550254166579215,0.03738737106323242,2.190828323364258
0,87,0.3984064863928377,0.056882508132211296,0.03479456901550293,2.190828323364258
0,88,0.3984283620465696,0.05919842221173932,0.03170919418334961,2.190828323364258
0,89,0.3984518471792756,0.05035343576264473,0.02799820899963379,2.190828323364258
0,90,0.399025712707571,0.04832129615665226,0.054503679275512695,2.190828323364258
0,91,0.3995466956128547,0.035296782258247505,0.05456185340881348,2.190828323364258
0,92,0.39956093800955705,0.03511724405702232,0.02550673484802246,2.190828323364258
0,93,0.3995626234406107,0.035254650899491424,0.0236814022064209,2.190828323364258
0,94,0.3996596688054378,0.03465440757781313,0.04097914695739746,2.190828323364258
0,95,0.39966531474874917,0.03448625214100831,0.0276792049407959,2.190828323364258
0,96,0.399680673973809,0.03380914899672083,0.029212474822998047,2.190828323364258
0,97,0.40032090696143496,0.03313438018625847,0.06188368797302246,2.190828323364258
0,98,0.40145774856678507,0.03642183974857682,0.08545279502868652,2.190828323364258
0,99,0.40147137041600467,0.021986827804415743,0.029067516326904297,2.190828323364258
0,100,0.40150502421127865,0.021953111786058632,0.030976533889770508,2.190828323364258
0,101,0.4015896855030459,0.02146897737587017,0.037976741790771484,2.190828323364258
0,102,0.4023153307544358,0.020262359995801393,0.07781362533569336,2.190828323364258
0,103,0.4032286655910124,0.01944913425830186,0.09141945838928223,2.190828323364258
0,104,0.4032539460390931,0.019091745492359147,0.031522512435913086,2.190828323364258
0,105,0.403275525667676,0.01869627621751524,0.030167102813720703,2.190828323364258
0,106,0.40331622868580586,0.018554995751092318,0.03352212905883789,2.190828323364258
0,107,0.40353780060943056,0.018421190973817003,0.05301523208618164,2.190828323364258
0,108,0.40427249271013543,0.017309767191947767,0.08410382270812988,2.190828323364258
0,109,0.40432433731256195,0.015535119839529266,0.03840351104736328,2.190828323364258
0,110,0.4043509142677224,0.015055695088966203,0.037410736083984375,2.190828323364258
0,111,0.40514361177377434,0.01489511096811691,0.10241842269897461,2.190828323364258
0,112,0.405774228699526,0.013928965192815945,0.08838200569152832,2.190828323364258
0,113,0.4058201444627066,0.01385437328032102,0.051467180252075195,2.190828323364258
0,114,0.40582808339231546,0.01334587213434435,0.0316920280456543,2.190828323364258
0,115,0.40667256366084853,0.013408437695590303,0.14886903762817383,2.190828323364258
0,116,0.4066914850519504,0.012850568449431221,0.03618001937866211,2.190828323364258
0,117,0.4067347595798385,0.012643175356866765,0.0415651798248291,2.190828323364258
0,118,0.4071285524342105,0.011919552626326047,0.09591436386108398,2.190828323364258
0,119,0.40769252285464014,0.012005307010819255,0.11903548240661621,2.190828323364258
0,120,0.4079982696251633,0.01161430988037293,0.08773016929626465,2.190828323364258
0,121,0.3961063992290754,0.020000000000000073,0.4162259101867676,2.190828323364258
0,122,0.39622123129021547,0.020000000000000073,0.1272428035736084,2.190828323364258
0,123,0.3960931536592732,0.020000000000000073,0.07876801490783691,2.190828323364258
0,124,0.39620209691940944,0.020000000000000046,0.07897782325744629,2.190828323364258
0,125,0.39606802520081485,0.020000000000000018,0.07074856758117676,2.190828323364258
0,126,0.39617898344083935,0.020000000000000018,0.0706324577331543,2.190828323364258
0,127,0.39604521839652346,0.020000000000000018,0.06858325004577637,2.190828323364258
0,128,0.3961501296017451,0.020000000000000018,0.06784868240356445,2.190828323364258
0,129,0.39602622634830564,0.020000000000000018,0.06478667259216309,2.190828323364258
0,130,0.3961210888747043,0.020000000000000073,0.06438136100769043,2.190828323364258
0,131,0.3960111878795206,0.020000000000000018,0.0594480037689209,2.190828323364258
0,132,0.3960912738721223,0.020000000000000018,0.0569758415222168,2.190828323364258
0,133,0.396014337498655,0.020000000000000018,0.05099654197692871,2.190828323364258
0,134,0.39605780579823713,0.020000000000000046,0.04877305030822754,2.190828323364258
0,135,0.39602676282840643,0.020000000000000018,0.04492902755737305,2.190828323364258
0,136,0.39603869903316635,0.020000000000000018,0.04428982734680176,2.190828323364258
0,137,0.39602880638887894,0.020000000000000018,0.044333457946777344,2.190828323364258
0,138,0.3960304748005252,0.020000000000000018,0.04017376899719238,2.190828323364258
0,139,0.396031469681389,0.020000000000000018,0.03374147415161133,2.190828323364258
0,140,0.3960298068750038,0.020000000000000073,0.03209996223449707,2.190828323364258
0,141,0.3960312348082155,0.020000000000000073,0.039539337158203125,2.190828323364258
0,142,0.39603174684562403,0.020000000000000018,0.04068112373352051,2.190828323364258
0,143,0.3960320214364881,0.020000000000000018,0.0264127254486084,2.190828323364258
0,144,0.3960326180586492,0.020000000000000073,0.0258941650390625,2.190828323364258
0,145,0.3960371348706706,0.020000000000000018,0.04187798500061035,2.190828323364258
0,146,0.3960364287666636,0.020000000000000073,0.03097248077392578,2.190828323364258
0,147,0.3960365112875106,0.020000000000000018,0.03019881248474121,2.190828323364258
0,148,0.3958467599275906,0.020000000000000018,0.07804584503173828,2.190828323364258
0,149,0.3958469490138788,0.020000000000000018,0.026805877685546875,2.190828323364258
0,150,0.39584717685029475,0.020000000000000018,0.025228500366210938,2.190828323364258
0,1,0.5006962331026777,0.2,0.6071159839630127,2.184495449066162
0,2,0.47337265700734843,0.1985,0.18731093406677246,2.190828323364258
0,3,0.4667728526101391,0.197,0.1083226203918457,2.190828323364258
0,4,0.4655466740309876,0.1089349807298512,0.06951618194580078,2.190828323364258
0,5,0.46497851435232185,0.12894302304467697,0.06861448287963867,2.190828323364258
0,6,0.4650696120573593,0.10698129831082737,0.038849592208862305,2.190828323364258
0,7,0.46552612883974487,0.08619572083797955,0.074920654296875,2.190828323364258
0,8,0.46565391126922867,0.08052869316841627,0.034026145935058594,2.190828323364258
0,9,0.4659236797472426,0.0920511154023107,0.03452777862548828,2.190828323364258
0,10,0.47006478577344446,0.061883301102188315,0.09709906578063965,2.190828323364258
0,11,0.470179044265835,0.05977293011410334,0.02950429916381836,2.190828323364258
0,12,0.4706097252732734,0.04952900586553488,0.03742480278015137,2.190828323364258
0,13,0.4706705549490705,0.050481900702457616,0.026636123657226562,2.190828323364258
0,14,0.479524309636298,0.051835264433039985,0.1628565788269043,2.190828323364258
0,15,0.47988513917133957,0.05575492336080701,0.04049539566040039,2.190828323364258
0,16,0.47999877084306974,0.04052340424624068,0.02986741065979004,2.190828323364258
0,17,0.4812180928288428,0.04729463127188249,0.05146217346191406,2.190828323364258
0,18,0.48132204766963504,0.04381985319197146,0.03705430030822754,2.190828323364258
0,19,0.4813632728802727,0.04296074563253671,0.030191898345947266,2.190828323364258
0,20,0.49030083341771413,0.036904331293132864,0.2354106903076172,2.190828323364258
0,21,0.4908006448888681,0.04143970009664899,0.043100833892822266,2.190828323364258
0,22,0.49093679773409016,0.03477060587495151,0.02912616729736328,2.190828323364258
0,23,0.49237809521207176,0.03689965907292425,0.054648637771606445,2.190828323364258
0,24,0.49248751022921955,0.037787826262931534,0.03694939613342285,2.190828323364258
0,25,0.49483451868032147,0.03327706746897435,0.0660402774810791,2.190828323364258
0,26,0.49785431829767446,0.0329077398493447,0.06708979606628418,2.190828323364258
0,27,0.49837308311550654,0.03578207767084818,0.04224348068237305,2.190828323364258
0,28,0.498443238691748,0.04291713717517487,0.03144645690917969,2.190828323364258
0,29,0.5063952585530047,0.04333843703435181,0.17092514038085938,2.190828323364258
0,30,0.5067320027450906,0.04596450275088637,0.040071964263916016,2.190828323364258
0,31,0.5068367291882594,0.04934890463975661,0.028024911880493164,2.190828323364258
0,32,0.5081263250556173,0.05277821625424667,0.051471710205078125,2.190828323364258
0,33,0.5082490021292823,0.057031611392514114,0.0341038703918457,2.190828323364258
0,34,0.5109195310717323,0.058526289431874656,0.06928086280822754,2.190828323364258
0,35,0.5153086672464333,0.06175075638755623,0.11908268928527832,2.190828323364258
0,36,0.515712685744314,0.06468906295401966,0.04172039031982422,2.190828323364258
0,37,0.5157839206192476,0.06621846302947587,0.02701091766357422,2.190828323364258
0,38,0.5208768933521436,0.06438390247517184,0.11595368385314941,2.190828323364258
0,39,0.5209722725865431,0.06265197954022794,0.03082275390625,2.190828323364258
0,40,0.523827056821543,0.06254975877224378,0.07752442359924316,2.190828323364258
0,41,0.5277439922162479,0.12539040441196092,0.22430014610290527,2.190828323364258
0,42,0.5287645079440577,0.09088264550663538,0.18325543403625488,2.190828323364258
0,43,0.528723431977931,0.0703789185102085,0.09504461288452148,2.190828323364258
0,44,0.5295150774143567,0.06914936701381447,0.08063745498657227,2.190828323364258
0,45,0.530689998713205,0.07063989648457247,0.07523012161254883,2.190828323364258
0,46,0.5312664989018802,0.06919085877132924,0.05024147033691406,2.190828323364258
0,47,0.5313921586741057,0.06826221130373927,0.03583526611328125,2.190828323364258
0,48,0.5314389689442169,0.06500379182802768,0.025827646255493164,2.190828323364258
0,49,0.5359802401056546,0.058299927898880444,0.09520745277404785,2.190828323364258
0,50,0.5363276511087012,0.0586129184381029,0.041738271713256836,2.190828323364258
0,51,0.5364539244965634,0.05759944016968699,0.029775619506835938,2.190828323364258
0,52,0.5418928658387818,0.05737301433153941,0.14422082901000977,2.190828323364258
0,53,0.5422538712966953,0.058126365905991184,0.045342445373535156,2.190828323364258
0,54,0.5423519124390868,0.05963784189290222,0.03148961067199707,2.190828323364258
0,55,0.547384820175689,0.057181995528266416,0.1625046730041504,2.190828323364258
0,56,0.5477606070119339,0.057093040283017704,0.04634237289428711,2.190828323364258
0,57,0.54786870276494,0.05618223533111999,0.033782005310058594,2.190828323364258
0,58,0.5516756396594846,0.05294012320211894,0.14680767059326172,2.190828323364258
0,59,0.5521566323986209,0.05166722327089912,0.04946756362915039,2.190828323364258
0,60,0.5522327898012271,0.051252169934210556,0.02906632423400879,2.190828323364258
0,61,0.5563960111279451,0.049113999048596924,0.13476252555847168,2.190828323364258
0,62,0.5569937580280846,0.04812217868876695,0.05093550682067871,2.190828323364258
0,63,0.5570849810643046,0.047647065919844134,0.03491067886352539,2.190828323364258
0,64,0.5592894830119686,0.048845940913200714,0.09384632110595703,2.190828323364258
0,65,0.5629267657866419,0.04609864029272415,0.1184234619140625,2.190828323364258
0,66,0.5631126093664613,0.046042063346296125,0.034218549728393555,2.190828323364258
0,67,0.5656152717953546,0.048456029465062445,0.0921933650970459,2.190828323364258
0,68,0.5672220312722774,0.049764017736764754,0.062311649322509766,2.190828323364258
0,69,0.5687146647130124,0.0501953260862501,0.08411645889282227,2.190828323364258
0,70,0.5712457191660325,0.048588280477000145,0.10422897338867188,2.190828323364258
0,71,0.5726565378027699,0.04785250190013268,0.06642961502075195,2.190828323364258
0,72,0.5729837770944634,0.04648739658040291,0.040343284606933594,2.190828323364258
0,73,0.574984066148083,0.04449546099038787,0.09366750717163086,2.190828323364258
0,74,0.5778174526647504,0.0426449871254001,0.11246061325073242,2.190828323364258
0,75,0.5784533888175203,0.043410266751469195,0.05056619644165039,2.190828323364258
0,76,0.5785898487526151,0.04478680762337828,0.033243656158447266,2.190828323364258
0,77,0.582797649025153,0.04395396148823727,0.14879775047302246,2.190828323364258
0,78,0.5831249546203441,0.04441098825843748,0.04096508026123047,2.190828323364258
0,79,0.5840774225091059,0.044668013385872174,0.06418514251708984,2.190828323364258
0,80,0.5870411496998698,0.04262683275215745,0.1092073917388916,2.190828323364258
0,81,0.5653779240947433,0.08000000000000007,0.2832643985748291,2.190828323364258
0,82,0.5635410407062553,0.0690938445808591,0.29987001419067383,2.190828323364258
0,83,0.563500289685748,0.07699999999999996,0.1776580810546875,2.190828323364258
0,84,0.5648719999049752,0.044813709302106375,0.12633848190307617,2.190828323364258
0,85,0.5654520552666993,0.043724723947707544,0.08911299705505371,2.190828323364258
0,86,0.5658688899745539,0.043176221164671014,0.08171224594116211,2.190828323364258
0,87,0.5678627668688249,0.043708539954914916,0.11185932159423828,2.190828323364258
0,88,0.5683016542042636,0.04167755098262299,0.07035398483276367,2.190828323364258
0,89,0.5715083586553743,0.03951277819923249,0.16118454933166504,2.190828323364258
0,90,0.5717547488520394,0.03819062383817984,0.03971266746520996,2.190828323364258
0,91,0.5731413453954715,0.03719548896170666,0.08972597122192383,2.190828323364258
0,92,0.5750657146633626,0.03737065352591695,0.1031336784362793,2.190828323364258
0,93,0.5762699314151565,0.037213685563617926,0.08342957496643066,2.190828323364258
0,94,0.5768823486006089,0.038574708193515606,0.06466889381408691,2.190828323364258
0,95,0.5797074542139231,0.03796937550426538,0.17963767051696777,2.190828323364258
0,96,0.5798723899649348,0.03895553364098936,0.04201650619506836,2.190828323364258
0,97,0.5818206041026793,0.03904238062699428,0.1361253261566162,2.190828323364258
0,98,0.581960300637157,0.039225252573738434,0.03961610794067383,2.190828323364258
0,99,0.5848864939723029,0.03734022504119494,0.19545197486877441,2.190828323364258
0,100,0.5851920618899176,0.05150000000000002,0.0478973388671875,2.190828323364258
0,101,0.5869300711916323,0.05000000000000002,0.1163642406463623,2.190828323364258
0,102,0.5882402466899079,0.036614721740275136,0.10350537300109863,2.190828323364258
0,103,0.5896713172667225,0.03606263475647442,0.11666703224182129,2.190828323364258
0,104,0.5910284571231241,0.03597955130010155,0.10742545127868652,2.190828323364258
0,105,0.5922655893471724,0.04400000000000001,0.09984397888183594,2.190828323364258
0,106,0.593725888351293,0.04250000000000001,0.13860034942626953,2.190828323364258
0,107,0.5949651652306465,0.04100000000000001,0.10922050476074219,2.190828323364258
0,108,0.5962296497006638,0.03950000000000001,0.1007699966430664,2.190828323364258
0,109,0.5977153746330292,0.03133764444660797,0.14162850379943848,2.190828323364258
0,110,0.5990363078214227,0.03249902826011286,0.12077140808105469,2.190828323364258
0,111,0.6004425913043759,0.0339744581888104,0.14107513427734375,2.190828323364258
0,112,0.60180476289729,0.033499999999999974,0.14118528366088867,2.190828323364258
0,113,0.6031372870150024,0.03200000000000003,0.1359238624572754,2.190828323364258
0,114,0.6044254919290549,0.030500000000000083,0.13418149948120117,2.190828323364258
0,115,0.605763822828022,0.029000000000000026,0.140380859375,2.190828323364258
0,116,0.6071270007328424,0.02750000000000008,0.14614415168762207,2.190828323364258
0,117,0.6084974146262023,0.026000000000000023,0.1492142677307129,2.190828323364258
0,118,0.6098737759498367,0.024500000000000077,0.15308189392089844,2.190828323364258
0,119,0.6112005656322372,0.02300000000000002,0.15178632736206055,2.190828323364258
0,120,0.6125300371056371,0.021500000000000075,0.15188288688659668,2.190828323364258
0,121,0.5633626613883662,0.020000000000000073,0.5519042015075684,2.190828323364258
0,122,0.561911548656677,0.020000000000000018,0.3307631015777588,2.190828323364258
0,123,0.5615831552395104,0.020000000000000018,0.19075250625610352,2.190828323364258
0,124,0.5611178046635916,0.020000000000000018,0.22942233085632324,2.190828323364258
0,125,0.5608995483959924,0.020000000000000018,0.09188199043273926,2.190828323364258
0,126,0.5608302524891,0.020000000000000018,0.0882563591003418,2.190828323364258
0,127,0.5606625890546008,0.020000000000000018,0.07564592361450195,2.190828323364258
0,128,0.5605064009965088,0.020000000000000018,0.08666467666625977,2.190828323364258
0,129,0.5603541814367228,0.020000000000000018,0.07479429244995117,2.190828323364258
0,130,0.5601886342045216,0.020000000000000018,0.07745480537414551,2.190828323364258
0,131,0.5600797397312478,0.020000000000000018,0.05485653877258301,2.190828323364258
0,132,0.5598266047207238,0.020000000000000018,0.10252165794372559,2.190828323364258
0,133,0.5597703234232523,0.020000000000000018,0.05818629264831543,2.190828323364258
0,134,0.5595587081683643,0.020000000000000018,0.08578610420227051,2.190828323364258
0,135,0.5594343195043054,0.020000000000000018,0.08018732070922852,2.190828323364258
0,136,0.5593293388914977,0.020000000000000018,0.058724164962768555,2.190828323364258
0,137,0.5591659497347372,0.020000000000000018,0.0838005542755127,2.190828323364258
0,138,0.5590784505886883,0.020000000000000018,0.055547237396240234,2.190828323364258
0,139,0.5590270420936083,0.020000000000000018,0.045050859451293945,2.190828323364258
0,140,0.5587533968375081,0.020000000000000018,0.13037443161010742,2.190828323364258
0,141,0.5587380808834175,0.020000000000000018,0.0401310920715332,2.190828323364258
0,142,0.5586577660265795,0.020000000000000018,0.05167841911315918,2.190828323364258
0,143,0.5586005453220192,0.020000000000000018,0.04752969741821289,2.190828323364258
0,144,0.5585262609819903,0.020000000000000018,0.0477144718170166,2.190828323364258
0,145,0.5583573970753761,0.020000000000000018,0.08256697654724121,2.190828323364258
0,146,0.5583082461052427,0.020000000000000018,0.11504650115966797,2.190828323364258
0,147,0.5582651333893429,0.020000000000000018,0.04533648490905762,2.190828323364258
0,148,0.5582210320016885,0.020000000000000018,0.04473114013671875,2.190828323364258
0,149,0.5580919770416837,0.020000000000000018,0.0859079360961914,2.190828323364258
0,150,0.5580197513753762,0.020000000000000018,0.0488893985748291,2.190828323364258
0,1,0.4488991401618635,0.20000000000000007,0.4777562618255615,2.184495449066162
0,2,0.42789650854042277,0.1985,0.16617369651794434,2.190828323364258
0,3,0.423874905578583,0.197,0.09458589553833008,2.190828323364258
0,4,0.42274641595864837,0.13106616416172479,0.07093071937561035,2.190828323364258
0,5,0.42209191478093255,0.08510994859635013,0.06576085090637207,2.190828323364258
0,6,0.42211322908612314,0.09279117146384219,0.03611493110656738,2.190828323364258
0,7,0.4220391845769547,0.11198671317206066,0.050484657287597656,2.190828323364258
0,8,0.4220591069708156,0.06621379079521605,0.03031468391418457,2.190828323364258
0,9,0.42222011541978755,0.07550359727291012,0.05450725555419922,2.190828323364258
0,10,0.4223867844494173,0.05302386146435578,0.040441274642944336,2.190828323364258
0,11,0.42241644393381117,0.050675406281314395,0.02720808982849121,2.190828323364258
0,12,0.4225656522605667,0.04749319684650388,0.028931856155395508,2.190828323364258
0,13,0.4226348165691941,0.05022848859821605,0.02866959571838379,2.190828323364258
0,14,0.4243593977521732,0.05085280516514612,0.059201955795288086,2.190828323364258
0,15,0.42636716384783135,0.057219678661875495,0.06151151657104492,2.190828323364258
0,16,0.4264065019303245,0.045199274318655,0.027127742767333984,2.190828323364258
0,17,0.42644062465520033,0.04794874604445709,0.029505252838134766,2.190828323364258
0,18,0.4289118160110193,0.03354713335889492,0.06418347358703613,2.190828323364258
0,19,0.4292654287924152,0.03439459363326769,0.03635716438293457,2.190828323364258
0,20,0.42930093714734413,0.03590537468956623,0.026901960372924805,2.190828323364258
0,21,0.429465001005079,0.03844796912745463,0.040673255920410156,2.190828323364258
0,22,0.4294717563482748,0.029187945084686362,0.02641153335571289,2.190828323364258
0,23,0.4340417317473095,0.033299333334032455,0.10875797271728516,2.190828323364258
0,24,0.43406519012348876,0.02991492311100452,0.026238203048706055,2.190828323364258
0,25,0.437889255489671,0.032117478958158974,0.08578872680664062,2.190828323364258
0,26,0.4379029066415437,0.02516420167597644,0.025397300720214844,2.190828323364258
0,27,0.438296702228925,0.02707157259689541,0.0361943244934082,2.190828323364258
0,28,0.4383067150329812,0.03376316833374571,0.025247573852539062,2.190828323364258
0,29,0.4401899471585028,0.03269749349251827,0.0882260799407959,2.190828323364258
0,30,0.44021681757237924,0.03674630475558127,0.02820301055908203,2.190828323364258
0,31,0.44027631719547455,0.04007808347204028,0.029053211212158203,2.190828323364258
0,32,0.4435548356499175,0.04038585203227596,0.08913469314575195,2.190828323364258
0,33,0.446133362332958,0.040455743766328434,0.0683143138885498,2.190828323364258
0,34,0.44632238293661736,0.041135478399672576,0.04523015022277832,2.190828323364258
0,35,0.4463365821596701,0.047393245825913644,0.024321794509887695,2.190828323364258
0,36,0.4465410423773915,0.051372209065020824,0.03618502616882324,2.190828323364258
0,37,0.44657114771473594,0.05520083128953479,0.027414798736572266,2.190828323364258
0,38,0.4491960565138564,0.054015195212744005,0.08673787117004395,2.190828323364258
0,39,0.4521847169277048,0.05351679942396026,0.08676409721374512,2.190828323364258
0,40,0.45225654082437355,0.053958447437915724,0.03196001052856445,2.190828323364258
0,41,0.4505299097297951,0.12380430776830931,0.09251236915588379,2.190828323364258
0,42,0.4511355018524342,0.08940141358638254,0.14893031120300293,2.190828323364258
0,43,0.4502243989738587,0.0763355640209854,0.08786702156066895,2.190828323364258
0,44,0.4512294634720903,0.05697035454971311,0.06306886672973633,2.190828323364258
0,45,0.4510227518012348,0.05640274796024891,0.04792380332946777,2.190828323364258
0,46,0.45122546569254196,0.053628611438530704,0.03544282913208008,2.190828323364258
0,47,0.4513388827743904,0.049883310373692646,0.02999424934387207,2.190828323364258
0,48,0.451358235581958,0.038048918182381763,0.026134729385375977,2.190828323364258
0,49,0.4539567610229074,0.03744622951307619,0.08819723129272461,2.190828323364258
0,50,0.4540598254802183,0.043059212488224086,0.036036014556884766,2.190828323364258
0,51,0.4540815094434415,0.04787437681827389,0.024420499801635742,2.190828323364258
0,52,0.456585103731194,0.0483432544467175,0.1003870964050293,2.190828323364258
0,53,0.4568699636872576,0.048057241928940675,0.06291937828063965,2.190828323364258
0,54,0.4568928478352988,0.050086479036517306,0.024692535400390625,2.190828323364258
0,55,0.4569669529403211,0.05056087229591677,0.027915239334106445,2.190828323364258
0,56,0.45697556629603253,0.05146873889962067,0.02403426170349121,2.190828323364258
0,57,0.46221092335711766,0.04859534499908935,0.16704583168029785,2.190828323364258
0,58,0.46228662272323706,0.046496233772388096,0.03657341003417969,2.190828323364258
0,59,0.4623102639301829,0.04533446178138678,0.025827646255493164,2.190828323364258
0,60,0.4626483718253447,0.04270167472171926,0.0382535457611084,2.190828323364258
0,61,0.4626854386899011,0.04275802009401275,0.026108264923095703,2.190828323364258
0,62,0.46648975638013723,0.04124497908700686,0.14216256141662598,2.190828323364258
0,63,0.4666276941937628,0.04201282146912655,0.03446698188781738,2.190828323364258
0,64,0.4666522445918354,0.04384343204892205,0.026227474212646484,2.190828323364258
0,65,0.46692654867205974,0.04624130440279839,0.040421485900878906,2.190828323364258
0,66,0.4669488605281865,0.04837724169030155,0.028059005737304688,2.190828323364258
0,67,0.470573038586895,0.04504104973509615,0.13532686233520508,2.190828323364258
0,68,0.47062989432575325,0.04570916810345238,0.02975177764892578,2.190828323364258
0,69,0.47065437421640255,0.045799774212168964,0.02540302276611328,2.190828323364258
0,70,0.47098997916578533,0.044928493461278696,0.04102802276611328,2.190828323364258
0,71,0.47102864446426207,0.04325744923794794,0.029463529586791992,2.190828323364258
0,72,0.47503618295604955,0.03945027557689712,0.15549468994140625,2.190828323364258
0,73,0.4751524093392928,0.039156355001990995,0.03778195381164551,2.190828323364258
0,74,0.47517937442543456,0.040731404855189224,0.028417587280273438,2.190828323364258
0,75,0.47549365914270814,0.04137279377836234,0.04512763023376465,2.190828323364258
0,76,0.475531974142803,0.04325909293687824,0.029577016830444336,2.190828323364258
0,77,0.4791351254603132,0.042258385935952436,0.1483297348022461,2.190828323364258
0,78,0.4792081788906998,0.043448725934908006,0.03473520278930664,2.190828323364258
0,79,0.4792321473416362,0.04382348967173577,0.03061223030090332,2.190828323364258
0,80,0.48048745072344257,0.04301155432297804,0.09702110290527344,2.190828323364258
0,81,0.4629742054048873,0.08000000000000007,0.2704288959503174,2.190828323364258
0,82,0.4623502931506792,0.07178588802178698,0.2649827003479004,2.190828323364258
0,83,0.46179242811800214,0.07699999999999996,0.17216181755065918,2.190828323364258
0,84,0.4629328218569285,0.07505891608438053,0.10586690902709961,2.190828323364258
0,85,0.4627054852850555,0.07399999999999995,0.09118914604187012,2.190828323364258
0,86,0.463378828748778,0.07250000000000001,0.0757145881652832,2.190828323364258
0,87,0.4634169617386911,0.05101128519171838,0.07127785682678223,2.190828323364258
0,88,0.46394371824109426,0.05044615239635708,0.06157040596008301,2.190828323364258
0,89,0.4657074879330798,0.05038538388833813,0.10832810401916504,2.190828323364258
0,90,0.46590322572860277,0.05070381968578819,0.043237924575805664,2.190828323364258
0,91,0.4659599839081066,0.050834345080178256,0.03287696838378906,2.190828323364258
0,92,0.4659746971449529,0.051644980615960345,0.02438664436340332,2.190828323364258
0,93,0.4688459383466034,0.03040031258240805,0.17267084121704102,2.190828323364258
0,94,0.46898600632835674,0.03093813056241279,0.040856122970581055,2.190828323364258
0,95,0.46901123878934553,0.030665494400828663,0.0310211181640625,2.190828323364258
0,96,0.4698580428223902,0.03032208138404735,0.0847933292388916,2.190828323364258
0,97,0.46994956248138364,0.0305213785398174,0.03956294059753418,2.190828323364258
0,98,0.47115441336549324,0.03004759669970991,0.10205936431884766,2.190828323364258
0,99,0.4726220560950548,0.029805643619453592,0.09847021102905273,2.190828323364258
0,100,0.4728205285156997,0.024541094661480356,0.043732404708862305,2.190828323364258
0,101,0.4728608068842926,0.025471849974292193,0.033620595932006836,2.190828323364258
0,102,0.4737701974616052,0.02551976855825666,0.08291196823120117,2.190828323364258
0,103,0.4752572218846963,0.0258461470205682,0.11536955833435059,2.190828323364258
0,104,0.47529364365121274,0.027013910149399578,0.029665231704711914,2.190828323364258
0,105,0.4765902804433697,0.026733189046741934,0.11649394035339355,2.190828323364258
0,106,0.47665766815149735,0.027585616105456734,0.03497147560119629,2.190828323364258
0,107,0.47832916357555344,0.02736188258749772,0.15993714332580566,2.190828323364258
0,108,0.478401643614028,0.0279576627903384,0.04355287551879883,2.190828323364258
0,109,0.47925499035127145,0.028008213515636093,0.09313535690307617,2.190828323364258
0,110,0.47940619951934305,0.028197438729645752,0.04820394515991211,2.190828323364258
0,111,0.4803385665783315,0.027957920534524616,0.10228109359741211,2.190828323364258
0,112,0.48144744885434565,0.0270116437710739,0.12241649627685547,2.190828323364258
0,113,0.48186309324287085,0.02707089327854373,0.06786632537841797,2.190828323364258
0,114,0.4828397456123114,0.02718654057723202,0.10244250297546387,2.190828323364258
0,115,0.48344306806124054,0.026952570449900737,0.09069252014160156,2.190828323364258
0,116,0.4842097055926501,0.02698241403088364,0.13110756874084473,2.190828323364258
0,117,0.4849386743296142,0.026000000000000023,0.1272876262664795,2.190828323364258
0,118,0.4855700925759594,0.024500000000000077,0.11894917488098145,2.190828323364258
0,119,0.4862538853400619,0.02300000000000002,0.12163066864013672,2.190828323364258
0,120,0.4870070548629921,0.021500000000000075,0.1530747413635254,2.190828323364258
0,121,0.4569777046082193,0.020000000000000073,0.5206353664398193,2.190828323364258
0,122,0.45651736196527903,0.020000000000000018,0.2892117500305176,2.190828323364258
0,123,0.45639430132390857,0.020000000000000018,0.11917519569396973,2.190828323364258
0,124,0.45650391371638177,0.020000000000000018,0.10306644439697266,2.190828323364258
0,125,0.45641074155381434,0.020000000000000018,0.07322072982788086,2.190828323364258
0,126,0.4564708894400854,0.020000000000000018,0.06322956085205078,2.190828323364258
0,127,0.45643734307872164,0.020000000000000018,0.054074764251708984,2.190828323364258
0,128,0.4564152286879925,0.020000000000000018,0.07755208015441895,2.190828323364258
0,129,0.45641274249391584,0.020000000000000018,0.04193305969238281,2.190828323364258
0,130,0.4563952390980246,0.020000000000000018,0.05046844482421875,2.190828323364258
0,131,0.4563938592690895,0.020000000000000018,0.035364627838134766,2.190828323364258
0,132,0.4563976513077185,0.020000000000000018,0.030910730361938477,2.190828323364258
0,133,0.4563103309215427,0.020000000000000018,0.07998919486999512,2.190828323364258
0,134,0.4563126958477868,0.020000000000000018,0.032085418701171875,2.190828323364258
0,135,0.45631272509079346,0.020000000000000018,0.03139638900756836,2.190828323364258
0,136,0.4563050658303576,0.020000000000000018,0.036160945892333984,2.190828323364258
0,137,0.4563064183614639,0.020000000000000018,0.031037092208862305,2.190828323364258
0,138,0.45628016211214883,0.020000000000000018,0.053377389907836914,2.190828323364258
0,139,0.45628175647100794,0.020000000000000018,0.02769303321838379,2.190828323364258
0,140,0.4562821383649427,0.020000000000000018,0.02986621856689453,2.190828323364258
0,141,0.45624346864305687,0.020000000000000018,0.05053567886352539,2.190828323364258
0,142,0.4562437253629742,0.020000000000000018,0.027123689651489258,2.190828323364258
0,143,0.4562383601572357,0.020000000000000018,0.03321266174316406,2.190828323364258
0,144,0.45623363903651265,0.020000000000000018,0.0347132682800293,2.190828323364258
0,145,0.456233150109137,0.020000000000000018,0.03104257583618164,2.190828323364258
0,146,0.4561774757145195,0.020000000000000018,0.05607867240905762,2.190828323364258
0,147,0.45617066234733333,0.020000000000000018,0.03276801109313965,2.190828323364258
0,148,0.4561708762289909,0.020000000000000018,0.02947378158569336,2.190828323364258
0,149,0.4561710157402425,0.0165439629911458,0.027396440505981445,2.190828323364258
0,150,0.4560953568803736,0.015949878377948923,0.05549120903015137,2.190828323364258
0,1,0.40454606421062644,0.20000000000000007,0.7510161399841309,2.184495449066162
0,2,0.3901963194661923,0.1985,0.1564931869506836,2.190828323364258
0,3,0.38896409952654337,0.197,0.0736548900604248,2.190828323364258
0,4,0.38774365451109616,0.1955,0.08678412437438965,2.190828323364258
0,5,0.387657499942919,0.08922208270665888,0.04763031005859375,2.190828323364258
0,6,0.38735264116415813,0.08240758915452495,0.051253557205200195,2.190828323364258
0,7,0.38735289338608436,0.07515991819932732,0.03081512451171875,2.190828323364258
0,8,0.3872577176674379,0.07995437569364772,0.041034698486328125,2.190828323364258
0,9,0.38726715507686194,0.05718694271766178,0.026799440383911133,2.190828323364258
0,10,0.3871779250549666,0.06611377779867811,0.04392600059509277,2.190828323364258
0,11,0.38721666859202575,0.05895291132557523,0.03725910186767578,2.190828323364258
0,12,0.38723632316295264,0.05317758004731965,0.025521516799926758,2.190828323364258
0,13,0.38727562366653323,0.04945391317207326,0.027144908905029297,2.190828323364258
0,14,0.38728277316775184,0.04983030681220002,0.02523946762084961,2.190828323364258
0,15,0.3874109236438188,0.046867327961132244,0.0329289436340332,2.190828323364258
0,16,0.38741749491460453,0.047939511104008514,0.0239715576171875,2.190828323364258
0,17,0.3874350924027583,0.04926859018819152,0.046344757080078125,2.190828323364258
0,18,0.38852705299993734,0.05039030639283726,0.05927896499633789,2.190828323364258
0,19,0.38961979411682013,0.04862013675511456,0.057956695556640625,2.190828323364258
0,20,0.3896300494850842,0.04353175146706767,0.027692794799804688,2.190828323364258
0,21,0.38965669118907087,0.04493142695310148,0.02965259552001953,2.190828323364258
0,22,0.38965868909397006,0.03246123252993849,0.025693893432617188,2.190828323364258
0,23,0.3897684909420014,0.0299670439694113,0.033236026763916016,2.190828323364258
0,24,0.389773767226785,0.028009795229474443,0.025043249130249023,2.190828323364258
0,25,0.38991916809710203,0.026170427882524216,0.034824371337890625,2.190828323364258
0,26,0.39008884768361485,0.024378379015976948,0.03588104248046875,2.190828323364258
0,27,0.3901067684686155,0.02609398281987685,0.029946565628051758,2.190828323364258
0,28,0.39012592881200225,0.02983295178253431,0.027509212493896484,2.190828323364258
0,29,0.3917101609939162,0.027750778471842708,0.059418678283691406,2.190828323364258
0,30,0.3917189318315083,0.03031263356709457,0.02740764617919922,2.190828323364258
0,31,0.39374690625388836,0.030258504330776037,0.06185626983642578,2.190828323364258
0,32,0.39376279630221944,0.03165926359579174,0.02559494972229004,2.190828323364258
0,33,0.3937707928632803,0.03417225104329802,0.024077653884887695,2.190828323364258
0,34,0.3939042565999607,0.031410457489956745,0.03306841850280762,2.190828323364258
0,35,0.393908494730503,0.038759767800586986,0.025782108306884766,2.190828323364258
0,36,0.3939969180054125,0.04024410083555685,0.03196001052856445,2.190828323364258
0,37,0.3940007651715494,0.045877268343023414,0.02700638771057129,2.190828323364258
0,38,0.3957965977920236,0.042080970489097536,0.06275725364685059,2.190828323364258
0,39,0.39581251617524715,0.04430869032112328,0.02681446075439453,2.190828323364258
0,40,0.39581751990239855,0.04666256328835072,0.024321794509887695,2.190828323364258
0,41,0.39504326340590945,0.1388238117323909,0.06935381889343262,2.190828323364258
0,42,0.39491480859363026,0.07585050360164947,0.0974280834197998,2.190828323364258
0,43,0.39503271289525416,0.07048922199255558,0.04712986946105957,2.190828323364258
0,44,0.3950439608100672,0.06874565158628576,0.03418922424316406,2.190828323364258
0,45,0.39504807520927143,0.06980687228874916,0.026441335678100586,2.190828323364258
0,46,0.3950547957029443,0.06793194784783274,0.025177955627441406,2.190828323364258
0,47,0.3950728099590529,0.04258990349497038,0.029024124145507812,2.190828323364258
0,48,0.3950745754827897,0.04110605048753202,0.025116682052612305,2.190828323364258
0,49,0.3970328987500436,0.03608012422777451,0.08619451522827148,2.190828323364258
0,50,0.3970407446519297,0.03412054454122693,0.026795148849487305,2.190828323364258
0,51,0.3970517990344168,0.033657372590510715,0.02774524688720703,2.190828323364258
0,52,0.39707673120139364,0.02751097598287361,0.036477088928222656,2.190828323364258
0,53,0.39712783928640993,0.026357902538162392,0.03393363952636719,2.190828323364258
0,54,0.3971445825066674,0.026717701698416252,0.024895429611206055,2.190828323364258
0,55,0.3971505928275473,0.030224677827842883,0.02332139015197754,2.190828323364258
0,56,0.3992349914149885,0.02580501787265943,0.08714818954467773,2.190828323364258
0,57,0.3992447176409771,0.028151371050899154,0.02596282958984375,2.190828323364258
0,58,0.3992534135503423,0.030302501816085625,0.02486443519592285,2.190828323364258
0,59,0.39925842225842323,0.03275158589615601,0.0355989933013916,2.190828323364258
0,60,0.39932623406547835,0.03325057644678597,0.031903743743896484,2.190828323364258
0,61,0.3993318978646131,0.03477185617075729,0.025249242782592773,2.190828323364258
0,62,0.40186120207283943,0.032405980510287424,0.10999917984008789,2.190828323364258
0,63,0.40188020305764227,0.0321087741508721,0.02846240997314453,2.190828323364258
0,64,0.4018844107052273,0.03315396223032491,0.026064157485961914,2.190828323364258
0,65,0.40361838896802216,0.030887207919141457,0.08260631561279297,2.190828323364258
0,66,0.4036224998643547,0.03134150031824823,0.024576425552368164,2.190828323364258
0,67,0.40369943797902974,0.03065347444565103,0.03605031967163086,2.190828323364258
0,68,0.403702890434239,0.0307473155046169,0.025591135025024414,2.190828323364258
0,69,0.40373855875532016,0.02955884488349142,0.028708457946777344,2.190828323364258
0,70,0.4037547618475472,0.02858445827093392,0.02507305145263672,2.190828323364258
0,71,0.4038191538155755,0.028921622198889385,0.030465126037597656,2.190828323364258
0,72,0.4053189590334571,0.028137773345741968,0.08045315742492676,2.190828323364258
0,73,0.40533027500410923,0.02866881403860644,0.02730250358581543,2.190828323364258
0,74,0.40533361521083555,0.0308406439621024,0.023647069931030273,2.190828323364258
0,75,0.4070670287408026,0.027758537421616825,0.10685515403747559,2.190828323364258
0,76,0.4070709825580139,0.029607091538752184,0.02646017074584961,2.190828323364258
0,77,0.40819451741387347,0.028915689181667537,0.07936215400695801,2.190828323364258
0,78,0.4082011784534343,0.03009708654920973,0.02508997917175293,2.190828323364258
0,79,0.4082934697902911,0.02880868900969147,0.03958749771118164,2.190828323364258
0,80,0.40829966232298126,0.029374523483860604,0.02599334716796875,2.190828323364258
0,81,0.4009034071626171,0.08000000000000007,0.21325230598449707,2.190828323364258
0,82,0.40092414835894824,0.07850000000000001,0.09736895561218262,2.190828323364258
0,83,0.40088419264392827,0.07614824156010558,0.06746339797973633,2.190828323364258
0,84,0.40103837126859676,0.07043977165986237,0.052745819091796875,2.190828323364258
0,85,0.4010374344325057,0.06216384650603146,0.04560708999633789,2.190828323364258
0,86,0.4010935957494476,0.05991731975804415,0.04502558708190918,2.190828323364258
0,87,0.4011484257729332,0.059879713977978755,0.04590439796447754,2.190828323364258
0,88,0.4011734852896641,0.05833381316975195,0.0391535758972168,2.190828323364258
0,89,0.40120982715281267,0.04353750417711855,0.03293251991271973,2.190828323364258
0,90,0.4012360604388866,0.04219513429579458,0.03153538703918457,2.190828323364258
0,91,0.40241441498213293,0.04129471196272416,0.08688092231750488,2.190828323364258
0,92,0.4024212964054026,0.040700478250634275,0.02616596221923828,2.190828323364258
0,93,0.4024339689580896,0.040328256603852974,0.026232004165649414,2.190828323364258
0,94,0.402472192573302,0.02483192837679804,0.033416032791137695,2.190828323364258
0,95,0.4030366351568737,0.02421190812312235,0.05895638465881348,2.190828323364258
0,96,0.40304771188653865,0.0233834280828058,0.025774478912353516,2.190828323364258
0,97,0.4038047981591615,0.02426606172725665,0.0631401538848877,2.190828323364258
0,98,0.40381058221397736,0.02338041472553376,0.02535080909729004,2.190828323364258
0,99,0.40382721101394714,0.022354079148557693,0.027213335037231445,2.190828323364258
0,100,0.4047604226341808,0.020617177411814236,0.07715272903442383,2.190828323364258
0,101,0.4048471546893352,0.0201816387155056,0.03915762901306152,2.190828323364258
0,102,0.40487307233397785,0.019345329198713457,0.03026747703552246,2.190828323364258
0,103,0.40583140582249755,0.01665730863380377,0.0924229621887207,2.190828323364258
0,104,0.4058800392996782,0.01642434207001464,0.03284192085266113,2.190828323364258
0,105,0.4059059445330299,0.016133675449398366,0.030292749404907227,2.190828323364258
0,106,0.40678995557624337,0.01548217221178294,0.10437226295471191,2.190828323364258
0,107,0.4070378297210027,0.015396570628927408,0.05637550354003906,2.190828323364258
0,108,0.40704580080728436,0.01488873065451346,0.027405977249145508,2.190828323364258
0,109,0.4071342079071213,0.01501787244892705,0.044770002365112305,2.190828323364258
0,110,0.40714666142850386,0.01456638414460576,0.029978036880493164,2.190828323364258
0,111,0.4085752456735727,0.013869270198631045,0.15413784980773926,2.190828323364258
0,112,0.40859965689679445,0.013596998107263558,0.038863182067871094,2.190828323364258
0,113,0.4086306513741401,0.0133763525799655,0.03591012954711914,2.190828323364258
0,114,0.4088121909769778,0.013274356081357741,0.06070280075073242,2.190828323364258
0,115,0.409471247912555,0.012681029511686148,0.11682009696960449,2.190828323364258
0,116,0.4100015862307331,0.012374998323237851,0.10214877128601074,2.190828323364258
0,117,0.4100354106074187,0.012696302782976843,0.03835320472717285,2.190828323364258
0,118,0.41042176375680817,0.0123895535957953,0.0859229564666748,2.190828323364258
0,119,0.4107063749297092,0.012247084249003781,0.07360458374023438,2.190828323364258
0,120,0.4110973957666075,0.012126053902082656,0.09529256820678711,2.190828323364258
0,121,0.39847375503802007,0.020000000000000073,0.4165661334991455,2.190828323364258
0,122,0.39854662341447944,0.020000000000000018,0.1689589023590088,2.190828323364258
0,123,0.3984273028080437,0.020000000000000073,0.08034944534301758,2.190828323364258
0,124,0.3985357592062852,0.020000000000000018,0.07939839363098145,2.190828323364258
0,125,0.39841175976388665,0.020000000000000018,0.06826424598693848,2.190828323364258
0,126,0.39850877611018987,0.020000000000000018,0.07209229469299316,2.190828323364258
0,127,0.39838758576770306,0.020000000000000073,0.06397128105163574,2.190828323364258
0,128,0.39847868709864037,0.020000000000000018,0.06786942481994629,2.190828323364258
0,129,0.3983750284297006,0.020000000000000018,0.06539130210876465,2.190828323364258
0,130,0.3984442736566346,0.020000000000000018,0.06131792068481445,2.190828323364258
0,131,0.39838318826410846,0.020000000000000073,0.05135941505432129,2.190828323364258
0,132,0.39840855611087383,0.020000000000000018,0.0549769401550293,2.190828323364258
0,133,0.39839047569377983,0.020000000000000018,0.0514523983001709,2.190828323364258
0,134,0.3983883714357541,0.020000000000000018,0.04515814781188965,2.190828323364258
0,135,0.39838921054636,0.020000000000000018,0.04062986373901367,2.190828323364258
0,136,0.39838493518229223,0.020000000000000018,0.03758597373962402,2.190828323364258
0,137,0.39836165873958546,0.020000000000000073,0.051000356674194336,2.190828323364258
0,138,0.39836238692876835,0.020000000000000018,0.032706499099731445,2.190828323364258
0,139,0.39836304398864986,0.020000000000000073,0.028454303741455078,2.190828323364258
0,140,0.3983681202028112,0.020000000000000018,0.041985273361206055,2.190828323364258
0,141,0.39836772594699765,0.020000000000000018,0.03132748603820801,2.190828323364258
0,142,0.39836790072584477,0.020000000000000073,0.026898622512817383,2.190828323364258
0,143,0.3981803113695689,0.020000000000000018,0.07971048355102539,2.190828323364258
0,144,0.3981813014061644,0.020000000000000018,0.03023672103881836,2.190828323364258
0,145,0.3981815186847931,0.020000000000000018,0.02436542510986328,2.190828323364258
0,146,0.39818194805545437,0.020000000000000018,0.02721571922302246,2.190828323364258
0,147,0.39817160612541513,0.020000000000000018,0.04352617263793945,2.190828323364258
0,148,0.3981722397392376,0.020000000000000018,0.029103517532348633,2.190828323364258
0,149,0.3981725216649816,0.020000000000000018,0.02689385414123535,2.190828323364258
0,150,0.3981731444219542,0.020000000000000018,0.027213096618652344,2.190828323364258
0,1,0.40369190299082747,0.20000000000000007,0.38551807403564453,2.184495449066162
0,2,0.3878769059930091,0.1985,0.18792104721069336,2.190828323364258
0,3,0.38674992113731177,0.197,0.09164953231811523,2.190828323364258
0,4,0.3859215443857973,0.1955,0.09845900535583496,2.190828323364258
0,5,0.3854921687255289,0.09486709288534301,0.05839800834655762,2.190828323364258
0,6,0.38548718438520213,0.07906862084299093,0.03545737266540527,2.190828323364258
0,7,0.38523842169262484,0.0813803820817598,0.07584142684936523,2.190828323364258
0,8,0.3852453957897825,0.06816701190447039,0.032724618911743164,2.190828323364258
0,9,0.3852613223896132,0.06272057637488715,0.03320503234863281,2.190828323364258
0,10,0.3852696656440104,0.05495265495670432,0.050315141677856445,2.190828323364258
0,11,0.38529664280246434,0.05428599353836516,0.030423879623413086,2.190828323364258
0,12,0.38530722803800677,0.05038540366374056,0.03036665916442871,2.190828323364258
0,13,0.38536762948225123,0.04537117528768231,0.03681802749633789,2.190828323364258
0,14,0.3853741445576252,0.04673952392355918,0.025324583053588867,2.190828323364258
0,15,0.38552732570608583,0.050856751893909924,0.03990602493286133,2.190828323364258
0,16,0.3855409398221118,0.05334349928531734,0.026656389236450195,2.190828323364258
0,17,0.38554920019569033,0.05305900361429028,0.02488112449645996,2.190828323364258
0,18,0.3857193090624771,0.04237386461657855,0.03886842727661133,2.190828323364258
0,19,0.3857250878368377,0.0372146961954225,0.024761676788330078,2.190828323364258
0,20,0.38678004571087815,0.04010184111831372,0.05016016960144043,2.190828323364258
0,21,0.38680538403932074,0.03225117039049552,0.027748823165893555,2.190828323364258
0,22,0.386814659843819,0.0312444022443219,0.023304462432861328,2.190828323364258
0,23,0.388205893283787,0.03094946088658279,0.05126023292541504,2.190828323364258
0,24,0.3882112299860691,0.027952302601094492,0.025321483612060547,2.190828323364258
0,25,0.3883257733450958,0.02884991046489438,0.03172445297241211,2.190828323364258
0,26,0.38835203332837176,0.029909935721444514,0.02805328369140625,2.190828323364258
0,27,0.3883615163921971,0.02578949349575821,0.024820566177368164,2.190828323364258
0,28,0.3884950756429131,0.025428310149402278,0.032495737075805664,2.190828323364258
0,29,0.38849984072910426,0.0310998182072989,0.023941993713378906,2.190828323364258
0,30,0.3902216095910761,0.02781769137005219,0.06190180778503418,2.190828323364258
0,31,0.3902376271827791,0.030538230016776136,0.029276609420776367,2.190828323364258
0,32,0.3902424293135679,0.03387607519385716,0.023384809494018555,2.190828323364258
0,33,0.39204252772901427,0.03161412733638852,0.06145286560058594,2.190828323364258
0,34,0.3920457717884165,0.03414648445241575,0.0247650146484375,2.190828323364258
0,35,0.39210836564930596,0.03152473254331817,0.03194141387939453,2.190828323364258
0,36,0.3921130394679265,0.03318150037232526,0.023146390914916992,2.190828323364258
0,37,0.39218204924447864,0.032538661084709486,0.04387664794921875,2.190828323364258
0,38,0.39233885724615236,0.035034190859534964,0.03348684310913086,2.190828323364258
0,39,0.39234863523225794,0.03876066433573022,0.0296633243560791,2.190828323364258
0,40,0.39235619741341354,0.042307466621607226,0.02579498291015625,2.190828323364258
0,41,0.3919056272656559,0.13663284607788828,0.058837175369262695,2.190828323364258
0,42,0.39196678864270285,0.07855334362308308,0.0892488956451416,2.190828323364258
0,43,0.39214252061508403,0.08021309279832045,0.05098414421081543,2.190828323364258
0,44,0.3921524527831416,0.07625153156232811,0.03678607940673828,2.190828323364258
0,45,0.39215593864235304,0.05365361818939862,0.02707529067993164,2.190828323364258
0,46,0.3921578098642581,0.04766861572383918,0.024089574813842773,2.190828323364258
0,47,0.39218654288652494,0.045002638900314196,0.029160261154174805,2.190828323364258
0,48,0.39219224658185337,0.044486008945448186,0.02571868896484375,2.190828323364258
0,49,0.3922192125421623,0.03442922286140604,0.02714061737060547,2.190828323364258
0,50,0.39222193249351667,0.03147107117051662,0.023764848709106445,2.190828323364258
0,51,0.3959054330860773,0.03365179490649728,0.11809515953063965,2.190828323364258
0,52,0.3959091381976701,0.030708174107997588,0.0269625186920166,2.190828323364258
0,53,0.3959232490324972,0.029174460693984883,0.02713632583618164,2.190828323364258
0,54,0.39594878880911216,0.029546781685036827,0.03094339370727539,2.190828323364258
0,55,0.3960092242324597,0.029924701575728407,0.02936100959777832,2.190828323364258
0,56,0.3960163797244054,0.029799356637289887,0.024570465087890625,2.190828323364258
0,57,0.3960749848808682,0.028868174241674205,0.02992534637451172,2.190828323364258
0,58,0.3960993536046926,0.028141923633513366,0.027747392654418945,2.190828323364258
0,59,0.3961028314662252,0.027700854325052537,0.024502038955688477,2.190828323364258
0,60,0.39774257125140855,0.025726241577394116,0.07785224914550781,2.190828323364258
0,61,0.3997331476624062,0.023291800426113174,0.08073115348815918,2.190828323364258
0,62,0.3997447108090405,0.024405436601336095,0.024204492568969727,2.190828323364258
0,63,0.3997504848586043,0.02718953113826239,0.023372650146484375,2.190828323364258
0,64,0.39981711778580276,0.02814881167095773,0.03261423110961914,2.190828323364258
0,65,0.3998197452793012,0.0311236855667677,0.024318456649780273,2.190828323364258
0,66,0.39990200632511175,0.03213714147251834,0.03420281410217285,2.190828323364258
0,67,0.3999047661097107,0.03427723343637279,0.02336907386779785,2.190828323364258
0,68,0.4011573960910764,0.03307603348504795,0.0800926685333252,2.190828323364258
0,69,0.40117273101027906,0.03326319453820459,0.025135278701782227,2.190828323364258
0,70,0.40117434755436704,0.03478091639423364,0.021887779235839844,2.190828323364258
0,71,0.40278213702093935,0.030762830358593174,0.08942389488220215,2.190828323364258
0,72,0.4027881717423774,0.03125978812887564,0.026366710662841797,2.190828323364258
0,73,0.40279543566393416,0.03194129985213717,0.024059295654296875,2.190828323364258
0,74,0.40281581928979454,0.03186308928896048,0.028619050979614258,2.190828323364258
0,75,0.40399196737222665,0.030748950437161193,0.07970023155212402,2.190828323364258
0,76,0.4040001691801596,0.030175388105683987,0.02563333511352539,2.190828323364258
0,77,0.4040114488600404,0.02955539720193595,0.024607181549072266,2.190828323364258
0,78,0.40514038769538196,0.027552104899098318,0.08054375648498535,2.190828323364258
0,79,0.4051917240912782,0.027848483619148823,0.032263994216918945,2.190828323364258
0,80,0.4052000830297623,0.02911420458618419,0.02652287483215332,2.190828323364258
0,81,0.39822622356058524,0.08000000000000007,0.2141270637512207,2.190828323364258
0,82,0.3982035178432246,0.07850000000000001,0.08855652809143066,2.190828323364258
0,83,0.39821931186154325,0.07700000000000007,0.07966995239257812,2.190828323364258
0,84,0.39827948524996215,0.07476355890199804,0.04892110824584961,2.190828323364258
0,85,0.39831750538312805,0.07399999999999995,0.04395627975463867,2.190828323364258
0,86,0.3983464986337889,0.05773580208536999,0.037183523178100586,2.190828323364258
0,87,0.39839605906650233,0.0571739428387239,0.03498220443725586,2.190828323364258
0,88,0.3984178506563856,0.059538034983545374,0.034177303314208984,2.190828323364258
0,89,0.398441610713066,0.05026979650350971,0.029521465301513672,2.190828323364258
0,90,0.39901820935425486,0.04829401071844963,0.053609609603881836,2.190828323364258
0,91,0.3995343365829802,0.03531709473769551,0.05451321601867676,2.190828323364258
0,92,0.39954837730077947,0.03512650229987324,0.027746915817260742,2.190828323364258
0,93,0.39955010141765224,0.03525518324629018,0.022904157638549805,2.190828323364258
0,94,0.39964308015663974,0.03458233488147344,0.0410466194152832,2.190828323364258
0,95,0.3996493218133895,0.03438339286276815,0.02492690086364746,2.190828323364258
0,96,0.39967019628085154,0.03344071366782109,0.028039216995239258,2.190828323364258
0,97,0.40058020523761,0.03697988472941538,0.06266021728515625,2.190828323364258
0,98,0.40138565474807736,0.035871904038675795,0.0638573169708252,2.190828323364258
0,99,0.4014057013904232,0.022196415097985867,0.028377056121826172,2.190828323364258
0,100,0.4014150412397768,0.021598574387147074,0.02722954750061035,2.190828323364258
0,101,0.4022267731186558,0.02096163890783087,0.07142210006713867,2.190828323364258
0,102,0.40295849486423185,0.020466889213381356,0.06997275352478027,2.190828323364258
0,103,0.40297246384470176,0.020125772806978914,0.027880430221557617,2.190828323364258
0,104,0.4029807962928011,0.019483345626122306,0.0264127254486084,2.190828323364258
0,105,0.40353771524415316,0.019065243324038694,0.08653664588928223,2.190828323364258
0,106,0.4035446300524348,0.01837705854129501,0.028653383255004883,2.190828323364258
0,107,0.4042648970368432,0.0177746995547301,0.1019742488861084,2.190828323364258
0,108,0.4042710283214953,0.01714074504637908,0.030377864837646484,2.190828323364258
0,109,0.4047985147485854,0.015239522157047602,0.08326435089111328,2.190828323364258
0,110,0.4048107831303714,0.014677439096767886,0.03008413314819336,2.190828323364258
0,111,0.4052853917882926,0.01506350167653503,0.08637070655822754,2.190828323364258
0,112,0.4052919084340432,0.014548329198926346,0.028414011001586914,2.190828323364258
0,113,0.4059128568818421,0.014032576184266676,0.09969639778137207,2.190828323364258
0,114,0.40595005346004814,0.013931271360971498,0.03794407844543457,2.190828323364258
0,115,0.40597026047846174,0.013451353240441999,0.03844618797302246,2.190828323364258
0,116,0.4066080083517405,0.013452919785489348,0.10873126983642578,2.190828323364258
0,117,0.40711386812752554,0.012676353213131097,0.09203505516052246,2.190828323364258
0,118,0.4071606006891022,0.012468280895610029,0.04448723793029785,2.190828323364258
0,119,0.4075078125321415,0.011840517405493967,0.08603096008300781,2.190828323364258
0,120,0.40800645421001924,0.011838239137041962,0.1147148609161377,2.190828323364258
0,121,0.39610552205371696,0.020000000000000073,0.43622326850891113,2.190828323364258
0,122,0.39622377203454917,0.020000000000000073,0.12844419479370117,2.190828323364258
0,123,0.3960951214998762,0.020000000000000018,0.08290815353393555,2.190828323364258
0,124,0.3962025481609721,0.020000000000000018,0.08261799812316895,2.190828323364258
0,125,0.39606861528741827,0.020000000000000046,0.07894229888916016,2.190828323364258
0,126,0.39617944192395715,0.020000000000000018,0.07567310333251953,2.190828323364258
0,127,0.39604500670714415,0.020000000000000018,0.06641197204589844,2.190828323364258
0,128,0.39615375696617694,0.020000000000000018,0.06602120399475098,2.190828323364258
0,129,0.3960288193315249,0.020000000000000018,0.06750631332397461,2.190828323364258
0,130,0.39612258838302083,0.020000000000000018,0.06634378433227539,2.190828323364258
0,131,0.3960137264936869,0.020000000000000018,0.062299251556396484,2.190828323364258
0,132,0.3960940876300065,0.020000000000000046,0.06000256538391113,2.190828323364258
0,133,0.3960176604726137,0.020000000000000018,0.05236458778381348,2.190828323364258
0,134,0.39605990135743746,0.020000000000000018,0.04828691482543945,2.190828323364258
0,135,0.3960276266194092,0.020000000000000018,0.04604935646057129,2.190828323364258
0,136,0.39604127452551524,0.020000000000000018,0.04710960388183594,2.190828323364258
0,137,0.3960307919659845,0.020000000000000073,0.043411970138549805,2.190828323364258
0,138,0.39603111062460084,0.020000000000000018,0.038254737854003906,2.190828323364258
0,139,0.3960324338915658,0.020000000000000073,0.038407325744628906,2.190828323364258
0,140,0.3960309465931584,0.020000000000000018,0.0342707633972168,2.190828323364258
0,141,0.39603162577163653,0.020000000000000018,0.046278953552246094,2.190828323364258
0,142,0.39603046163605515,0.020000000000000018,0.027791738510131836,2.190828323364258
0,143,0.39602121141988816,0.020000000000000018,0.04383563995361328,2.190828323364258
0,144,0.3960226705398958,0.020000000000000073,0.029994726181030273,2.190828323364258
0,145,0.3960232962181751,0.020000000000000018,0.025296688079833984,2.190828323364258
0,146,0.39602636811798797,0.020000000000000018,0.044896602630615234,2.190828323364258
0,147,0.3960265009686812,0.020000000000000018,0.025919675827026367,2.190828323364258
0,148,0.3960268930897615,0.020000000000000073,0.028026342391967773,2.190828323364258
0,149,0.396028297059336,0.020000000000000018,0.03207564353942871,2.190828323364258
0,150,0.3960283611950315,0.020000000000000018,0.02418065071105957,2.190828323364258
0,1,0.500665839325728,0.2,0.6148951053619385,2.184495449066162
0,2,0.47334901440440924,0.1985,0.1845390796661377,2.190828323364258
0,3,0.4666604841383336,0.197,0.12396240234375,2.190828323364258
0,4,0.4654545450949818,0.10866668066808483,0.06622147560119629,2.190828323364258
0,5,0.46491456353855165,0.12836296787247725,0.07077360153198242,2.190828323364258
0,6,0.465007063785531,0.10729312700594917,0.04166531562805176,2.190828323364258
0,7,0.4653742014480465,0.08689452502374861,0.06949067115783691,2.190828323364258
0,8,0.46551670448556876,0.08023068859833338,0.039774417877197266,2.190828323364258
0,9,0.46711295965154837,0.08861870140348826,0.07427525520324707,2.190828323364258
0,10,0.46722311987959975,0.06456109780975194,0.030803680419921875,2.190828323364258
0,11,0.470238023582329,0.059235404272027004,0.07357168197631836,2.190828323364258
0,12,0.4703443453832628,0.048915879531798545,0.028438568115234375,2.190828323364258
0,13,0.47502628411371023,0.05171058233286763,0.10067033767700195,2.190828323364258
0,14,0.4751182313129021,0.052313673474527866,0.030785083770751953,2.190828323364258
0,15,0.47985967273057717,0.05567997607061492,0.09836101531982422,2.190828323364258
0,16,0.47995261096686775,0.04047519299135505,0.02835559844970703,2.190828323364258
0,17,0.48120032615097075,0.04719440668172992,0.0532984733581543,2.190828323364258
0,18,0.4812973256864288,0.04576665476457076,0.02978372573852539,2.190828323364258
0,19,0.48846099486205674,0.04153508451547838,0.16443419456481934,2.190828323364258
0,20,0.48875409345867715,0.040355401545285385,0.033301591873168945,2.190828323364258
0,21,0.4890976730925093,0.03979128947102106,0.031755685806274414,2.190828323364258
0,22,0.4898517692603437,0.03682665206602154,0.04033350944519043,2.190828323364258
0,23,0.49162356962340403,0.03674635329438125,0.06151008605957031,2.190828323364258
0,24,0.491753473045207,0.03780836441357438,0.03137016296386719,2.190828323364258
0,25,0.49209128292230886,0.0332704577061389,0.0387117862701416,2.190828323364258
0,26,0.4973850650455397,0.03334543409041257,0.11418533325195312,2.190828323364258
0,27,0.5013590395127974,0.033527439483810095,0.07356405258178711,2.190828323364258
0,28,0.5015529178755295,0.039375286668406395,0.03297924995422363,2.190828323364258
0,29,0.5026182874417047,0.04648438971580382,0.044547319412231445,2.190828323364258
0,30,0.5055283130662199,0.047475151466654486,0.09433650970458984,2.190828323364258
0,31,0.5056507430947443,0.05038744104591408,0.03407597541809082,2.190828323364258
0,32,0.5099395379991223,0.0519239772095379,0.11734580993652344,2.190828323364258
0,33,0.5109225645138289,0.05540655154565499,0.05081939697265625,2.190828323364258
0,34,0.5111427328623801,0.061059256586107225,0.032897233963012695,2.190828323364258
0,35,0.5145973215563466,0.06020731015689862,0.10059332847595215,2.190828323364258
0,36,0.5168562495373683,0.0640940974139188,0.0663294792175293,2.190828323364258
0,37,0.5171413315929532,0.06494756639214772,0.03749799728393555,2.190828323364258
0,38,0.5172067332797683,0.06542830137820355,0.029194355010986328,2.190828323364258
0,39,0.52265848361765,0.06243099370390881,0.11544299125671387,2.190828323364258
0,40,0.5228705978338088,0.061622117339947824,0.0369257926940918,2.190828323364258
0,41,0.527881511836237,0.12586324025048623,0.23053431510925293,2.190828323364258
0,42,0.5287548905020639,0.09055801900169014,0.18631982803344727,2.190828323364258
0,43,0.5286822402722067,0.07047152953340585,0.09828495979309082,2.190828323364258
0,44,0.5294931844620812,0.06948680294681708,0.07302165031433105,2.190828323364258
0,45,0.5305382507858092,0.07075604127170176,0.07468676567077637,2.190828323364258
0,46,0.5311343172337726,0.0692883464837516,0.047606706619262695,2.190828323364258
0,47,0.5312599643056706,0.0683868180522032,0.03292703628540039,2.190828323364258
0,48,0.5313077358900478,0.06491466237790322,0.02593374252319336,2.190828323364258
0,49,0.5359857701470061,0.05817280798077701,0.09939765930175781,2.190828323364258
0,50,0.5363499447200558,0.05885662588799573,0.04266977310180664,2.190828323364258
0,51,0.5364814428950293,0.05768069821703892,0.030919313430786133,2.190828323364258
0,52,0.542076967264008,0.05730232795604029,0.144195556640625,2.190828323364258
0,53,0.5423935327494191,0.0578511334098154,0.03723335266113281,2.190828323364258
0,54,0.5424898612673177,0.05917916420533198,0.029672622680664062,2.190828323364258
0,55,0.5472297459741235,0.057096611151607246,0.15284061431884766,2.190828323364258
0,56,0.5475744626702355,0.057143792325965115,0.0460355281829834,2.190828323364258
0,57,0.5483055845239339,0.05581828549087958,0.06252408027648926,2.190828323364258
0,58,0.5505125467552958,0.05356113165527154,0.09305953979492188,2.190828323364258
0,59,0.5523026642056843,0.051695332871119715,0.07274556159973145,2.190828323364258
0,60,0.5527045302772311,0.051649308943900796,0.056102752685546875,2.190828323364258
0,61,0.5553634309716449,0.05048105681211079,0.09419608116149902,2.190828323364258
0,62,0.5583853725807633,0.04698307952760916,0.11112213134765625,2.190828323364258
0,63,0.5590544406784849,0.04682666580600092,0.060274362564086914,2.190828323364258
0,64,0.5591149990154457,0.04812596968029159,0.02966165542602539,2.190828323364258
0,65,0.563755267934296,0.047348562624143664,0.1487712860107422,2.190828323364258
0,66,0.5639483655085998,0.047332147974677774,0.03962540626525879,2.190828323364258
0,67,0.5641307835981404,0.049565147660280084,0.03667640686035156,2.190828323364258
0,68,0.567024153797276,0.05032301706350839,0.08920598030090332,2.190828323364258
0,69,0.5699769617690656,0.049065990916173585,0.0994415283203125,2.190828323364258
0,70,0.5702213201204219,0.048959027141651124,0.03765368461608887,2.190828323364258
0,71,0.570474351317791,0.047885689681416155,0.03667187690734863,2.190828323364258
0,72,0.5733361575425471,0.04629420823416208,0.11743021011352539,2.190828323364258
0,73,0.576361626453088,0.04277464021777,0.11959218978881836,2.190828323364258
0,74,0.5768946670799794,0.0427393522129933,0.04849720001220703,2.190828323364258
0,75,0.5769886701359245,0.04398476600600543,0.037207603454589844,2.190828323364258
0,76,0.5811527687902891,0.043848577503743824,0.15538740158081055,2.190828323364258
0,77,0.5813650475587675,0.044545621747580255,0.03836250305175781,2.190828323364258
0,78,0.5846619887848389,0.043945394642995184,0.13872623443603516,2.190828323364258
0,79,0.5848297228731636,0.04386191854607585,0.0373682975769043,2.190828323364258
0,80,0.5872307373204301,0.04268647391267216,0.11990880966186523,2.190828323364258
0,81,0.5653643294688148,0.08000000000000007,0.2907137870788574,2.190828323364258
0,82,0.5635248005022826,0.06853368237964985,0.32044315338134766,2.190828323364258
0,83,0.5634929796148547,0.07699999999999996,0.18430638313293457,2.190828323364258
0,84,0.5648571394566431,0.04794299755697118,0.1443333625793457,2.190828323364258
0,85,0.5654410701142265,0.0439011142013459,0.09948968887329102,2.190828323364258
0,86,0.565868777195234,0.04318474028520991,0.08877134323120117,2.190828323364258
0,87,0.567839107691182,0.04356444099928425,0.11150789260864258,2.190828323364258
0,88,0.5682520281576311,0.04156948385866771,0.06605815887451172,2.190828323364258
0,89,0.5714785357250971,0.039382867607708094,0.15751194953918457,2.190828323364258
0,90,0.5717445154478807,0.03817424939362768,0.043334007263183594,2.190828323364258
0,91,0.5718269941704566,0.038397639143634255,0.030617475509643555,2.190828323364258
0,92,0.5756272152929116,0.0363099069575572,0.19352340698242188,2.190828323364258
0,93,0.5758842518938097,0.0369042473192136,0.04147195816040039,2.190828323364258
0,94,0.5759709777739787,0.03916672053210268,0.03213930130004883,2.190828323364258
0,95,0.5795050886146487,0.03860350764055964,0.1852719783782959,2.190828323364258
0,96,0.5796883400056076,0.039226088735250686,0.04307246208190918,2.190828323364258
0,97,0.5818472252275343,0.03865158680270109,0.13024210929870605,2.190828323364258
0,98,0.5831159701738606,0.03836854111397453,0.09907078742980957,2.190828323364258
0,99,0.5843071693430273,0.03850562210019026,0.09096789360046387,2.190828323364258
0,100,0.5856492019965729,0.05150000000000002,0.10983729362487793,2.190828323364258
0,101,0.5870389927553468,0.05000000000000002,0.10780000686645508,2.190828323364258
0,102,0.5883934719171695,0.03601040405933842,0.10987091064453125,2.190828323364258
0,103,0.5896947232961915,0.03651962188109148,0.10895371437072754,2.190828323364258
0,104,0.5910639187161164,0.03590908487882383,0.11680412292480469,2.190828323364258
0,105,0.5923809287046529,0.035335244278386746,0.1143178939819336,2.190828323364258
0,106,0.5937212252100125,0.04250000000000001,0.11333203315734863,2.190828323364258
0,107,0.5950154858176973,0.04100000000000001,0.12569022178649902,2.190828323364258
0,108,0.5963796947730482,0.03950000000000001,0.11537814140319824,2.190828323364258
0,109,0.5975874136924124,0.03188045200548295,0.11116719245910645,2.190828323364258
0,110,0.5990613288584484,0.03226280919268287,0.1546335220336914,2.190828323364258
0,111,0.6003434162152412,0.03383136171418788,0.1399974822998047,2.190828323364258
0,112,0.6018285430313517,0.0335,0.15021204948425293,2.190828323364258
0,113,0.6031540551825936,0.03200000000000003,0.151519775390625,2.190828323364258
0,114,0.6044387726787996,0.030500000000000083,0.1443028450012207,2.190828323364258
0,115,0.6058144024207912,0.029000000000000026,0.1458725929260254,2.190828323364258
0,116,0.6071133961882368,0.02750000000000008,0.14551806449890137,2.190828323364258
0,117,0.6087390416007943,0.026000000000000023,0.19295763969421387,2.190828323364258
0,118,0.6098804873628108,0.024500000000000077,0.14802861213684082,2.190828323364258
0,119,0.6114362037955394,0.02300000000000002,0.20659565925598145,2.190828323364258
0,120,0.6123216841388053,0.021500000000000075,0.1168985366821289,2.190828323364258
0,121,0.5633559030489187,0.020000000000000073,0.5748205184936523,2.190828323364258
0,122,0.5619021200122395,0.020000000000000073,0.3479166030883789,2.190828323364258
0,123,0.5615713014588697,0.020000000000000018,0.17969727516174316,2.190828323364258
0,124,0.5611012870072503,0.020000000000000018,0.2630615234375,2.190828323364258
0,125,0.5608822668796822,0.020000000000000018,0.09312129020690918,2.190828323364258
0,126,0.5608163113697172,0.020000000000000018,0.09546470642089844,2.190828323364258
0,127,0.5606561997509432,0.020000000000000018,0.07017683982849121,2.190828323364258
0,128,0.5604936891851995,0.020000000000000018,0.08575773239135742,2.190828323364258
0,129,0.5603415158972964,0.020000000000000018,0.07339119911193848,2.190828323364258
0,130,0.5601704669576824,0.020000000000000018,0.07972526550292969,2.190828323364258
0,131,0.5600645181938432,0.020000000000000018,0.05685591697692871,2.190828323364258
0,132,0.5598126767014584,0.020000000000000018,0.109832763671875,2.190828323364258
0,133,0.5597537468392457,0.020000000000000018,0.05572676658630371,2.190828323364258
0,134,0.5595479792641443,0.020000000000000018,0.0859839916229248,2.190828323364258
0,135,0.5594242193870722,0.020000000000000018,0.07995390892028809,2.190828323364258
0,136,0.5593233328682635,0.020000000000000018,0.06012415885925293,2.190828323364258
0,137,0.55915783669122,0.020000000000000018,0.08544564247131348,2.190828323364258
0,138,0.5590741862573356,0.020000000000000018,0.05999755859375,2.190828323364258
0,139,0.5590208765363744,0.020000000000000018,0.04742574691772461,2.190828323364258
0,140,0.5587413897174078,0.020000000000000018,0.13077831268310547,2.190828323364258
0,141,0.5587264541643697,0.020000000000000018,0.041651248931884766,2.190828323364258
0,142,0.5586392258442716,0.020000000000000018,0.05781221389770508,2.190828323364258
0,143,0.5586295040324087,0.020000000000000018,0.03972315788269043,2.190828323364258
0,144,0.5584057379023578,0.020000000000000018,0.11435699462890625,2.190828323364258
0,145,0.5583963644253715,0.020000000000000018,0.044139862060546875,2.190828323364258
0,146,0.558326591755214,0.020000000000000018,0.14332342147827148,2.190828323364258
0,147,0.5582805170539111,0.020000000000000018,0.05205202102661133,2.190828323364258
0,148,0.5582420873515401,0.020000000000000018,0.04623866081237793,2.190828323364258
0,149,0.5580599870919194,0.020000000000000018,0.13845205307006836,2.190828323364258
0,150,0.5580521595350969,0.020000000000000018,0.04532742500305176,2.190828323364258
0,1,0.44888875781888704,0.20000000000000007,0.6871860027313232,2.184495449066162
0,2,0.427931741341944,0.1985,0.16884899139404297,2.190828323364258
0,3,0.42390367552460917,0.197,0.09186720848083496,2.190828323364258
0,4,0.42276852672290927,0.1310333465571002,0.06651520729064941,2.190828323364258
0,5,0.42211081108595516,0.08512692776011244,0.06737160682678223,2.190828323364258
0,6,0.42213172131923077,0.09278435769741011,0.036468505859375,2.190828323364258
0,7,0.422046770592696,0.11209389191918429,0.052765846252441406,2.190828323364258
0,8,0.4220678671142706,0.06624840009333544,0.03217291831970215,2.190828323364258
0,9,0.4222536259169484,0.07599992928366273,0.06794524192810059,2.190828323364258
0,10,0.4222996713162483,0.04773687053394826,0.02727031707763672,2.190828323364258
0,11,0.42241060707414463,0.05177547736026633,0.03149890899658203,2.190828323364258
0,12,0.4224333643068411,0.045312743424362645,0.024760007858276367,2.190828323364258
0,13,0.42472014365980637,0.057920290495594884,0.08115935325622559,2.190828323364258
0,14,0.42475777331831116,0.056574034138969,0.028649568557739258,2.190828323364258
0,15,0.42481126595158425,0.045818461931108834,0.028603315353393555,2.190828323364258
0,16,0.42491257496999646,0.0484232662127938,0.030292749404907227,2.190828323364258
0,17,0.42718644198139466,0.052069458762622034,0.06155061721801758,2.190828323364258
0,18,0.42977034191192987,0.03245500605751217,0.06212043762207031,2.190828323364258
0,19,0.42987660858907717,0.03392496323548033,0.029305458068847656,2.190828323364258
0,20,0.42990715993936474,0.03516836173613225,0.026841163635253906,2.190828323364258
0,21,0.4321166271316732,0.03749547811582077,0.06845307350158691,2.190828323364258
0,22,0.4324757481555355,0.033199612056711514,0.03933978080749512,2.190828323364258
0,23,0.4325408332146161,0.03338874700245664,0.027204036712646484,2.190828323364258
0,24,0.43260443487068545,0.027927407394792048,0.02910137176513672,2.190828323364258
0,25,0.43305130790973,0.026409416723307322,0.04178929328918457,2.190828323364258
0,26,0.43733993171317254,0.02442311567501243,0.09217429161071777,2.190828323364258
0,27,0.4374935997860787,0.026903967315547228,0.030852317810058594,2.190828323364258
0,28,0.4375069188420677,0.03285657796097785,0.025050878524780273,2.190828323364258
0,29,0.441487041710789,0.033882944360247746,0.10452914237976074,2.190828323364258
0,30,0.4415148804637434,0.036685976592325864,0.027924060821533203,2.190828323364258
0,31,0.4422513498374051,0.03629354040541094,0.05197334289550781,2.190828323364258
0,32,0.4422707954875888,0.03910562905831466,0.02629232406616211,2.190828323364258
0,33,0.4425967415163046,0.043194903777203364,0.04024481773376465,2.190828323364258
0,34,0.442614559643439,0.04924979591362666,0.029622793197631836,2.190828323364258
0,35,0.4461494944002077,0.048158845051594956,0.11158561706542969,2.190828323364258
0,36,0.44616470063780533,0.05312978626645015,0.025605201721191406,2.190828323364258
0,37,0.44974806310147397,0.05297075976405863,0.09582114219665527,2.190828323364258
0,38,0.44977102294957627,0.055775064330345625,0.02620530128479004,2.190828323364258
0,39,0.45007111263676375,0.0547536480974552,0.037454843521118164,2.190828323364258
0,40,0.45008561840817435,0.05527037473108287,0.024548768997192383,2.190828323364258
0,41,0.44923118306593834,0.12495027468054043,0.07836413383483887,2.190828323364258
0,42,0.4504371742602705,0.08945977504440272,0.14086627960205078,2.190828323364258
0,43,0.44962567613545606,0.07651237611795947,0.09194016456604004,2.190828323364258
0,44,0.450630737973269,0.05627524939823614,0.06284308433532715,2.190828323364258
0,45,0.4504509717376193,0.05563219673756614,0.05622458457946777,2.190828323364258
0,46,0.45064341265111907,0.05319541772847436,0.039273977279663086,2.190828323364258
0,47,0.45075911705272165,0.051654974281110544,0.02895522117614746,2.190828323364258
0,48,0.4507789931795916,0.03847101541009823,0.024188756942749023,2.190828323364258
0,49,0.4538516442413592,0.03645264966997597,0.10706734657287598,2.190828323364258
0,50,0.45396181110048467,0.04390874013004231,0.032277822494506836,2.190828323364258
0,51,0.4539827898702342,0.048149959586595625,0.02441716194152832,2.190828323364258
0,52,0.45740013547244823,0.048264260091692934,0.1300952434539795,2.190828323364258
0,53,0.45757024267057844,0.047494738308675455,0.03767228126525879,2.190828323364258
0,54,0.4575982868826449,0.0492914011903437,0.02533555030822754,2.190828323364258
0,55,0.45830754715144173,0.048440235137261145,0.07028532028198242,2.190828323364258
0,56,0.45853326545004347,0.05015573016485586,0.04496431350708008,2.190828323364258
0,57,0.4585949335967911,0.04961550052653885,0.03212738037109375,2.190828323364258
0,58,0.4586104071715468,0.04829402396097099,0.028012752532958984,2.190828323364258
0,59,0.46393899121230386,0.04361518135177578,0.16078805923461914,2.190828323364258
0,60,0.46410904472518066,0.04084346355961943,0.0384669303894043,2.190828323364258
0,61,0.4641345511381243,0.04185566236584415,0.026410341262817383,2.190828323364258
0,62,0.4643758377864119,0.04389728984635444,0.044107675552368164,2.190828323364258
0,63,0.464404926714171,0.04583467766905247,0.025786399841308594,2.190828323364258
0,64,0.46808877487120115,0.04268638874937691,0.14374065399169922,2.190828323364258
0,65,0.468110878723089,0.04505557141490568,0.02546095848083496,2.190828323364258
0,66,0.4683105524587984,0.046336338127283994,0.035592079162597656,2.190828323364258
0,67,0.4683462968478,0.04724398955716802,0.02751302719116211,2.190828323364258
0,68,0.47032768573976536,0.04576703267595217,0.10474419593811035,2.190828323364258
0,69,0.4703651293611799,0.045176898239487395,0.02785015106201172,2.190828323364258
0,70,0.4704016851896531,0.0444034530790855,0.0254361629486084,2.190828323364258
0,71,0.4728227216281262,0.04144378140336963,0.09642982482910156,2.190828323364258
0,72,0.4728450838297027,0.04066338452225138,0.025975704193115234,2.190828323364258
0,73,0.47499888268870694,0.04078883252575749,0.10522794723510742,2.190828323364258
0,74,0.47504867602906165,0.04145435378565632,0.029961824417114258,2.190828323364258
0,75,0.4751049701370863,0.042866618090629305,0.0293428897857666,2.190828323364258
0,76,0.47710608910762536,0.04242749272253643,0.08972978591918945,2.190828323364258
0,77,0.47866116988239404,0.04245061298902775,0.0856165885925293,2.190828323364258
0,78,0.478721028905613,0.04302237589158653,0.032419443130493164,2.190828323364258
0,79,0.47881108339989653,0.043556727232803016,0.03244280815124512,2.190828323364258
0,80,0.4804742152596397,0.041927185126594935,0.09015727043151855,2.190828323364258
0,81,0.4629720396334933,0.08000000000000007,0.29170894622802734,2.190828323364258
0,82,0.46234887567490046,0.07176894522233357,0.2664957046508789,2.190828323364258
0,83,0.4617534864696615,0.07699999999999996,0.16527581214904785,2.190828323364258
0,84,0.4629177651594798,0.07473945048732666,0.1050710678100586,2.190828323364258
0,85,0.46266657085249946,0.07400000000000007,0.09331297874450684,2.190828323364258
0,86,0.46335233419751787,0.07250000000000001,0.07567954063415527,2.190828323364258
0,87,0.4633589174726607,0.05107022513417325,0.06649994850158691,2.190828323364258
0,88,0.463887122255659,0.0505471183455628,0.058261871337890625,2.190828323364258
0,89,0.4656551489448849,0.050486565403514816,0.10709834098815918,2.190828323364258
0,90,0.465853957190895,0.05075172749314705,0.04617905616760254,2.190828323364258
0,91,0.4659086707819461,0.0510710372927059,0.038779497146606445,2.190828323364258
0,92,0.4659289200181719,0.05148329259825102,0.028386354446411133,2.190828323364258
0,93,0.4688291400793347,0.030703208430111983,0.16684699058532715,2.190828323364258
0,94,0.4689665478644237,0.031018584112984526,0.03781247138977051,2.190828323364258
0,95,0.4689884797093077,0.03084648225358999,0.026000499725341797,2.190828323364258
0,96,0.46984417577281556,0.030607605011187644,0.0725257396697998,2.190828323364258
0,97,0.46994274684833914,0.030794453309704983,0.03736543655395508,2.190828323364258
0,98,0.4711398662365859,0.030255334374001963,0.09557151794433594,2.190828323364258
0,99,0.47260728067920565,0.0260829055477807,0.10839962959289551,2.190828323364258
0,100,0.47277168424088184,0.024309487316100165,0.041586875915527344,2.190828323364258
0,101,0.4728055100868056,0.02522389512415979,0.03072381019592285,2.190828323364258
0,102,0.4742354668240035,0.02537589295172782,0.10067248344421387,2.190828323364258
0,103,0.47499468374903214,0.025867016462158166,0.09328556060791016,2.190828323364258
0,104,0.47503924816176835,0.02684938986162244,0.03237748146057129,2.190828323364258
0,105,0.47641736819905506,0.026548091960596487,0.12125349044799805,2.190828323364258
0,106,0.476505174717259,0.02725266569590923,0.03996443748474121,2.190828323364258
0,107,0.4776437478627401,0.02778631270462073,0.0991055965423584,2.190828323364258
0,108,0.4787084038585824,0.027409264579300152,0.11986541748046875,2.190828323364258
0,109,0.4787546575228814,0.02785869060449675,0.032990217208862305,2.190828323364258
0,110,0.4801518117083082,0.02742954694443045,0.14402532577514648,2.190828323364258
0,111,0.48074978704085214,0.02717028387049847,0.0860295295715332,2.190828323364258
0,112,0.4814687830575789,0.027217799766937834,0.10559988021850586,2.190828323364258
0,113,0.4821496605961634,0.027058536749062334,0.09989047050476074,2.190828323364258
0,114,0.48276796481289225,0.02697581757072476,0.0962364673614502,2.190828323364258
0,115,0.48346425334579324,0.02691778472262496,0.100250244140625,2.190828323364258
0,116,0.4841602049545015,0.027151241444726693,0.11144471168518066,2.190828323364258
0,117,0.4848967373644745,0.026000000000000023,0.12225556373596191,2.190828323364258
0,118,0.4853736934644647,0.024500000000000077,0.07800412178039551,2.190828323364258
0,119,0.4864784663741243,0.02300000000000002,0.16191315650939941,2.190828323364258
0,120,0.4867525321770657,0.021500000000000075,0.07790279388427734,2.190828323364258
0,121,0.4569729152400208,0.020000000000000073,0.5000858306884766,2.190828323364258
0,122,0.45651382357323317,0.020000000000000073,0.27675795555114746,2.190828323364258
0,123,0.4563921160535008,0.020000000000000018,0.11565113067626953,2.190828323364258
0,124,0.45650064107483207,0.020000000000000018,0.08610200881958008,2.190828323364258
0,125,0.45640768598852516,0.020000000000000018,0.06415534019470215,2.190828323364258
0,126,0.4564695921242182,0.020000000000000018,0.05956244468688965,2.190828323364258
0,127,0.4563982965421654,0.020000000000000018,0.07194924354553223,2.190828323364258
0,128,0.4564169159561644,0.020000000000000073,0.04288482666015625,2.190828323364258
0,129,0.45639860852143777,0.020000000000000018,0.048169612884521484,2.190828323364258
0,130,0.45640096036682243,0.020000000000000018,0.036865234375,2.190828323364258
0,131,0.4563665786429819,0.020000000000000018,0.05994391441345215,2.190828323364258
0,132,0.45636932347633,0.020000000000000018,0.03788900375366211,2.190828323364258
0,133,0.45634917084700544,0.020000000000000018,0.04681086540222168,2.190828323364258
0,134,0.45635109347571334,0.020000000000000018,0.02945685386657715,2.190828323364258
0,135,0.45633843941833774,0.020000000000000018,0.03874802589416504,2.190828323364258
0,136,0.4563382055947508,0.020000000000000018,0.030259132385253906,2.190828323364258
0,137,0.4562601096827583,0.020000000000000018,0.061898231506347656,2.190828323364258
0,138,0.4562443274299386,0.020000000000000018,0.04156327247619629,2.190828323364258
0,139,0.45624465171067663,0.020000000000000018,0.029982805252075195,2.190828323364258
0,140,0.4562454681507021,0.020000000000000018,0.029814958572387695,2.190828323364258
0,141,0.45624032654070235,0.020000000000000018,0.03653717041015625,2.190828323364258
0,142,0.45624021019668265,0.020000000000000018,0.02719593048095703,2.190828323364258
0,143,0.45621407014198423,0.020000000000000018,0.04348349571228027,2.190828323364258
0,144,0.45620394126824293,0.020000000000000018,0.03269171714782715,2.190828323364258
0,145,0.4562043242331732,0.020000000000000018,0.025715351104736328,2.190828323364258
0,146,0.45620429920535277,0.020000000000000018,0.02496623992919922,2.190828323364258
0,147,0.4562038260152598,0.020000000000000018,0.02436351776123047,2.190828323364258
0,148,0.45619863262594995,0.020000000000000018,0.030329227447509766,2.190828323364258
0,149,0.4561986680253458,0.020000000000000018,0.023675203323364258,2.190828323364258
0,150,0.4561985809602481,0.016251884000224814,0.02433466911315918,2.190828323364258
0,1,0.40455205932932103,0.20000000000000007,0.49150943756103516,2.184495449066162
0,2,0.3901642397973475,0.1985,0.20548319816589355,2.190828323364258
0,3,0.3889543213874527,0.197,0.07885336875915527,2.190828323364258
0,4,0.387742750486584,0.1955,0.10024023056030273,2.190828323364258
0,5,0.38765821276167167,0.08874242741012028,0.06142377853393555,2.190828323364258
0,6,0.38737429117115957,0.08304712179182405,0.05639195442199707,2.190828323364258
0,7,0.3873716864733414,0.07519920325965446,0.03618788719177246,2.190828323364258
0,8,0.3872516470768699,0.07899107291929308,0.046652793884277344,2.190828323364258
0,9,0.3871487252568548,0.06900468005324067,0.07513737678527832,2.190828323364258
0,10,0.3871656246320466,0.06054505195796389,0.034528255462646484,2.190828323364258
0,11,0.38719580951819943,0.04753500497270435,0.0357973575592041,2.190828323364258
0,12,0.3872000238021578,0.0474478267232844,0.03049778938293457,2.190828323364258
0,13,0.38781390987504594,0.05808529708941901,0.0834040641784668,2.190828323364258
0,14,0.38782438302506006,0.05371454175975765,0.03002643585205078,2.190828323364258
0,15,0.38784320830863855,0.045141048720860444,0.029173851013183594,2.190828323364258
0,16,0.38784588449032187,0.045659056594493874,0.027181148529052734,2.190828323364258
0,17,0.38795039799371156,0.05100758394062377,0.03997373580932617,2.190828323364258
0,18,0.387959969246398,0.04952492181316315,0.03305172920227051,2.190828323364258
0,19,0.3879861155072687,0.04603893717945651,0.027598857879638672,2.190828323364258
0,20,0.3891370236523642,0.04254817579257675,0.06617140769958496,2.190828323364258
0,21,0.3893098062920789,0.04162206292142068,0.04049825668334961,2.190828323364258
0,22,0.38932689430993117,0.028327282899123674,0.03119945526123047,2.190828323364258
0,23,0.3893417643858521,0.02839890061637873,0.028077363967895508,2.190828323364258
0,24,0.38936095673088555,0.027313073535186194,0.031455039978027344,2.190828323364258
0,25,0.38943475805086647,0.02571593218356405,0.03369426727294922,2.190828323364258
0,26,0.3911818342468536,0.023519624441215803,0.06890487670898438,2.190828323364258
0,27,0.3911928893846278,0.02753123281959491,0.033327579498291016,2.190828323364258
0,28,0.3913478569428722,0.024628895289361075,0.034682512283325195,2.190828323364258
0,29,0.3913659363926042,0.02943866390662936,0.029003143310546875,2.190828323364258
0,30,0.39142800934226085,0.03078544337421535,0.032166242599487305,2.190828323364258
0,31,0.3914395881520808,0.032868046741768187,0.024572372436523438,2.190828323364258
0,32,0.3933697152594712,0.030475782116930472,0.06386375427246094,2.190828323364258
0,33,0.39349290933759795,0.031339302364015054,0.03218221664428711,2.190828323364258
0,34,0.39350076631374026,0.03568748450212744,0.02518320083618164,2.190828323364258
0,35,0.39351998364133833,0.03852575038029504,0.025967121124267578,2.190828323364258
0,36,0.3935222124182133,0.045190081081110334,0.02725386619567871,2.190828323364258
0,37,0.3956993941389877,0.03986348025845765,0.07430458068847656,2.190828323364258
0,38,0.3957060187328756,0.04375045744526751,0.027915477752685547,2.190828323364258
0,39,0.3957162263210402,0.045401223987076356,0.03188800811767578,2.190828323364258
0,40,0.3957425146436456,0.0454081503265239,0.03084874153137207,2.190828323364258
0,41,0.3951809605103397,0.13473233147816654,0.06510734558105469,2.190828323364258
0,42,0.3949713656567946,0.07587782477069382,0.10698699951171875,2.190828323364258
0,43,0.3951166245318336,0.07115731947466641,0.056523799896240234,2.190828323364258
0,44,0.39512164990932297,0.06861621392469086,0.03739023208618164,2.190828323364258
0,45,0.3951251289386269,0.06789711904538442,0.030091047286987305,2.190828323364258
0,46,0.39512674256774505,0.07114786374351656,0.024943113327026367,2.190828323364258
0,47,0.39514399905389785,0.04357294362356079,0.030234813690185547,2.190828323364258
0,48,0.3951462007723584,0.04048291781925606,0.02562713623046875,2.190828323364258
0,49,0.3952120686575994,0.03786786819639332,0.03576779365539551,2.190828323364258
0,50,0.3967708855930813,0.03535453191086213,0.07217216491699219,2.190828323364258
0,51,0.39678005314914155,0.03455466723019596,0.029733657836914062,2.190828323364258
0,52,0.3968008199109563,0.027345356056295844,0.03027629852294922,2.190828323364258
0,53,0.3968135996438502,0.026293061091865466,0.04698514938354492,2.190828323364258
0,54,0.3989991837957533,0.029493417603462135,0.10351872444152832,2.190828323364258
0,55,0.39900748713382383,0.027316862163719535,0.030031919479370117,2.190828323364258
0,56,0.399185733303232,0.025821584738377146,0.04730081558227539,2.190828323364258
0,57,0.3991898912975988,0.028866030833330725,0.02899622917175293,2.190828323364258
0,58,0.39919459423902687,0.031253946114877085,0.04765033721923828,2.190828323364258
0,59,0.39923424275379216,0.03291114941277595,0.042017459869384766,2.190828323364258
0,60,0.3992367345671374,0.034947544985145074,0.028199434280395508,2.190828323364258
0,61,0.40274984957424625,0.030561869444639234,0.16171884536743164,2.190828323364258
0,62,0.4027612781287175,0.03150710325424133,0.027834415435791016,2.190828323364258
0,63,0.4027632634445026,0.032940462834921136,0.024969100952148438,2.190828323364258
0,64,0.4028392675223984,0.03209892134278958,0.0388484001159668,2.190828323364258
0,65,0.40284552687905595,0.032599943453001656,0.026371002197265625,2.190828323364258
0,66,0.4028910544708519,0.03266533520046144,0.031113862991333008,2.190828323364258
0,67,0.4029874933358365,0.031057668778304626,0.04060816764831543,2.190828323364258
0,68,0.4029916147638243,0.030967993826156615,0.026564598083496094,2.190828323364258
0,69,0.4040496951699356,0.028692723817384747,0.07439827919006348,2.190828323364258
0,70,0.40405121975675695,0.028327986846434727,0.02515578269958496,2.190828323364258
0,71,0.4055154698552612,0.02625911384363,0.09031152725219727,2.190828323364258
0,72,0.40552229978738663,0.028032454674720708,0.029716014862060547,2.190828323364258
0,73,0.40556943412939345,0.02900604028237852,0.033709049224853516,2.190828323364258
0,74,0.40561331896368347,0.02954958020823184,0.03354835510253906,2.190828323364258
0,75,0.40562191353937016,0.030878467982847435,0.028077363967895508,2.190828323364258
0,76,0.40562926146834233,0.032008748521570096,0.027016401290893555,2.190828323364258
0,77,0.40737136401942814,0.030828217216891662,0.09903311729431152,2.190828323364258
0,78,0.4086948937983628,0.02916783897757258,0.0910806655883789,2.190828323364258
0,79,0.40870680787733027,0.0288967591569822,0.029349088668823242,2.190828323364258
0,80,0.40871674834318594,0.029621106171662137,0.028666973114013672,2.190828323364258
0,81,0.40090013166982486,0.08000000000000007,0.24118733406066895,2.190828323364258
0,82,0.40089337895517196,0.07850000000000001,0.10557770729064941,2.190828323364258
0,83,0.4008723698790266,0.0750762410079635,0.07123994827270508,2.190828323364258
0,84,0.4010169851381041,0.07022101404094305,0.060805320739746094,2.190828323364258
0,85,0.4010210491688699,0.06278236592002695,0.052558183670043945,2.190828323364258
0,86,0.40107404208524344,0.06044987316848749,0.04518246650695801,2.190828323364258
0,87,0.4011291684031196,0.0604903475509605,0.04334402084350586,2.190828323364258
0,88,0.4011568905560893,0.0588878830433861,0.03796076774597168,2.190828323364258
0,89,0.4011961085475554,0.042414468884125145,0.03335237503051758,2.190828323364258
0,90,0.40122402247398925,0.04205400322775499,0.03331637382507324,2.190828323364258
0,91,0.40242197120668766,0.04122267504692956,0.0921318531036377,2.190828323364258
0,92,0.40243088632852453,0.040536155862075485,0.02953791618347168,2.190828323364258
0,93,0.40245603830461707,0.040228917555667265,0.03139662742614746,2.190828323364258
0,94,0.4025000434640069,0.02470565916625178,0.04066061973571777,2.190828323364258
0,95,0.40255652173451617,0.024058429996065778,0.03547263145446777,2.190828323364258
0,96,0.40256599575746066,0.02327517502186105,0.029712438583374023,2.190828323364258
0,97,0.4033954697527644,0.022709698511097498,0.06201338768005371,2.190828323364258
0,98,0.4042845860411475,0.023325240942737913,0.07166194915771484,2.190828323364258
0,99,0.40430994726972913,0.02236339303125834,0.033493995666503906,2.190828323364258
0,100,0.40432272355981946,0.02151316984892304,0.029881954193115234,2.190828323364258
0,101,0.40513810112500614,0.019697495723185687,0.08201098442077637,2.190828323364258
0,102,0.4059129664455653,0.019139693037316552,0.08006644248962402,2.190828323364258
0,103,0.4059347206210323,0.018145062183418714,0.03321552276611328,2.190828323364258
0,104,0.40594368285416094,0.016008915041677563,0.027718782424926758,2.190828323364258
0,105,0.4064886095120663,0.015918467723073704,0.08515262603759766,2.190828323364258
0,106,0.4064960917034133,0.015492632077220514,0.02883458137512207,2.190828323364258
0,107,0.40718906928592635,0.015316105828660942,0.09141659736633301,2.190828323364258
0,108,0.4071972186603092,0.014819445505241502,0.028992176055908203,2.190828323364258
0,109,0.4078316301441979,0.014404207917602552,0.09220051765441895,2.190828323364258
0,110,0.40784521125065554,0.014011676782874072,0.03250455856323242,2.190828323364258
0,111,0.40841140625396805,0.01414481214275809,0.09637689590454102,2.190828323364258
0,112,0.40841968882988333,0.013743298175152185,0.0297391414642334,2.190828323364258
0,113,0.409056352725911,0.013300637070508325,0.11208415031433105,2.190828323364258
0,114,0.40907244796915915,0.012971450418701846,0.036089420318603516,2.190828323364258
0,115,0.4096313888743054,0.012895856842425557,0.10826468467712402,2.190828323364258
0,116,0.4096421115891327,0.012795246668457327,0.03514504432678223,2.190828323364258
0,117,0.41021458258996124,0.012528863002660096,0.12948155403137207,2.190828323364258
0,118,0.41023478412608316,0.01270451618317614,0.04039502143859863,2.190828323364258
0,119,0.4108975649588088,0.012383393307312418,0.15268349647521973,2.190828323364258
0,120,0.4109232872229945,0.012486013715038546,0.04393911361694336,2.190828323364258
0,121,0.3984751779010654,0.020000000000000073,0.44881629943847656,2.190828323364258
0,122,0.39854969228711745,0.020000000000000018,0.1693129539489746,2.190828323364258
0,123,0.3984304924081306,0.020000000000000018,0.08642196655273438,2.190828323364258
0,124,0.3985388148343489,0.020000000000000018,0.08989691734313965,2.190828323364258
0,125,0.3984133513001463,0.020000000000000018,0.0705115795135498,2.190828323364258
0,126,0.3985124905518759,0.020000000000000018,0.07416343688964844,2.190828323364258
0,127,0.39839045607088286,0.020000000000000073,0.0700993537902832,2.190828323364258
0,128,0.3984796690840724,0.020000000000000073,0.06756734848022461,2.190828323364258
0,129,0.39837365856094964,0.020000000000000018,0.06516408920288086,2.190828323364258
0,130,0.3984429436689625,0.020000000000000018,0.059035301208496094,2.190828323364258
0,131,0.3983801567665962,0.020000000000000018,0.05378317832946777,2.190828323364258
0,132,0.39840371924775186,0.020000000000000018,0.05276632308959961,2.190828323364258
0,133,0.39838893543663834,0.020000000000000018,0.05016756057739258,2.190828323364258
0,134,0.39838743844305935,0.020000000000000018,0.04847145080566406,2.190828323364258
0,135,0.3983893685114571,0.020000000000000018,0.04026150703430176,2.190828323364258
0,136,0.39838523089650574,0.020000000000000018,0.03665351867675781,2.190828323364258
0,137,0.39835660919774923,0.020000000000000018,0.05962657928466797,2.190828323364258
0,138,0.3983564561416614,0.020000000000000018,0.03406834602355957,2.190828323364258
0,139,0.3983566445123739,0.020000000000000018,0.027823686599731445,2.190828323364258
0,140,0.3983614915219731,0.020000000000000018,0.04757547378540039,2.190828323364258
0,141,0.3983610626301926,0.020000000000000018,0.030252695083618164,2.190828323364258
0,142,0.3983600373418871,0.020000000000000018,0.037569522857666016,2.190828323364258
0,143,0.39836000361093504,0.020000000000000073,0.028070926666259766,2.190828323364258
0,144,0.3983610137322049,0.020000000000000018,0.034720420837402344,2.190828323364258
0,145,0.39836147019011325,0.020000000000000018,0.029383182525634766,2.190828323364258
0,146,0.39836192542527177,0.020000000000000018,0.026865005493164062,2.190828323364258
0,147,0.39808801771628294,0.020000000000000018,0.13308286666870117,2.190828323364258
0,148,0.39808834107575564,0.020000000000000018,0.028670787811279297,2.190828323364258
0,149,0.39808876608185323,0.020000000000000018,0.029964208602905273,2.190828323364258
0,150,0.39808993746410826,0.020000000000000018,0.03034496307373047,2.190828323364258
0,1,0.40372479594086597,0.20000000000000007,0.4254155158996582,2.184495449066162
0,2,0.3878615591101372,0.1985,0.19172430038452148,2.190828323364258
0,3,0.38673803174501503,0.197,0.09789872169494629,2.190828323364258
0,4,0.3858706994028547,0.1955,0.08838987350463867,2.190828323364258
0,5,0.3854291516213927,0.09638119827281189,0.05575251579284668,2.190828323364258
0,6,0.3854269335309861,0.07928987161317735,0.0344235897064209,2.190828323364258
0,7,0.3853292751673746,0.08015042494284264,0.040741682052612305,2.190828323364258
0,8,0.3853328265890028,0.059712391690276756,0.02779102325439453,2.190828323364258
0,9,0.38541872309582165,0.0707060806684,0.06062889099121094,2.190828323364258
0,10,0.3854236041689021,0.05941651209083609,0.029877185821533203,2.190828323364258
0,11,0.3854413816602329,0.056256169166109427,0.027819395065307617,2.190828323364258
0,12,0.3854904151791687,0.05857317608280821,0.03495454788208008,2.190828323364258
0,13,0.38554360473822724,0.04827150882469888,0.03203392028808594,2.190828323364258
0,14,0.3855544244597047,0.04690645250416492,0.026137113571166992,2.190828323364258
0,15,0.3855746171886666,0.04964668620125434,0.02896714210510254,2.190828323364258
0,16,0.38557672457811665,0.05122907810053423,0.02469325065612793,2.190828323364258
0,17,0.3859181051944206,0.05613321009138561,0.04751944541931152,2.190828323364258
0,18,0.38592921937905467,0.042339376615702085,0.024944305419921875,2.190828323364258
0,19,0.3859310269474292,0.03609318166144959,0.023250341415405273,2.190828323364258
0,20,0.3859571605575012,0.031852201707558314,0.02699899673461914,2.190828323364258
0,21,0.3859595569877749,0.027115533135568137,0.024018526077270508,2.190828323364258
0,22,0.38834507951493147,0.039303887363288714,0.07639932632446289,2.190828323364258
0,23,0.3883513779212252,0.03057465095695744,0.024000883102416992,2.190828323364258
0,24,0.38837100101133626,0.02756686416689713,0.025362014770507812,2.190828323364258
0,25,0.3883905453286452,0.028411602093080024,0.02549457550048828,2.190828323364258
0,26,0.3884333931047169,0.02911941476774471,0.024758577346801758,2.190828323364258
0,27,0.3885478481730686,0.023012895019618673,0.029589176177978516,2.190828323364258
0,28,0.3886559273375083,0.024737087153022586,0.0284578800201416,2.190828323364258
0,29,0.3886642727403464,0.029202030668331824,0.02335643768310547,2.190828323364258
0,30,0.38868422946647296,0.03174168298570479,0.024924516677856445,2.190828323364258
0,31,0.38870434954254907,0.03484664096238377,0.023945093154907227,2.190828323364258
0,32,0.39034834888801595,0.033631803379625236,0.06215381622314453,2.190828323364258
0,33,0.39234051290618605,0.029763530720310183,0.061960697174072266,2.190828323364258
0,34,0.3923482260325305,0.0316035105292804,0.02545022964477539,2.190828323364258
0,35,0.39236636348277654,0.03206768638570645,0.02605438232421875,2.190828323364258
0,36,0.3923683913410022,0.03360358559187876,0.02328634262084961,2.190828323364258
0,37,0.39243079763334887,0.03354151631974578,0.03143787384033203,2.190828323364258
0,38,0.3924334900272901,0.0399219361847597,0.023244857788085938,2.190828323364258
0,39,0.3925187436577561,0.03943130915207094,0.03201770782470703,2.190828323364258
0,40,0.3943285437315227,0.03952373583697488,0.060604095458984375,2.190828323364258
0,41,0.3934139644472215,0.13807818557409068,0.0637362003326416,2.190828323364258
0,42,0.3931744132674414,0.08064215605389291,0.08159804344177246,2.190828323364258
0,43,0.3932283188799909,0.07938217098219913,0.05127263069152832,2.190828323364258
0,44,0.39324273422480355,0.077125642348574,0.03324484825134277,2.190828323364258
0,45,0.3932448784192587,0.056225286982354294,0.02535557746887207,2.190828323364258
0,46,0.39324977454211074,0.04863043492809671,0.024498701095581055,2.190828323364258
0,47,0.39325894836156916,0.04526743287518986,0.024121522903442383,2.190828323364258
0,48,0.3934401834710769,0.042387345855155356,0.03790140151977539,2.190828323364258
0,49,0.393447120880284,0.03529272742961831,0.025337934494018555,2.190828323364258
0,50,0.3934647873810062,0.03208081728073087,0.0234067440032959,2.190828323364258
0,51,0.3935290476806881,0.031049723249495065,0.030101299285888672,2.190828323364258
0,52,0.39355151804754523,0.03130454234813762,0.02712225914001465,2.190828323364258
0,53,0.3935587958728417,0.032209259348553565,0.028345108032226562,2.190828323364258
0,54,0.39568009189984565,0.02871628516085384,0.08258342742919922,2.190828323364258
0,55,0.3956834632334047,0.02916377790223762,0.023171663284301758,2.190828323364258
0,56,0.3975009194396807,0.028084310073696828,0.08288311958312988,2.190828323364258
0,57,0.39751824011108794,0.027244848201961214,0.025313377380371094,2.190828323364258
0,58,0.3975267974936589,0.026886319047606744,0.024451255798339844,2.190828323364258
0,59,0.3976531336484649,0.02596335594098481,0.03220677375793457,2.190828323364258
0,60,0.3976564168946062,0.02528649821536011,0.023821353912353516,2.190828323364258
0,61,0.39772899623475305,0.02527477240773779,0.03412580490112305,2.190828323364258
0,62,0.39773198600294524,0.028850055670027297,0.024921894073486328,2.190828323364258
0,63,0.39921443263627765,0.02703120090353106,0.09433984756469727,2.190828323364258
0,64,0.3992331791156989,0.02879804036835376,0.026469707489013672,2.190828323364258
0,65,0.39923862423026063,0.031038792321241626,0.02397942543029785,2.190828323364258
0,66,0.4010746741196067,0.029969554043584035,0.07870841026306152,2.190828323364258
0,67,0.40107796334975365,0.03214271700267579,0.0233612060546875,2.190828323364258
0,68,0.4011617519146974,0.031675908035581624,0.03225111961364746,2.190828323364258
0,69,0.40116683005023934,0.033383809743184556,0.02991008758544922,2.190828323364258
0,70,0.4012147827528162,0.03378091913766401,0.030859947204589844,2.190828323364258
0,71,0.4024233009527978,0.03230768475874335,0.0752260684967041,2.190828323364258
0,72,0.402431653706701,0.03270395107682578,0.025240659713745117,2.190828323364258
0,73,0.40363406151536274,0.0314533588592924,0.08000040054321289,2.190828323364258
0,74,0.40364933010158305,0.03106049688759771,0.025058507919311523,2.190828323364258
0,75,0.40366898954575414,0.030759620498837348,0.025452375411987305,2.190828323364258
0,76,0.40376303250098416,0.029615551962540232,0.03317737579345703,2.190828323364258
0,77,0.4038079405102307,0.02875811586828292,0.030229806900024414,2.190828323364258
0,78,0.4038146105413989,0.02955038196598303,0.02572035789489746,2.190828323364258
0,79,0.403819868298422,0.03095807564651676,0.028575420379638672,2.190828323364258
0,80,0.4061492225721939,0.027036803559549183,0.13845038414001465,2.190828323364258
0,81,0.39818883950576445,0.08000000000000007,0.2268381118774414,2.190828323364258
0,82,0.39812998337568173,0.07850000000000001,0.08509206771850586,2.190828323364258
0,83,0.3981519118363854,0.07700000000000007,0.06002688407897949,2.190828323364258
0,84,0.3982062603989637,0.0752264321130266,0.04679083824157715,2.190828323364258
0,85,0.3982447845260044,0.07399999999999995,0.04238462448120117,2.190828323364258
0,86,0.39826793765228696,0.05450403241139545,0.03584718704223633,2.190828323364258
0,87,0.3983101813103333,0.05707927858610029,0.034947872161865234,2.190828323364258
0,88,0.39833148234545884,0.0592059319753232,0.02962040901184082,2.190828323364258
0,89,0.39835547751833744,0.0504115953871902,0.03026270866394043,2.190828323364258
0,90,0.3989707610998492,0.048187095017303005,0.05624532699584961,2.190828323364258
0,91,0.39953470430007726,0.03578234346401943,0.05685615539550781,2.190828323364258
0,92,0.3995528873203301,0.03531306744671869,0.027959108352661133,2.190828323364258
0,93,0.39955609271471726,0.0355606390862796,0.02417731285095215,2.190828323364258
0,94,0.3996447560290095,0.03505503220624506,0.040085554122924805,2.190828323364258
0,95,0.399650734237621,0.03484725421460211,0.027932405471801758,2.190828323364258
0,96,0.40043373994349085,0.03716089544892087,0.06693482398986816,2.190828323364258
0,97,0.40043701265245335,0.036970719525675655,0.03401374816894531,2.190828323364258
0,98,0.4012801317951651,0.025635805480381246,0.08653688430786133,2.190828323364258
0,99,0.4012856531052905,0.02226629148539283,0.02897477149963379,2.190828323364258
0,100,0.4020807475073773,0.02126033576394204,0.08185958862304688,2.190828323364258
0,101,0.4020850866009711,0.0208182535172049,0.026813268661499023,2.190828323364258
0,102,0.4028272397102074,0.020766632405861407,0.08716988563537598,2.190828323364258
0,103,0.40283306459825996,0.020152443286835853,0.03118729591369629,2.190828323364258
0,104,0.40286847000026293,0.020035164436330133,0.04234647750854492,2.190828323364258
0,105,0.40287508224266966,0.019263424555466147,0.030334949493408203,2.190828323364258
0,106,0.4037310699586434,0.018684953414644045,0.11511397361755371,2.190828323364258
0,107,0.40374038726960093,0.017972946668063372,0.03330111503601074,2.190828323364258
0,108,0.40454770430988773,0.01737558208867096,0.11153841018676758,2.190828323364258
0,109,0.404554916754717,0.015581340755393414,0.0328974723815918,2.190828323364258
0,110,0.4050791362959344,0.014874841571203778,0.08533096313476562,2.190828323364258
0,111,0.4050911005105498,0.014342165710905186,0.030149221420288086,2.190828323364258
0,112,0.40553639797737,0.01450981694346909,0.08630490303039551,2.190828323364258
0,113,0.4055443624690266,0.01400536444035827,0.03057241439819336,2.190828323364258
0,114,0.4061367776818151,0.0136000908357089,0.09222722053527832,2.190828323364258
0,115,0.40615315418472203,0.013163900019338537,0.03587055206298828,2.190828323364258
0,116,0.40670799979287575,0.01328253691790826,0.09076929092407227,2.190828323364258
0,117,0.4071734823404993,0.012464906887599936,0.09086847305297852,2.190828323364258
0,118,0.40720528652422505,0.012192250014239847,0.04184603691101074,2.190828323364258
0,119,0.4076407901188014,0.012199939129646897,0.09726238250732422,2.190828323364258
0,120,0.4080154780727635,0.011552867171236714,0.08880829811096191,2.190828323364258
0,121,0.39610606202135124,0.020000000000000073,0.4387831687927246,2.190828323364258
0,122,0.3962200525494455,0.020000000000000018,0.1506953239440918,2.190828323364258
0,123,0.39609169959629775,0.020000000000000018,0.08743977546691895,2.190828323364258
0,124,0.3962026259917927,0.020000000000000018,0.0775916576385498,2.190828323364258
0,125,0.39606984343642326,0.020000000000000046,0.07500791549682617,2.190828323364258
0,126,0.3961812605636775,0.020000000000000018,0.0761418342590332,2.190828323364258
0,127,0.3960474357282221,0.020000000000000018,0.07158041000366211,2.190828323364258
0,128,0.39615075022308954,0.020000000000000073,0.07862424850463867,2.190828323364258
0,129,0.3960274218586646,0.020000000000000073,0.08051824569702148,2.190828323364258
0,130,0.3961220137807311,0.020000000000000073,0.06970477104187012,2.190828323364258
0,131,0.3960122161298917,0.020000000000000018,0.06644010543823242,2.190828323364258
0,132,0.3960921631888746,0.020000000000000073,0.06125926971435547,2.190828323364258
0,133,0.39601724259393356,0.020000000000000018,0.05536508560180664,2.190828323364258
0,134,0.39605839003594717,0.020000000000000046,0.05287623405456543,2.190828323364258
0,135,0.3960266712631154,0.020000000000000018,0.04734444618225098,2.190828323364258
0,136,0.396039589425201,0.020000000000000018,0.04697918891906738,2.190828323364258
0,137,0.3960294823202467,0.020000000000000073,0.042722225189208984,2.190828323364258
0,138,0.39603162194579455,0.020000000000000018,0.040012359619140625,2.190828323364258
0,139,0.3960317204264672,0.020000000000000018,0.036010026931762695,2.190828323364258
0,140,0.3960294291351659,0.020000000000000018,0.03181147575378418,2.190828323364258
0,141,0.39603239649391875,0.020000000000000018,0.029373645782470703,2.190828323364258
0,142,0.3960357748045201,0.020000000000000018,0.05240321159362793,2.190828323364258
0,143,0.3960345091163598,0.020000000000000018,0.028210878372192383,2.190828323364258
0,144,0.39603462588650334,0.020000000000000018,0.024874448776245117,2.190828323364258
0,145,0.3960343178290899,0.020000000000000018,0.0302886962890625,2.190828323364258
0,146,0.39603440752047514,0.020000000000000018,0.024671554565429688,2.190828323364258
0,147,0.39601990486234573,0.020000000000000018,0.04765605926513672,2.190828323364258
0,148,0.3960199399166061,0.020000000000000018,0.025792837142944336,2.190828323364258
0,149,0.3960203629872755,0.020000000000000018,0.024893999099731445,2.190828323364258
0,150,0.39582164568060907,0.020000000000000018,0.07820558547973633,2.190828323364258
0,1,0.5007888288097373,0.2,0.6279947757720947,2.184495449066162
0,2,0.47349188946405985,0.1985,0.1767258644104004,2.190828323364258
0,3,0.4667741679995715,0.197,0.11574745178222656,2.190828323364258
0,4,0.46558962503911994,0.1084914467877417,0.0648646354675293,2.190828323364258
0,5,0.46501264691538124,0.12851078200062227,0.06451034545898438,2.190828323364258
0,6,0.4651083115765319,0.10697108877861272,0.039817094802856445,2.190828323364258
0,7,0.4654966745966842,0.08568679433247695,0.06789422035217285,2.190828323364258
0,8,0.46563463079742357,0.08019763160294502,0.033570051193237305,2.190828323364258
0,9,0.4670182841019216,0.08998571447986481,0.08068037033081055,2.190828323364258
0,10,0.4671090655467676,0.06419336131308306,0.03208470344543457,2.190828323364258
0,11,0.4702380513671619,0.05973291239048384,0.07504653930664062,2.190828323364258
0,12,0.47034685416582456,0.04902823421567437,0.029232025146484375,2.190828323364258
0,13,0.4741213327733492,0.04928745052306793,0.07234811782836914,2.190828323364258
0,14,0.4741969733821376,0.05192072380325885,0.028688430786132812,2.190828323364258
0,15,0.47889159067002596,0.05566831786040982,0.0983572006225586,2.190828323364258
0,16,0.4790024499476774,0.040824079019230686,0.02827596664428711,2.190828323364258
0,17,0.4836580929333328,0.0433138014806026,0.09905362129211426,2.190828323364258
0,18,0.48374170730539123,0.04301017966472298,0.027692556381225586,2.190828323364258
0,19,0.48487696239539524,0.044312973678468204,0.048418283462524414,2.190828323364258
0,20,0.484962430730165,0.03381748818813213,0.0316462516784668,2.190828323364258
0,21,0.48987031262013203,0.033635501564896364,0.11622786521911621,2.190828323364258
0,22,0.49015160515024925,0.03399485968834626,0.03487706184387207,2.190828323364258
0,23,0.4902045899092869,0.03376054931411798,0.025478839874267578,2.190828323364258
0,24,0.4955818231905729,0.03657823348585176,0.10947942733764648,2.190828323364258
0,25,0.4956835272151062,0.031275889389141054,0.029432296752929688,2.190828323364258
0,26,0.49855036246440715,0.032563627263298256,0.06660985946655273,2.190828323364258
0,27,0.4988646179153493,0.03490483385035825,0.03262472152709961,2.190828323364258
0,28,0.4993471501772706,0.04125768355677306,0.03990483283996582,2.190828323364258
0,29,0.5034694583085674,0.04370927556107296,0.09049105644226074,2.190828323364258
0,30,0.5074629539020412,0.047171551633076514,0.09905076026916504,2.190828323364258
0,31,0.5077938823204585,0.04960026834808573,0.037668704986572266,2.190828323364258
0,32,0.5078621059959011,0.051684052356499144,0.02753138542175293,2.190828323364258
0,33,0.5119702654538416,0.053720212189929284,0.10375070571899414,2.190828323364258
0,34,0.5120968736904882,0.05964393245728983,0.030967235565185547,2.190828323364258
0,35,0.5122024615664171,0.06367369888766239,0.030640602111816406,2.190828323364258
0,36,0.5165435933374427,0.0659965565017121,0.12486910820007324,2.190828323364258
0,37,0.5198969163215582,0.06467520100939406,0.09941816329956055,2.190828323364258
0,38,0.5203347657746764,0.06448019783672854,0.040253400802612305,2.190828323364258
0,39,0.5204122068621505,0.0625407594847992,0.028455495834350586,2.190828323364258
0,40,0.5230389853422991,0.06307704174501216,0.08393406867980957,2.190828323364258
0,41,0.5279828905834845,0.12647076072114194,0.23190569877624512,2.190828323364258
0,42,0.528735749596489,0.09056781420520366,0.1817164421081543,2.190828323364258
0,43,0.5286505654312073,0.07040556274797605,0.09533834457397461,2.190828323364258
0,44,0.5294695451187909,0.06953378702939816,0.06741714477539062,2.190828323364258
0,45,0.5307796729830202,0.0702710149452741,0.07834005355834961,2.190828323364258
0,46,0.5311795570382727,0.0702084101984583,0.038573265075683594,2.190828323364258
0,47,0.5312675095829908,0.06835268562672947,0.027466535568237305,2.190828323364258
0,48,0.5346075884843635,0.06330538113828044,0.07907819747924805,2.190828323364258
0,49,0.5347888102448828,0.06007043048979055,0.03476738929748535,2.190828323364258
0,50,0.5348453711230272,0.0592973449899471,0.025258541107177734,2.190828323364258
0,51,0.5397637566757099,0.05623650638008015,0.12065529823303223,2.190828323364258
0,52,0.540151808379262,0.055697180816935754,0.040307044982910156,2.190828323364258
0,53,0.5402669938268136,0.05911690169067707,0.032352447509765625,2.190828323364258
0,54,0.546099101808516,0.05829746431469229,0.15000104904174805,2.190828323364258
0,55,0.5462740604792076,0.05800948090329483,0.03595471382141113,2.190828323364258
0,56,0.5465309857134479,0.057122700261591,0.03302192687988281,2.190828323364258
0,57,0.548282191200501,0.05508273099504568,0.06823134422302246,2.190828323364258
0,58,0.5512417849446989,0.05334469107408102,0.09883999824523926,2.190828323364258
0,59,0.5513334686007371,0.05375020010932252,0.028637170791625977,2.190828323364258
0,60,0.5547746358523673,0.050850807915588436,0.1209254264831543,2.190828323364258
0,61,0.5548508545085944,0.04960567798703652,0.028906822204589844,2.190828323364258
0,62,0.5549325919553283,0.04795804619460298,0.028225421905517578,2.190828323364258
0,63,0.5608405515338739,0.045133465852332355,0.17432785034179688,2.190828323364258
0,64,0.5612005249317853,0.04600979414724127,0.04177737236022949,2.190828323364258
0,65,0.5613109758931583,0.047316701072843026,0.031693220138549805,2.190828323364258
0,66,0.5631169759385444,0.04870514874129095,0.08356642723083496,2.190828323364258
0,67,0.5632854532173306,0.05067690704767136,0.038800716400146484,2.190828323364258
0,68,0.566445101619109,0.04855546016562151,0.10915923118591309,2.190828323364258
0,69,0.569702808167367,0.04884573275823978,0.11542606353759766,2.190828323364258
0,70,0.5702077063056012,0.04909480051732451,0.04096269607543945,2.190828323364258
0,71,0.5702957508017397,0.04814480946192262,0.030990123748779297,2.190828323364258
0,72,0.5744940716048013,0.04585487002432859,0.13318276405334473,2.190828323364258
0,73,0.574921536902661,0.04414589978253658,0.047901153564453125,2.190828323364258
0,74,0.5756212131227667,0.04324018586117673,0.06194877624511719,2.190828323364258
0,75,0.5758058748205743,0.0445358847366335,0.038717031478881836,2.190828323364258
0,76,0.5794251788010264,0.045166391802043626,0.11770391464233398,2.190828323364258
0,77,0.5828170556834136,0.043981950745952125,0.1107633113861084,2.190828323364258
0,78,0.583011642738434,0.043994239240952804,0.04041099548339844,2.190828323364258
0,79,0.5853327753931499,0.044100167048513716,0.09583544731140137,2.190828323364258
0,80,0.5857594484325368,0.04318999501088061,0.05191802978515625,2.190828323364258
0,81,0.5653780231265226,0.08000000000000007,0.26622676849365234,2.190828323364258
0,82,0.5635308873991844,0.06953719987489992,0.2988913059234619,2.190828323364258
0,83,0.563457836677873,0.07699999999999996,0.17959117889404297,2.190828323364258
0,84,0.5648251985684405,0.04255145898768631,0.12660002708435059,2.190828323364258
0,85,0.5654022647136722,0.043845900626516277,0.10867142677307129,2.190828323364258
0,86,0.5660038553855065,0.0429310085670811,0.08954358100891113,2.190828323364258
0,87,0.567317420345941,0.04330382665487981,0.08958315849304199,2.190828323364258
0,88,0.5688064750211671,0.041070337463211204,0.09964799880981445,2.190828323364258
0,89,0.5712765569473304,0.03889647472425023,0.15217065811157227,2.190828323364258
0,90,0.5714645613917658,0.03792298767026947,0.038170814514160156,2.190828323364258
0,91,0.5716565180284259,0.038685412348381965,0.03635740280151367,2.190828323364258
0,92,0.573780555830095,0.037322482917805155,0.1120908260345459,2.190828323364258
0,93,0.5762029013678469,0.03713781543199168,0.12776541709899902,2.190828323364258
0,94,0.5770270339451679,0.03786419162877264,0.06650614738464355,2.190828323364258
0,95,0.5779864931877423,0.039810442327582796,0.07915329933166504,2.190828323364258
0,96,0.5797876801455359,0.038860187111356304,0.1126549243927002,2.190828323364258
0,97,0.5815831320451941,0.03849287150794167,0.11974287033081055,2.190828323364258
0,98,0.5824315326752141,0.03859252075220676,0.06870317459106445,2.190828323364258
0,99,0.5844524589786891,0.052533692130106946,0.14643239974975586,2.190828323364258
0,100,0.5847059384842783,0.05150000000000002,0.046647071838378906,2.190828323364258
0,101,0.587543327422247,0.03612890306415254,0.18428349494934082,2.190828323364258
0,102,0.5877830060512372,0.036350178836268676,0.044344186782836914,2.190828323364258
0,103,0.5897321957518368,0.0363503555359147,0.13208413124084473,2.190828323364258
0,104,0.5910159755073823,0.035970766543149735,0.10293722152709961,2.190828323364258
0,105,0.5924059044893499,0.04400000000000001,0.10240507125854492,2.190828323364258
0,106,0.5934189301373224,0.04250000000000001,0.08064389228820801,2.190828323364258
0,107,0.5955670245170845,0.04100000000000001,0.17795658111572266,2.190828323364258
0,108,0.5958168495824878,0.03828445766255354,0.04988861083984375,2.190828323364258
0,109,0.5981350207273805,0.031002048397080262,0.1984853744506836,2.190828323364258
0,110,0.5984640946727469,0.03307363981290257,0.053472042083740234,2.190828323364258
0,111,0.6007559553267375,0.03363951888716854,0.20098543167114258,2.190828323364258
0,112,0.601384527055175,0.0335,0.0814511775970459,2.190828323364258
0,113,0.6034316885138173,0.03200000000000003,0.1932828426361084,2.190828323364258
0,114,0.6042219147866664,0.030500000000000083,0.09831595420837402,2.190828323364258
0,115,0.6060575426217689,0.029000000000000026,0.19530606269836426,2.190828323364258
0,116,0.6069129181085036,0.02750000000000008,0.09910368919372559,2.190828323364258
0,117,0.6087371833577869,0.026000000000000023,0.19696879386901855,2.190828323364258
0,118,0.6096192561292175,0.024500000000000077,0.10391116142272949,2.190828323364258
0,119,0.6113770964413703,0.02300000000000002,0.19765615463256836,2.190828323364258
0,120,0.6123382901996147,0.021500000000000075,0.10461902618408203,2.190828323364258
0,121,0.5633563019776122,0.020000000000000073,0.5281009674072266,2.190828323364258
0,122,0.5619003983482223,0.020000000000000073,0.3249082565307617,2.190828323364258
0,123,0.5615698661635764,0.020000000000000018,0.18061232566833496,2.190828323364258
0,124,0.5611155189365656,0.020000000000000018,0.22088003158569336,2.190828323364258
0,125,0.5608962436101657,0.020000000000000018,0.07972574234008789,2.190828323364258
0,126,0.560827506503356,0.020000000000000018,0.08796429634094238,2.190828323364258
0,127,0.5606588852144381,0.020000000000000018,0.07322096824645996,2.190828323364258
0,128,0.5604985146396191,0.020000000000000018,0.08731746673583984,2.190828323364258
0,129,0.5603452788138028,0.020000000000000018,0.0737299919128418,2.190828323364258
0,130,0.5601789568062492,0.020000000000000018,0.08275604248046875,2.190828323364258
0,131,0.5600670711395812,0.020000000000000018,0.0693199634552002,2.190828323364258
0,132,0.5598189640627735,0.020000000000000018,0.10019683837890625,2.190828323364258
0,133,0.5597626515461327,0.020000000000000018,0.04766082763671875,2.190828323364258
0,134,0.5595533872521765,0.020000000000000018,0.07879018783569336,2.190828323364258
0,135,0.5594331058539419,0.020000000000000018,0.0731651782989502,2.190828323364258
0,136,0.5593350636112668,0.020000000000000018,0.05581068992614746,2.190828323364258
0,137,0.5591615115124756,0.020000000000000018,0.07965707778930664,2.190828323364258
0,138,0.5590811564940418,0.020000000000000018,0.054963111877441406,2.190828323364258
0,139,0.5590292952850043,0.020000000000000018,0.042945146560668945,2.190828323364258
0,140,0.558740240687596,0.020000000000000018,0.1284329891204834,2.190828323364258
0,141,0.5587258685721019,0.020000000000000018,0.03940582275390625,2.190828323364258
0,142,0.5586391352734859,0.020000000000000018,0.050901174545288086,2.190828323364258
0,143,0.5585875910519824,0.020000000000000018,0.04807281494140625,2.190828323364258
0,144,0.5585130802174852,0.020000000000000018,0.04794669151306152,2.190828323364258
0,145,0.5583465245169286,0.020000000000000018,0.08257460594177246,2.190828323364258
0,146,0.5582965464724512,0.020000000000000018,0.11315584182739258,2.190828323364258
0,147,0.5582561367165584,0.020000000000000018,0.04517412185668945,2.190828323364258
0,148,0.5582177936996271,0.020000000000000018,0.040660858154296875,2.190828323364258
0,149,0.5580850081442733,0.020000000000000018,0.06813573837280273,2.190828323364258
0,150,0.5580746312197145,0.020000000000000018,0.03451895713806152,2.190828323364258
0,1,0.4488846489675399,0.20000000000000007,0.847977876663208,2.184495449066162
0,2,0.42790214353771583,0.1985,0.1942138671875,2.190828323364258
0,3,0.4239261759859292,0.197,0.09499478340148926,2.190828323364258
0,4,0.42273547558932534,0.1305783743859078,0.0698704719543457,2.190828323364258
0,5,0.4220793381965898,0.08553757160931008,0.06734228134155273,2.190828323364258
0,6,0.4221043898048734,0.0926352493357423,0.03749799728393555,2.190828323364258
0,7,0.4220358142300268,0.11149509306058736,0.05228829383850098,2.190828323364258
0,8,0.42205620351502315,0.06603491381391269,0.03274369239807129,2.190828323364258
0,9,0.4221609447468873,0.07536151637028266,0.052162885665893555,2.190828323364258
0,10,0.42233064826033206,0.053836931347824746,0.04155468940734863,2.190828323364258
0,11,0.42240886437745195,0.05116248848431282,0.032854557037353516,2.190828323364258
0,12,0.4224458898625284,0.04644558267973975,0.02786111831665039,2.190828323364258
0,13,0.42470843240164236,0.05357420229291632,0.07628488540649414,2.190828323364258
0,14,0.4247411431685916,0.053581373932798604,0.027907848358154297,2.190828323364258
0,15,0.4248193954199863,0.046833310141314644,0.029329538345336914,2.190828323364258
0,16,0.4248307071870594,0.047606280747763075,0.024269819259643555,2.190828323364258
0,17,0.4253438648838571,0.057034871402643295,0.042351484298706055,2.190828323364258
0,18,0.4253863894809648,0.03445050673369332,0.02819967269897461,2.190828323364258
0,19,0.4282776604794211,0.03952582175400776,0.06273078918457031,2.190828323364258
0,20,0.43206046937868303,0.037214028016007705,0.08821344375610352,2.190828323364258
0,21,0.43218431970964666,0.03292295200961781,0.03209805488586426,2.190828323364258
0,22,0.4323447516473536,0.0345908589761722,0.03196263313293457,2.190828323364258
0,23,0.43514094104051854,0.03547386679910036,0.06773972511291504,2.190828323364258
0,24,0.43514895125349473,0.031116704485623314,0.025266647338867188,2.190828323364258
0,25,0.43593362510949096,0.028005962932249773,0.04977750778198242,2.190828323364258
0,26,0.4359498637168189,0.028737642715743972,0.024344682693481445,2.190828323364258
0,27,0.4363312544113914,0.02810051890149534,0.04718184471130371,2.190828323364258
0,28,0.43634294834850307,0.03438624275042523,0.02433633804321289,2.190828323364258
0,29,0.4364025268914158,0.03680668375384333,0.028438329696655273,2.190828323364258
0,30,0.4364137930130475,0.04160079212602408,0.02463984489440918,2.190828323364258
0,31,0.44476236810778663,0.03421834117200312,0.1863851547241211,2.190828323364258
0,32,0.4448739582787167,0.0350896243601348,0.03612112998962402,2.190828323364258
0,33,0.4450468818366785,0.03605604356807496,0.031487226486206055,2.190828323364258
0,34,0.4455054153661735,0.042851556889542564,0.039029598236083984,2.190828323364258
0,35,0.44556849486687,0.04635428715230461,0.028495073318481445,2.190828323364258
0,36,0.44649770333244587,0.05200849697768639,0.054058074951171875,2.190828323364258
0,37,0.44801741660534167,0.053185380695778495,0.06506824493408203,2.190828323364258
0,38,0.4481112443960107,0.055513592946609625,0.04178643226623535,2.190828323364258
0,39,0.4481286362903975,0.05788909922153629,0.029199600219726562,2.190828323364258
0,40,0.4532260370278305,0.053376650044987095,0.15204954147338867,2.190828323364258
0,41,0.4514344965372696,0.12312494379348182,0.08339333534240723,2.190828323364258
0,42,0.4513482136352329,0.08895197514998854,0.15652704238891602,2.190828323364258
0,43,0.4503669826067568,0.07622658785961156,0.08823513984680176,2.190828323364258
0,44,0.45139837474752587,0.05738519011828014,0.06322193145751953,2.190828323364258
0,45,0.451183304858757,0.056656468929299986,0.044490814208984375,2.190828323364258
0,46,0.4513743939358237,0.05383847611730064,0.03618884086608887,2.190828323364258
0,47,0.4514876097457622,0.04275640098479483,0.029255151748657227,2.190828323364258
0,48,0.45150754958269346,0.03728596549251617,0.024222373962402344,2.190828323364258
0,49,0.45408691381166705,0.0373658765854179,0.08694338798522949,2.190828323364258
0,50,0.45419132503539233,0.04282467903659948,0.033535003662109375,2.190828323364258
0,51,0.454211862623742,0.04760155010109801,0.027199268341064453,2.190828323364258
0,52,0.4556212535502067,0.04964219631612943,0.06884932518005371,2.190828323364258
0,53,0.4557559086799343,0.05019373740971722,0.03996419906616211,2.190828323364258
0,54,0.45576796328435043,0.05203866004612012,0.024566173553466797,2.190828323364258
0,55,0.4584276199792846,0.048515237194892036,0.0845494270324707,2.190828323364258
0,56,0.45862391375216444,0.050122767660568224,0.03794455528259277,2.190828323364258
0,57,0.45866010404984925,0.04955048827910513,0.028164148330688477,2.190828323364258
0,58,0.45871711362201517,0.04875481867887188,0.028589963912963867,2.190828323364258
0,59,0.4616200268822558,0.04589634134843951,0.09743642807006836,2.190828323364258
0,60,0.46426895859142164,0.04168559184945253,0.0978240966796875,2.190828323364258
0,61,0.46441084240547137,0.04041451603584367,0.03279376029968262,2.190828323364258
0,62,0.46450868453100636,0.042246164218022075,0.029569149017333984,2.190828323364258
0,63,0.46454944818905525,0.04409852265869407,0.025675296783447266,2.190828323364258
0,64,0.46691723829619397,0.043959130129048285,0.1027536392211914,2.190828323364258
0,65,0.46696436214912573,0.045628507931711804,0.029583215713500977,2.190828323364258
0,66,0.4669771443782963,0.047869647455465736,0.024893999099731445,2.190828323364258
0,67,0.46939756773704155,0.04601116280139783,0.11334848403930664,2.190828323364258
0,68,0.4694515833234129,0.046110732516998765,0.04039573669433594,2.190828323364258
0,69,0.4715488132846611,0.04476112556014289,0.09047913551330566,2.190828323364258
0,70,0.4715896523710633,0.04372497163508521,0.02874588966369629,2.190828323364258
0,71,0.47255964442675646,0.04088333308741393,0.06311988830566406,2.190828323364258
0,72,0.4725783930625961,0.03952229193495327,0.03044295310974121,2.190828323364258
0,73,0.4744059292822418,0.040685174750120345,0.09347152709960938,2.190828323364258
0,74,0.47444864298571443,0.04189372111271905,0.030882596969604492,2.190828323364258
0,75,0.4766533220601134,0.041353422237510484,0.09580445289611816,2.190828323364258
0,76,0.47683494074447763,0.04323770887981426,0.039723873138427734,2.190828323364258
0,77,0.4769596680606164,0.04389078125357593,0.04014253616333008,2.190828323364258
0,78,0.47877349332824015,0.043981224940865205,0.09871482849121094,2.190828323364258
0,79,0.47983337550209293,0.04279371871774995,0.06744861602783203,2.190828323364258
0,80,0.4799187140410895,0.042235023108195935,0.03511214256286621,2.190828323364258
0,81,0.46297102924773226,0.08000000000000007,0.2656683921813965,2.190828323364258
0,82,0.4623799716092828,0.07235946279679994,0.27589917182922363,2.190828323364258
0,83,0.46176321462429776,0.07700000000000007,0.15532183647155762,2.190828323364258
0,84,0.46292739313686815,0.07540049967417417,0.11704683303833008,2.190828323364258
0,85,0.46267950614268266,0.07400000000000007,0.09447979927062988,2.190828323364258
0,86,0.4633667351119119,0.07250000000000001,0.08030819892883301,2.190828323364258
0,87,0.4633726649344655,0.050946244229987614,0.0697641372680664,2.190828323364258
0,88,0.463910904130447,0.050366635427249506,0.0631093978881836,2.190828323364258
0,89,0.4657291737924776,0.05033836615255005,0.11696887016296387,2.190828323364258
0,90,0.4659030862981983,0.05049841126828969,0.04369831085205078,2.190828323364258
0,91,0.46596119391138324,0.05061326649245368,0.03307938575744629,2.190828323364258
0,92,0.46601274726582,0.051339673141645115,0.03332638740539551,2.190828323364258
0,93,0.4674824532233469,0.03047759870363209,0.10394167900085449,2.190828323364258
0,94,0.4691874038692235,0.03121617930404119,0.10782766342163086,2.190828323364258
0,95,0.46937083080203956,0.031229969688748804,0.04486703872680664,2.190828323364258
0,96,0.4694041182493698,0.03099361227338837,0.03645730018615723,2.190828323364258
0,97,0.4714924376296311,0.030521902120569155,0.15944981575012207,2.190828323364258
0,98,0.47153337567076703,0.03014009461859346,0.0321657657623291,2.190828323364258
0,99,0.4717181450328696,0.024525746307952456,0.04101252555847168,2.190828323364258
0,100,0.471746982111626,0.025559186148158552,0.028800249099731445,2.190828323364258
0,101,0.4742782093068659,0.025206320711918417,0.1782388687133789,2.190828323364258
0,102,0.47436849894246935,0.02548287104455138,0.03496670722961426,2.190828323364258
0,103,0.4746518996184653,0.02612293551383238,0.048776865005493164,2.190828323364258
0,104,0.4756658027543517,0.02638660027395323,0.0982367992401123,2.190828323364258
0,105,0.476555375002077,0.027149723648180246,0.06973886489868164,2.190828323364258
0,106,0.4766732098682164,0.027640230737003946,0.04408097267150879,2.190828323364258
0,107,0.47670744870038795,0.028494424969261578,0.029253482818603516,2.190828323364258
0,108,0.4790002089425403,0.02714000761285562,0.1918485164642334,2.190828323364258
0,109,0.47913804232195784,0.02775083580792259,0.04324698448181152,2.190828323364258
0,110,0.47918640169644133,0.02804719371337505,0.03213763236999512,2.190828323364258
0,111,0.48072499242699646,0.027674621220226903,0.1337718963623047,2.190828323364258
0,112,0.48143083975139556,0.027344238934314424,0.09696459770202637,2.190828323364258
0,113,0.4822202543279743,0.02698484690965841,0.09769344329833984,2.190828323364258
0,114,0.4826750494003205,0.027058446861835894,0.08362030982971191,2.190828323364258
0,115,0.4837474693986866,0.026705781383132177,0.1342332363128662,2.190828323364258
0,116,0.48390799544076357,0.027470292433902088,0.054610252380371094,2.190828323364258
0,117,0.4851730879155598,0.026000000000000023,0.19375252723693848,2.190828323364258
0,118,0.4853130178685671,0.024500000000000077,0.05067253112792969,2.190828323364258
0,119,0.48650782047728464,0.02300000000000002,0.20349907875061035,2.190828323364258
0,120,0.4867980000031349,0.021500000000000075,0.08282351493835449,2.190828323364258
0,121,0.4569754777361903,0.020000000000000073,0.5089735984802246,2.190828323364258
0,122,0.45651106889798365,0.020000000000000018,0.29174375534057617,2.190828323364258
0,123,0.45639070117994085,0.020000000000000018,0.128371000289917,2.190828323364258
0,124,0.45649980427855363,0.020000000000000018,0.09984159469604492,2.190828323364258
0,125,0.45640756370678165,0.020000000000000018,0.07214236259460449,2.190828323364258
0,126,0.4564691186261478,0.020000000000000018,0.06702399253845215,2.190828323364258
0,127,0.45641391287297994,0.020000000000000018,0.05896711349487305,2.190828323364258
0,128,0.4564432244532899,0.020000000000000018,0.04861259460449219,2.190828323364258
0,129,0.45638374599876885,0.020000000000000018,0.06940054893493652,2.190828323364258
0,130,0.45637393270505944,0.020000000000000018,0.04496574401855469,2.190828323364258
0,131,0.4563757827749753,0.020000000000000018,0.03372693061828613,2.190828323364258
0,132,0.45637113253269346,0.020000000000000018,0.041532278060913086,2.190828323364258
0,133,0.45637426542389986,0.020000000000000018,0.03152918815612793,2.190828323364258
0,134,0.4562810559337342,0.020000000000000018,0.08037710189819336,2.190828323364258
0,135,0.4562830235966563,0.020000000000000018,0.03357195854187012,2.190828323364258
0,136,0.45628301354122447,0.020000000000000018,0.033194780349731445,2.190828323364258
0,137,0.45627973773392816,0.020000000000000018,0.03690457344055176,2.190828323364258
0,138,0.4562761860313652,0.020000000000000018,0.03212571144104004,2.190828323364258
0,139,0.45626831274291724,0.020000000000000018,0.03546333312988281,2.190828323364258
0,140,0.4562692037481265,0.020000000000000018,0.03075098991394043,2.190828323364258
0,141,0.456238906782631,0.020000000000000018,0.06855201721191406,2.190828323364258
0,142,0.45621907005399476,0.020000000000000018,0.04740405082702637,2.190828323364258
0,143,0.45621964153231204,0.020000000000000018,0.03720998764038086,2.190828323364258
0,144,0.4562188938744911,0.020000000000000018,0.03613448143005371,2.190828323364258
0,145,0.45621728907252823,0.020000000000000018,0.03270840644836426,2.190828323364258
0,146,0.45621079208384757,0.020000000000000018,0.0346987247467041,2.190828323364258
0,147,0.45620160018223177,0.020000000000000018,0.03151106834411621,2.190828323364258
0,148,0.45620178947071427,0.020000000000000018,0.02735304832458496,2.190828323364258
0,149,0.45620168113653015,0.016360373660012084,0.025511980056762695,2.190828323364258
0,150,0.45617402441680444,0.016116315337601494,0.0384974479675293,2.190828323364258
0,1,0.4045477613953933,0.20000000000000007,0.7166497707366943,2.184495449066162
0,2,0.39022074719168154,0.1985,0.17477631568908691,2.190828323364258
0,3,0.38898405529494173,0.197,0.0991368293762207,2.190828323364258
0,4,0.3876947301897765,0.1955,0.1206202507019043,2.190828323364258
0,5,0.3876015355669997,0.08918978033429792,0.055301666259765625,2.190828323364258
0,6,0.3873070638294056,0.08308286288157962,0.05719757080078125,2.190828323364258
0,7,0.38730347724237374,0.07532035979022023,0.03489351272583008,2.190828323364258
0,8,0.38708686480775073,0.07832802142016082,0.08083653450012207,2.190828323364258
0,9,0.3870982802882259,0.06455384405552944,0.03760671615600586,2.190828323364258
0,10,0.3871196236910666,0.05721671424811048,0.06963062286376953,2.190828323364258
0,11,0.3871524723720794,0.045373876643088895,0.036649465560913086,2.190828323364258
0,12,0.3871594849049352,0.04699156190469245,0.02698826789855957,2.190828323364258
0,13,0.3877602198103915,0.06102078910073716,0.08406424522399902,2.190828323364258
0,14,0.3877759671691186,0.05530442589105489,0.028548240661621094,2.190828323364258
0,15,0.38780106056984964,0.04623913382184275,0.035396575927734375,2.190828323364258
0,16,0.3878043691567087,0.045690921874799395,0.03071427345275879,2.190828323364258
0,17,0.38793084371453834,0.05121187053496212,0.0391535758972168,2.190828323364258
0,18,0.38794462624123016,0.05076840425299689,0.032613277435302734,2.190828323364258
0,19,0.38803716700287433,0.04910265002110892,0.040925025939941406,2.190828323364258
0,20,0.3880853672350637,0.03653627330053133,0.033002376556396484,2.190828323364258
0,21,0.3880950984271443,0.03736603432547492,0.027832746505737305,2.190828323364258
0,22,0.3894795181097703,0.029876820122281766,0.06937885284423828,2.190828323364258
0,23,0.3894857628180003,0.028334518978075485,0.041982412338256836,2.190828323364258
0,24,0.39102074109997487,0.026599651827486803,0.07131361961364746,2.190828323364258
0,25,0.3910385791291344,0.024597101443758485,0.028613567352294922,2.190828323364258
0,26,0.3910458405702478,0.024947716914774265,0.029520750045776367,2.190828323364258
0,27,0.39115069594080487,0.024550519712614904,0.03707170486450195,2.190828323364258
0,28,0.39115567654728434,0.02964950961844015,0.025333404541015625,2.190828323364258
0,29,0.3912414398962321,0.029593062730744635,0.03310990333557129,2.190828323364258
0,30,0.39124563123052825,0.03348991142673863,0.026799440383911133,2.190828323364258
0,31,0.39293090962085386,0.02990772723896573,0.06505393981933594,2.190828323364258
0,32,0.392946280263073,0.03138432355111198,0.03098297119140625,2.190828323364258
0,33,0.39295219461150266,0.03385816825845467,0.030124187469482422,2.190828323364258
0,34,0.3948388683689579,0.03166646505895687,0.06756353378295898,2.190828323364258
0,35,0.39484220588075647,0.038343202047209424,0.033170223236083984,2.190828323364258
0,36,0.3949134217213446,0.03768822902702518,0.03459930419921875,2.190828323364258
0,37,0.39492906564832786,0.04151184228851379,0.02732253074645996,2.190828323364258
0,38,0.39493680832411926,0.045203414935261255,0.0270078182220459,2.190828323364258
0,39,0.39517457058991,0.04290400169094111,0.04628348350524902,2.190828323364258
0,40,0.39518477535317564,0.04406573341293496,0.028560876846313477,2.190828323364258
0,41,0.3946661070127345,0.13126968855684906,0.05914139747619629,2.190828323364258
0,42,0.3945590192286951,0.07524908119675655,0.09972000122070312,2.190828323364258
0,43,0.39470480724837276,0.07056629084103572,0.05464315414428711,2.190828323364258
0,44,0.3947270858376031,0.0686820028643852,0.037709712982177734,2.190828323364258
0,45,0.3947310835416002,0.06939852791747336,0.029983043670654297,2.190828323364258
0,46,0.3947373463433107,0.06744484691455321,0.02778029441833496,2.190828323364258
0,47,0.3947485391376649,0.04439134612381257,0.029015541076660156,2.190828323364258
0,48,0.39594488045011234,0.038912707868734187,0.06908464431762695,2.190828323364258
0,49,0.3975686456385554,0.0369981884136899,0.08440113067626953,2.190828323364258
0,50,0.39757567198098376,0.033504693390181695,0.029964923858642578,2.190828323364258
0,51,0.3976214597681166,0.03346873792339922,0.03541755676269531,2.190828323364258
0,52,0.3976240722210619,0.02705193806903683,0.029427528381347656,2.190828323364258
0,53,0.3976881367850057,0.025932982524304038,0.03099656105041504,2.190828323364258
0,54,0.39782548548203434,0.02545841027500162,0.035891056060791016,2.190828323364258
0,55,0.3978324681462192,0.027789221679298093,0.03244805335998535,2.190828323364258
0,56,0.39784160798062684,0.03066231560158783,0.02834773063659668,2.190828323364258
0,57,0.3978522226968718,0.03259154669699893,0.030047893524169922,2.190828323364258
0,58,0.3995944629692628,0.03234923257141953,0.09367728233337402,2.190828323364258
0,59,0.40178251411275057,0.030240894112021577,0.10826659202575684,2.190828323364258
0,60,0.401793363161,0.03127423877765356,0.03311419486999512,2.190828323364258
0,61,0.4017987524182994,0.032789946382384416,0.02861166000366211,2.190828323364258
0,62,0.4018785530546575,0.03282769705270583,0.036539554595947266,2.190828323364258
0,63,0.40188151696633223,0.03415965758409867,0.025707244873046875,2.190828323364258
0,64,0.4019503830742487,0.033633997705680485,0.036086082458496094,2.190828323364258
0,65,0.4019643044635376,0.03356559828459105,0.026471376419067383,2.190828323364258
0,66,0.4019708483726136,0.03341950461259757,0.025184154510498047,2.190828323364258
0,67,0.40354696514219435,0.031288060290792674,0.08515286445617676,2.190828323364258
0,68,0.40490800048125514,0.028426110458900367,0.08506989479064941,2.190828323364258
0,69,0.4049108434786136,0.028233586183884773,0.024870634078979492,2.190828323364258
0,70,0.404964958693326,0.026881052473544553,0.03352236747741699,2.190828323364258
0,71,0.4049696240596352,0.02798213014185691,0.027377843856811523,2.190828323364258
0,72,0.40505045130804407,0.027997341789237296,0.03597402572631836,2.190828323364258
0,73,0.40505345074457183,0.030699167807438754,0.026861190795898438,2.190828323364258
0,74,0.40629209771954033,0.028478263600419274,0.08974361419677734,2.190828323364258
0,75,0.406297362530405,0.030128905526939587,0.027949094772338867,2.190828323364258
0,76,0.40772785304754133,0.02811008931253378,0.09027481079101562,2.190828323364258
0,77,0.4077310866372618,0.029767570651462072,0.03222250938415527,2.190828323364258
0,78,0.40778658349265634,0.029600525305466086,0.03932762145996094,2.190828323364258
0,79,0.4077910281917975,0.030877710497273947,0.03170418739318848,2.190828323364258
0,80,0.40785359623256223,0.030454906938207404,0.04484224319458008,2.190828323364258
0,81,0.40090612489605026,0.08000000000000007,0.2474992275238037,2.190828323364258
0,82,0.40097213663102427,0.07850000000000001,0.10308837890625,2.190828323364258
0,83,0.4009218825997356,0.07500596147874539,0.06910467147827148,2.190828323364258
0,84,0.4010907906634382,0.07034531989579207,0.05542182922363281,2.190828323364258
0,85,0.4010814150439006,0.06270097120065654,0.049950599670410156,2.190828323364258
0,86,0.401140686160543,0.06029053810918983,0.04771304130554199,2.190828323364258
0,87,0.4011952672771948,0.060345171067459735,0.04172706604003906,2.190828323364258
0,88,0.40121963495852386,0.058770657456923114,0.038268089294433594,2.190828323364258
0,89,0.40125678270418685,0.042465903746724765,0.03687906265258789,2.190828323364258
0,90,0.4012824095937586,0.04213608219943332,0.03898954391479492,2.190828323364258
0,91,0.4024269178986213,0.041366702735038174,0.10004043579101562,2.190828323364258
0,92,0.4024339101820006,0.04077516358055244,0.034117937088012695,2.190828323364258
0,93,0.4024464078653326,0.040425403962830675,0.032288312911987305,2.190828323364258
0,94,0.40252747099317154,0.02482444181829835,0.05205702781677246,2.190828323364258
0,95,0.402536157739937,0.02394904928728614,0.029602766036987305,2.190828323364258
0,96,0.4025532923570676,0.023198125167039896,0.03212761878967285,2.190828323364258
0,97,0.4040989007263124,0.024258552385644783,0.10404205322265625,2.190828323364258
0,98,0.4041062330274845,0.023372261208239542,0.03096628189086914,2.190828323364258
0,99,0.40413432727050563,0.022399590949769954,0.0357813835144043,2.190828323364258
0,100,0.40413840398377643,0.02155743401364152,0.029359817504882812,2.190828323364258
0,101,0.4050419554478756,0.02005454567569609,0.09617376327514648,2.190828323364258
0,102,0.40505088933764943,0.01912672545234062,0.029719114303588867,2.190828323364258
0,103,0.4060402430358073,0.017135895036422655,0.10066962242126465,2.190828323364258
0,104,0.40604795117740883,0.016204947859924435,0.031030654907226562,2.190828323364258
0,105,0.4061092405537751,0.01626952851211083,0.04066920280456543,2.190828323364258
0,106,0.40611713103881786,0.015808040707467996,0.02983713150024414,2.190828323364258
0,107,0.4071918696107585,0.01543617097232719,0.14156365394592285,2.190828323364258
0,108,0.4072065474207948,0.014927982914693771,0.034795284271240234,2.190828323364258
0,109,0.4072321172252907,0.014636783883771098,0.03566694259643555,2.190828323364258
0,110,0.40800061285105954,0.014561012785380578,0.10901474952697754,2.190828323364258
0,111,0.4080092078749351,0.014077415050846809,0.03168320655822754,2.190828323364258
0,112,0.40862968558851887,0.013562257835392888,0.09344220161437988,2.190828323364258
0,113,0.4086522694516086,0.013286180027833328,0.036444902420043945,2.190828323364258
0,114,0.40905974394282163,0.013167982174835835,0.08362436294555664,2.190828323364258
0,115,0.40906991567835727,0.012959865687104943,0.03486442565917969,2.190828323364258
0,116,0.41012228794001027,0.01237003862601016,0.16541814804077148,2.190828323364258
0,117,0.4101438346054397,0.012498147609511734,0.03668951988220215,2.190828323364258
0,118,0.41033768874362053,0.01264698813217724,0.07368779182434082,2.190828323364258
0,119,0.4103695425874535,0.012694925284549408,0.04163026809692383,2.190828323364258
0,120,0.41134284263148685,0.012071634215899962,0.18651437759399414,2.190828323364258
0,121,0.3984668514044879,0.020000000000000073,0.4508683681488037,2.190828323364258
0,122,0.3985468967271557,0.020000000000000018,0.16073083877563477,2.190828323364258
0,123,0.3984272455976547,0.020000000000000018,0.08355998992919922,2.190828323364258
0,124,0.39853382143417787,0.020000000000000018,0.07680130004882812,2.190828323364258
0,125,0.39840947867405074,0.020000000000000018,0.07287788391113281,2.190828323364258
0,126,0.39850779205192577,0.020000000000000018,0.07398486137390137,2.190828323364258
0,127,0.3983857034894607,0.020000000000000018,0.06685447692871094,2.190828323364258
0,128,0.39847713568553905,0.020000000000000073,0.06718158721923828,2.190828323364258
0,129,0.39837265997672733,0.020000000000000018,0.06351351737976074,2.190828323364258
0,130,0.3984424193517106,0.020000000000000073,0.06036043167114258,2.190828323364258
0,131,0.39838059433410367,0.020000000000000018,0.054686784744262695,2.190828323364258
0,132,0.3984050301327853,0.020000000000000018,0.06459951400756836,2.190828323364258
0,133,0.39838950712231525,0.020000000000000073,0.04760622978210449,2.190828323364258
0,134,0.3983856543453813,0.020000000000000018,0.043508052825927734,2.190828323364258
0,135,0.39838752683162165,0.020000000000000018,0.03928565979003906,2.190828323364258
0,136,0.39838424747201345,0.020000000000000073,0.03821301460266113,2.190828323364258
0,137,0.3983529902586125,0.020000000000000073,0.06186723709106445,2.190828323364258
0,138,0.3983523901727266,0.020000000000000073,0.035613059997558594,2.190828323364258
0,139,0.3983529204995292,0.020000000000000073,0.029039859771728516,2.190828323364258
0,140,0.39835746566494823,0.020000000000000018,0.04674506187438965,2.190828323364258
0,141,0.39835682483222,0.020000000000000018,0.03070974349975586,2.190828323364258
0,142,0.39835629549603246,0.020000000000000018,0.0294644832611084,2.190828323364258
0,143,0.39835631077046657,0.020000000000000073,0.02686023712158203,2.190828323364258
0,144,0.39817335747341664,0.020000000000000018,0.0903327465057373,2.190828323364258
0,145,0.39817345427828466,0.020000000000000018,0.0271759033203125,2.190828323364258
0,146,0.3981738107387216,0.020000000000000073,0.027668476104736328,2.190828323364258
0,147,0.3980876299580078,0.020000000000000018,0.07071352005004883,2.190828323364258
0,148,0.39808793926793784,0.020000000000000018,0.027281761169433594,2.190828323364258
0,149,0.3980890858173357,0.020000000000000018,0.03162789344787598,2.190828323364258
0,150,0.3980901822230156,0.020000000000000018,0.02657771110534668,2.190828323364258
0,1,0.4036570695084403,0.20000000000000007,0.41010522842407227,2.184495449066162
0,2,0.38787579442903797,0.1985,0.19871735572814941,2.190828323364258
0,3,0.3867439628017678,0.197,0.10405945777893066,2.190828323364258
0,4,0.38589051598544266,0.1955,0.0917048454284668,2.190828323364258
0,5,0.3854960903536731,0.0938735993734402,0.05814719200134277,2.190828323364258
0,6,0.38548372987590074,0.07896792151167209,0.037087440490722656,2.190828323364258
0,7,0.3851915130650647,0.0811330216391768,0.07491540908813477,2.190828323364258
0,8,0.3852022682450279,0.06793847991274482,0.03165078163146973,2.190828323364258
0,9,0.38522081630172766,0.06243739599940612,0.03262162208557129,2.190828323364258
0,10,0.3852285353384031,0.051958122995982126,0.02738213539123535,2.190828323364258
0,11,0.3852822933101442,0.060913354207324355,0.05410504341125488,2.190828323364258
0,12,0.38529045917560056,0.05348561045068123,0.03027057647705078,2.190828323364258
0,13,0.38530428003133316,0.04580235332888494,0.03155088424682617,2.190828323364258
0,14,0.3853532904969524,0.04722162483405534,0.03731799125671387,2.190828323364258
0,15,0.38554571155096057,0.0507093547759202,0.04355049133300781,2.190828323364258
0,16,0.3855556198743647,0.052880316549846706,0.029027223587036133,2.190828323364258
0,17,0.3855740932089483,0.05313526301538507,0.028314828872680664,2.190828323364258
0,18,0.385591621629715,0.03856257716449596,0.028521060943603516,2.190828323364258
0,19,0.38662275983934713,0.038558004473394414,0.06077766418457031,2.190828323364258
0,20,0.38766125289367737,0.03630477061782211,0.05647730827331543,2.190828323364258
0,21,0.38767457253246385,0.034949388889887856,0.028479814529418945,2.190828323364258
0,22,0.38769997615993523,0.02879717319374908,0.027824878692626953,2.190828323364258
0,23,0.38772024609217337,0.028138832713737627,0.026100873947143555,2.190828323364258
0,24,0.38781676727269687,0.026225534211698154,0.029360294342041016,2.190828323364258
0,25,0.38790505024072114,0.026385389275165205,0.0333101749420166,2.190828323364258
0,26,0.38791626341550933,0.027145898219143483,0.029185056686401367,2.190828323364258
0,27,0.38806611857603474,0.02386340691772959,0.04020285606384277,2.190828323364258
0,28,0.3880993549245333,0.025993755390946838,0.04284262657165527,2.190828323364258
0,29,0.38811306299613135,0.030331629511798908,0.03384113311767578,2.190828323364258
0,30,0.3897649762633529,0.027600888132166324,0.07544589042663574,2.190828323364258
0,31,0.39152280296574926,0.02840053044287527,0.0759732723236084,2.190828323364258
0,32,0.39152986265246925,0.030766951978482004,0.03223061561584473,2.190828323364258
0,33,0.39154580035800796,0.03166355427886963,0.0332334041595459,2.190828323364258
0,34,0.39156764371303776,0.032967092652614216,0.028177499771118164,2.190828323364258
0,35,0.3916609736146627,0.032403132830032155,0.03528904914855957,2.190828323364258
0,36,0.3916697240156198,0.03347840309723865,0.024925708770751953,2.190828323364258
0,37,0.39178160688489033,0.034111758583319496,0.034667253494262695,2.190828323364258
0,38,0.3917987233581035,0.03854834844355526,0.032560110092163086,2.190828323364258
0,39,0.3918046444974068,0.04336795923306325,0.024471282958984375,2.190828323364258
0,40,0.3938011068384768,0.038434813668225654,0.06582474708557129,2.190828323364258
0,41,0.3928227564178082,0.1399683674007175,0.07460355758666992,2.190828323364258
0,42,0.39267383372822423,0.078998549178244,0.08423757553100586,2.190828323364258
0,43,0.3927633927289927,0.07991699513882433,0.05156850814819336,2.190828323364258
0,44,0.39277266404451433,0.07781394578090917,0.03406476974487305,2.190828323364258
0,45,0.39277573675588395,0.05408526296166272,0.025806903839111328,2.190828323364258
0,46,0.392781935575636,0.04754716338773468,0.02706313133239746,2.190828323364258
0,47,0.3927982360487091,0.04463554922172852,0.029172897338867188,2.190828323364258
0,48,0.39279988121977216,0.04528418544808244,0.027882099151611328,2.190828323364258
0,49,0.39465075546850925,0.03872487491604648,0.0786893367767334,2.190828323364258
0,50,0.39465490007406956,0.03451672559013508,0.029726266860961914,2.190828323364258
0,51,0.3946666472080026,0.03146892578969046,0.02761983871459961,2.190828323364258
0,52,0.39469051806211364,0.030921124728036042,0.029317855834960938,2.190828323364258
0,53,0.39572905683110915,0.028988177104050328,0.06272482872009277,2.190828323364258
0,54,0.39573599812077365,0.02975433151105411,0.02621293067932129,2.190828323364258
0,55,0.39575526305795483,0.02958305288759261,0.02660655975341797,2.190828323364258
0,56,0.3957573734061999,0.029951919817256978,0.024429798126220703,2.190828323364258
0,57,0.39743355170627226,0.028722659826994013,0.0915687084197998,2.190828323364258
0,58,0.39743860148428367,0.02837302291376026,0.02772808074951172,2.190828323364258
0,59,0.39745000854603696,0.027293669908889262,0.027645587921142578,2.190828323364258
0,60,0.3974753593529987,0.026013526837411094,0.02762889862060547,2.190828323364258
0,61,0.39747770002306476,0.02770872197105989,0.02303314208984375,2.190828323364258
0,62,0.399189297942934,0.02470138048320536,0.08180403709411621,2.190828323364258
0,63,0.3991917971303004,0.027415252135245205,0.02965831756591797,2.190828323364258
0,64,0.399192285989143,0.02972628185953241,0.036124467849731445,2.190828323364258
0,65,0.40047902590478424,0.029797640332914654,0.1042940616607666,2.190828323364258
0,66,0.4004935757571003,0.03052180281786887,0.03379535675048828,2.190828323364258
0,67,0.4004967291027196,0.032593063659711596,0.028013944625854492,2.190828323364258
0,68,0.4006222694104482,0.03144959836720118,0.05066561698913574,2.190828323364258
0,69,0.40063193627757143,0.032607381577845485,0.03375887870788574,2.190828323364258
0,70,0.40063316698286344,0.03435251432266628,0.026727676391601562,2.190828323364258
0,71,0.4024274861100594,0.03164028167695854,0.11019277572631836,2.190828323364258
0,72,0.402435242108957,0.031867965221043404,0.031529903411865234,2.190828323364258
0,73,0.40248172363182644,0.0317775015748929,0.037966012954711914,2.190828323364258
0,74,0.40252242286220635,0.03080525122694755,0.03784894943237305,2.190828323364258
0,75,0.4025259264084739,0.03114267773900803,0.026990413665771484,2.190828323364258
0,76,0.4042872167235436,0.03008570945820671,0.1159517765045166,2.190828323364258
0,77,0.4042933964604875,0.029358043439768444,0.03226494789123535,2.190828323364258
0,78,0.4044330753239662,0.027552989201785727,0.05287814140319824,2.190828323364258
0,79,0.40443994077491974,0.029207981165874197,0.03226304054260254,2.190828323364258
0,80,0.4044912158677394,0.028656590489848366,0.04189014434814453,2.190828323364258
0,81,0.39835956584455856,0.08000000000000007,0.21352553367614746,2.190828323364258
0,82,0.3983286848732015,0.07850000000000001,0.10879993438720703,2.190828323364258
0,83,0.3983321110749555,0.07700000000000007,0.06875491142272949,2.190828323364258
0,84,0.3983963161779672,0.07494633644511128,0.05946803092956543,2.190828323364258
0,85,0.3984286318050579,0.07400000000000007,0.050188541412353516,2.190828323364258
0,86,0.39845475271732234,0.054515587897013607,0.043112993240356445,2.190828323364258
0,87,0.3985027325482371,0.056862651958036525,0.04134416580200195,2.190828323364258
0,88,0.39852323669700995,0.059213923680772274,0.0333709716796875,2.190828323364258
0,89,0.3985458958609589,0.0502894281788594,0.033232927322387695,2.190828323364258
0,90,0.39913218608839296,0.048292639095483425,0.0600428581237793,2.190828323364258
0,91,0.3995583541135487,0.03526072358208121,0.05916476249694824,2.190828323364258
0,92,0.39957243432099915,0.03507945389275369,0.029237031936645508,2.190828323364258
0,93,0.39957755708089465,0.03502619721233646,0.027489900588989258,2.190828323364258
0,94,0.3996402003057681,0.03464111394956004,0.03546428680419922,2.190828323364258
0,95,0.3996953545625537,0.03439756301775321,0.03715181350708008,2.190828323364258
0,96,0.39971380329747075,0.03354752138269945,0.031496286392211914,2.190828323364258
0,97,0.40062437625229286,0.03678200847689228,0.06795430183410645,2.190828323364258
0,98,0.4013636165020249,0.03577522018528745,0.06407427787780762,2.190828323364258
0,99,0.40138741880914236,0.022420542483360117,0.03296613693237305,2.190828323364258
0,100,0.4013961273067343,0.021680870499318106,0.02965259552001953,2.190828323364258
0,101,0.40220032742891587,0.02093383243533853,0.07788753509521484,2.190828323364258
0,102,0.40227886475369196,0.02048749845258846,0.04367637634277344,2.190828323364258
0,103,0.40228993023774673,0.020002084978632206,0.033667802810668945,2.190828323364258
0,104,0.4023050446673634,0.01940544640138775,0.03252148628234863,2.190828323364258
0,105,0.4028523983145093,0.01878352396515026,0.08865165710449219,2.190828323364258
0,106,0.4040389551095189,0.01836677396640629,0.11779999732971191,2.190828323364258
0,107,0.40406189391617386,0.017957532764886208,0.03279876708984375,2.190828323364258
0,108,0.40408790244487425,0.01735521986562416,0.03592061996459961,2.190828323364258
0,109,0.40462758907718727,0.015189930754734071,0.09125566482543945,2.190828323364258
0,110,0.4049323584061078,0.015383704589527425,0.07579255104064941,2.190828323364258
0,111,0.4049498024696916,0.014821881883728016,0.04071831703186035,2.190828323364258
0,112,0.4049892262283299,0.01443579183668342,0.044017791748046875,2.190828323364258
0,113,0.4055931176305987,0.01379995031527348,0.11539053916931152,2.190828323364258
0,114,0.4063084351967926,0.013678314812489267,0.11471414566040039,2.190828323364258
0,115,0.40633616472391854,0.013235686968984695,0.04378557205200195,2.190828323364258
0,116,0.4063462511123498,0.01279461801468329,0.03317618370056152,2.190828323364258
0,117,0.40709381184564836,0.01261248664041692,0.13143372535705566,2.190828323364258
0,118,0.4071147248523796,0.012223246394793108,0.053553104400634766,2.190828323364258
0,119,0.40782634950583657,0.012007954706189095,0.15313434600830078,2.190828323364258
0,120,0.4078439375734789,0.011565795391782374,0.044585227966308594,2.190828323364258
0,121,0.3961086191958222,0.020000000000000073,0.4431631565093994,2.190828323364258
0,122,0.396220518235734,0.020000000000000073,0.13193821907043457,2.190828323364258
0,123,0.39609245426520756,0.020000000000000018,0.08062243461608887,2.190828323364258
0,124,0.39620388889393854,0.020000000000000018,0.07839012145996094,2.190828323364258
0,125,0.3960719166941262,0.020000000000000046,0.07251524925231934,2.190828323364258
0,126,0.3961782986544857,0.020000000000000018,0.07591104507446289,2.190828323364258
0,127,0.39604628574575973,0.020000000000000018,0.06964731216430664,2.190828323364258
0,128,0.3961491707627024,0.020000000000000018,0.06791472434997559,2.190828323364258
0,129,0.39602635036454514,0.020000000000000018,0.06270647048950195,2.190828323364258
0,130,0.39612244701393373,0.020000000000000073,0.06299734115600586,2.190828323364258
0,131,0.396013168281681,0.020000000000000018,0.06251168251037598,2.190828323364258
0,132,0.39609345737042373,0.020000000000000018,0.06120419502258301,2.190828323364258
0,133,0.39601737031471373,0.020000000000000018,0.05234408378601074,2.190828323364258
0,134,0.3960598853710334,0.020000000000000073,0.05811715126037598,2.190828323364258
0,135,0.3960281178760888,0.020000000000000018,0.04760169982910156,2.190828323364258
0,136,0.39604148380011495,0.020000000000000018,0.04863858222961426,2.190828323364258
0,137,0.39602933177352645,0.020000000000000073,0.04752540588378906,2.190828323364258
0,138,0.3960330717883683,0.020000000000000018,0.041231632232666016,2.190828323364258
0,139,0.3960322842140303,0.020000000000000018,0.03830075263977051,2.190828323364258
0,140,0.396029823395431,0.020000000000000018,0.03113412857055664,2.190828323364258
0,141,0.39603101179982936,0.020000000000000018,0.036795616149902344,2.190828323364258
0,142,0.39603039520307837,0.020000000000000018,0.026580095291137695,2.190828323364258
0,143,0.396022886059278,0.020000000000000018,0.04192328453063965,2.190828323364258
0,144,0.39602530491222604,0.020000000000000018,0.02910590171813965,2.190828323364258
0,145,0.39602623389489156,0.020000000000000018,0.026835203170776367,2.190828323364258
0,146,0.39602966091329456,0.020000000000000018,0.04138970375061035,2.190828323364258
0,147,0.39602969295074025,0.020000000000000018,0.025536298751831055,2.190828323364258
0,148,0.39603091281499714,0.020000000000000018,0.02895951271057129,2.190828323364258
0,149,0.3960312895065575,0.020000000000000018,0.026543140411376953,2.190828323364258
0,150,0.396031532783876,0.020000000000000018,0.026273488998413086,2.190828323364258
0,1,0.5005735740490145,0.2,0.6783409118652344,2.184495449066162
0,2,0.4732725111766716,0.1985,0.18724966049194336,2.190828323364258
0,3,0.46659182036332914,0.197,0.12012100219726562,2.190828323364258
0,4,0.46541920031840645,0.10855672617245415,0.07895803451538086,2.190828323364258
0,5,0.46483895081811477,0.12871437527693186,0.0819244384765625,2.190828323364258
0,6,0.4649363399086246,0.10713430476657548,0.046582698822021484,2.190828323364258
0,7,0.4653937513473193,0.0862538882641739,0.08740973472595215,2.190828323364258
0,8,0.4655307576079236,0.08050657553988938,0.0402674674987793,2.190828323364258
0,9,0.46706560998746055,0.08983996150181173,0.07542204856872559,2.190828323364258
0,10,0.46716725446711876,0.06366079711417783,0.03522157669067383,2.190828323364258
0,11,0.47025817369809797,0.05993920172657774,0.0818471908569336,2.190828323364258
0,12,0.47036217679569686,0.04902842962713927,0.0331110954284668,2.190828323364258
0,13,0.47432114495143374,0.05001463935878159,0.07979702949523926,2.190828323364258
0,14,0.4743824565850787,0.051745300743386013,0.031055450439453125,2.190828323364258
0,15,0.47924052384288074,0.05578038813194408,0.11790895462036133,2.190828323364258
0,16,0.47933969743662797,0.04079394786563395,0.038177490234375,2.190828323364258
0,17,0.4796867719738507,0.04429063399913358,0.037802934646606445,2.190828323364258
0,18,0.47972832012254707,0.04045962317295193,0.027973651885986328,2.190828323364258
0,19,0.48626685613851584,0.051911766813923066,0.14071440696716309,2.190828323364258
0,20,0.4866485873472264,0.03467666847217998,0.04748201370239258,2.190828323364258
0,21,0.48673511510518125,0.036870961543999936,0.0334010124206543,2.190828323364258
0,22,0.4916919871085092,0.03322133342028222,0.12247157096862793,2.190828323364258
0,23,0.49184695480706603,0.03528812444490248,0.04462742805480957,2.190828323364258
0,24,0.4948380551565187,0.03632451599977893,0.08411550521850586,2.190828323364258
0,25,0.49494420999700806,0.032626203852252234,0.03440737724304199,2.190828323364258
0,26,0.495057479893145,0.03369363184323648,0.032738685607910156,2.190828323364258
0,27,0.49904285423448824,0.03865865948636038,0.10990142822265625,2.190828323364258
0,28,0.5037791389044219,0.03883886552312765,0.10610675811767578,2.190828323364258
0,29,0.5041250644320197,0.043790687923099925,0.03934311866760254,2.190828323364258
0,30,0.5041779419610909,0.04790321009284493,0.02840447425842285,2.190828323364258
0,31,0.5081332421272816,0.050257557034572076,0.11061477661132812,2.190828323364258
0,32,0.5082475664727385,0.05181429069953325,0.03710460662841797,2.190828323364258
0,33,0.5084189084157323,0.056775004236546134,0.034912824630737305,2.190828323364258
0,34,0.5126520569689914,0.05771852585611481,0.10968399047851562,2.190828323364258
0,35,0.5162293456479952,0.06150979639533949,0.11841058731079102,2.190828323364258
0,36,0.5165976851811287,0.06446818144592681,0.04178118705749512,2.190828323364258
0,37,0.5166648944294155,0.06566201660934634,0.03187108039855957,2.190828323364258
0,38,0.5192206664470398,0.06393484911097158,0.08846211433410645,2.190828323364258
0,39,0.5194931016235105,0.06218063446641875,0.045627593994140625,2.190828323364258
0,40,0.5195857427548722,0.06372119751216909,0.034484148025512695,2.190828323364258
0,41,0.5281756543664873,0.13010632138945588,0.2608051300048828,2.190828323364258
0,42,0.5285881615390555,0.09036830195440271,0.21706533432006836,2.190828323364258
0,43,0.5284294172207863,0.07088630077846458,0.11596012115478516,2.190828323364258
0,44,0.5294194693114922,0.06966047407445375,0.10382604598999023,2.190828323364258
0,45,0.5303677607034093,0.07075413780858752,0.09904146194458008,2.190828323364258
0,46,0.5311321995482654,0.06945090540311621,0.06006264686584473,2.190828323364258
0,47,0.5312543428552616,0.06754809098147702,0.03865385055541992,2.190828323364258
0,48,0.531322321214061,0.06367000932022099,0.02993464469909668,2.190828323364258
0,49,0.5359747349335577,0.057244470875019215,0.10450243949890137,2.190828323364258
0,50,0.536577863140618,0.05896000332047768,0.061205148696899414,2.190828323364258
0,51,0.5367837231414803,0.05746440559022786,0.039354562759399414,2.190828323364258
0,52,0.5368415309839738,0.05982320649892103,0.03142881393432617,2.190828323364258
0,53,0.5438943315427147,0.055760649771842474,0.2086963653564453,2.190828323364258
0,54,0.5444460304353488,0.0572543424949139,0.04702496528625488,2.190828323364258
0,55,0.5445617773097038,0.05757598719916568,0.03094625473022461,2.190828323364258
0,56,0.5472689369904467,0.05677004350025189,0.09125542640686035,2.190828323364258
0,57,0.5474725332464951,0.05480911255774379,0.03718423843383789,2.190828323364258
0,58,0.5497341886423202,0.05283119009671333,0.07995772361755371,2.190828323364258
0,59,0.5532083728273935,0.05153240261298753,0.11036825180053711,2.190828323364258
0,60,0.553336296870389,0.051051769675593495,0.03191852569580078,2.190828323364258
0,61,0.5561913458298935,0.0498788915679943,0.0983896255493164,2.190828323364258
0,62,0.5562583504589083,0.04796785498555334,0.02804112434387207,2.190828323364258
0,63,0.5585113452483617,0.04478604993294255,0.08398151397705078,2.190828323364258
0,64,0.5588100493881196,0.047337854529890144,0.04005169868469238,2.190828323364258
0,65,0.5616653475605996,0.04811260171148202,0.11043477058410645,2.190828323364258
0,66,0.5649032112542866,0.046418156277694744,0.10552191734313965,2.190828323364258
0,67,0.5655179134147714,0.04862737875042933,0.047547340393066406,2.190828323364258
0,68,0.5656163621769866,0.050287909327128455,0.03336358070373535,2.190828323364258
0,69,0.5704951616720695,0.04958611894859899,0.18776655197143555,2.190828323364258
0,70,0.5706676014227829,0.04935834846444087,0.040575265884399414,2.190828323364258
0,71,0.5709037234393484,0.04801002918833669,0.03959202766418457,2.190828323364258
0,72,0.5735639387706222,0.046624811762429386,0.1060938835144043,2.190828323364258
0,73,0.5763924115549178,0.042973534968638316,0.12038230895996094,2.190828323364258
0,74,0.5766746315045659,0.04272309932899909,0.04533028602600098,2.190828323364258
0,75,0.5767518485658724,0.04382683633833051,0.0348057746887207,2.190828323364258
0,76,0.5811713612402043,0.04404345528124731,0.1693413257598877,2.190828323364258
0,77,0.5814833470353074,0.04443432263295066,0.044380903244018555,2.190828323364258
0,78,0.5824041625164722,0.04507084011142248,0.06781363487243652,2.190828323364258
0,79,0.5854362871609147,0.043634697900275854,0.11616134643554688,2.190828323364258
0,80,0.5855359344827304,0.04302686138631956,0.03279995918273926,2.190828323364258
0,81,0.5654774743915033,0.08000000000000007,0.2692549228668213,2.190828323364258
0,82,0.563548760368102,0.06957934579997549,0.3112034797668457,2.190828323364258
0,83,0.5634987219355393,0.07700000000000007,0.19109344482421875,2.190828323364258
0,84,0.5648837801403384,0.04808586897626799,0.13205528259277344,2.190828323364258
0,85,0.5654532792615994,0.04388843901458317,0.09923911094665527,2.190828323364258
0,86,0.5660371820868899,0.042969045640840586,0.09860968589782715,2.190828323364258
0,87,0.5673623848645589,0.04342966956252836,0.0950162410736084,2.190828323364258
0,88,0.5688223447849381,0.04121621996593705,0.09210777282714844,2.190828323364258
0,89,0.5705939016467736,0.03981249038480661,0.10952353477478027,2.190828323364258
0,90,0.5723324202484683,0.03778706204838139,0.11932778358459473,2.190828323364258
0,91,0.5725792263179668,0.03737405976274144,0.05894804000854492,2.190828323364258
0,92,0.5756747878500665,0.03690316778858527,0.22113347053527832,2.190828323364258
0,93,0.5758362127961015,0.0375647845463013,0.046823978424072266,2.190828323364258
0,94,0.577503482720908,0.03761674107538171,0.12494611740112305,2.190828323364258
0,95,0.5777179354163546,0.039314303004694295,0.04677605628967285,2.190828323364258
0,96,0.5791992900440175,0.03939481767886244,0.11811256408691406,2.190828323364258
0,97,0.5816369677031041,0.03847460209222853,0.1333942413330078,2.190828323364258
0,98,0.5829049028064683,0.038132525091137515,0.10349512100219727,2.190828323364258
0,99,0.5837646782645047,0.038536299933736196,0.07152771949768066,2.190828323364258
0,100,0.5852538473717075,0.05150000000000002,0.1269214153289795,2.190828323364258
0,101,0.5869647992971423,0.04879062761875539,0.12032771110534668,2.190828323364258
0,102,0.5882064272647779,0.03611316994552505,0.10222578048706055,2.190828323364258
0,103,0.5891039536790421,0.03664240720424228,0.0835113525390625,2.190828323364258
0,104,0.5916235804292131,0.03542158906903142,0.18966388702392578,2.190828323364258
0,105,0.5918496438594059,0.035345282094689956,0.050084829330444336,2.190828323364258
0,106,0.5935604511946635,0.04250000000000001,0.11736273765563965,2.190828323364258
0,107,0.5956339649290167,0.04100000000000001,0.17433857917785645,2.190828323364258
0,108,0.5958456656172337,0.03950000000000001,0.058513641357421875,2.190828323364258
0,109,0.5981676109804204,0.031231834916458645,0.2390139102935791,2.190828323364258
0,110,0.5985674764160701,0.032769982229388095,0.06979727745056152,2.190828323364258
0,111,0.6007758539723786,0.03347076866789367,0.2424461841583252,2.190828323364258
0,112,0.6013805565768875,0.0335,0.08748698234558105,2.190828323364258
0,113,0.6034401388239266,0.03200000000000003,0.22828149795532227,2.190828323364258
0,114,0.6041723295611563,0.030500000000000083,0.1105203628540039,2.190828323364258
0,115,0.6060771358313848,0.029000000000000026,0.22222280502319336,2.190828323364258
0,116,0.6069495897886217,0.02750000000000008,0.11291694641113281,2.190828323364258
0,117,0.6087516139227847,0.026000000000000023,0.2093358039855957,2.190828323364258
0,118,0.6096217118530771,0.024500000000000077,0.11182951927185059,2.190828323364258
0,119,0.6114036971309837,0.02300000000000002,0.21589875221252441,2.190828323364258
0,120,0.6123824290703702,0.021500000000000075,0.11517834663391113,2.190828323364258
0,121,0.563369304350919,0.020000000000000073,0.5643134117126465,2.190828323364258
0,122,0.5619128305380843,0.020000000000000073,0.3499634265899658,2.190828323364258
0,123,0.5615853240496962,0.020000000000000018,0.20438647270202637,2.190828323364258
0,124,0.561118712424854,0.020000000000000018,0.2448432445526123,2.190828323364258
0,125,0.5608988879563701,0.020000000000000018,0.08204817771911621,2.190828323364258
0,126,0.5608283499824194,0.020000000000000018,0.09523677825927734,2.190828323364258
0,127,0.5606950339390643,0.020000000000000018,0.06379008293151855,2.190828323364258
0,128,0.5605096708783794,0.020000000000000018,0.0907132625579834,2.190828323364258
0,129,0.5603569778416173,0.020000000000000018,0.07507085800170898,2.190828323364258
0,130,0.5601886954016722,0.020000000000000018,0.0910787582397461,2.190828323364258
0,131,0.56008107219531,0.020000000000000018,0.07827448844909668,2.190828323364258
0,132,0.5598294593229411,0.020000000000000018,0.1072847843170166,2.190828323364258
0,133,0.5597725244269146,0.020000000000000018,0.05716538429260254,2.190828323364258
0,134,0.5595645464456839,0.020000000000000018,0.09450793266296387,2.190828323364258
0,135,0.5594397787931856,0.020000000000000018,0.08682107925415039,2.190828323364258
0,136,0.55927466176277,0.020000000000000018,0.08178377151489258,2.190828323364258
0,137,0.5592225280243472,0.020000000000000018,0.0543367862701416,2.190828323364258
0,138,0.5591050312438298,0.020000000000000018,0.06361961364746094,2.190828323364258
0,139,0.5589818470993899,0.020000000000000018,0.07379555702209473,2.190828323364258
0,140,0.5588105731722495,0.020000000000000018,0.09652066230773926,2.190828323364258
0,141,0.5587644730951573,0.020000000000000018,0.049311161041259766,2.190828323364258
0,142,0.5585956477791314,0.020000000000000018,0.09218358993530273,2.190828323364258
0,143,0.5585843942145723,0.020000000000000018,0.03646540641784668,2.190828323364258
0,144,0.5584657978292193,0.020000000000000018,0.0601811408996582,2.190828323364258
0,145,0.558454592287406,0.020000000000000018,0.04028749465942383,2.190828323364258
0,146,0.558276172510613,0.020000000000000018,0.17569518089294434,2.190828323364258
0,147,0.558268004062251,0.020000000000000018,0.039109230041503906,2.190828323364258
0,148,0.5582121907988968,0.020000000000000018,0.05135703086853027,2.190828323364258
0,149,0.5581585957792068,0.020000000000000018,0.04628133773803711,2.190828323364258
0,150,0.5580878228329635,0.020000000000000018,0.04909825325012207,2.190828323364258
0,1,0.44888772980412206,0.20000000000000007,0.5583646297454834,2.184495449066162
0,2,0.4279104955784258,0.1985,0.1729602813720703,2.190828323364258
0,3,0.42389299050099927,0.197,0.09604740142822266,2.190828323364258
0,4,0.4227387900080226,0.13136626291913722,0.07414698600769043,2.190828323364258
0,5,0.4221079392871191,0.08552903399000389,0.06954574584960938,2.190828323364258
0,6,0.4221297610806845,0.09294170722351813,0.03932952880859375,2.190828323364258
0,7,0.422040410266877,0.11197184572498486,0.05485129356384277,2.190828323364258
0,8,0.4220593916699005,0.06628564977529006,0.03848147392272949,2.190828323364258
0,9,0.4222297892418504,0.07586110968925797,0.07640194892883301,2.190828323364258
0,10,0.42228638086498216,0.04796074045666465,0.03771543502807617,2.190828323364258
0,11,0.42239390342280747,0.050857380667057916,0.03386878967285156,2.190828323364258
0,12,0.42241066210418254,0.04538644472575548,0.02837967872619629,2.190828323364258
0,13,0.4236121057050586,0.05493252214806987,0.06534719467163086,2.190828323364258
0,14,0.42366843234365714,0.055182201441774215,0.030988216400146484,2.190828323364258
0,15,0.42371626916513216,0.04829478417513644,0.030073165893554688,2.190828323364258
0,16,0.4261846865903923,0.048040924061578116,0.0634012222290039,2.190828323364258
0,17,0.4283809276398203,0.04931552769085734,0.0583796501159668,2.190828323364258
0,18,0.42850219044089877,0.03190674304900576,0.03351473808288574,2.190828323364258
0,19,0.42854309190671086,0.03267422069566439,0.027144432067871094,2.190828323364258
0,20,0.4285760196720154,0.03238871579301039,0.025407791137695312,2.190828323364258
0,21,0.43405681789924394,0.048325754479101035,0.12017130851745605,2.190828323364258
0,22,0.43410813544364724,0.03795395538148694,0.03410053253173828,2.190828323364258
0,23,0.43412105784698946,0.03354268541420291,0.02835392951965332,2.190828323364258
0,24,0.4347336551476876,0.02650755212171174,0.06423187255859375,2.190828323364258
0,25,0.43484689998299775,0.026913894471395805,0.03998875617980957,2.190828323364258
0,26,0.4348673545086153,0.025806500486672435,0.029802799224853516,2.190828323364258
0,27,0.4408656515631467,0.026797361775192985,0.15291547775268555,2.190828323364258
0,28,0.44096839340321653,0.029292551137433676,0.03992629051208496,2.190828323364258
0,29,0.4409816284710548,0.03456624542392839,0.02955460548400879,2.190828323364258
0,30,0.44118524749877763,0.036056548107425535,0.04270458221435547,2.190828323364258
0,31,0.4414750249980237,0.038416796144622234,0.04031491279602051,2.190828323364258
0,32,0.4415102870391915,0.04027897086729637,0.03287339210510254,2.190828323364258
0,33,0.4463405599114284,0.03924102847578603,0.1347215175628662,2.190828323364258
0,34,0.44637944663075013,0.04320416337735211,0.03220343589782715,2.190828323364258
0,35,0.4463922770780129,0.051024449057624155,0.026940345764160156,2.190828323364258
0,36,0.44676593387022306,0.05482291008561335,0.04528355598449707,2.190828323364258
0,37,0.4467933343216892,0.05762157820010161,0.027730226516723633,2.190828323364258
0,38,0.4511180424479553,0.052850113205578086,0.12744140625,2.190828323364258
0,39,0.4513319754904832,0.05079785974220852,0.04322552680969238,2.190828323364258
0,40,0.4513569806971365,0.05227827433765264,0.027209997177124023,2.190828323364258
0,41,0.4504865843405312,0.128117427582374,0.08338475227355957,2.190828323364258
0,42,0.4511966019684537,0.08927065792136502,0.13692069053649902,2.190828323364258
0,43,0.450236214432358,0.07555579945874857,0.08958959579467773,2.190828323364258
0,44,0.45117887521961997,0.05610034817202292,0.06595277786254883,2.190828323364258
0,45,0.45097952769985983,0.05412591162278313,0.04929375648498535,2.190828323364258
0,46,0.4511550722672438,0.051598352514765966,0.03806877136230469,2.190828323364258
0,47,0.45123054000668616,0.04978961078620214,0.03184032440185547,2.190828323364258
0,48,0.4514939791840265,0.03780909664247134,0.037284135818481445,2.190828323364258
0,49,0.4515320720671606,0.03851863358065133,0.031009674072265625,2.190828323364258
0,50,0.4546371922906607,0.03951242829757051,0.09870743751525879,2.190828323364258
0,51,0.4546949893624709,0.045081811592795784,0.032233476638793945,2.190828323364258
0,52,0.4547150601210385,0.049482244308902135,0.027330398559570312,2.190828323364258
0,53,0.4582517972477166,0.051487172769497325,0.13348793983459473,2.190828323364258
0,54,0.45840577551586453,0.049608422329249335,0.03950047492980957,2.190828323364258
0,55,0.4584323653394713,0.05070423614399011,0.02571845054626465,2.190828323364258
0,56,0.4591140093599865,0.04890924839627131,0.07071137428283691,2.190828323364258
0,57,0.45934384928005423,0.050016856049031666,0.047788381576538086,2.190828323364258
0,58,0.4593968883864386,0.0490866260040716,0.03370785713195801,2.190828323364258
0,59,0.45940755575395553,0.04792110923633147,0.02632451057434082,2.190828323364258
0,60,0.46478429763343443,0.04285833412386503,0.183943510055542,2.190828323364258
0,61,0.46493365296331357,0.03972393548099851,0.04483222961425781,2.190828323364258
0,62,0.464961657272422,0.04236356954168752,0.027947425842285156,2.190828323364258
0,63,0.465213077483387,0.0446020179677008,0.03580021858215332,2.190828323364258
0,64,0.46524392563423966,0.045526991290479324,0.028122425079345703,2.190828323364258
0,65,0.4677232798956675,0.044739692548615984,0.10803079605102539,2.190828323364258
0,66,0.4677510854024769,0.04636188716930312,0.0313715934753418,2.190828323364258
0,67,0.4691584001220196,0.04702729167817565,0.08639025688171387,2.190828323364258
0,68,0.47103607007311143,0.04545123546659258,0.08987593650817871,2.190828323364258
0,69,0.47119753770321815,0.04555054650284118,0.03791046142578125,2.190828323364258
0,70,0.47121531450317933,0.04471961149590875,0.03045797348022461,2.190828323364258
0,71,0.47302829894842957,0.041877990455922776,0.10623598098754883,2.190828323364258
0,72,0.4730498775135084,0.0403158164060356,0.03244638442993164,2.190828323364258
0,73,0.47497760221096863,0.03950999116292364,0.10628271102905273,2.190828323364258
0,74,0.4750067026130341,0.041181932210720085,0.03248882293701172,2.190828323364258
0,75,0.4765911083192248,0.041191604062028486,0.09990882873535156,2.190828323364258
0,76,0.47662037696719745,0.04322992744420806,0.03433537483215332,2.190828323364258
0,77,0.4782689642821773,0.04204634382474293,0.09753775596618652,2.190828323364258
0,78,0.4782998327701763,0.043278775961827054,0.030994176864624023,2.190828323364258
0,79,0.48009613604155954,0.043748240738154864,0.10299444198608398,2.190828323364258
0,80,0.4801282151903936,0.04333309048552292,0.03375411033630371,2.190828323364258
0,81,0.46297475628422946,0.08000000000000007,0.29188990592956543,2.190828323364258
0,82,0.46237480624965777,0.07068093974895451,0.2798902988433838,2.190828323364258
0,83,0.46179096860298097,0.07699999999999996,0.17086267471313477,2.190828323364258
0,84,0.4629217229329722,0.07375236007220165,0.11597824096679688,2.190828323364258
0,85,0.4626933622865753,0.07400000000000007,0.09474682807922363,2.190828323364258
0,86,0.46336350927607883,0.07250000000000001,0.08053112030029297,2.190828323364258
0,87,0.46340572253199797,0.050645790753301334,0.08491230010986328,2.190828323364258
0,88,0.4639306278302395,0.05015825104812699,0.06994295120239258,2.190828323364258
0,89,0.46565358523738987,0.05018226008104787,0.11385607719421387,2.190828323364258
0,90,0.46584656816926917,0.05045383236035428,0.04696464538574219,2.190828323364258
0,91,0.46590397197047195,0.050807428129968524,0.04004073143005371,2.190828323364258
0,92,0.4659253334548935,0.051240232532705376,0.031242847442626953,2.190828323364258
0,93,0.4688420178393478,0.03053202513223563,0.1981971263885498,2.190828323364258
0,94,0.46895093430369883,0.030711702181186906,0.03775334358215332,2.190828323364258
0,95,0.4689716029496857,0.030668823230722952,0.02771162986755371,2.190828323364258
0,96,0.47006849771389686,0.029949534644828968,0.10216689109802246,2.190828323364258
0,97,0.47010109076247397,0.029827606325269707,0.03849601745605469,2.190828323364258
0,98,0.4723640889373939,0.029708349464716677,0.17917776107788086,2.190828323364258
0,99,0.47242553523550923,0.029331085218395003,0.03697848320007324,2.190828323364258
0,100,0.4724931751017747,0.025048729639665535,0.03309178352355957,2.190828323364258
0,101,0.47306147479083027,0.025885555122693416,0.06688237190246582,2.190828323364258
0,102,0.47431079904170076,0.025458752253282757,0.11406445503234863,2.190828323364258
0,103,0.475358001597888,0.02568158348218108,0.10505938529968262,2.190828323364258
0,104,0.4756017941616556,0.026619456454465507,0.05275249481201172,2.190828323364258
0,105,0.47576696570221744,0.027229286609309455,0.04805731773376465,2.190828323364258
0,106,0.47579657259081315,0.028235671293449505,0.03378009796142578,2.190828323364258
0,107,0.4783053650038662,0.02697523075781738,0.21054816246032715,2.190828323364258
0,108,0.478449759606337,0.02771621867318419,0.0484318733215332,2.190828323364258
0,109,0.478496644966472,0.028303445540379113,0.033858299255371094,2.190828323364258
0,110,0.4801054813015235,0.027863429596501676,0.16917967796325684,2.190828323364258
0,111,0.4807786814679874,0.027827700798895516,0.10880017280578613,2.190828323364258
0,112,0.48125910374592407,0.027478501024540247,0.082366943359375,2.190828323364258
0,113,0.4821783797899347,0.027446248730647826,0.11291384696960449,2.190828323364258
0,114,0.4823749953456027,0.027252267326281387,0.06807303428649902,2.190828323364258
0,115,0.4838056954609622,0.026575504344762635,0.17860770225524902,2.190828323364258
0,116,0.48393502702609836,0.027239659154186135,0.047989606857299805,2.190828323364258
0,117,0.4849491791170959,0.026000000000000023,0.14374470710754395,2.190828323364258
0,118,0.48556992965043205,0.024500000000000022,0.1145317554473877,2.190828323364258
0,119,0.486245694378277,0.02300000000000002,0.130082368850708,2.190828323364258
0,120,0.48698982883323166,0.021500000000000075,0.15077495574951172,2.190828323364258
0,121,0.4569736167346425,0.020000000000000073,0.5282063484191895,2.190828323364258
0,122,0.4565173487547898,0.020000000000000073,0.28643155097961426,2.190828323364258
0,123,0.45639381769074916,0.020000000000000018,0.12895607948303223,2.190828323364258
0,124,0.456504845163839,0.020000000000000018,0.0961616039276123,2.190828323364258
0,125,0.45641186992248095,0.020000000000000018,0.08963489532470703,2.190828323364258
0,126,0.45644993880546325,0.020000000000000018,0.09241843223571777,2.190828323364258
0,127,0.4564211117520651,0.020000000000000018,0.057100772857666016,2.190828323364258
0,128,0.45643312837446604,0.020000000000000018,0.05104494094848633,2.190828323364258
0,129,0.45637862142931374,0.020000000000000018,0.07416105270385742,2.190828323364258
0,130,0.4563818829804525,0.020000000000000018,0.038553476333618164,2.190828323364258
0,131,0.4563826958283474,0.020000000000000073,0.04248452186584473,2.190828323364258
0,132,0.4563737495956426,0.020000000000000018,0.04696989059448242,2.190828323364258
0,133,0.45637699229976303,0.020000000000000018,0.034847259521484375,2.190828323364258
0,134,0.4562902109526359,0.020000000000000018,0.08460617065429688,2.190828323364258
0,135,0.4562925244849683,0.020000000000000018,0.03436017036437988,2.190828323364258
0,136,0.4562921808242819,0.020000000000000018,0.03228902816772461,2.190828323364258
0,137,0.45629158491720034,0.020000000000000018,0.03277897834777832,2.190828323364258
0,138,0.4562836862662257,0.020000000000000018,0.03877973556518555,2.190828323364258
0,139,0.4562671165512699,0.020000000000000018,0.04177069664001465,2.190828323364258
0,140,0.45626757547860075,0.020000000000000018,0.02979874610900879,2.190828323364258
0,141,0.45624883151637075,0.020000000000000018,0.03892159461975098,2.190828323364258
0,142,0.45624835794907936,0.020000000000000018,0.03127646446228027,2.190828323364258
0,143,0.4562477208521688,0.020000000000000018,0.026334285736083984,2.190828323364258
0,144,0.4562366897146476,0.020000000000000018,0.03628230094909668,2.190828323364258
0,145,0.4562369249283783,0.020000000000000018,0.02583169937133789,2.190828323364258
0,146,0.4561458975125362,0.020000000000000018,0.06210494041442871,2.190828323364258
0,147,0.45611338190627604,0.020000000000000018,0.03935599327087402,2.190828323364258
0,148,0.45611343949293454,0.020000000000000018,0.025223731994628906,2.190828323364258
0,149,0.4561138935660312,0.01631234868633924,0.025130271911621094,2.190828323364258
0,150,0.4561137317747589,0.0161827407016909,0.026790618896484375,2.190828323364258
0,1,0.40217160105555716,0.20000000000000007,0.4072401523590088,2.184495449066162
0,2,0.3883856180459062,0.1985,0.18175530433654785,2.190828323364258
0,3,0.3872056758060415,0.197,0.09625792503356934,2.190828323364258
0,4,0.3860950647821122,0.1955,0.07929396629333496,2.190828323364258
0,5,0.38608120340132335,0.09258490999540525,0.04543733596801758,2.190828323364258
0,6,0.3854670585308969,0.09372002589474193,0.07411050796508789,2.190828323364258
0,7,0.38547483775665436,0.08055897563684156,0.03056502342224121,2.190828323364258
0,8,0.385484407850626,0.06213697171381194,0.03203296661376953,2.190828323364258
0,9,0.38548089295351395,0.06201376905458866,0.0318145751953125,2.190828323364258
0,10,0.38549703750791,0.05448544918126952,0.03359222412109375,2.190828323364258
0,11,0.38547632917530084,0.05918525729661839,0.036537885665893555,2.190828323364258
0,12,0.3854855537709392,0.05177156964026819,0.02632880210876465,2.190828323364258
0,13,0.3855037776866034,0.047246073223453644,0.028905391693115234,2.190828323364258
0,14,0.3855062346795426,0.04616881300393283,0.024507522583007812,2.190828323364258
0,15,0.38559582933043335,0.05148661534906429,0.038355350494384766,2.190828323364258
0,16,0.38560919906429764,0.05289733216215209,0.026295185089111328,2.190828323364258
0,17,0.38639070736372244,0.056617730106689246,0.05272197723388672,2.190828323364258
0,18,0.3864085972594793,0.04825247922271714,0.02466106414794922,2.190828323364258
0,19,0.3864167709202119,0.03865366119368985,0.023604869842529297,2.190828323364258
0,20,0.38759538750707867,0.04353467718408277,0.05464434623718262,2.190828323364258
0,21,0.38760024307829044,0.033505685405326946,0.02316451072692871,2.190828323364258
0,22,0.38774159089510846,0.0336813859615982,0.036086320877075195,2.190828323364258
0,23,0.387764013479997,0.028934862508006587,0.026770830154418945,2.190828323364258
0,24,0.3877725334073049,0.025532361702285344,0.023993253707885742,2.190828323364258
0,25,0.38788926516927014,0.028851358638952385,0.03260064125061035,2.190828323364258
0,26,0.3878938903512778,0.029245331860179524,0.02485203742980957,2.190828323364258
0,27,0.38926422196348437,0.025564384680941576,0.0636746883392334,2.190828323364258
0,28,0.38928095762509396,0.024738711493445753,0.02774786949157715,2.190828323364258
0,29,0.3892862043493703,0.029742943850189607,0.025354862213134766,2.190828323364258
0,30,0.3909151171971541,0.027766039506685658,0.06180000305175781,2.190828323364258
0,31,0.3909187783673467,0.03194924634492036,0.023448705673217773,2.190828323364258
0,32,0.3909922730548644,0.030359332613844325,0.030782699584960938,2.190828323364258
0,33,0.3910098042850749,0.03234386163406694,0.027178287506103516,2.190828323364258
0,34,0.39101723197473903,0.03434116984958396,0.023522615432739258,2.190828323364258
0,35,0.3912338806632387,0.031355458840598094,0.03795123100280762,2.190828323364258
0,36,0.39125067023803517,0.03262128414278387,0.026329517364501953,2.190828323364258
0,37,0.3912591968168361,0.03645853466576654,0.023758649826049805,2.190828323364258
0,38,0.391265316839835,0.04169694233890664,0.02317214012145996,2.190828323364258
0,39,0.395007628793989,0.035048714732098474,0.10613727569580078,2.190828323364258
0,40,0.3950144449252021,0.037715713226561864,0.0272982120513916,2.190828323364258
0,41,0.3941704606451772,0.1323874291008842,0.06858205795288086,2.190828323364258
0,42,0.3936490097682796,0.08115323839089383,0.08626794815063477,2.190828323364258
0,43,0.3936725070990069,0.07909537685439438,0.04376053810119629,2.190828323364258
0,44,0.3936781187113968,0.07745895310133799,0.0303952693939209,2.190828323364258
0,45,0.3936804517173078,0.05590079800793368,0.025116682052612305,2.190828323364258
0,46,0.3936869389482002,0.046920883346181164,0.02529764175415039,2.190828323364258
0,47,0.3936941545781373,0.04528055268299924,0.024183988571166992,2.190828323364258
0,48,0.39372231103318117,0.04385073942755313,0.028125524520874023,2.190828323364258
0,49,0.39378280707118407,0.03501906507861696,0.03075718879699707,2.190828323364258
0,50,0.3937908532924015,0.03196567326050298,0.024695396423339844,2.190828323364258
0,51,0.39381145172667614,0.030644432396721433,0.025168657302856445,2.190828323364258
0,52,0.39382378885263836,0.0316610995832034,0.024199247360229492,2.190828323364258
0,53,0.3952333265647203,0.031034282578620342,0.06936287879943848,2.190828323364258
0,54,0.3965773272941224,0.02878619952661776,0.06142592430114746,2.190828323364258
0,55,0.3965918809458179,0.028772754114869126,0.027173280715942383,2.190828323364258
0,56,0.3965937972829694,0.028892482249696982,0.023485660552978516,2.190828323364258
0,57,0.396643392420393,0.028485598739742823,0.028931856155395508,2.190828323364258
0,58,0.396645500968027,0.028208665731587867,0.02378368377685547,2.190828323364258
0,59,0.3967095319803434,0.027213435419755683,0.033858537673950195,2.190828323364258
0,60,0.39803934450455997,0.02563651278372925,0.06628942489624023,2.190828323364258
0,61,0.398044922299414,0.025859811778815578,0.024109840393066406,2.190828323364258
0,62,0.3980589751338873,0.027365985749516986,0.025423049926757812,2.190828323364258
0,63,0.39806905543010784,0.029893740413987624,0.024726390838623047,2.190828323364258
0,64,0.40010922055851383,0.02842866901363794,0.08882403373718262,2.190828323364258
0,65,0.4001643295218814,0.029779232101230013,0.033309221267700195,2.190828323364258
0,66,0.4001721218479769,0.031519857548074404,0.024155616760253906,2.190828323364258
0,67,0.4001779909913806,0.03348639436829626,0.023647308349609375,2.190828323364258
0,68,0.40023377199679433,0.03374127791526316,0.03563976287841797,2.190828323364258
0,69,0.4002363010606641,0.03513789308116477,0.025352954864501953,2.190828323364258
0,70,0.40205825618031854,0.032758589760292334,0.08994030952453613,2.190828323364258
0,71,0.40206161487057945,0.0335346446362198,0.025200366973876953,2.190828323364258
0,72,0.4027542436774869,0.03138341838947312,0.06447553634643555,2.190828323364258
0,73,0.4027897771003791,0.030697682225602207,0.0320737361907959,2.190828323364258
0,74,0.40279348309487517,0.031215474851481795,0.026547670364379883,2.190828323364258
0,75,0.40283332383199777,0.030649940705232415,0.034641265869140625,2.190828323364258
0,76,0.40290543284060565,0.02956274797998748,0.04122519493103027,2.190828323364258
0,77,0.40291843524820625,0.028831863603126173,0.02680802345275879,2.190828323364258
0,78,0.40292760679762807,0.02992797294488747,0.02423572540283203,2.190828323364258
0,79,0.40459112324200563,0.02956007319415055,0.09415769577026367,2.190828323364258
0,80,0.40613655657792436,0.027487479773714796,0.08556103706359863,2.190828323364258
0,81,0.398214811022739,0.08000000000000007,0.21793842315673828,2.190828323364258
0,82,0.3981517297010805,0.07850000000000001,0.10483455657958984,2.190828323364258
0,83,0.39817009921852364,0.07700000000000007,0.0612332820892334,2.190828323364258
0,84,0.398225868617922,0.07470853904137809,0.04637765884399414,2.190828323364258
0,85,0.39826502727271573,0.07399999999999995,0.042272090911865234,2.190828323364258
0,86,0.3982906664168706,0.05423783566789697,0.03777122497558594,2.190828323364258
0,87,0.3983388119744471,0.05659832759551886,0.03403496742248535,2.190828323364258
0,88,0.39835953194144413,0.058799828371608354,0.02998948097229004,2.190828323364258
0,89,0.3983848598936029,0.050214040409180316,0.031208276748657227,2.190828323364258
0,90,0.39897205124497004,0.04833831295126778,0.053408145904541016,2.190828323364258
0,91,0.3995319725408073,0.035450990824735684,0.05452609062194824,2.190828323364258
0,92,0.39954607095756706,0.03527619635437185,0.0271453857421875,2.190828323364258
0,93,0.39954780664429135,0.03541756814436692,0.02300095558166504,2.190828323364258
0,94,0.3996503362575224,0.03489426046698296,0.039862632751464844,2.190828323364258
0,95,0.3996555600065224,0.034714823311495335,0.024394750595092773,2.190828323364258
0,96,0.39967574011529616,0.03366673974820211,0.02845907211303711,2.190828323364258
0,97,0.3996806879555981,0.03343751568125797,0.024393796920776367,2.190828323364258
0,98,0.40155843744452957,0.03609195957946909,0.10127830505371094,2.190828323364258
0,99,0.40156336713016105,0.02173563058135386,0.029483795166015625,2.190828323364258
0,100,0.401585202121104,0.021563910345560378,0.03142237663269043,2.190828323364258
0,101,0.4015893654696703,0.021065994930041798,0.02421092987060547,2.190828323364258
0,102,0.40312149248984985,0.02034246424063102,0.11674094200134277,2.190828323364258
0,103,0.40312669032538023,0.01972662394047031,0.029055356979370117,2.190828323364258
0,104,0.40314678564755313,0.019371052603771144,0.033670902252197266,2.190828323364258
0,105,0.4031516373420738,0.018701602502182224,0.0264892578125,2.190828323364258
0,106,0.4041902424164868,0.018318466814009726,0.13512849807739258,2.190828323364258
0,107,0.40420148794702626,0.01770361468048398,0.029491424560546875,2.190828323364258
0,108,0.4042371386771583,0.017294369755485928,0.03418278694152832,2.190828323364258
0,109,0.40424306731059945,0.015314159857643173,0.026810646057128906,2.190828323364258
0,110,0.4052307403665687,0.015217379872740189,0.1392059326171875,2.190828323364258
0,111,0.405241577837624,0.014658945335077278,0.030545711517333984,2.190828323364258
0,112,0.40528153779033393,0.01436510149886161,0.04047989845275879,2.190828323364258
0,113,0.4052910261441198,0.013867475055090783,0.03318643569946289,2.190828323364258
0,114,0.406480894378346,0.013790334914734692,0.17336273193359375,2.190828323364258
0,115,0.4064959261439809,0.01330874447990138,0.04267621040344238,2.190828323364258
0,116,0.40653435814179106,0.013093990437453407,0.04843711853027344,2.190828323364258
0,117,0.40654468218162787,0.012649434075756139,0.03527545928955078,2.190828323364258
0,118,0.40751354099495984,0.012500805771943235,0.1542353630065918,2.190828323364258
0,119,0.4075342178766309,0.011968955207173226,0.04092812538146973,2.190828323364258
0,120,0.40796338734942983,0.01179356157714706,0.10686230659484863,2.190828323364258
0,121,0.3961057431652365,0.020000000000000073,0.4112999439239502,2.190828323364258
0,122,0.3962246163510729,0.020000000000000073,0.12790536880493164,2.190828323364258
0,123,0.39609644657181753,0.020000000000000073,0.07586956024169922,2.190828323364258
0,124,0.39620478841789164,0.020000000000000018,0.07784390449523926,2.190828323364258
0,125,0.3960719610924919,0.020000000000000046,0.07035064697265625,2.190828323364258
0,126,0.3961802301943276,0.020000000000000018,0.08463168144226074,2.190828323364258
0,127,0.39604744344425413,0.020000000000000018,0.06893181800842285,2.190828323364258
0,128,0.39615023730560717,0.020000000000000073,0.06970643997192383,2.190828323364258
0,129,0.39602717239787155,0.020000000000000018,0.06276655197143555,2.190828323364258
0,130,0.396121853883982,0.020000000000000073,0.06200695037841797,2.190828323364258
0,131,0.3960123959773198,0.020000000000000018,0.06035876274108887,2.190828323364258
0,132,0.39609293680550617,0.020000000000000018,0.06402873992919922,2.190828323364258
0,133,0.39601480070849165,0.020000000000000018,0.057039737701416016,2.190828323364258
0,134,0.39605728177602195,0.020000000000000018,0.052152395248413086,2.190828323364258
0,135,0.39602651117753096,0.020000000000000018,0.047155141830444336,2.190828323364258
0,136,0.39604198748883124,0.020000000000000018,0.047094106674194336,2.190828323364258
0,137,0.3960279237764179,0.020000000000000073,0.042456626892089844,2.190828323364258
0,138,0.3960296205520536,0.020000000000000018,0.03720450401306152,2.190828323364258
0,139,0.39602987094767395,0.020000000000000018,0.03531384468078613,2.190828323364258
0,140,0.39602813697239453,0.020000000000000073,0.030365705490112305,2.190828323364258
0,141,0.3960302939988014,0.020000000000000018,0.0391998291015625,2.190828323364258
0,142,0.3960291381412145,0.020000000000000018,0.028919696807861328,2.190828323364258
0,143,0.3960192470310946,0.020000000000000018,0.04419422149658203,2.190828323364258
0,144,0.39601991963989236,0.020000000000000018,0.027510881423950195,2.190828323364258
0,145,0.3960244257931391,0.020000000000000018,0.039572715759277344,2.190828323364258
0,146,0.39602503514297316,0.020000000000000073,0.026595115661621094,2.190828323364258
0,147,0.3960252190929509,0.020000000000000073,0.024255990982055664,2.190828323364258
0,148,0.3960263408407226,0.020000000000000018,0.028015851974487305,2.190828323364258
0,149,0.39602642181586917,0.020000000000000018,0.02449631690979004,2.190828323364258
0,150,0.39602660253528865,0.020000000000000018,0.03303933143615723,2.190828323364258
