Is_3D_Phase,Iteration,Envelope_Compliance_Nm,Max_Delta_Rho,Compute_Time_sec,Peak_VRAM_GB
0,1,0.6079414731782747,0.20000000000000007,0.76027512550354,1.4481139183044434
0,2,0.6106879735694468,0.19850000000000007,0.1669611930847168,1.454446792602539
0,3,0.6076800744729031,0.19700000000000006,0.12698793411254883,1.454446792602539
0,4,0.611554768456285,0.1955,0.1119842529296875,1.454446792602539
0,5,0.6132520976250679,0.1768779161568983,0.10464000701904297,1.454446792602539
0,6,0.6176294613223345,0.19249999999999995,0.1135411262512207,1.454446792602539
0,7,0.6209348811062684,0.15716226719877413,0.10367536544799805,1.454446792602539
0,8,0.6248292115832507,0.15716226719877413,0.10272741317749023,1.454446792602539
0,9,0.6289478182003889,0.16781140878128528,0.1187283992767334,1.454446792602539
0,10,0.6326983973383904,0.16781140878128528,0.10242962837219238,1.454446792602539
0,11,0.6354576664886129,0.14238456457399104,0.10390329360961914,1.454446792602539
0,12,0.6404348391461233,0.14238456457399104,0.11825203895568848,1.454446792602539
0,13,0.6456658443826588,0.18200000000000002,0.1192014217376709,1.454446792602539
0,14,0.6471997291384237,0.18050000000000002,0.08511900901794434,1.454446792602539
0,15,0.6522689058040654,0.15976907628153406,0.1200094223022461,1.454446792602539
0,16,0.6558221229191348,0.06732458381827847,0.11027741432189941,1.454446792602539
0,17,0.6609493208380856,0.10588090482467322,0.13404393196105957,1.454446792602539
0,18,0.6648207407635852,0.05860075073656415,0.09768557548522949,1.454446792602539
0,19,0.6673562782961402,0.04462649735305779,0.08483028411865234,1.454446792602539
0,20,0.6725420868564558,0.08515972381315132,0.11279988288879395,1.454446792602539
0,21,0.678228252991254,0.04465663177982104,0.10706353187561035,1.454446792602539
0,22,0.6810511130397895,0.0446035443460473,0.08477401733398438,1.454446792602539
0,23,0.6862548655952924,0.038620199199926986,0.10845804214477539,1.454446792602539
0,24,0.6905759086317517,0.03268082829920982,0.10141968727111816,1.454446792602539
0,25,0.6952897657035215,0.12347465502535522,0.12273287773132324,1.454446792602539
0,26,0.7004382753030113,0.03212948149796638,0.11627721786499023,1.454446792602539
0,27,0.7032490535341309,0.029129931838694834,0.09394121170043945,1.454446792602539
0,28,0.7082993508525667,0.08178632365137528,0.10297179222106934,1.454446792602539
0,29,0.7120829591236348,0.08178632365137528,0.09070920944213867,1.454446792602539
0,30,0.7172326490808546,0.13619452304463803,0.10987734794616699,1.454446792602539
0,31,0.7230136689842919,0.031874156912763296,0.11523318290710449,1.454446792602539
0,32,0.7259578284689943,0.046241373589922724,0.08156681060791016,1.454446792602539
0,33,0.7314749063486082,0.06859405357061388,0.10660076141357422,1.454446792602539
0,34,0.7351439740995485,0.03782285514676398,0.09450721740722656,1.454446792602539
0,35,0.7404611146943502,0.05402721518719361,0.119415283203125,1.454446792602539
0,36,0.746361486269841,0.04186841794828411,0.1211397647857666,1.454446792602539
0,37,0.7496531676704452,0.04926403442542837,0.08707141876220703,1.454446792602539
0,38,0.7551991872041997,0.04740342378807405,0.10741257667541504,1.454446792602539
0,39,0.7590383642556366,0.04508121193061121,0.0929417610168457,1.454446792602539
0,40,0.7642668939170962,0.05898802755063712,0.11559510231018066,1.454446792602539
0,41,0.802637239163817,0.14000000000000004,0.27911877632141113,1.454446792602539
0,42,0.8045928953931352,0.1385,0.11781978607177734,1.454446792602539
0,43,0.8084116489762971,0.137,0.11898565292358398,1.454446792602539
0,44,0.814439271343423,0.07233040018556536,0.16454291343688965,1.454446792602539
0,45,0.8189124415202853,0.07547750506720663,0.1376955509185791,1.454446792602539
0,46,0.8220598025519453,0.0723666160091968,0.11023235321044922,1.454446792602539
0,47,0.8271317811525298,0.0727745591291783,0.15485501289367676,1.454446792602539
0,48,0.8302417502155512,0.08236661193097561,0.12006568908691406,1.454446792602539
0,49,0.8336188859244117,0.09807910539841358,0.13023948669433594,1.454446792602539
0,50,0.837559694786224,0.10979606801212055,0.17214703559875488,1.454446792602539
0,51,0.8394668756051266,0.125,0.12111020088195801,1.454446792602539
0,52,0.8409385827581961,0.12350000000000001,0.13338494300842285,1.454446792602539
0,53,0.841476172229892,0.12200000000000001,0.12866997718811035,1.454446792602539
0,54,0.841922458948361,0.12050000000000005,0.0974423885345459,1.454446792602539
0,55,0.8446969595097535,0.10357748183457827,0.15936613082885742,1.454446792602539
0,56,0.8461039440705607,0.11750000000000005,0.09541058540344238,1.454446792602539
0,57,0.8482627450664524,0.08941640093118808,0.11466860771179199,1.454446792602539
0,58,0.8509283449665359,0.09658589621155655,0.15190458297729492,1.454446792602539
0,59,0.8518096688194972,0.1031606436515976,0.07930707931518555,1.454446792602539
0,60,0.8546104913592436,0.1109547277419547,0.1190335750579834,1.454446792602539
0,61,0.8568124531616719,0.10999999999999999,0.13536643981933594,1.454446792602539
0,62,0.8594973303605343,0.0818581163636608,0.12661170959472656,1.454446792602539
0,63,0.8609790336350231,0.08423287325253503,0.09281611442565918,1.454446792602539
0,64,0.8640091194110133,0.09232882449735502,0.15593695640563965,1.454446792602539
0,65,0.8649786195286926,0.10116441944985222,0.08052659034729004,1.454446792602539
0,66,0.8684282848011214,0.10250000000000004,0.14883899688720703,1.454446792602539
0,67,0.8707056219573417,0.10099999999999998,0.1477947235107422,1.454446792602539
0,68,0.8719038799015444,0.09950000000000003,0.09144091606140137,1.454446792602539
0,69,0.8729870182702595,0.09799999999999998,0.10041522979736328,1.454446792602539
0,70,0.875843951216757,0.09650000000000003,0.1692638397216797,1.454446792602539
0,71,0.8786207873147822,0.08948310866362763,0.15418195724487305,1.454446792602539
0,72,0.8798639023808247,0.09279051579452868,0.09055900573730469,1.454446792602539
0,73,0.8809465049305887,0.09199999999999997,0.09419751167297363,1.454446792602539
0,74,0.8835676803985363,0.09050000000000002,0.16632986068725586,1.454446792602539
0,75,0.88608903573516,0.08899999999999997,0.15714144706726074,1.454446792602539
0,76,0.8873625051628495,0.08750000000000002,0.09311604499816895,1.454446792602539
0,77,0.8881824659230401,0.08600000000000008,0.08658456802368164,1.454446792602539
0,78,0.8912425993375805,0.08450000000000002,0.1638481616973877,1.454446792602539
0,79,0.8915354640580468,0.08299999999999996,0.0693659782409668,1.454446792602539
0,80,0.8948159947684537,0.08150000000000002,0.17586398124694824,1.454446792602539
0,81,0.876548420229656,0.08000000000000007,0.31444454193115234,1.454446792602539
0,82,0.8761047350235381,0.07850000000000007,0.1954364776611328,1.454446792602539
0,83,0.8763217493499349,0.07700000000000001,0.23297953605651855,1.454446792602539
0,84,0.8773137030593415,0.07550000000000001,0.1550610065460205,1.454446792602539
0,85,0.8779838626078786,0.07399999999999995,0.11607813835144043,1.454446792602539
0,86,0.8791338570744597,0.07250000000000001,0.11905741691589355,1.454446792602539
0,87,0.8793081973481052,0.07100000000000006,0.06922411918640137,1.454446792602539
0,88,0.8818518729283691,0.0695,0.16385173797607422,1.454446792602539
0,89,0.8822364832682301,0.06800000000000006,0.07862329483032227,1.454446792602539
0,90,0.8835632588896876,0.0665,0.10520029067993164,1.454446792602539
0,91,0.8837396834582882,0.06500000000000006,0.06594705581665039,1.454446792602539
0,92,0.8865308331825006,0.06350000000000003,0.1715545654296875,1.454446792602539
0,93,0.886799207904225,0.062000000000000055,0.06998801231384277,1.454446792602539
0,94,0.8885147135849163,0.060500000000000026,0.12029314041137695,1.454446792602539
0,95,0.8894195344468938,0.05900000000000005,0.09316182136535645,1.454446792602539
0,96,0.891111509948898,0.057499999999999996,0.1474313735961914,1.454446792602539
0,97,0.8930447895799347,0.05600000000000005,0.17273998260498047,1.454446792602539
0,98,0.8936728076505407,0.05449999999999999,0.09273552894592285,1.454446792602539
0,99,0.8944661803031958,0.05300000000000005,0.09076452255249023,1.454446792602539
0,100,0.8969052852344097,0.05149999999999999,0.18353915214538574,1.454446792602539
0,101,0.8971052693488792,0.050000000000000044,0.07236027717590332,1.454446792602539
0,102,0.8990662602856577,0.048500000000000015,0.1634211540222168,1.454446792602539
0,103,0.8998581544085382,0.04700000000000004,0.0975341796875,1.454446792602539
0,104,0.9005382091861833,0.04550000000000001,0.08644962310791016,1.454446792602539
0,105,0.9029310474434471,0.04400000000000004,0.19628071784973145,1.454446792602539
0,106,0.9033087926469756,0.04250000000000001,0.08179950714111328,1.454446792602539
0,107,0.9051986370996792,0.041000000000000036,0.17511868476867676,1.454446792602539
0,108,0.9061184677226763,0.03950000000000001,0.10191130638122559,1.454446792602539
0,109,0.9079225299494241,0.038000000000000034,0.17076563835144043,1.454446792602539
0,110,0.9091042694171843,0.036500000000000005,0.11548614501953125,1.454446792602539
0,111,0.9105445572056806,0.03500000000000003,0.15098118782043457,1.454446792602539
0,112,0.9118878454339345,0.03350000000000003,0.16423892974853516,1.454446792602539
0,113,0.9129610585676586,0.03200000000000003,0.11606574058532715,1.454446792602539
0,114,0.9144258535261351,0.030500000000000083,0.16305065155029297,1.454446792602539
0,115,0.9159785398892528,0.029000000000000026,0.17806267738342285,1.454446792602539
0,116,0.9171212342865331,0.02750000000000008,0.12106633186340332,1.454446792602539
0,117,0.9189677007709363,0.02600000000000008,0.2490544319152832,1.454446792602539
0,118,0.919911920649332,0.024500000000000077,0.1131131649017334,1.454446792602539
0,119,0.9217509553353714,0.02300000000000002,0.25338125228881836,1.454446792602539
0,120,0.9227090250012675,0.021500000000000075,0.12178897857666016,1.454446792602539
0,121,0.8763992909129765,0.020000000000000073,0.6258857250213623,1.454446792602539
0,122,0.875573339630018,0.020000000000000073,0.2939431667327881,1.454446792602539
0,123,0.8753147898693927,0.020000000000000025,0.20804786682128906,1.454446792602539
0,124,0.8748563991706658,0.020000000000000046,0.20753026008605957,1.454446792602539
0,125,0.8745925674744558,0.020000000000000018,0.14110112190246582,1.454446792602539
0,126,0.8744207850475287,0.020000000000000018,0.12284183502197266,1.454446792602539
0,127,0.8741061234147787,0.020000000000000018,0.19181323051452637,1.454446792602539
0,128,0.8739887017857967,0.020000000000000018,0.10091161727905273,1.454446792602539
0,129,0.8737946322558878,0.020000000000000018,0.12706375122070312,1.454446792602539
0,130,0.8736373041948496,0.020000000000000018,0.09254217147827148,1.454446792602539
0,131,0.873442727932911,0.020000000000000018,0.12793993949890137,1.454446792602539
0,132,0.8734022605600248,0.020000000000000073,0.07889914512634277,1.454446792602539
0,133,0.873031393059563,0.020000000000000018,0.19179821014404297,1.454446792602539
0,134,0.8729393747096659,0.020000000000000018,0.08195829391479492,1.454446792602539
0,135,0.8728082205941645,0.020000000000000018,0.0976111888885498,1.454446792602539
0,136,0.8726319994808346,0.020000000000000018,0.10799622535705566,1.454446792602539
0,137,0.8725095420771937,0.020000000000000073,0.09778666496276855,1.454446792602539
0,138,0.872326805918877,0.020000000000000018,0.08094215393066406,1.454446792602539
0,139,0.872283109237073,0.020000000000000018,0.06487250328063965,1.454446792602539
0,140,0.8720468532726954,0.020000000000000018,0.11392617225646973,1.454446792602539
0,141,0.8720237045658658,0.020000000000000018,0.06003117561340332,1.454446792602539
0,142,0.8718626626517628,0.020000000000000018,0.08406877517700195,1.454446792602539
0,143,0.8717580768644164,0.020000000000000018,0.08415365219116211,1.454446792602539
0,144,0.8715118301289299,0.020000000000000018,0.12150788307189941,1.454446792602539
0,145,0.8714791704269809,0.020000000000000073,0.06317329406738281,1.454446792602539
0,146,0.8712859959603245,0.020000000000000018,0.11143875122070312,1.454446792602539
0,147,0.8712720264115241,0.020000000000000018,0.05794501304626465,1.454446792602539
0,148,0.8711161097980439,0.020000000000000018,0.07308793067932129,1.454446792602539
0,149,0.8710961305820587,0.020000000000000018,0.05599355697631836,1.454446792602539
0,150,0.8708977848572669,0.020000000000000018,0.10059165954589844,1.454446792602539
0,1,0.6081752370000639,0.20000000000000007,0.8437633514404297,2.534648895263672
0,2,0.6097074703465432,0.19850000000000007,0.16145634651184082,2.5409817695617676
0,3,0.6076877758528942,0.197,0.12049531936645508,2.5409817695617676
0,4,0.6109038921650174,0.1955,0.10685300827026367,2.5409817695617676
0,5,0.6131317136196558,0.194,0.09221386909484863,2.5409817695617676
0,6,0.6173470514165695,0.11683532175452932,0.09862017631530762,2.5409817695617676
0,7,0.6210030288212246,0.13628557939047303,0.09475517272949219,2.5409817695617676
0,8,0.6248515273838215,0.12168975418828487,0.09101104736328125,2.5409817695617676
0,9,0.6286137889062011,0.10812819790701322,0.09642791748046875,2.5409817695617676
0,10,0.6323583189017616,0.07953041497472424,0.08498859405517578,2.5409817695617676
0,11,0.635748967403948,0.0747616470101653,0.08588409423828125,2.5409817695617676
0,12,0.6396863637286063,0.07021552993402125,0.0927131175994873,2.5409817695617676
0,13,0.644548787705604,0.11950338822839522,0.10393166542053223,2.5409817695617676
0,14,0.6490758167032344,0.06386664565277067,0.10194993019104004,2.5409817695617676
0,15,0.6514266484803621,0.06494398649322042,0.06706023216247559,2.5409817695617676
0,16,0.6560102524735312,0.09629571330701041,0.09591841697692871,2.5409817695617676
0,17,0.6593713329847992,0.043722847204264115,0.0791630744934082,2.5409817695617676
0,18,0.6644390910793911,0.06910824937657156,0.10990715026855469,2.5409817695617676
0,19,0.6697135452648303,0.04684476183362685,0.1085364818572998,2.5409817695617676
0,20,0.672415531893838,0.040523477812023256,0.07631754875183105,2.5409817695617676
0,21,0.6774210296646279,0.04343737486351362,0.10146522521972656,2.5409817695617676
0,22,0.6808184393394586,0.04169066503847052,0.08139705657958984,2.5409817695617676
0,23,0.6860464437275692,0.046701398817393325,0.10492920875549316,2.5409817695617676
0,24,0.691322299000064,0.03105819368982843,0.10050058364868164,2.5409817695617676
0,25,0.6941854808211019,0.03288924182839015,0.08026671409606934,2.5409817695617676
0,26,0.6994625785880941,0.032738350135421035,0.1032106876373291,2.5409817695617676
0,27,0.7011159027605594,0.028614425946068667,0.0641324520111084,2.5409817695617676
0,28,0.7107216070925456,0.06603955118473231,0.15712308883666992,2.5409817695617676
0,29,0.7127819117660943,0.02998728472223,0.0711207389831543,2.5409817695617676
0,30,0.7165934956714897,0.02739825854251232,0.09179210662841797,2.5409817695617676
0,31,0.7229575779288668,0.030548778647256247,0.11180758476257324,2.5409817695617676
0,32,0.724122736779335,0.03165445142182355,0.06698870658874512,2.5409817695617676
0,33,0.7336095602397972,0.03926028302625156,0.16669607162475586,2.5409817695617676
0,34,0.7354343853803534,0.03380573532981146,0.07329368591308594,2.5409817695617676
0,35,0.7397610128602046,0.034219674756054475,0.09632563591003418,2.5409817695617676
0,36,0.747587273977043,0.035954892367737634,0.13895583152770996,2.5409817695617676
0,37,0.7492256392312697,0.043676636093174515,0.07245969772338867,2.5409817695617676
0,38,0.7555383517275311,0.044886690076409885,0.1238248348236084,2.5409817695617676
0,39,0.7605075234613312,0.04598797751342887,0.12783432006835938,2.5409817695617676
0,40,0.7654507830488445,0.08762439392636398,0.12064576148986816,2.5409817695617676
0,41,0.8030728170993052,0.14000000000000007,0.27371931076049805,2.5409817695617676
0,42,0.8052108526273454,0.1385,0.11250519752502441,2.5409817695617676
0,43,0.8090620182919804,0.137,0.11692595481872559,2.5409817695617676
0,44,0.8152939898005971,0.07248881717104483,0.1559281349182129,2.5409817695617676
0,45,0.8198154988372311,0.06301497898721087,0.1338045597076416,2.5409817695617676
0,46,0.8229141160550353,0.07583440092337501,0.10805296897888184,2.5409817695617676
0,47,0.8283397998462179,0.06908252310996366,0.1567533016204834,2.5409817695617676
0,48,0.8317300290851719,0.07433996654540265,0.12520694732666016,2.5409817695617676
0,49,0.8351308968664383,0.081679243846151,0.12625360488891602,2.5409817695617676
0,50,0.8391942251167077,0.09515892168162698,0.1621847152709961,2.5409817695617676
0,51,0.8413417921476066,0.11785854671775403,0.12309002876281738,2.5409817695617676
0,52,0.8434548141273412,0.1235,0.14437437057495117,2.5409817695617676
0,53,0.8447515758889813,0.12200000000000001,0.15020346641540527,2.5409817695617676
0,54,0.8448392392969925,0.12050000000000005,0.1045682430267334,2.5409817695617676
0,55,0.8469486871270278,0.1107802063239357,0.16418051719665527,2.5409817695617676
0,56,0.8483145695398149,0.10659121896790635,0.09791088104248047,2.5409817695617676
0,57,0.8503614155404632,0.11599999999999999,0.11772990226745605,2.5409817695617676
0,58,0.8529546230692953,0.09048207188197865,0.16378569602966309,2.5409817695617676
0,59,0.8542489902502965,0.0975314130080368,0.09878897666931152,2.5409817695617676
0,60,0.8564578909087188,0.1032332591355436,0.1152944564819336,2.5409817695617676
0,61,0.8583909215388192,0.10999999999999999,0.13530540466308594,2.5409817695617676
0,62,0.8608317181077475,0.07557865176504219,0.13110804557800293,2.5409817695617676
0,63,0.8622793091823288,0.08333397137194964,0.10698270797729492,2.5409817695617676
0,64,0.8660932729016095,0.09559731436227448,0.19629931449890137,2.5409817695617676
0,65,0.8669528418520662,0.10399999999999998,0.0909891128540039,2.5409817695617676
0,66,0.869936851957275,0.10250000000000004,0.161942720413208,2.5409817695617676
0,67,0.8718499384611414,0.10099999999999998,0.14339494705200195,2.5409817695617676
0,68,0.8732192789755724,0.09950000000000003,0.10382080078125,2.5409817695617676
0,69,0.8743337058184615,0.09799999999999998,0.09740829467773438,2.5409817695617676
0,70,0.8786078891816826,0.09650000000000003,0.23528146743774414,2.5409817695617676
0,71,0.8791655807723622,0.08059771622974199,0.08473348617553711,2.5409817695617676
0,72,0.8808564662260054,0.09188412620215247,0.12332367897033691,2.5409817695617676
0,73,0.8827162634969552,0.09199999999999997,0.14349675178527832,2.5409817695617676
0,74,0.8852526213750604,0.09050000000000002,0.15802788734436035,2.5409817695617676
0,75,0.8860499231550847,0.08899999999999997,0.09214210510253906,2.5409817695617676
0,76,0.8888172991907574,0.08750000000000002,0.16511297225952148,2.5409817695617676
0,77,0.8892203446872308,0.08600000000000008,0.07853150367736816,2.5409817695617676
0,78,0.891975991140062,0.08450000000000002,0.15972352027893066,2.5409817695617676
0,79,0.8928715420324339,0.08299999999999996,0.08843445777893066,2.5409817695617676
0,80,0.8939479779254904,0.08150000000000002,0.09461355209350586,2.5409817695617676
0,81,0.8774254526873204,0.08000000000000007,0.3362925052642822,2.5409817695617676
0,82,0.8767043176543701,0.07850000000000001,0.20949578285217285,2.5409817695617676
0,83,0.8768048046416972,0.07700000000000007,0.21677017211914062,2.5409817695617676
0,84,0.8777781141959804,0.07550000000000001,0.15840530395507812,2.5409817695617676
0,85,0.8783002817146424,0.07400000000000007,0.10218119621276855,2.5409817695617676
0,86,0.8795659518962411,0.07250000000000001,0.12374210357666016,2.5409817695617676
0,87,0.8797619714908607,0.07100000000000006,0.07341480255126953,2.5409817695617676
0,88,0.8821741470285582,0.06950000000000006,0.17411303520202637,2.5409817695617676
0,89,0.8825430296518632,0.06800000000000006,0.08736014366149902,2.5409817695617676
0,90,0.8837151690600671,0.0665,0.09927678108215332,2.5409817695617676
0,91,0.8846985763891404,0.06500000000000006,0.09243893623352051,2.5409817695617676
0,92,0.8855185393747858,0.0635,0.09146952629089355,2.5409817695617676
0,93,0.8874839954179211,0.062000000000000055,0.1584024429321289,2.5409817695617676
0,94,0.8884595728806866,0.060500000000000054,0.10108065605163574,2.5409817695617676
0,95,0.8892764247706344,0.05900000000000005,0.08952784538269043,2.5409817695617676
0,96,0.8910017678150706,0.05750000000000005,0.15076446533203125,2.5409817695617676
0,97,0.8929163451987947,0.05600000000000005,0.16671299934387207,2.5409817695617676
0,98,0.8935103081289204,0.05450000000000002,0.0909268856048584,2.5409817695617676
0,99,0.8942770423408054,0.05300000000000005,0.08958816528320312,2.5409817695617676
0,100,0.8960332430963911,0.051500000000000046,0.15944242477416992,2.5409817695617676
0,101,0.8976808628187121,0.050000000000000044,0.1491560935974121,2.5409817695617676
0,102,0.8984323218564403,0.048500000000000015,0.10031723976135254,2.5409817695617676
0,103,0.8991560194785797,0.04700000000000004,0.09474730491638184,2.5409817695617676
0,104,0.9006992833954208,0.04550000000000001,0.1731107234954834,2.5409817695617676
0,105,0.9025117871115045,0.04400000000000004,0.16133999824523926,2.5409817695617676
0,106,0.9032183045415478,0.04250000000000001,0.09942507743835449,2.5409817695617676
0,107,0.9044342998537935,0.041000000000000036,0.12323474884033203,2.5409817695617676
0,108,0.9064247826060414,0.03950000000000001,0.22893404960632324,2.5409817695617676
0,109,0.9069158512253672,0.038000000000000034,0.09647297859191895,2.5409817695617676
0,110,0.9087675487229252,0.036500000000000005,0.17861413955688477,2.5409817695617676
0,111,0.9102849049987056,0.03500000000000003,0.18211078643798828,2.5409817695617676
0,112,0.9113053870964816,0.0335,0.1061105728149414,2.5409817695617676
0,113,0.9127562040187024,0.03200000000000003,0.16359376907348633,2.5409817695617676
0,114,0.9142663549782235,0.030500000000000083,0.17746829986572266,2.5409817695617676
0,115,0.9154316469378081,0.029000000000000026,0.1373908519744873,2.5409817695617676
0,116,0.9168728497344726,0.02750000000000008,0.17969870567321777,2.5409817695617676
0,117,0.9184290107598359,0.02600000000000008,0.18536591529846191,2.5409817695617676
0,118,0.9195892648917815,0.024500000000000077,0.12294149398803711,2.5409817695617676
0,119,0.9214147825097555,0.02300000000000002,0.2550785541534424,2.5409817695617676
0,120,0.9223948955686455,0.021500000000000075,0.12131619453430176,2.5409817695617676
0,121,0.8759856314725107,0.020000000000000073,0.6097562313079834,2.5409817695617676
0,122,0.8751717473374632,0.020000000000000073,0.27309370040893555,2.5409817695617676
0,123,0.874904614538603,0.020000000000000018,0.18798303604125977,2.5409817695617676
0,124,0.8744453485205318,0.020000000000000073,0.19787931442260742,2.5409817695617676
0,125,0.8741821189393351,0.020000000000000018,0.13949894905090332,2.5409817695617676
0,126,0.8740044066486736,0.020000000000000018,0.11350560188293457,2.5409817695617676
0,127,0.8736869081474045,0.020000000000000073,0.18256497383117676,2.5409817695617676
0,128,0.8735696406303016,0.020000000000000018,0.09030556678771973,2.5409817695617676
0,129,0.8733672019888945,0.020000000000000073,0.11823844909667969,2.5409817695617676
0,130,0.873205654600784,0.020000000000000018,0.09745597839355469,2.5409817695617676
0,131,0.8729875181791309,0.020000000000000018,0.12327051162719727,2.5409817695617676
0,132,0.8729447704188409,0.020000000000000018,0.06801962852478027,2.5409817695617676
0,133,0.8725508902317615,0.020000000000000018,0.1757054328918457,2.5409817695617676
0,134,0.8724582691133813,0.020000000000000018,0.07623839378356934,2.5409817695617676
0,135,0.872246651427092,0.020000000000000018,0.09998250007629395,2.5409817695617676
0,136,0.8722140916917607,0.020000000000000018,0.06039166450500488,2.5409817695617676
0,137,0.8719383000597124,0.020000000000000018,0.10744929313659668,2.5409817695617676
0,138,0.8719087541188405,0.020000000000000018,0.058947086334228516,2.5409817695617676
0,139,0.8716555046898244,0.020000000000000018,0.1022646427154541,2.5409817695617676
0,140,0.8716335785975415,0.020000000000000018,0.0688316822052002,2.5409817695617676
0,141,0.8714578494085617,0.020000000000000018,0.08840823173522949,2.5409817695617676
0,142,0.8713469988154736,0.020000000000000018,0.08346939086914062,2.5409817695617676
0,143,0.8711478465108529,0.020000000000000018,0.10070991516113281,2.5409817695617676
0,144,0.8711148863904314,0.020000000000000018,0.06163954734802246,2.5409817695617676
0,145,0.8709243335518521,0.020000000000000018,0.11359024047851562,2.5409817695617676
0,146,0.8709055192925496,0.020000000000000073,0.05448627471923828,2.5409817695617676
0,147,0.8707424759249281,0.020000000000000018,0.07465410232543945,2.5409817695617676
0,148,0.8707108643079055,0.020000000000000018,0.061211585998535156,2.5409817695617676
0,149,0.8705122257132677,0.020000000000000018,0.07606959342956543,2.5409817695617676
0,150,0.8703441002016267,0.020000000000000018,0.1031334400177002,2.5409817695617676
0,1,0.608173109596684,0.20000000000000007,0.8234560489654541,2.534648895263672
0,2,0.6093620216320659,0.19850000000000007,0.15403389930725098,2.5409817695617676
0,3,0.6076333998304506,0.19700000000000006,0.11179518699645996,2.5409817695617676
0,4,0.6106725081916445,0.1955,0.10200142860412598,2.5409817695617676
0,5,0.6130737270765748,0.1500444007523612,0.09402346611022949,2.5409817695617676
0,6,0.6171915557117169,0.10946564364455424,0.10664963722229004,2.5409817695617676
0,7,0.6208748405845739,0.0981269055757158,0.09715390205383301,2.5409817695617676
0,8,0.6247406504608555,0.1169155549677181,0.09214019775390625,2.5409817695617676
0,9,0.6284667500124334,0.10303598532021963,0.09339094161987305,2.5409817695617676
0,10,0.6322707946897016,0.07654775526230395,0.08867263793945312,2.5409817695617676
0,11,0.6365024162267249,0.07254921453404461,0.10357332229614258,2.5409817695617676
0,12,0.6404051528425383,0.06832702845025229,0.08441853523254395,2.5409817695617676
0,13,0.6428982231472697,0.08656793261924686,0.07457566261291504,2.5409817695617676
0,14,0.6496681368941042,0.06533652780099519,0.1458590030670166,2.5409817695617676
0,15,0.6508815909377694,0.0625111685086337,0.06836247444152832,2.5409817695617676
0,16,0.6565500645081064,0.06408239459198503,0.15540814399719238,2.5409817695617676
0,17,0.6600227634144302,0.044121079447268174,0.0787513256072998,2.5409817695617676
0,18,0.6628723816177025,0.04513215752617794,0.08600902557373047,2.5409817695617676
0,19,0.6704173232599777,0.048212120791810475,0.13312315940856934,2.5409817695617676
0,20,0.671916465658311,0.03771667323635264,0.06786561012268066,2.5409817695617676
0,21,0.6778624210732057,0.05539690928602886,0.12066864967346191,2.5409817695617676
0,22,0.6814724380254269,0.0422556361606623,0.07887911796569824,2.5409817695617676
0,23,0.6865517885671224,0.037713071393083886,0.11573910713195801,2.5409817695617676
0,24,0.6907900964639754,0.0369689703814452,0.09253072738647461,2.5409817695617676
0,25,0.6933772976760713,0.031718316105447064,0.07365989685058594,2.5409817695617676
0,26,0.698879510606812,0.03516315564748895,0.11046004295349121,2.5409817695617676
0,27,0.7046011410513835,0.02577788257505198,0.11309981346130371,2.5409817695617676
0,28,0.7078301636210207,0.029952160372094694,0.08755254745483398,2.5409817695617676
0,29,0.7131187427521184,0.07530752107758233,0.10903310775756836,2.5409817695617676
0,30,0.7146464774588992,0.07530752107758233,0.06292057037353516,2.5409817695617676
0,31,0.7243072413446392,0.14441291595726008,0.15517568588256836,2.5409817695617676
0,32,0.7263864085507011,0.050760173987071514,0.07473111152648926,2.5409817695617676
0,33,0.7306546569159318,0.05542181295897784,0.09517526626586914,2.5409817695617676
0,34,0.7373879580037777,0.03132131664013771,0.11530923843383789,2.5409817695617676
0,35,0.7387030276318937,0.08101301235648518,0.06578493118286133,2.5409817695617676
0,36,0.7478623594502936,0.09816725244943235,0.1638047695159912,2.5409817695617676
0,37,0.7497242183028853,0.040290164359634284,0.07567262649536133,2.5409817695617676
0,38,0.7545930564699908,0.045742001993743786,0.11696147918701172,2.5409817695617676
0,39,0.7615057459216937,0.04380813793747507,0.12918853759765625,2.5409817695617676
0,40,0.7628043298511755,0.05675541920906488,0.06741094589233398,2.5409817695617676
0,41,0.8031662073607078,0.14000000000000007,0.2791881561279297,2.5409817695617676
0,42,0.8056375784572738,0.1385,0.11349272727966309,2.5409817695617676
0,43,0.8093857859691354,0.137,0.11721205711364746,2.5409817695617676
0,44,0.8155493082316718,0.07261039786167633,0.15772604942321777,2.5409817695617676
0,45,0.8200704758502882,0.05984419632888793,0.1351151466369629,2.5409817695617676
0,46,0.8232170399057371,0.07127209789764388,0.10698604583740234,2.5409817695617676
0,47,0.8287259285475064,0.066215218683084,0.15392851829528809,2.5409817695617676
0,48,0.8323585883862806,0.07190955695556711,0.13110589981079102,2.5409817695617676
0,49,0.8356380688422334,0.07720772731165004,0.1270287036895752,2.5409817695617676
0,50,0.8399417960632184,0.08935387389360816,0.15967440605163574,2.5409817695617676
0,51,0.8421956252362508,0.10796330174367402,0.11922287940979004,2.5409817695617676
0,52,0.8443553944758706,0.12350000000000005,0.13141727447509766,2.5409817695617676
0,53,0.8458924722706638,0.12200000000000001,0.14458799362182617,2.5409817695617676
0,54,0.8460375856189194,0.12050000000000005,0.10025620460510254,2.5409817695617676
0,55,0.8479628351340638,0.119,0.161299467086792,2.5409817695617676
0,56,0.8492562721550763,0.10274376807569141,0.09645199775695801,2.5409817695617676
0,57,0.8511474950723799,0.11390938105025739,0.11574220657348633,2.5409817695617676
0,58,0.8536436179766955,0.08822466060981993,0.15865325927734375,2.5409817695617676
0,59,0.854888853591921,0.095542947090269,0.10337638854980469,2.5409817695617676
0,60,0.8571491374834019,0.10125728920903876,0.12675929069519043,2.5409817695617676
0,61,0.8591855325099147,0.10999999999999999,0.2032608985900879,2.5409817695617676
0,62,0.8613833345923194,0.075100184043292,0.13639569282531738,2.5409817695617676
0,63,0.8630058040332322,0.0829718914705253,0.10984611511230469,2.5409817695617676
0,64,0.8666997231282976,0.09506412017256227,0.20288515090942383,2.5409817695617676
0,65,0.8673097810492196,0.10360411302326777,0.07936406135559082,2.5409817695617676
0,66,0.8702375888734379,0.10250000000000004,0.14647126197814941,2.5409817695617676
0,67,0.872238417718132,0.10099999999999998,0.14486408233642578,2.5409817695617676
0,68,0.8736944714732127,0.09950000000000003,0.11337804794311523,2.5409817695617676
0,69,0.8747692338578623,0.09799999999999998,0.08774447441101074,2.5409817695617676
0,70,0.878949687617636,0.09286511232618833,0.22215795516967773,2.5409817695617676
0,71,0.8794682619132113,0.08298081833515936,0.09237241744995117,2.5409817695617676
0,72,0.8811692018510489,0.08951382091538818,0.10831141471862793,2.5409817695617676
0,73,0.881500929576306,0.09199999999999997,0.07023024559020996,2.5409817695617676
0,74,0.8860575610452754,0.09050000000000002,0.2324967384338379,2.5409817695617676
0,75,0.8866581832489473,0.08870707659697852,0.08282828330993652,2.5409817695617676
0,76,0.8881500036494635,0.08750000000000002,0.10558342933654785,2.5409817695617676
0,77,0.8889646959665292,0.08600000000000008,0.08927297592163086,2.5409817695617676
0,78,0.8915584270734613,0.08450000000000002,0.15417218208312988,2.5409817695617676
0,79,0.8939220441302267,0.08299999999999996,0.1575167179107666,2.5409817695617676
0,80,0.895146883079122,0.08150000000000002,0.1006002426147461,2.5409817695617676
0,81,0.8774343423355739,0.08000000000000007,0.32452940940856934,2.5409817695617676
0,82,0.8768992555001589,0.07850000000000001,0.2037806510925293,2.5409817695617676
0,83,0.876939100877195,0.07700000000000007,0.22637724876403809,2.5409817695617676
0,84,0.8774480060554308,0.07550000000000001,0.11222076416015625,2.5409817695617676
0,85,0.8787259068973201,0.07399999999999995,0.14978933334350586,2.5409817695617676
0,86,0.8791379754073894,0.07250000000000001,0.08304691314697266,2.5409817695617676
0,87,0.8804559937594237,0.07100000000000006,0.11471796035766602,2.5409817695617676
0,88,0.8806868088333099,0.0695,0.07956457138061523,2.5409817695617676
0,89,0.8833542417543274,0.06800000000000006,0.16915178298950195,2.5409817695617676
0,90,0.8835948352184149,0.0665,0.07116222381591797,2.5409817695617676
0,91,0.8849659856720682,0.06500000000000006,0.11162376403808594,2.5409817695617676
0,92,0.8851480668831313,0.0635,0.07707977294921875,2.5409817695617676
0,93,0.8877179352795252,0.062000000000000055,0.17115998268127441,2.5409817695617676
0,94,0.8880086346612868,0.0605,0.07366514205932617,2.5409817695617676
0,95,0.8900749554969889,0.05900000000000005,0.16080045700073242,2.5409817695617676
0,96,0.8910714961755304,0.057499999999999996,0.09573030471801758,2.5409817695617676
0,97,0.891564061563629,0.05600000000000005,0.08261585235595703,2.5409817695617676
0,98,0.8932741234441607,0.05450000000000002,0.15550494194030762,2.5409817695617676
0,99,0.8951937840698793,0.05300000000000005,0.16535162925720215,2.5409817695617676
0,100,0.8959919368415681,0.05150000000000002,0.09286165237426758,2.5409817695617676
0,101,0.8965527804464792,0.050000000000000044,0.08522367477416992,2.5409817695617676
0,102,0.898156857281196,0.048500000000000015,0.1474921703338623,2.5409817695617676
0,103,0.8998980857214678,0.04700000000000004,0.16291284561157227,2.5409817695617676
0,104,0.9006700347065516,0.04550000000000001,0.0903172492980957,2.5409817695617676
0,105,0.9012525582722732,0.04400000000000004,0.08732748031616211,2.5409817695617676
0,106,0.9033762493891107,0.04250000000000001,0.17269468307495117,2.5409817695617676
0,107,0.9038379958145767,0.041000000000000036,0.08258605003356934,2.5409817695617676
0,108,0.906070246829914,0.03950000000000001,0.1851203441619873,2.5409817695617676
0,109,0.9072532037459913,0.038000000000000034,0.11546134948730469,2.5409817695617676
0,110,0.9079499312940659,0.036500000000000005,0.09061861038208008,2.5409817695617676
0,111,0.9104049705230064,0.03500000000000003,0.24661564826965332,2.5409817695617676
0,112,0.9112128984948176,0.03350000000000003,0.10208821296691895,2.5409817695617676
0,113,0.9124005276901321,0.03200000000000003,0.11320948600769043,2.5409817695617676
0,114,0.9144208363421704,0.030500000000000083,0.24512076377868652,2.5409817695617676
0,115,0.9152791569234275,0.029000000000000026,0.11255788803100586,2.5409817695617676
0,116,0.9165203758583278,0.02750000000000008,0.12975168228149414,2.5409817695617676
0,117,0.9184954735341517,0.026000000000000023,0.2436659336090088,2.5409817695617676
0,118,0.9194351338285462,0.024500000000000077,0.1221013069152832,2.5409817695617676
0,119,0.9212749047756643,0.023000000000000076,0.2600870132446289,2.5409817695617676
0,120,0.9222227224568307,0.021500000000000075,0.11692404747009277,2.5409817695617676
0,121,0.875816269809255,0.020000000000000073,0.6363835334777832,2.5409817695617676
0,122,0.8750067601808973,0.020000000000000046,0.2730062007904053,2.5409817695617676
0,123,0.8747381726360092,0.020000000000000018,0.19533324241638184,2.5409817695617676
0,124,0.8742755303928398,0.020000000000000046,0.19992804527282715,2.5409817695617676
0,125,0.8740178285549132,0.020000000000000018,0.13636326789855957,2.5409817695617676
0,126,0.873843528169304,0.020000000000000018,0.11039996147155762,2.5409817695617676
0,127,0.8735219807388335,0.020000000000000018,0.18892478942871094,2.5409817695617676
0,128,0.8734050785834198,0.020000000000000018,0.08954024314880371,2.5409817695617676
0,129,0.8731894871445489,0.020000000000000073,0.12085437774658203,2.5409817695617676
0,130,0.8730253093290257,0.020000000000000018,0.09153079986572266,2.5409817695617676
0,131,0.8728050530933674,0.020000000000000018,0.1226494312286377,2.5409817695617676
0,132,0.8727605712944908,0.020000000000000073,0.06820917129516602,2.5409817695617676
0,133,0.8723660625911627,0.020000000000000018,0.1689908504486084,2.5409817695617676
0,134,0.8722657728949813,0.020000000000000018,0.07906460762023926,2.5409817695617676
0,135,0.8721289742159728,0.020000000000000018,0.0905921459197998,2.5409817695617676
0,136,0.8719378616647884,0.020000000000000018,0.07852721214294434,2.5409817695617676
0,137,0.8718283643457013,0.020000000000000073,0.08603191375732422,2.5409817695617676
0,138,0.8716394024748053,0.020000000000000018,0.07751059532165527,2.5409817695617676
0,139,0.8715943258329193,0.020000000000000073,0.06243395805358887,2.5409817695617676
0,140,0.8713228295753863,0.020000000000000018,0.11198687553405762,2.5409817695617676
0,141,0.8712903647473251,0.020000000000000018,0.0593266487121582,2.5409817695617676
0,142,0.8710472983960862,0.020000000000000018,0.1272275447845459,2.5409817695617676
0,143,0.8708964033265749,0.020000000000000018,0.09339666366577148,2.5409817695617676
0,144,0.8707889330291171,0.020000000000000018,0.0688483715057373,2.5409817695617676
0,145,0.8707598876399147,0.020000000000000018,0.056046485900878906,2.5409817695617676
0,146,0.8705126972039228,0.020000000000000018,0.11537003517150879,2.5409817695617676
0,147,0.8705033058009595,0.020000000000000018,0.0516054630279541,2.5409817695617676
0,148,0.8703212747873907,0.020000000000000018,0.0727231502532959,2.5409817695617676
0,149,0.8702917438719009,0.020000000000000018,0.05710935592651367,2.5409817695617676
0,150,0.8701423608069714,0.020000000000000018,0.0711216926574707,2.5409817695617676
0,1,0.6081809314577469,0.20000000000000007,0.8170859813690186,2.534648895263672
0,2,0.6090726906309325,0.19850000000000007,0.1453261375427246,2.5409817695617676
0,3,0.6076731320501818,0.19700000000000006,0.11245131492614746,2.5409817695617676
0,4,0.6105391923775281,0.19550000000000006,0.11009049415588379,2.5409817695617676
0,5,0.6134059847651774,0.11848562177035071,0.1103048324584961,2.5409817695617676
0,6,0.6172429693048957,0.10613961886052659,0.10869407653808594,2.5409817695617676
0,7,0.6206038849229398,0.10712550814842592,0.10064196586608887,2.5409817695617676
0,8,0.6245016106657074,0.11366226104164134,0.09525537490844727,2.5409817695617676
0,9,0.6282765692530083,0.09791877292983542,0.09400582313537598,2.5409817695617676
0,10,0.6321775279197079,0.07421377245337135,0.09274792671203613,2.5409817695617676
0,11,0.636390671730273,0.07936028611999871,0.10068392753601074,2.5409817695617676
0,12,0.6403280355713428,0.06864518942657083,0.0909121036529541,2.5409817695617676
0,13,0.6435736784607085,0.07102535597152737,0.08414673805236816,2.5409817695617676
0,14,0.6475770482728531,0.06567778403201874,0.08700156211853027,2.5409817695617676
0,15,0.6524102597734731,0.06345035645642827,0.10378766059875488,2.5409817695617676
0,16,0.6571861263377834,0.037841079139417144,0.10652351379394531,2.5409817695617676
0,17,0.6596434051229068,0.04382370933302837,0.07094073295593262,2.5409817695617676
0,18,0.6644209462678841,0.04230670179187046,0.10672640800476074,2.5409817695617676
0,19,0.6680120632430282,0.04674937344703034,0.09279179573059082,2.5409817695617676
0,20,0.6728018433419362,0.08110585378041578,0.11411809921264648,2.5409817695617676
0,21,0.6783298872661838,0.05112232596920048,0.10791015625,2.5409817695617676
0,22,0.6809840816419047,0.04090007315948352,0.07760477066040039,2.5409817695617676
0,23,0.6857803775894726,0.04125738174849247,0.09477472305297852,2.5409817695617676
0,24,0.6893682071210117,0.033211981197282636,0.0846245288848877,2.5409817695617676
0,25,0.6945783891222453,0.05045613770798309,0.1154484748840332,2.5409817695617676
0,26,0.7003995037921308,0.03132655203397616,0.1266953945159912,2.5409817695617676
0,27,0.70323817298827,0.028580927599107353,0.07935523986816406,2.5409817695617676
0,28,0.7084186792501609,0.028156906052496433,0.10483765602111816,2.5409817695617676
0,29,0.7120065902654653,0.02729779728535342,0.08392739295959473,2.5409817695617676
0,30,0.717182484301828,0.03238355085294034,0.10846161842346191,2.5409817695617676
0,31,0.7230775268908674,0.027604652855818368,0.11527729034423828,2.5409817695617676
0,32,0.7261893179307367,0.028627569193869218,0.08391189575195312,2.5409817695617676
0,33,0.731516384428782,0.029280226315095303,0.10541844367980957,2.5409817695617676
0,34,0.7351363621655886,0.03122832992279123,0.0859367847442627,2.5409817695617676
0,35,0.7404695520864548,0.034796168326283516,0.11115264892578125,2.5409817695617676
0,36,0.7463812332607953,0.033330878539141184,0.1245718002319336,2.5409817695617676
0,37,0.7497085300158484,0.03781005875049415,0.08661699295043945,2.5409817695617676
0,38,0.7553968201969674,0.04244427504845927,0.10847353935241699,2.5409817695617676
0,39,0.7591400117338097,0.04208694618918074,0.0962820053100586,2.5409817695617676
0,40,0.7645237758257521,0.04287109478451767,0.11571788787841797,2.5409817695617676
0,41,0.803304764277065,0.14000000000000007,0.2765967845916748,2.5409817695617676
0,42,0.8057022471864301,0.1385,0.1167302131652832,2.5409817695617676
0,43,0.8094865706549372,0.137,0.12412428855895996,2.5409817695617676
0,44,0.8143263602643496,0.07198398617454116,0.1372072696685791,2.5409817695617676
0,45,0.8217247528759906,0.060976385376417475,0.18079733848571777,2.5409817695617676
0,46,0.8238461399850485,0.06782983108645901,0.09359502792358398,2.5409817695617676
0,47,0.8277990894333802,0.06590395349564848,0.11982226371765137,2.5409817695617676
0,48,0.8340549017095794,0.06759816377676475,0.18329453468322754,2.5409817695617676
0,49,0.8360711076387393,0.07513226204230317,0.10315704345703125,2.5409817695617676
0,50,0.8395057898064797,0.08659522061376679,0.12344121932983398,2.5409817695617676
0,51,0.8425448588136273,0.10301768591092986,0.1318061351776123,2.5409817695617676
0,52,0.845926204042146,0.12350000000000005,0.16797852516174316,2.5409817695617676
0,53,0.8470666657207868,0.122,0.12056708335876465,2.5409817695617676
0,54,0.8477618585112018,0.12050000000000005,0.12285709381103516,2.5409817695617676
0,55,0.8481806243875534,0.119,0.11815524101257324,2.5409817695617676
0,56,0.8491492396230185,0.10012248873370322,0.09608101844787598,2.5409817695617676
0,57,0.8523816781832789,0.10995537507250386,0.18267178535461426,2.5409817695617676
0,58,0.8536537114453543,0.08616947514736528,0.09968805313110352,2.5409817695617676
0,59,0.8556266217898978,0.09405692269695642,0.1258983612060547,2.5409817695617676
0,60,0.8583744988487945,0.0987423670416746,0.16890907287597656,2.5409817695617676
0,61,0.8592059187584249,0.10998183735083222,0.08797645568847656,2.5409817695617676
0,62,0.8616510809910725,0.07481948622255408,0.12912726402282715,2.5409817695617676
0,63,0.8638177724030949,0.08156449039191205,0.1402127742767334,2.5409817695617676
0,64,0.8662416747612243,0.09310358894488457,0.11993575096130371,2.5409817695617676
0,65,0.8675157714310264,0.10147048008726944,0.09230422973632812,2.5409817695617676
0,66,0.8713775070634805,0.10250000000000004,0.19433021545410156,2.5409817695617676
0,67,0.8721868210512531,0.10099999999999998,0.08298873901367188,2.5409817695617676
0,68,0.8737582694920603,0.09950000000000003,0.10322260856628418,2.5409817695617676
0,69,0.8757066383130885,0.09799999999999998,0.13683390617370605,2.5409817695617676
0,70,0.878594269928933,0.08819277212031096,0.1515026092529297,2.5409817695617676
0,71,0.8795132891532973,0.09043729491417418,0.08731245994567871,2.5409817695617676
0,72,0.8822371656043367,0.08666414946412371,0.17110419273376465,2.5409817695617676
0,73,0.8827193966510161,0.09199999999999997,0.08169078826904297,2.5409817695617676
0,74,0.8855260351974128,0.09050000000000002,0.1752169132232666,2.5409817695617676
0,75,0.8873942421607555,0.08310054858067839,0.15920686721801758,2.5409817695617676
0,76,0.888626909478377,0.08750000000000002,0.09687614440917969,2.5409817695617676
0,77,0.8893025272774109,0.08600000000000008,0.09331011772155762,2.5409817695617676
0,78,0.8922435686636914,0.07916198092997717,0.1796572208404541,2.5409817695617676
0,79,0.8925026052032728,0.08272096561631387,0.07273387908935547,2.5409817695617676
0,80,0.895697474234312,0.08150000000000002,0.18873882293701172,2.5409817695617676
0,81,0.877552000502966,0.08000000000000007,0.3401477336883545,2.5409817695617676
0,82,0.8770102274321091,0.07850000000000001,0.2044541835784912,2.5409817695617676
0,83,0.8770512670027022,0.07699999999999996,0.22227692604064941,2.5409817695617676
0,84,0.8779185495694806,0.07550000000000001,0.14855551719665527,2.5409817695617676
0,85,0.8784074461494935,0.07400000000000001,0.09819221496582031,2.5409817695617676
0,86,0.8796149184974776,0.07250000000000006,0.11459660530090332,2.5409817695617676
0,87,0.8798092879450619,0.07099999999999995,0.07081341743469238,2.5409817695617676
0,88,0.8821723175614229,0.0695,0.16167902946472168,2.5409817695617676
0,89,0.8825303348411664,0.06800000000000006,0.07628464698791504,2.5409817695617676
0,90,0.8837353886479105,0.0665,0.10721349716186523,2.5409817695617676
0,91,0.8846700357497499,0.06500000000000006,0.09416508674621582,2.5409817695617676
0,92,0.8854794102173167,0.0635,0.08985710144042969,2.5409817695617676
0,93,0.8873815396940297,0.062000000000000055,0.1529219150543213,2.5409817695617676
0,94,0.8883521688350684,0.0605,0.10140347480773926,2.5409817695617676
0,95,0.8891425696795296,0.05900000000000005,0.09018731117248535,2.5409817695617676
0,96,0.890804348193432,0.057499999999999996,0.14933490753173828,2.5409817695617676
0,97,0.8926610436459762,0.05600000000000005,0.15866470336914062,2.5409817695617676
0,98,0.8932656466223002,0.05450000000000002,0.09078669548034668,2.5409817695617676
0,99,0.8940426437607819,0.05300000000000005,0.09070277214050293,2.5409817695617676
0,100,0.8957750378062883,0.051500000000000046,0.15659785270690918,2.5409817695617676
0,101,0.8974140169516747,0.050000000000000044,0.15085053443908691,2.5409817695617676
0,102,0.8981016338625123,0.048500000000000015,0.09351873397827148,2.5409817695617676
0,103,0.8992153403067695,0.04700000000000004,0.10936570167541504,2.5409817695617676
0,104,0.8993884962450432,0.04550000000000001,0.0705106258392334,2.5409817695617676
0,105,0.9025031047325177,0.04400000000000004,0.2626004219055176,2.5409817695617676
0,106,0.903135618703228,0.04250000000000001,0.10113358497619629,2.5409817695617676
0,107,0.9042052552958404,0.041000000000000036,0.10235762596130371,2.5409817695617676
0,108,0.905669268185017,0.03950000000000001,0.12226343154907227,2.5409817695617676
0,109,0.9059675090667251,0.038000000000000034,0.08476638793945312,2.5409817695617676
0,110,0.9089645519413712,0.036500000000000005,0.2545132637023926,2.5409817695617676
0,111,0.9097375698564935,0.03500000000000003,0.1006929874420166,2.5409817695617676
0,112,0.9109312728822081,0.03350000000000003,0.11047124862670898,2.5409817695617676
0,113,0.9128276475552555,0.03200000000000003,0.19346857070922852,2.5409817695617676
0,114,0.9140856409934823,0.030500000000000083,0.1664869785308838,2.5409817695617676
0,115,0.9149823468355008,0.029000000000000026,0.11350345611572266,2.5409817695617676
0,116,0.9167742836436457,0.02750000000000008,0.20970606803894043,2.5409817695617676
0,117,0.9181283698781348,0.026000000000000023,0.1903219223022461,2.5409817695617676
0,118,0.919563601151609,0.024500000000000077,0.1844339370727539,2.5409817695617676
0,119,0.920909744928986,0.02300000000000002,0.19642376899719238,2.5409817695617676
0,120,0.9223515934131843,0.021500000000000075,0.19733476638793945,2.5409817695617676
0,121,0.875679655448836,0.020000000000000073,0.7157742977142334,2.5409817695617676
0,122,0.8748695312596846,0.020000000000000046,0.27765631675720215,2.5409817695617676
0,123,0.8745995075763237,0.020000000000000073,0.22151780128479004,2.5409817695617676
0,124,0.8741433416661099,0.020000000000000018,0.21232199668884277,2.5409817695617676
0,125,0.8738811226552567,0.020000000000000018,0.1460871696472168,2.5409817695617676
0,126,0.8737021293707861,0.020000000000000018,0.11689209938049316,2.5409817695617676
0,127,0.8733650878545123,0.020000000000000073,0.19983506202697754,2.5409817695617676
0,128,0.8732513562637103,0.020000000000000073,0.09310436248779297,2.5409817695617676
0,129,0.8730402862467984,0.020000000000000073,0.11997556686401367,2.5409817695617676
0,130,0.872877399470288,0.020000000000000073,0.09705924987792969,2.5409817695617676
0,131,0.8726435858191313,0.020000000000000018,0.12528467178344727,2.5409817695617676
0,132,0.8726028441779805,0.020000000000000018,0.06864404678344727,2.5409817695617676
0,133,0.8721873043189806,0.020000000000000018,0.17939972877502441,2.5409817695617676
0,134,0.8720841568749865,0.020000000000000018,0.08132243156433105,2.5409817695617676
0,135,0.8719539953903144,0.020000000000000018,0.0946950912475586,2.5409817695617676
0,136,0.8717647047254999,0.020000000000000018,0.08109593391418457,2.5409817695617676
0,137,0.8716576822565023,0.020000000000000073,0.08929967880249023,2.5409817695617676
0,138,0.8714706869432136,0.020000000000000018,0.08206439018249512,2.5409817695617676
0,139,0.8713522911857341,0.020000000000000018,0.08908677101135254,2.5409817695617676
0,140,0.8711564151589304,0.020000000000000018,0.12167024612426758,2.5409817695617676
0,141,0.8711148403658847,0.020000000000000073,0.07262682914733887,2.5409817695617676
0,142,0.8708842597298063,0.020000000000000018,0.13683700561523438,2.5409817695617676
0,143,0.8708617962211178,0.020000000000000018,0.0660858154296875,2.5409817695617676
0,144,0.8706399306792763,0.020000000000000018,0.13324880599975586,2.5409817695617676
0,145,0.8705099465335817,0.020000000000000073,0.12083697319030762,2.5409817695617676
0,146,0.8702320534073247,0.020000000000000018,0.14134836196899414,2.5409817695617676
0,147,0.870196883973714,0.020000000000000046,0.064453125,2.5409817695617676
0,148,0.8700931356628138,0.020000000000000018,0.08318805694580078,2.5409817695617676
0,149,0.8700813099155689,0.020000000000000018,0.05765867233276367,2.5409817695617676
0,150,0.8698501604637066,0.020000000000000018,0.14087510108947754,2.5409817695617676
0,1,0.6081769783186988,0.20000000000000007,0.7872650623321533,2.534648895263672
0,2,0.6089337579633471,0.19850000000000007,0.1491551399230957,2.5409817695617676
0,3,0.6076427537366154,0.197,0.12081646919250488,2.5409817695617676
0,4,0.6104465944820676,0.19550000000000006,0.10320305824279785,2.5409817695617676
0,5,0.6134374285032922,0.12196223127154937,0.10321474075317383,2.5409817695617676
0,6,0.6172519689074436,0.10510135274898058,0.09721541404724121,2.5409817695617676
0,7,0.6204556018133671,0.11288148293150865,0.09140467643737793,2.5409817695617676
0,8,0.6244779762976866,0.11190329376442854,0.09569311141967773,2.5409817695617676
0,9,0.6284664988608331,0.12318710725723456,0.09057974815368652,2.5409817695617676
0,10,0.6322797565676059,0.07548847673795012,0.0862576961517334,2.5409817695617676
0,11,0.6363612081550005,0.06901987077541016,0.0948343276977539,2.5409817695617676
0,12,0.6403150531244195,0.07349955831389898,0.08696269989013672,2.5409817695617676
0,13,0.6432852900367347,0.07260334600851437,0.08039569854736328,2.5409817695617676
0,14,0.6472255121949848,0.06474239115922731,0.08887720108032227,2.5409817695617676
0,15,0.652292507263841,0.0641588552934923,0.10404109954833984,2.5409817695617676
0,16,0.657129426388548,0.03725316498393616,0.10445356369018555,2.5409817695617676
0,17,0.6596332468265765,0.04322786415895419,0.07285022735595703,2.5409817695617676
0,18,0.6623038901081004,0.04222694772722069,0.07358479499816895,2.5409817695617676
0,19,0.6697882542544783,0.13138215075637896,0.12807726860046387,2.5409817695617676
0,20,0.6716316833797805,0.06413577156708872,0.07184290885925293,2.5409817695617676
0,21,0.6777229087034433,0.072775557182328,0.1256241798400879,2.5409817695617676
0,22,0.6816510139336639,0.05013627716592706,0.08153343200683594,2.5409817695617676
0,23,0.6842805727121373,0.039196589866706266,0.08192634582519531,2.5409817695617676
0,24,0.6919208579646211,0.09121240260390082,0.13002657890319824,2.5409817695617676
0,25,0.6935917240880943,0.09121240260390082,0.06859803199768066,2.5409817695617676
0,26,0.7000675414505371,0.07248628590064693,0.12477946281433105,2.5409817695617676
0,27,0.7042551033170108,0.0318266322554972,0.09210968017578125,2.5409817695617676
0,28,0.7066465267202275,0.07967754762886439,0.0769195556640625,2.5409817695617676
0,29,0.7126906131201656,0.10959499587508995,0.12017416954040527,2.5409817695617676
0,30,0.7181205200299571,0.032492160240017234,0.10935401916503906,2.5409817695617676
0,31,0.7214040696576188,0.030410407330064504,0.08363580703735352,2.5409817695617676
0,32,0.7268813937839859,0.047133935986467076,0.1051630973815918,2.5409817695617676
0,33,0.7285690253374236,0.13065433868544754,0.06618428230285645,2.5409817695617676
0,34,0.7383895646775124,0.14004312241900033,0.17163896560668945,2.5409817695617676
0,35,0.7405734447005673,0.04070187849004234,0.08057999610900879,2.5409817695617676
0,36,0.7447174902475079,0.03335998654302075,0.09437799453735352,2.5409817695617676
0,37,0.748951972198407,0.07871610922768206,0.0936729907989502,2.5409817695617676
0,38,0.755038086215593,0.10975233537614637,0.12833547592163086,2.5409817695617676
0,39,0.7608220928025582,0.06468262580948123,0.11991310119628906,2.5409817695617676
0,40,0.7642140467807134,0.045069709566665145,0.087005615234375,2.5409817695617676
0,41,0.8034322824051287,0.14000000000000007,0.28064584732055664,2.5409817695617676
0,42,0.8058736044870326,0.1385,0.1219644546508789,2.5409817695617676
0,43,0.8095139115599063,0.137,0.11815023422241211,2.5409817695617676
0,44,0.8144162248177784,0.071823008249433,0.1299140453338623,2.5409817695617676
0,45,0.821846657218017,0.06103654189808977,0.18578839302062988,2.5409817695617676
0,46,0.8239892449671948,0.06640305685629933,0.0954132080078125,2.5409817695617676
0,47,0.8280286636431404,0.06694312173086492,0.12184429168701172,2.5409817695617676
0,48,0.8336735053096137,0.06623954683204869,0.16309452056884766,2.5409817695617676
0,49,0.8365071870851198,0.07603298870189545,0.12096381187438965,2.5409817695617676
0,50,0.8398097263411197,0.08556657027558134,0.13389253616333008,2.5409817695617676
0,51,0.8436290739916184,0.09919902293475624,0.16255569458007812,2.5409817695617676
0,52,0.8455195614860411,0.12278092936951135,0.12285709381103516,2.5409817695617676
0,53,0.8471777087712171,0.122,0.1360335350036621,2.5409817695617676
0,54,0.8481044937837319,0.12050000000000005,0.13314294815063477,2.5409817695617676
0,55,0.8482416268862119,0.119,0.09192919731140137,2.5409817695617676
0,56,0.850686741207956,0.09802865890880186,0.1562809944152832,2.5409817695617676
0,57,0.8521084702201387,0.10950175014757191,0.1035304069519043,2.5409817695617676
0,58,0.8541164044359322,0.08855403538858975,0.1269838809967041,2.5409817695617676
0,59,0.8566412387831104,0.09202612523465004,0.16195249557495117,2.5409817695617676
0,60,0.8578947572658291,0.0979063432252737,0.10214662551879883,2.5409817695617676
0,61,0.8593961919778164,0.10924255339445155,0.11272835731506348,2.5409817695617676
0,62,0.8627071252575808,0.07813320678814561,0.17115426063537598,2.5409817695617676
0,63,0.863430371603087,0.08095850848035446,0.08142542839050293,2.5409817695617676
0,64,0.8675110596588997,0.09321377738712566,0.18162989616394043,2.5409817695617676
0,65,0.8680241801612979,0.10154679494623464,0.0802767276763916,2.5409817695617676
0,66,0.8708530565112741,0.10250000000000004,0.1416020393371582,2.5409817695617676
0,67,0.8729332807930308,0.10099999999999998,0.14276337623596191,2.5409817695617676
0,68,0.874210335562173,0.09950000000000003,0.10184860229492188,2.5409817695617676
0,69,0.8752542306270632,0.09799999999999998,0.10497045516967773,2.5409817695617676
0,70,0.8778959256282048,0.09650000000000003,0.14652776718139648,2.5409817695617676
0,71,0.8804715072545872,0.08894138960179765,0.1492307186126709,2.5409817695617676
0,72,0.8818071311257857,0.08507107463460373,0.0966193675994873,2.5409817695617676
0,73,0.882755813439005,0.09199999999999997,0.08673572540283203,2.5409817695617676
0,74,0.8866842187282702,0.09050000000000002,0.21758818626403809,2.5409817695617676
0,75,0.8872397006036459,0.08899999999999997,0.08095288276672363,2.5409817695617676
0,76,0.888554396600181,0.08750000000000002,0.09972429275512695,2.5409817695617676
0,77,0.8893763901484955,0.08600000000000008,0.08669281005859375,2.5409817695617676
0,78,0.8919050774859697,0.08450000000000002,0.14777731895446777,2.5409817695617676
0,79,0.8942237173188952,0.07864906748213674,0.16405272483825684,2.5409817695617676
0,80,0.8954244471986617,0.08150000000000002,0.10036873817443848,2.5409817695617676
0,81,0.8777283243537237,0.08000000000000007,0.3233306407928467,2.5409817695617676
0,82,0.8771650173512459,0.07850000000000001,0.19658184051513672,2.5409817695617676
0,83,0.8772014147297098,0.07700000000000007,0.23105406761169434,2.5409817695617676
0,84,0.8780769091762082,0.07550000000000001,0.15393280982971191,2.5409817695617676
0,85,0.8785648224120969,0.07400000000000001,0.1016390323638916,2.5409817695617676
0,86,0.8797256620702169,0.07250000000000006,0.11655783653259277,2.5409817695617676
0,87,0.87993456130776,0.07100000000000006,0.07270455360412598,2.5409817695617676
0,88,0.8822688230472844,0.0695,0.15909957885742188,2.5409817695617676
0,89,0.8826331982524926,0.06800000000000006,0.07524919509887695,2.5409817695617676
0,90,0.8837683090240007,0.0665,0.09884357452392578,2.5409817695617676
0,91,0.8847201388912345,0.06500000000000006,0.08854794502258301,2.5409817695617676
0,92,0.8855300266430792,0.06350000000000006,0.09021377563476562,2.5409817695617676
0,93,0.887468608388319,0.062000000000000055,0.1618204116821289,2.5409817695617676
0,94,0.8884084192770757,0.0605,0.09866619110107422,2.5409817695617676
0,95,0.8891926295274912,0.05900000000000005,0.09054398536682129,2.5409817695617676
0,96,0.8915386678063921,0.057499999999999996,0.1750638484954834,2.5409817695617676
0,97,0.8917858950597928,0.05600000000000005,0.08064746856689453,2.5409817695617676
0,98,0.8937679574888092,0.05450000000000005,0.1656632423400879,2.5409817695617676
0,99,0.8944797631542727,0.05300000000000005,0.09426593780517578,2.5409817695617676
0,100,0.8952432928193644,0.05150000000000002,0.09284090995788574,2.5409817695617676
0,101,0.8969629453098458,0.050000000000000044,0.15805840492248535,2.5409817695617676
0,102,0.8985749057485861,0.048500000000000015,0.14571762084960938,2.5409817695617676
0,103,0.8993029619813353,0.04700000000000004,0.09472322463989258,2.5409817695617676
0,104,0.8999660789715467,0.04550000000000001,0.09061717987060547,2.5409817695617676
0,105,0.9023261707384145,0.04400000000000004,0.18785810470581055,2.5409817695617676
0,106,0.9027054892425028,0.04250000000000001,0.08144760131835938,2.5409817695617676
0,107,0.9045666961826015,0.041000000000000036,0.16881799697875977,2.5409817695617676
0,108,0.9054829849840963,0.03950000000000001,0.10071325302124023,2.5409817695617676
0,109,0.9072673078812266,0.038000000000000034,0.1681525707244873,2.5409817695617676
0,110,0.9084323633717142,0.03650000000000003,0.11225080490112305,2.5409817695617676
0,111,0.9098546156790535,0.03500000000000003,0.15537762641906738,2.5409817695617676
0,112,0.9112653451447492,0.033499999999999974,0.1802213191986084,2.5409817695617676
0,113,0.9123140010040478,0.032000000000000084,0.12627696990966797,2.5409817695617676
0,114,0.9138212619433036,0.030500000000000083,0.16276168823242188,2.5409817695617676
0,115,0.9153584114034257,0.029000000000000026,0.218994140625,2.5409817695617676
0,116,0.9164818194703239,0.02750000000000008,0.12895441055297852,2.5409817695617676
0,117,0.9183230212989284,0.026000000000000023,0.2763340473175049,2.5409817695617676
0,118,0.9192350025440802,0.024500000000000077,0.12635469436645508,2.5409817695617676
0,119,0.9210823256535348,0.02300000000000002,0.2555570602416992,2.5409817695617676
0,120,0.922027796530821,0.021500000000000075,0.12611126899719238,2.5409817695617676
0,121,0.8755974535879489,0.020000000000000073,0.641345739364624,2.5409817695617676
0,122,0.8747949741721648,0.020000000000000046,0.2747371196746826,2.5409817695617676
0,123,0.8745259188364201,0.020000000000000025,0.19405722618103027,2.5409817695617676
0,124,0.8740581406895179,0.020000000000000018,0.2024075984954834,2.5409817695617676
0,125,0.8737914161980908,0.020000000000000018,0.14073777198791504,2.5409817695617676
0,126,0.8736158406512264,0.020000000000000018,0.1100149154663086,2.5409817695617676
0,127,0.8732969631699122,0.020000000000000073,0.18486785888671875,2.5409817695617676
0,128,0.8731799533053595,0.020000000000000073,0.08988332748413086,2.5409817695617676
0,129,0.8729592368334183,0.020000000000000018,0.1263582706451416,2.5409817695617676
0,130,0.8727871633900471,0.020000000000000018,0.09426498413085938,2.5409817695617676
0,131,0.8725609278593691,0.020000000000000018,0.11829924583435059,2.5409817695617676
0,132,0.8725177670178818,0.020000000000000018,0.06496047973632812,2.5409817695617676
0,133,0.8720913648046946,0.020000000000000018,0.17578935623168945,2.5409817695617676
0,134,0.8719931878773161,0.020000000000000018,0.07753419876098633,2.5409817695617676
0,135,0.8718857744044095,0.020000000000000018,0.08879852294921875,2.5409817695617676
0,136,0.8716879403222556,0.020000000000000018,0.08316493034362793,2.5409817695617676
0,137,0.8715652087052201,0.020000000000000018,0.09552502632141113,2.5409817695617676
0,138,0.8713761007665539,0.020000000000000018,0.08605647087097168,2.5409817695617676
0,139,0.8712513383574487,0.020000000000000018,0.09166097640991211,2.5409817695617676
0,140,0.8710523642012641,0.020000000000000018,0.10065698623657227,2.5409817695617676
0,141,0.871010504132473,0.020000000000000018,0.06877374649047852,2.5409817695617676
0,142,0.8707943605524339,0.020000000000000018,0.11199593544006348,2.5409817695617676
0,143,0.8707740858314583,0.020000000000000073,0.05970454216003418,2.5409817695617676
0,144,0.8705242299588469,0.020000000000000018,0.09999442100524902,2.5409817695617676
0,145,0.8703958036686821,0.020000000000000018,0.1093440055847168,2.5409817695617676
0,146,0.8703279109634937,0.020000000000000018,0.06867027282714844,2.5409817695617676
0,147,0.8702983785817264,0.020000000000000018,0.061005592346191406,2.5409817695617676
0,148,0.8699392807888751,0.020000000000000018,0.15201783180236816,2.5409817695617676
0,149,0.8699234267499563,0.020000000000000018,0.05472874641418457,2.5409817695617676
0,150,0.8697180899636288,0.020000000000000018,0.10125207901000977,2.5409817695617676
0,1,0.6081771805909824,0.20000000000000007,0.7469336986541748,2.534648895263672
0,2,0.6082136332714989,0.19850000000000007,0.14937353134155273,2.5409817695617676
0,3,0.607582945021097,0.19700000000000006,0.11603617668151855,2.5409817695617676
0,4,0.6102349584059086,0.1955,0.10720562934875488,2.5409817695617676
0,5,0.613446779059675,0.14443712281551085,0.09452104568481445,2.5409817695617676
0,6,0.617024575120957,0.10591373090804412,0.09095335006713867,2.5409817695617676
0,7,0.620381898425413,0.13048259654995287,0.09334182739257812,2.5409817695617676
0,8,0.6241263477362875,0.09975650390609558,0.09142947196960449,2.5409817695617676
0,9,0.6278253521881425,0.08919171449954377,0.08459591865539551,2.5409817695617676
0,10,0.6317587508544642,0.09102201661437404,0.09068918228149414,2.5409817695617676
0,11,0.6363507663590531,0.06462113052909724,0.1089324951171875,2.5409817695617676
0,12,0.6405378349471307,0.06754628931131568,0.10451436042785645,2.5409817695617676
0,13,0.6425657380916382,0.06849127407722289,0.07201337814331055,2.5409817695617676
0,14,0.6467387154857278,0.0641739836135653,0.09621691703796387,2.5409817695617676
0,15,0.6512167422923768,0.05810757323636839,0.10004758834838867,2.5409817695617676
0,16,0.6569197216537066,0.04068054480246497,0.1169736385345459,2.5409817695617676
0,17,0.6595440862136527,0.038020932551458775,0.08579301834106445,2.5409817695617676
0,18,0.6647346690050531,0.038617332347143485,0.11449384689331055,2.5409817695617676
0,19,0.6685566719716363,0.04496520986216457,0.09114766120910645,2.5409817695617676
0,20,0.673117292800489,0.03758695120190947,0.10630559921264648,2.5409817695617676
0,21,0.6784909299290904,0.039690384268268875,0.11499166488647461,2.5409817695617676
0,22,0.6807788511644646,0.03844775066889439,0.09270477294921875,2.5409817695617676
0,23,0.685692860378205,0.03881364385250763,0.10852193832397461,2.5409817695617676
0,24,0.6894439234207264,0.04115803354467695,0.08649802207946777,2.5409817695617676
0,25,0.6948369027978024,0.029863151865488158,0.12433362007141113,2.5409817695617676
0,26,0.7006602261141484,0.027687544495143435,0.12758469581604004,2.5409817695617676
0,27,0.7031625965799324,0.0306160746270856,0.0924074649810791,2.5409817695617676
0,28,0.707950536013108,0.029318382626283945,0.12417364120483398,2.5409817695617676
0,29,0.7118759915016172,0.02851089276778629,0.1045985221862793,2.5409817695617676
0,30,0.7172673371288361,0.02429346022526102,0.13168573379516602,2.5409817695617676
0,31,0.7234241568330069,0.0275518500279891,0.13187479972839355,2.5409817695617676
0,32,0.726161730663194,0.026477012417665424,0.08154010772705078,2.5409817695617676
0,33,0.729498300381625,0.02904590250639605,0.08800387382507324,2.5409817695617676
0,34,0.7379954923709527,0.02773911376051541,0.1512446403503418,2.5409817695617676
0,35,0.7399086883705718,0.03251233180748614,0.08128070831298828,2.5409817695617676
0,36,0.7462665506622875,0.033143944866956376,0.12427616119384766,2.5409817695617676
0,37,0.7501393277761217,0.03499476537455826,0.11668634414672852,2.5409817695617676
0,38,0.7561837211771659,0.03621510362109048,0.12998199462890625,2.5409817695617676
0,39,0.7603918251495173,0.04171081068695759,0.10086202621459961,2.5409817695617676
0,40,0.763470369243858,0.04178402519323787,0.08500099182128906,2.5409817695617676
0,41,0.8038107772491129,0.14,0.2967870235443115,2.5409817695617676
0,42,0.8065607461733453,0.11656298530468412,0.1157379150390625,2.5409817695617676
0,43,0.8103153137084043,0.08704180498207781,0.14335274696350098,2.5409817695617676
0,44,0.8151204365002587,0.07265325647196419,0.1303238868713379,2.5409817695617676
0,45,0.8226545089424775,0.06111721291852945,0.1986711025238037,2.5409817695617676
0,46,0.8247570261811114,0.05624967732569108,0.09713268280029297,2.5409817695617676
0,47,0.8288366205267831,0.06567958216693048,0.11922597885131836,2.5409817695617676
0,48,0.8355179490060425,0.06338744654864903,0.2041304111480713,2.5409817695617676
0,49,0.8375774911842107,0.06764176241881792,0.10913610458374023,2.5409817695617676
0,50,0.8411462779738292,0.07476583359360578,0.1280384063720703,2.5409817695617676
0,51,0.8453666123081138,0.08606876578667078,0.1685504913330078,2.5409817695617676
0,52,0.8475843174089851,0.10107251444930476,0.13264799118041992,2.5409817695617676
0,53,0.8496371260995755,0.11695110088373711,0.14508461952209473,2.5409817695617676
0,54,0.85109378426221,0.12050000000000005,0.14684057235717773,2.5409817695617676
0,55,0.8512880534498435,0.119,0.10135865211486816,2.5409817695617676
0,56,0.8532114489166904,0.09926653566595856,0.17016887664794922,2.5409817695617676
0,57,0.8544059519947144,0.10046165312126731,0.11109566688537598,2.5409817695617676
0,58,0.8562087174464348,0.10659691644960134,0.12868213653564453,2.5409817695617676
0,59,0.8586418659149251,0.08687761638870395,0.16150617599487305,2.5409817695617676
0,60,0.8597750874433603,0.09163519464611902,0.09800100326538086,2.5409817695617676
0,61,0.8618329764641439,0.09933450595449067,0.12025260925292969,2.5409817695617676
0,62,0.8643891189148794,0.10850000000000004,0.1626288890838623,2.5409817695617676
0,63,0.8659270631983622,0.0771647852562215,0.10204577445983887,2.5409817695617676
0,64,0.8671332759699346,0.08527484909429262,0.09213733673095703,2.5409817695617676
0,65,0.8705672910740085,0.09623586961344577,0.18232440948486328,2.5409817695617676
0,66,0.8714208737048832,0.10250000000000004,0.09203171730041504,2.5409817695617676
0,67,0.8741848055923889,0.10099999999999998,0.1464824676513672,2.5409817695617676
0,68,0.8761491926607825,0.09950000000000003,0.14345622062683105,2.5409817695617676
0,69,0.8773740513584372,0.09799999999999998,0.10655069351196289,2.5409817695617676
0,70,0.8793870450911985,0.09650000000000003,0.1277790069580078,2.5409817695617676
0,71,0.8811738744779002,0.08312484388177843,0.1662914752960205,2.5409817695617676
0,72,0.8835648996720613,0.08131301788129364,0.15904521942138672,2.5409817695617676
0,73,0.8843727009055597,0.09199999999999997,0.09164786338806152,2.5409817695617676
0,74,0.8868834800384712,0.09050000000000002,0.1678154468536377,2.5409817695617676
0,75,0.8873263207620631,0.08115185730703711,0.08455395698547363,2.5409817695617676
0,76,0.8899671935959572,0.08750000000000002,0.1710190773010254,2.5409817695617676
0,77,0.8917564441570172,0.08599999999999997,0.15130901336669922,2.5409817695617676
0,78,0.8929357285115037,0.07660544788397339,0.10650873184204102,2.5409817695617676
0,79,0.8934590125707167,0.08032175762658134,0.08685088157653809,2.5409817695617676
0,80,0.8961899000720217,0.08150000000000002,0.17582941055297852,2.5409817695617676
0,81,0.8787015674130615,0.08000000000000007,0.3648862838745117,2.5409817695617676
0,82,0.8778078647529145,0.07850000000000001,0.23293805122375488,2.5409817695617676
0,83,0.8778196363544157,0.07699999999999996,0.22521662712097168,2.5409817695617676
0,84,0.8786134824140592,0.07550000000000001,0.15038657188415527,2.5409817695617676
0,85,0.8790804485700209,0.07399999999999995,0.1016538143157959,2.5409817695617676
0,86,0.8802337490780396,0.07250000000000001,0.11849331855773926,2.5409817695617676
0,87,0.8804327512783512,0.07100000000000006,0.07012486457824707,2.5409817695617676
0,88,0.882676016267169,0.0695,0.16125750541687012,2.5409817695617676
0,89,0.8829373247929422,0.06800000000000006,0.07056879997253418,2.5409817695617676
0,90,0.8842000380701983,0.0665,0.10740447044372559,2.5409817695617676
0,91,0.8843595035451912,0.06500000000000006,0.06775808334350586,2.5409817695617676
0,92,0.886946612790491,0.0635,0.17112469673156738,2.5409817695617676
0,93,0.8871483826814442,0.062000000000000055,0.07100749015808105,2.5409817695617676
0,94,0.8884996496836098,0.0605,0.11370277404785156,2.5409817695617676
0,95,0.8893407034265453,0.05900000000000005,0.09857749938964844,2.5409817695617676
0,96,0.8908304972871465,0.05750000000000005,0.14434313774108887,2.5409817695617676
0,97,0.892580820097088,0.05600000000000005,0.1584179401397705,2.5409817695617676
0,98,0.8932084332381687,0.05450000000000002,0.0986320972442627,2.5409817695617676
0,99,0.8939889761119119,0.05300000000000005,0.09186506271362305,2.5409817695617676
0,100,0.8956499395402482,0.051500000000000046,0.15653371810913086,2.5409817695617676
0,101,0.897240834292736,0.050000000000000044,0.14931797981262207,2.5409817695617676
0,102,0.8979246756873415,0.048500000000000015,0.09412527084350586,2.5409817695617676
0,103,0.8985930905944196,0.04700000000000004,0.08856558799743652,2.5409817695617676
0,104,0.9001257882643015,0.04550000000000001,0.16181206703186035,2.5409817695617676
0,105,0.9019103283171133,0.04400000000000004,0.15921664237976074,2.5409817695617676
0,106,0.9027080374834318,0.04250000000000001,0.10374021530151367,2.5409817695617676
0,107,0.9039837848310117,0.041000000000000036,0.11508822441101074,2.5409817695617676
0,108,0.9049260996453546,0.03950000000000001,0.1083836555480957,2.5409817695617676
0,109,0.9066879937507782,0.038000000000000034,0.17705202102661133,2.5409817695617676
0,110,0.908349731396427,0.036500000000000005,0.16867375373840332,2.5409817695617676
0,111,0.9092680992803289,0.03500000000000009,0.11285543441772461,2.5409817695617676
0,112,0.9110269212495825,0.0335,0.20864009857177734,2.5409817695617676
0,113,0.91221156670925,0.03200000000000003,0.15305876731872559,2.5409817695617676
0,114,0.913626260071098,0.030500000000000083,0.1953263282775879,2.5409817695617676
0,115,0.9150504587934578,0.02900000000000008,0.22838258743286133,2.5409817695617676
0,116,0.9162087034068778,0.02750000000000008,0.15757179260253906,2.5409817695617676
0,117,0.918052451999869,0.026000000000000023,0.2998926639556885,2.5409817695617676
0,118,0.9189697658060444,0.024500000000000077,0.11896181106567383,2.5409817695617676
0,119,0.9208021635528598,0.02300000000000002,0.2619955539703369,2.5409817695617676
0,120,0.9217402966235633,0.021500000000000075,0.12195611000061035,2.5409817695617676
0,121,0.875218798717477,0.020000000000000073,0.6473343372344971,2.5409817695617676
0,122,0.8744207288550636,0.020000000000000018,0.26962804794311523,2.5409817695617676
0,123,0.8741327648766609,0.020000000000000025,0.19350576400756836,2.5409817695617676
0,124,0.8736136498351167,0.020000000000000046,0.23533868789672852,2.5409817695617676
0,125,0.8734365172079523,0.020000000000000073,0.16471290588378906,2.5409817695617676
0,126,0.8731827046152635,0.020000000000000073,0.1631622314453125,2.5409817695617676
0,127,0.8728869606412626,0.020000000000000073,0.15866994857788086,2.5409817695617676
0,128,0.8727076026013885,0.020000000000000018,0.1213686466217041,2.5409817695617676
0,129,0.8725552386675237,0.020000000000000018,0.09324336051940918,2.5409817695617676
0,130,0.8723164503021854,0.020000000000000018,0.11958169937133789,2.5409817695617676
0,131,0.8721381436903413,0.020000000000000018,0.09420561790466309,2.5409817695617676
0,132,0.8720200779543285,0.020000000000000018,0.09737563133239746,2.5409817695617676
0,133,0.8716943306729061,0.020000000000000018,0.14067888259887695,2.5409817695617676
0,134,0.8715132131662691,0.020000000000000018,0.10736942291259766,2.5409817695617676
0,135,0.8714721813611087,0.020000000000000073,0.06668496131896973,2.5409817695617676
0,136,0.8712600653132507,0.020000000000000018,0.0992133617401123,2.5409817695617676
0,137,0.8712231481605834,0.020000000000000018,0.0619204044342041,2.5409817695617676
0,138,0.8708854832974089,0.020000000000000018,0.11685943603515625,2.5409817695617676
0,139,0.8708550736918812,0.020000000000000073,0.05790233612060547,2.5409817695617676
0,140,0.8706541996228947,0.020000000000000018,0.08726787567138672,2.5409817695617676
0,141,0.8706367755468608,0.020000000000000018,0.05619192123413086,2.5409817695617676
0,142,0.8702466511350815,0.020000000000000073,0.16768693923950195,2.5409817695617676
0,143,0.870206241618026,0.020000000000000018,0.06037425994873047,2.5409817695617676
0,144,0.8700796176825543,0.020000000000000018,0.0758366584777832,2.5409817695617676
0,145,0.8700604113392738,0.020000000000000018,0.05277395248413086,2.5409817695617676
0,146,0.869800480244781,0.020000000000000018,0.10041928291320801,2.5409817695617676
0,147,0.8697741387757916,0.020000000000000018,0.05675554275512695,2.5409817695617676
0,148,0.8695863574637059,0.020000000000000018,0.07921981811523438,2.5409817695617676
0,149,0.8694321581294571,0.020000000000000018,0.08590126037597656,2.5409817695617676
0,150,0.8692789177393145,0.020000000000000018,0.07373929023742676,2.5409817695617676
0,1,0.6081662159666319,0.20000000000000007,0.8179490566253662,2.534648895263672
0,2,0.6079528001670476,0.19850000000000007,0.14353632926940918,2.5409817695617676
0,3,0.6075234172319155,0.19700000000000004,0.12365579605102539,2.5409817695617676
0,4,0.6100332359823881,0.19550000000000006,0.10119199752807617,2.5409817695617676
0,5,0.6133802799514844,0.1283195483406404,0.10111689567565918,2.5409817695617676
0,6,0.6168142086713011,0.10209002900101571,0.09123516082763672,2.5409817695617676
0,7,0.6202425850667794,0.12590286269232864,0.09535789489746094,2.5409817695617676
0,8,0.6240511580581418,0.09726469845576269,0.09310698509216309,2.5409817695617676
0,9,0.6277739001653583,0.09914653078275348,0.08446383476257324,2.5409817695617676
0,10,0.6317506131044361,0.08893491225748684,0.08437848091125488,2.5409817695617676
0,11,0.6363150332721924,0.06286584493746805,0.0940999984741211,2.5409817695617676
0,12,0.6379988300860377,0.06894303985133499,0.06232786178588867,2.5409817695617676
0,13,0.6439372822051487,0.06274286615436442,0.11312150955200195,2.5409817695617676
0,14,0.6475069758175984,0.06242562485431413,0.07674312591552734,2.5409817695617676
0,15,0.6498828156107694,0.0537205098372151,0.07251811027526855,2.5409817695617676
0,16,0.6553126792047355,0.041449678590611216,0.10677313804626465,2.5409817695617676
0,17,0.6612118549633146,0.039096936031264296,0.10866427421569824,2.5409817695617676
0,18,0.6639027893498821,0.03828960960915817,0.07824921607971191,2.5409817695617676
0,19,0.6680024367038784,0.042964622502811634,0.09698152542114258,2.5409817695617676
0,20,0.6725467767362938,0.04443263091047067,0.11688470840454102,2.5409817695617676
0,21,0.6784453857577046,0.03717692646716608,0.11731410026550293,2.5409817695617676
0,22,0.680940409781045,0.03678473940001736,0.07539701461791992,2.5409817695617676
0,23,0.6857083865593481,0.03712461949382173,0.09707856178283691,2.5409817695617676
0,24,0.6893406176678694,0.04109607402058668,0.0929558277130127,2.5409817695617676
0,25,0.6945365268266117,0.028464789598774742,0.11683845520019531,2.5409817695617676
0,26,0.7005629810267227,0.03125653641450654,0.13106679916381836,2.5409817695617676
0,27,0.7031496258702967,0.028304808412365712,0.08200287818908691,2.5409817695617676
0,28,0.7083949650836043,0.029333110078445745,0.10788655281066895,2.5409817695617676
0,29,0.7121808632660154,0.02941168122150406,0.08407950401306152,2.5409817695617676
0,30,0.7173696301070305,0.024201773256563808,0.10861873626708984,2.5409817695617676
0,31,0.7233082388012029,0.027344269640870777,0.12404727935791016,2.5409817695617676
0,32,0.7260262999058101,0.027764926099497322,0.08095121383666992,2.5409817695617676
0,33,0.7314800229422385,0.026200089006420346,0.11000275611877441,2.5409817695617676
0,34,0.7354776506629912,0.030124709136671535,0.08881354331970215,2.5409817695617676
0,35,0.7409632600715381,0.028462388261942362,0.12187814712524414,2.5409817695617676
0,36,0.7467549717213177,0.0322398023955357,0.1260526180267334,2.5409817695617676
0,37,0.7495960900143852,0.03280006744966035,0.08391356468200684,2.5409817695617676
0,38,0.7555489312252763,0.034107434719922725,0.11420965194702148,2.5409817695617676
0,39,0.759766368097806,0.0405853867633339,0.09796690940856934,2.5409817695617676
0,40,0.7652391439572479,0.04337549595735968,0.11622500419616699,2.5409817695617676
0,41,0.8041626823067625,0.14,0.32788729667663574,2.5409817695617676
0,42,0.8067659396545939,0.11551838269374293,0.1184227466583252,2.5409817695617676
0,43,0.8105039660301308,0.08560295868896128,0.1143043041229248,2.5409817695617676
0,44,0.8167067962317383,0.07237010410591238,0.14366912841796875,2.5409817695617676
0,45,0.8214810148385007,0.05957232566421744,0.13853955268859863,2.5409817695617676
0,46,0.8246366114568584,0.053244562219921354,0.10011696815490723,2.5409817695617676
0,47,0.8304982572333914,0.060791910942375904,0.1559159755706787,2.5409817695617676
0,48,0.834876716908334,0.07312873868726011,0.13679790496826172,2.5409817695617676
0,49,0.8378646620608479,0.06955775274488274,0.11234569549560547,2.5409817695617676
0,50,0.842582604953427,0.07018460258329406,0.16007471084594727,2.5409817695617676
0,51,0.8451644840478092,0.08186537424953289,0.11868786811828613,2.5409817695617676
0,52,0.8481272730298162,0.09766300341649303,0.13050317764282227,2.5409817695617676
0,53,0.8512125679658149,0.122,0.16616249084472656,2.5409817695617676
0,54,0.8522988232364772,0.12050000000000005,0.11269235610961914,2.5409817695617676
0,55,0.8531306901759931,0.11900000000000001,0.13101816177368164,2.5409817695617676
0,56,0.8535880311397291,0.11750000000000005,0.13417363166809082,2.5409817695617676
0,57,0.8544296395044302,0.09885887152374817,0.11310315132141113,2.5409817695617676
0,58,0.857668888547811,0.10289131287989739,0.17146921157836914,2.5409817695617676
0,59,0.8589234758837375,0.11251509895766809,0.1084132194519043,2.5409817695617676
0,60,0.8607499281322939,0.08986088511673485,0.125321626663208,2.5409817695617676
0,61,0.8631706352851299,0.09700703569517655,0.15804457664489746,2.5409817695617676
0,62,0.8643541380404908,0.10615275441819239,0.09615445137023926,2.5409817695617676
0,63,0.8662871987927001,0.07581308049760638,0.13406991958618164,2.5409817695617676
0,64,0.8685044272329846,0.08478394657139676,0.12312602996826172,2.5409817695617676
0,65,0.8706776427685932,0.09266545297172901,0.1398932933807373,2.5409817695617676
0,66,0.872537904122384,0.10250000000000004,0.11472392082214355,2.5409817695617676
0,67,0.8735607231556229,0.10099999999999998,0.0874183177947998,2.5409817695617676
0,68,0.8772855742892716,0.09950000000000003,0.19363737106323242,2.5409817695617676
0,69,0.8780488287239769,0.09799999999999998,0.08613204956054688,2.5409817695617676
0,70,0.8794097478379541,0.09650000000000003,0.10866260528564453,2.5409817695617676
0,71,0.8813196407796778,0.0813425874134005,0.1501479148864746,2.5409817695617676
0,72,0.8839193712666984,0.08171467244098385,0.15816497802734375,2.5409817695617676
0,73,0.8847226277861182,0.09199999999999997,0.08759737014770508,2.5409817695617676
0,74,0.8872532242556441,0.09050000000000002,0.16236042976379395,2.5409817695617676
0,75,0.8876557470733648,0.08123828185777171,0.07907271385192871,2.5409817695617676
0,76,0.8902995028767445,0.08750000000000002,0.16776657104492188,2.5409817695617676
0,77,0.8920968773229858,0.08600000000000008,0.14976167678833008,2.5409817695617676
0,78,0.8932144779187193,0.07316936257996587,0.10919833183288574,2.5409817695617676
0,79,0.8937389444758961,0.0769008934529185,0.09500908851623535,2.5409817695617676
0,80,0.8964700337210246,0.08150000000000002,0.17372822761535645,2.5409817695617676
0,81,0.8789837603461721,0.08000000000000007,0.34015488624572754,2.5409817695617676
0,82,0.8780840216926312,0.07850000000000001,0.22729873657226562,2.5409817695617676
0,83,0.8780676328012177,0.07699999999999996,0.23529887199401855,2.5409817695617676
0,84,0.8785690155896716,0.07550000000000001,0.11451172828674316,2.5409817695617676
0,85,0.8796737424682057,0.07399999999999995,0.1518843173980713,2.5409817695617676
0,86,0.8800324069721996,0.07250000000000001,0.08220410346984863,2.5409817695617676
0,87,0.8819250693062992,0.07100000000000006,0.15541434288024902,2.5409817695617676
0,88,0.8821152378098798,0.0695,0.07157111167907715,2.5409817695617676
0,89,0.883143347777874,0.06800000000000006,0.10868072509765625,2.5409817695617676
0,90,0.8846251025975889,0.0665,0.12960028648376465,2.5409817695617676
0,91,0.8854723689134794,0.06500000000000006,0.09687948226928711,2.5409817695617676
0,92,0.8861731544573581,0.0635,0.09037971496582031,2.5409817695617676
0,93,0.8869353329668971,0.062000000000000055,0.09337282180786133,2.5409817695617676
0,94,0.8887924559014444,0.060500000000000054,0.1488933563232422,2.5409817695617676
0,95,0.8897514490011988,0.05900000000000005,0.10860419273376465,2.5409817695617676
0,96,0.8904582757047286,0.057499999999999996,0.0916130542755127,2.5409817695617676
0,97,0.8926852211982725,0.05600000000000005,0.17922043800354004,2.5409817695617676
0,98,0.8929189716455622,0.05450000000000002,0.07932496070861816,2.5409817695617676
0,99,0.8948311717805235,0.05300000000000005,0.18206024169921875,2.5409817695617676
0,100,0.8955276918093033,0.05150000000000002,0.0981590747833252,2.5409817695617676
0,101,0.8961803813322958,0.050000000000000044,0.08181357383728027,2.5409817695617676
0,102,0.897833793666077,0.048500000000000015,0.15358304977416992,2.5409817695617676
0,103,0.8995250208100125,0.04700000000000004,0.15207910537719727,2.5409817695617676
0,104,0.9002237992908011,0.04550000000000001,0.09525465965270996,2.5409817695617676
0,105,0.9013226060238306,0.04400000000000004,0.10659408569335938,2.5409817695617676
0,106,0.9022485653092445,0.04250000000000001,0.09944367408752441,2.5409817695617676
0,107,0.9039258693460676,0.041000000000000036,0.1597445011138916,2.5409817695617676
0,108,0.9056731012025814,0.039500000000000035,0.16941404342651367,2.5409817695617676
0,109,0.9065019411947862,0.038000000000000034,0.10143685340881348,2.5409817695617676
0,110,0.9082516333361276,0.036500000000000005,0.1749269962310791,2.5409817695617676
0,111,0.9094375238844966,0.03500000000000003,0.11426067352294922,2.5409817695617676
0,112,0.9101215672118836,0.0335,0.09656977653503418,2.5409817695617676
0,113,0.9125494088486306,0.03200000000000003,0.2385549545288086,2.5409817695617676
0,114,0.9134207789069472,0.030500000000000083,0.10973525047302246,2.5409817695617676
0,115,0.9146040365753424,0.029000000000000026,0.13186883926391602,2.5409817695617676
0,116,0.9166156328782273,0.02750000000000008,0.2452404499053955,2.5409817695617676
0,117,0.9175251801562923,0.026000000000000023,0.10953021049499512,2.5409817695617676
0,118,0.9191611953446245,0.024500000000000077,0.1907815933227539,2.5409817695617676
0,119,0.9204634419515616,0.02300000000000002,0.1874706745147705,2.5409817695617676
0,120,0.9219162283356059,0.021500000000000075,0.19319820404052734,2.5409817695617676
0,121,0.8750972352629558,0.020000000000000073,0.6298398971557617,2.5409817695617676
0,122,0.8742955284359322,0.020000000000000073,0.2630143165588379,2.5409817695617676
0,123,0.8740152413056931,0.020000000000000025,0.18863677978515625,2.5409817695617676
0,124,0.8735497961014954,0.020000000000000073,0.2022101879119873,2.5409817695617676
0,125,0.8732778610529244,0.020000000000000018,0.13752293586730957,2.5409817695617676
0,126,0.8730797312707878,0.020000000000000018,0.11225152015686035,2.5409817695617676
0,127,0.8727295002626225,0.020000000000000018,0.18551969528198242,2.5409817695617676
0,128,0.8726103947631343,0.020000000000000073,0.09024214744567871,2.5409817695617676
0,129,0.8723913150388638,0.020000000000000018,0.12230825424194336,2.5409817695617676
0,130,0.8722211200747929,0.020000000000000073,0.09754300117492676,2.5409817695617676
0,131,0.871977709952992,0.020000000000000018,0.12810277938842773,2.5409817695617676
0,132,0.8719375524660634,0.020000000000000018,0.06523633003234863,2.5409817695617676
0,133,0.8715207183651202,0.020000000000000018,0.1738436222076416,2.5409817695617676
0,134,0.8714225945889732,0.020000000000000073,0.07392072677612305,2.5409817695617676
0,135,0.8713551037204307,0.020000000000000018,0.07461857795715332,2.5409817695617676
0,136,0.8711641663471564,0.020000000000000018,0.07640528678894043,2.5409817695617676
0,137,0.8709930433611266,0.020000000000000018,0.09592390060424805,2.5409817695617676
0,138,0.870786181762818,0.020000000000000073,0.08049726486206055,2.5409817695617676
0,139,0.8707422450186835,0.020000000000000018,0.06898975372314453,2.5409817695617676
0,140,0.8704380438803294,0.020000000000000018,0.12497472763061523,2.5409817695617676
0,141,0.8704142711378829,0.020000000000000018,0.05781888961791992,2.5409817695617676
0,142,0.870223303361297,0.020000000000000018,0.09219598770141602,2.5409817695617676
0,143,0.8701815344263917,0.020000000000000073,0.06707072257995605,2.5409817695617676
0,144,0.8699170919993255,0.020000000000000018,0.13103199005126953,2.5409817695617676
0,145,0.869719787502977,0.020000000000000018,0.11346268653869629,2.5409817695617676
0,146,0.8696076506833247,0.020000000000000018,0.07225847244262695,2.5409817695617676
0,147,0.8695777962281399,0.020000000000000018,0.0685887336730957,2.5409817695617676
0,148,0.8694033950674955,0.020000000000000018,0.08612823486328125,2.5409817695617676
0,149,0.8693877467087161,0.020000000000000018,0.05793571472167969,2.5409817695617676
0,150,0.869130230700224,0.020000000000000018,0.10259723663330078,2.5409817695617676
0,1,0.60817929893319,0.20000000000000007,0.7054522037506104,2.534648895263672
0,2,0.6078792405572129,0.19850000000000007,0.14088869094848633,2.5409817695617676
0,3,0.6072766823210944,0.197,0.10799860954284668,2.5409817695617676
0,4,0.6099876793208989,0.19549999999999995,0.0935220718383789,2.5409817695617676
0,5,0.613300193670288,0.12760354135281027,0.08868575096130371,2.5409817695617676
0,6,0.6167769926685958,0.10037882697148381,0.0961616039276123,2.5409817695617676
0,7,0.620192662367743,0.12397883435437163,0.08207058906555176,2.5409817695617676
0,8,0.6239972370012656,0.09578551134011892,0.0853586196899414,2.5409817695617676
0,9,0.6277161851583335,0.10311857550246417,0.08176350593566895,2.5409817695617676
0,10,0.6318055481782947,0.08821083087456472,0.08939456939697266,2.5409817695617676
0,11,0.6363898020883774,0.06157944327071019,0.10304570198059082,2.5409817695617676
0,12,0.6405684886436172,0.06523618752309035,0.10095930099487305,2.5409817695617676
0,13,0.6429005093141962,0.06741852611905963,0.07589149475097656,2.5409817695617676
0,14,0.6481462210708008,0.06096774389889614,0.10224485397338867,2.5409817695617676
0,15,0.6495267650593392,0.057700732601659754,0.0632169246673584,2.5409817695617676
0,16,0.6582514394358309,0.04293848431643499,0.156965970993042,2.5409817695617676
0,17,0.6599242632552299,0.040024628496946324,0.07323265075683594,2.5409817695617676
0,18,0.6627559164514996,0.037863681414545325,0.07994389533996582,2.5409817695617676
0,19,0.6687137269084382,0.042731620132495096,0.09898257255554199,2.5409817695617676
0,20,0.6700042061867144,0.04355425805667468,0.06522297859191895,2.5409817695617676
0,21,0.6797291035861829,0.03543851496975503,0.165313720703125,2.5409817695617676
0,22,0.6815224792529155,0.0360547075971156,0.06629610061645508,2.5409817695617676
0,23,0.684795839022861,0.03525325371421406,0.09041070938110352,2.5409817695617676
0,24,0.6903660165656526,0.0334499309933729,0.09919500350952148,2.5409817695617676
0,25,0.6918893661972997,0.03210416632868274,0.06814861297607422,2.5409817695617676
0,26,0.7016726149124228,0.030687779218929456,0.16466045379638672,2.5409817695617676
0,27,0.7037462512069995,0.03008604183607999,0.07167482376098633,2.5409817695617676
0,28,0.7075466581349029,0.02566157344924902,0.0893561840057373,2.5409817695617676
0,29,0.7113648592079365,0.03244674607392106,0.0962226390838623,2.5409817695617676
0,30,0.7172564974086169,0.02446375081861185,0.12724518775939941,2.5409817695617676
0,31,0.7231824374802248,0.02811995204462525,0.12647318840026855,2.5409817695617676
0,32,0.7263283087032288,0.0260459639849272,0.10036849975585938,2.5409817695617676
0,33,0.7313308413242564,0.027563419217712326,0.103424072265625,2.5409817695617676
0,34,0.7351793480609715,0.02900583499941156,0.09062910079956055,2.5409817695617676
0,35,0.7407687321588949,0.03134520370437399,0.10947465896606445,2.5409817695617676
0,36,0.7466540979057447,0.03011781583156914,0.11919212341308594,2.5409817695617676
0,37,0.7499722537339747,0.03250311367392089,0.08554291725158691,2.5409817695617676
0,38,0.7557499136908112,0.03502265828132056,0.11440849304199219,2.5409817695617676
0,39,0.7598055077483414,0.04033291264276151,0.10132932662963867,2.5409817695617676
0,40,0.7650467292826532,0.044250318190540594,0.11579442024230957,2.5409817695617676
0,41,0.8039934373190818,0.14000000000000007,0.26978588104248047,2.5409817695617676
0,42,0.8067243923449714,0.11443195495022784,0.1112983226776123,2.5409817695617676
0,43,0.8104986292872749,0.0862543032734494,0.1197817325592041,2.5409817695617676
0,44,0.8153607504111474,0.0711615820295417,0.11606287956237793,2.5409817695617676
0,45,0.8230665692950583,0.060928275847679014,0.18132567405700684,2.5409817695617676
0,46,0.8251781380835246,0.05195194280944493,0.09543395042419434,2.5409817695617676
0,47,0.8293913056978671,0.06049652838011477,0.11605691909790039,2.5409817695617676
0,48,0.8361012716598181,0.07062928780427724,0.1807088851928711,2.5409817695617676
0,49,0.838158695944196,0.06865871038984306,0.09776687622070312,2.5409817695617676
0,50,0.8418293894532007,0.07037317608215043,0.12279272079467773,2.5409817695617676
0,51,0.8462263184230856,0.07956777825174688,0.16974997520446777,2.5409817695617676
0,52,0.8486156652203132,0.09523483641295416,0.1309375762939453,2.5409817695617676
0,53,0.8507750770989344,0.11793834431720052,0.13289213180541992,2.5409817695617676
0,54,0.8525236143162529,0.12050000000000005,0.14113950729370117,2.5409817695617676
0,55,0.8529607674179362,0.11900000000000001,0.10634922981262207,2.5409817695617676
0,56,0.8545803664509379,0.11750000000000005,0.15622854232788086,2.5409817695617676
0,57,0.8555956447908372,0.09673872734890188,0.1014704704284668,2.5409817695617676
0,58,0.8573540435873268,0.10207263645299514,0.11993050575256348,2.5409817695617676
0,59,0.8596553790318637,0.11299999999999999,0.15383100509643555,2.5409817695617676
0,60,0.8607857182928194,0.08950077607495033,0.11357593536376953,2.5409817695617676
0,61,0.8632981248484369,0.09555724531917453,0.1854705810546875,2.5409817695617676
0,62,0.8639949636032132,0.10663835452306658,0.09055542945861816,2.5409817695617676
0,63,0.8673894862579432,0.07639863633293398,0.20641756057739258,2.5409817695617676
0,64,0.8681419414847571,0.08301099562057257,0.11511397361755371,2.5409817695617676
0,65,0.87143741681405,0.09334115192958858,0.25037360191345215,2.5409817695617676
0,66,0.8720034627709456,0.1011953600906591,0.08768153190612793,2.5409817695617676
0,67,0.8746406466207314,0.10099999999999998,0.15443062782287598,2.5409817695617676
0,68,0.8767143542072229,0.09950000000000003,0.1703169345855713,2.5409817695617676
0,69,0.8779114265525007,0.09799999999999998,0.1212468147277832,2.5409817695617676
0,70,0.8788633205725673,0.09650000000000003,0.0988457202911377,2.5409817695617676
0,71,0.8828758136239037,0.0794530946676657,0.28531908988952637,2.5409817695617676
0,72,0.883341400818263,0.08182362426957523,0.08366990089416504,2.5409817695617676
0,73,0.8848198681607089,0.09199999999999997,0.11333608627319336,2.5409817695617676
0,74,0.8866207445940387,0.09050000000000002,0.14111757278442383,2.5409817695617676
0,75,0.8890216344213515,0.08004893626142906,0.15444231033325195,2.5409817695617676
0,76,0.8896355089785484,0.08750000000000002,0.0839073657989502,2.5409817695617676
0,77,0.8922341144212744,0.08599999999999997,0.17357873916625977,2.5409817695617676
0,78,0.8925521837134028,0.07258200378764068,0.0763692855834961,2.5409817695617676
0,79,0.8951668903278245,0.07731383301247718,0.16309237480163574,2.5409817695617676
0,80,0.8958685883991224,0.08150000000000002,0.08800506591796875,2.5409817695617676
0,81,0.8789867827561837,0.08000000000000007,0.33544397354125977,2.5409817695617676
0,82,0.8781187052061428,0.07850000000000001,0.21260714530944824,2.5409817695617676
0,83,0.8780495319079777,0.07699999999999996,0.22640752792358398,2.5409817695617676
0,84,0.8785496396661807,0.07550000000000001,0.12117719650268555,2.5409817695617676
0,85,0.8796653097460673,0.07399999999999995,0.1562328338623047,2.5409817695617676
0,86,0.880037274032933,0.07250000000000001,0.08851027488708496,2.5409817695617676
0,87,0.881265990518702,0.07100000000000006,0.1510908603668213,2.5409817695617676
0,88,0.8814694645111895,0.0695,0.08485865592956543,2.5409817695617676
0,89,0.8838944052449981,0.06800000000000006,0.18952035903930664,2.5409817695617676
0,90,0.88418989364198,0.06650000000000006,0.07696127891540527,2.5409817695617676
0,91,0.8853241724549155,0.06500000000000006,0.11871623992919922,2.5409817695617676
0,92,0.8862253966380411,0.0635,0.10464239120483398,2.5409817695617676
0,93,0.8869320716951685,0.062000000000000055,0.09260678291320801,2.5409817695617676
0,94,0.8887423984890768,0.060500000000000054,0.15540027618408203,2.5409817695617676
0,95,0.8896815257769866,0.05900000000000005,0.11065483093261719,2.5409817695617676
0,96,0.8904303095714294,0.057499999999999996,0.09367561340332031,2.5409817695617676
0,97,0.8919655653216744,0.05600000000000005,0.1571822166442871,2.5409817695617676
0,98,0.8936943099751768,0.05450000000000002,0.15841007232666016,2.5409817695617676
0,99,0.8942656785121358,0.05300000000000005,0.1021573543548584,2.5409817695617676
0,100,0.8948945865530129,0.05150000000000002,0.0898442268371582,2.5409817695617676
0,101,0.8965570424584066,0.050000000000000044,0.15721702575683594,2.5409817695617676
0,102,0.8982752480316959,0.04849999999999999,0.1473841667175293,2.5409817695617676
0,103,0.8989596533512141,0.04700000000000004,0.09122776985168457,2.5409817695617676
0,104,0.9000286390086067,0.04550000000000001,0.10198521614074707,2.5409817695617676
0,105,0.9001881127299717,0.04400000000000004,0.06652712821960449,2.5409817695617676
0,106,0.9033584254526257,0.04250000000000001,0.2423691749572754,2.5409817695617676
0,107,0.9039430911975341,0.041000000000000036,0.10519027709960938,2.5409817695617676
0,108,0.9051113035402352,0.039500000000000035,0.10984015464782715,2.5409817695617676
0,109,0.9065575278297296,0.038000000000000034,0.12085103988647461,2.5409817695617676
0,110,0.9078116087576822,0.036500000000000005,0.1594085693359375,2.5409817695617676
0,111,0.9095068130973485,0.03500000000000003,0.16968274116516113,2.5409817695617676
0,112,0.9104398330737101,0.03350000000000003,0.10599613189697266,2.5409817695617676
0,113,0.9121761061930526,0.03200000000000003,0.18085408210754395,2.5409817695617676
0,114,0.9134609409272485,0.030500000000000083,0.1590414047241211,2.5409817695617676
0,115,0.9144418131263752,0.029000000000000026,0.10662269592285156,2.5409817695617676
0,116,0.9162793779531371,0.02750000000000008,0.19523191452026367,2.5409817695617676
0,117,0.9176287941831175,0.026000000000000023,0.18404245376586914,2.5409817695617676
0,118,0.919047277581454,0.024500000000000077,0.1809694766998291,2.5409817695617676
0,119,0.9203196798409943,0.02300000000000002,0.16456913948059082,2.5409817695617676
0,120,0.9217515602688675,0.021500000000000075,0.18295931816101074,2.5409817695617676
0,121,0.8749867889596858,0.020000000000000073,0.6115360260009766,2.5409817695617676
0,122,0.8741831109673771,0.020000000000000073,0.26188063621520996,2.5409817695617676
0,123,0.8739133157872686,0.020000000000000025,0.20040130615234375,2.5409817695617676
0,124,0.8734550926392279,0.020000000000000018,0.20651030540466309,2.5409817695617676
0,125,0.8731821204965505,0.020000000000000046,0.139235258102417,2.5409817695617676
0,126,0.8729796789707929,0.020000000000000073,0.11543893814086914,2.5409817695617676
0,127,0.8726397050962971,0.020000000000000018,0.18496155738830566,2.5409817695617676
0,128,0.8725230936854158,0.020000000000000073,0.09118151664733887,2.5409817695617676
0,129,0.8723051655063196,0.020000000000000018,0.11494016647338867,2.5409817695617676
0,130,0.8721369760109428,0.020000000000000018,0.09546995162963867,2.5409817695617676
0,131,0.8718935125981289,0.020000000000000018,0.12352180480957031,2.5409817695617676
0,132,0.8718537950507619,0.020000000000000018,0.06409192085266113,2.5409817695617676
0,133,0.871443586021228,0.020000000000000073,0.1668391227722168,2.5409817695617676
0,134,0.8713450175614612,0.020000000000000018,0.0759725570678711,2.5409817695617676
0,135,0.871142356445572,0.020000000000000018,0.10471129417419434,2.5409817695617676
0,136,0.8711053822556898,0.020000000000000018,0.060980796813964844,2.5409817695617676
0,137,0.8708206753671575,0.020000000000000018,0.11031079292297363,2.5409817695617676
0,138,0.8707906146681927,0.020000000000000073,0.0617213249206543,2.5409817695617676
0,139,0.870574882922327,0.020000000000000018,0.08577203750610352,2.5409817695617676
0,140,0.8704351379215267,0.020000000000000018,0.09984183311462402,2.5409817695617676
0,141,0.870255616737057,0.020000000000000018,0.0970003604888916,2.5409817695617676
0,142,0.8702204396360756,0.020000000000000073,0.06264996528625488,2.5409817695617676
0,143,0.8699367519721848,0.020000000000000018,0.1419532299041748,2.5409817695617676
0,144,0.8698953188166096,0.020000000000000018,0.06362056732177734,2.5409817695617676
0,145,0.8696369719570782,0.020000000000000018,0.12081432342529297,2.5409817695617676
0,146,0.8696152850160488,0.020000000000000018,0.05672478675842285,2.5409817695617676
0,147,0.8694354211447624,0.020000000000000018,0.0754849910736084,2.5409817695617676
0,148,0.8693925934516722,0.020000000000000018,0.06587743759155273,2.5409817695617676
0,149,0.869233337049792,0.020000000000000018,0.07047033309936523,2.5409817695617676
0,150,0.8691367651526921,0.020000000000000018,0.08002114295959473,2.5409817695617676
0,1,0.6081809059950727,0.20000000000000007,0.8578555583953857,2.534648895263672
0,2,0.6071041666280428,0.19850000000000007,0.13292384147644043,2.5409817695617676
0,3,0.607127725215518,0.19700000000000006,0.1026296615600586,2.5409817695617676
0,4,0.610483518786761,0.15275037124893343,0.1138312816619873,2.5409817695617676
0,5,0.6119740732161503,0.14071491657594426,0.0699315071105957,2.5409817695617676
0,6,0.6173239340897386,0.0939132262940664,0.12248921394348145,2.5409817695617676
0,7,0.6183338228191962,0.10860865537026643,0.06438159942626953,2.5409817695617676
0,8,0.6251524595912119,0.08697348972713992,0.12153172492980957,2.5409817695617676
0,9,0.6261800046936393,0.09941750048862597,0.06494593620300293,2.5409817695617676
0,10,0.6336374263295518,0.08583844637893134,0.14718842506408691,2.5409817695617676
0,11,0.6346529014081234,0.06168103767736888,0.06410646438598633,2.5409817695617676
0,12,0.6376172505048695,0.05726257817224156,0.08951044082641602,2.5409817695617676
0,13,0.6445931213422003,0.05926926614326666,0.1348896026611328,2.5409817695617676
0,14,0.6457952499450108,0.06577713759447712,0.06713485717773438,2.5409817695617676
0,15,0.6520036209889954,0.05918337161541831,0.12208318710327148,2.5409817695617676
0,16,0.6566154187016213,0.052755893910397145,0.10330462455749512,2.5409817695617676
0,17,0.6593226197585214,0.039698686023208474,0.08100080490112305,2.5409817695617676
0,18,0.664196127349048,0.03547539399154476,0.1027688980102539,2.5409817695617676
0,19,0.6657856538722258,0.04043742416625251,0.07137298583984375,2.5409817695617676
0,20,0.6751909018254227,0.03706711347595015,0.1653764247894287,2.5409817695617676
0,21,0.6767684753494669,0.042219352416114075,0.06564807891845703,2.5409817695617676
0,22,0.6802806258812468,0.033415100720275426,0.09087419509887695,2.5409817695617676
0,23,0.6869319037916246,0.03478444632718469,0.12347269058227539,2.5409817695617676
0,24,0.6880139756025201,0.03355268398307565,0.06527137756347656,2.5409817695617676
0,25,0.6972259585188934,0.032399637577332885,0.15536141395568848,2.5409817695617676
0,26,0.6988216904412814,0.03245308448901285,0.0856177806854248,2.5409817695617676
0,27,0.7032724099168179,0.027122102977054974,0.10660362243652344,2.5409817695617676
0,28,0.7050711027359329,0.032311644342669976,0.07474780082702637,2.5409817695617676
0,29,0.7152172318181591,0.02398591502770986,0.17781448364257812,2.5409817695617676
0,30,0.7174359808173918,0.027684403978092464,0.0764315128326416,2.5409817695617676
0,31,0.7213392481281391,0.02578789617452104,0.09286999702453613,2.5409817695617676
0,32,0.7273416494010527,0.026522470261320708,0.1072545051574707,2.5409817695617676
0,33,0.7288604391153173,0.026726179766714542,0.06572842597961426,2.5409817695617676
0,34,0.7386128670264499,0.025764778766123264,0.17458271980285645,2.5409817695617676
0,35,0.7407729857682297,0.02812883723752868,0.0793156623840332,2.5409817695617676
0,36,0.7449667971590337,0.027859269982814072,0.09494662284851074,2.5409817695617676
0,37,0.7513679091373715,0.029275641663452645,0.12077641487121582,2.5409817695617676
0,38,0.7528682821456597,0.032816679677811655,0.06728172302246094,2.5409817695617676
0,39,0.762587705778375,0.032048560504324475,0.17345571517944336,2.5409817695617676
0,40,0.7647272569680854,0.037451778070560215,0.08769941329956055,2.5409817695617676
0,41,0.8044981853204374,0.14,0.28493738174438477,2.5409817695617676
0,42,0.8076997546929021,0.11148176599364235,0.12181520462036133,2.5409817695617676
0,43,0.8113004873075298,0.08332314101800853,0.12762069702148438,2.5409817695617676
0,44,0.81634193762062,0.06946233116000888,0.12121820449829102,2.5409817695617676
0,45,0.8240341961591631,0.06210567503143749,0.1723339557647705,2.5409817695617676
0,46,0.826101066717609,0.05101993434487723,0.09198379516601562,2.5409817695617676
0,47,0.8315744201010171,0.04899760294669575,0.1497194766998291,2.5409817695617676
0,48,0.8363709825781623,0.057384848109261366,0.14507460594177246,2.5409817695617676
0,49,0.839730897037585,0.06816671385418283,0.11881732940673828,2.5409817695617676
0,50,0.8440245668889678,0.06542549133382236,0.14173197746276855,2.5409817695617676
0,51,0.8485595001364404,0.06675166108984054,0.17411160469055176,2.5409817695617676
0,52,0.8510842845475214,0.07843996841339018,0.13030624389648438,2.5409817695617676
0,53,0.8537805738130684,0.09169518843071645,0.13717007637023926,2.5409817695617676
0,54,0.8560452321678371,0.10902994617225636,0.15837740898132324,2.5409817695617676
0,55,0.8584274627301001,0.10793921881740176,0.17910265922546387,2.5409817695617676
0,56,0.8589405195252613,0.11750000000000002,0.10982894897460938,2.5409817695617676
0,57,0.8593462000846999,0.10646643389342347,0.13274550437927246,2.5409817695617676
0,58,0.8610065540753813,0.09571414910894105,0.16705584526062012,2.5409817695617676
0,59,0.8621796698088928,0.10280021016121443,0.10085201263427734,2.5409817695617676
0,60,0.8645156529983595,0.08445852781225816,0.16021347045898438,2.5409817695617676
0,61,0.8657368682078885,0.08635262917654707,0.10575985908508301,2.5409817695617676
0,62,0.8680529451105714,0.09417256995851075,0.16509604454040527,2.5409817695617676
0,63,0.8687390427664994,0.10194587979404168,0.09129667282104492,2.5409817695617676
0,64,0.8719152122220571,0.07909210217533846,0.18026351928710938,2.5409817695617676
0,65,0.8726568834536507,0.08357981803039627,0.09159016609191895,2.5409817695617676
0,66,0.8757053250877613,0.09324907324886189,0.17905926704406738,2.5409817695617676
0,67,0.8762404525655603,0.09540194006148217,0.08318209648132324,2.5409817695617676
0,68,0.8795793426178509,0.09950000000000003,0.19517016410827637,2.5409817695617676
0,69,0.8800038442241289,0.09799999999999998,0.08453750610351562,2.5409817695617676
0,70,0.8831607521972438,0.09650000000000003,0.19236993789672852,2.5409817695617676
0,71,0.8834888923137761,0.09499999999999997,0.08063793182373047,2.5409817695617676
0,72,0.8852358288864222,0.07785448452833066,0.16109824180603027,2.5409817695617676
0,73,0.8870797587045671,0.09032938132332413,0.15978312492370605,2.5409817695617676
0,74,0.8889536419437732,0.09050000000000002,0.17601490020751953,2.5409817695617676
0,75,0.889618544803221,0.07490327264650087,0.09396243095397949,2.5409817695617676
0,76,0.8905820267725597,0.08663694595670779,0.10111832618713379,2.5409817695617676
0,77,0.8929448961134256,0.08600000000000008,0.17922258377075195,2.5409817695617676
0,78,0.8952870590118117,0.08450000000000002,0.15236854553222656,2.5409817695617676
0,79,0.8958680917986612,0.07961741484276952,0.09190678596496582,2.5409817695617676
0,80,0.8968661710708503,0.08150000000000002,0.09539365768432617,2.5409817695617676
0,81,0.8802801173618855,0.08000000000000007,0.3484835624694824,2.5409817695617676
0,82,0.8792798182130389,0.07850000000000007,0.22966957092285156,2.5409817695617676
0,83,0.8791167829612049,0.07699999999999996,0.23741602897644043,2.5409817695617676
0,84,0.8795479353968744,0.07550000000000001,0.125701904296875,2.5409817695617676
0,85,0.8805349297691734,0.07400000000000001,0.15492987632751465,2.5409817695617676
0,86,0.8810774689848884,0.07250000000000001,0.1020505428314209,2.5409817695617676
0,87,0.8819213928061689,0.07100000000000006,0.10640883445739746,2.5409817695617676
0,88,0.8826046230514377,0.0695,0.08890438079833984,2.5409817695617676
0,89,0.8843131849485778,0.06800000000000006,0.14099526405334473,2.5409817695617676
0,90,0.8849554383734592,0.0665,0.09285473823547363,2.5409817695617676
0,91,0.8855613154832891,0.06500000000000006,0.07945013046264648,2.5409817695617676
0,92,0.886222034999081,0.0635,0.08569931983947754,2.5409817695617676
0,93,0.8882386255029355,0.062000000000000055,0.14907622337341309,2.5409817695617676
0,94,0.8889043383330519,0.0605,0.08874297142028809,2.5409817695617676
0,95,0.8895882754729857,0.05900000000000005,0.088470458984375,2.5409817695617676
0,96,0.8904303102859367,0.05750000000000002,0.11643528938293457,2.5409817695617676
0,97,0.8921219534435751,0.05600000000000005,0.16806936264038086,2.5409817695617676
0,98,0.8936563466677405,0.05449999999999999,0.17752957344055176,2.5409817695617676
0,99,0.894408703740295,0.05300000000000005,0.09897232055664062,2.5409817695617676
0,100,0.894848051934679,0.05150000000000002,0.08706402778625488,2.5409817695617676
0,101,0.8964294887881208,0.050000000000000044,0.15188241004943848,2.5409817695617676
0,102,0.8981556098274741,0.048500000000000015,0.16867494583129883,2.5409817695617676
0,103,0.8988803522255828,0.04700000000000004,0.10194969177246094,2.5409817695617676
0,104,0.8994309423075898,0.04550000000000001,0.09797286987304688,2.5409817695617676
0,105,0.9010140420458275,0.04400000000000004,0.16570234298706055,2.5409817695617676
0,106,0.9027581171590062,0.04250000000000001,0.19309711456298828,2.5409817695617676
0,107,0.903642809631563,0.041000000000000036,0.10367751121520996,2.5409817695617676
0,108,0.9049262821606345,0.039500000000000035,0.11775994300842285,2.5409817695617676
0,109,0.9056434024212905,0.038000000000000034,0.09653139114379883,2.5409817695617676
0,110,0.9081389249326516,0.036500000000000005,0.2570028305053711,2.5409817695617676
0,111,0.9089066663061016,0.03500000000000003,0.10606145858764648,2.5409817695617676
0,112,0.9100919391414154,0.0335,0.11572074890136719,2.5409817695617676
0,113,0.91211352197607,0.03200000000000003,0.24348139762878418,2.5409817695617676
0,114,0.9129209865948467,0.030500000000000083,0.1065366268157959,2.5409817695617676
0,115,0.9142134241171631,0.02900000000000008,0.12490677833557129,2.5409817695617676
0,116,0.9162092861290736,0.02750000000000008,0.25517868995666504,2.5409817695617676
0,117,0.9171560027472837,0.026000000000000023,0.11810302734375,2.5409817695617676
0,118,0.9187746218747281,0.024500000000000077,0.20551085472106934,2.5409817695617676
0,119,0.9201157585347574,0.02300000000000002,0.18909263610839844,2.5409817695617676
0,120,0.9215419930519795,0.021500000000000075,0.1985616683959961,2.5409817695617676
0,121,0.8745641162426434,0.020000000000000073,0.6523199081420898,2.5409817695617676
0,122,0.8737699319584635,0.020000000000000018,0.2826809883117676,2.5409817695617676
0,123,0.8734886323564105,0.020000000000000073,0.19173693656921387,2.5409817695617676
0,124,0.8729719956071471,0.020000000000000018,0.23652911186218262,2.5409817695617676
0,125,0.8727940966094654,0.020000000000000018,0.10262036323547363,2.5409817695617676
0,126,0.8725511614974911,0.020000000000000073,0.16036677360534668,2.5409817695617676
0,127,0.8722283668900843,0.020000000000000073,0.1709446907043457,2.5409817695617676
0,128,0.8720357703921741,0.020000000000000018,0.12845230102539062,2.5409817695617676
0,129,0.8718800421085633,0.020000000000000073,0.09693098068237305,2.5409817695617676
0,130,0.871648980486857,0.020000000000000073,0.12134718894958496,2.5409817695617676
0,131,0.8714617634875974,0.020000000000000073,0.09323883056640625,2.5409817695617676
0,132,0.8713269554264691,0.020000000000000018,0.09923148155212402,2.5409817695617676
0,133,0.870987223587987,0.020000000000000018,0.1483147144317627,2.5409817695617676
0,134,0.8708671266507387,0.020000000000000018,0.09018921852111816,2.5409817695617676
0,135,0.8707337994200595,0.020000000000000073,0.09477519989013672,2.5409817695617676
0,136,0.8705365122309269,0.020000000000000018,0.07972240447998047,2.5409817695617676
0,137,0.870393196779107,0.020000000000000073,0.10087156295776367,2.5409817695617676
0,138,0.8701810198319849,0.020000000000000018,0.08686614036560059,2.5409817695617676
0,139,0.8701440846275272,0.020000000000000018,0.06618857383728027,2.5409817695617676
0,140,0.8698748589435314,0.020000000000000018,0.12052106857299805,2.5409817695617676
0,141,0.8698507089283325,0.020000000000000073,0.06262683868408203,2.5409817695617676
0,142,0.8696708887130081,0.020000000000000018,0.09227919578552246,2.5409817695617676
0,143,0.8695475733382083,0.020000000000000018,0.09460878372192383,2.5409817695617676
0,144,0.869374299411755,0.020000000000000018,0.08531761169433594,2.5409817695617676
0,145,0.8693459674898316,0.020000000000000018,0.06458878517150879,2.5409817695617676
0,146,0.8689844908172091,0.020000000000000018,0.16537070274353027,2.5409817695617676
0,147,0.8689564905335645,0.020000000000000018,0.05987071990966797,2.5409817695617676
0,148,0.8688415464889787,0.020000000000000018,0.07576894760131836,2.5409817695617676
0,149,0.8687292673376165,0.020000000000000018,0.08608579635620117,2.5409817695617676
0,150,0.8685880057586528,0.020000000000000018,0.07181692123413086,2.5409817695617676
0,1,0.6081789992843585,0.20000000000000007,0.8651714324951172,2.534648895263672
0,2,0.6067251285859208,0.19850000000000007,0.1313161849975586,2.5409817695617676
0,3,0.6070555883996581,0.197,0.10042476654052734,2.5409817695617676
0,4,0.6103388613588676,0.14435863710056296,0.10451483726501465,2.5409817695617676
0,5,0.6116069278132563,0.14766668397710514,0.060987234115600586,2.5409817695617676
0,6,0.617133764609396,0.08888379440412342,0.0990602970123291,2.5409817695617676
0,7,0.6182853710287348,0.10135513716289546,0.05637073516845703,2.5409817695617676
0,8,0.6248568332723925,0.09346745570487514,0.10469746589660645,2.5409817695617676
0,9,0.6259824557153062,0.09479524268795958,0.05708813667297363,2.5409817695617676
0,10,0.6338979918116308,0.08384612368257238,0.14299440383911133,2.5409817695617676
0,11,0.6349107496769488,0.07222864886211444,0.055272817611694336,2.5409817695617676
0,12,0.6375654870153834,0.054664440103791234,0.07100534439086914,2.5409817695617676
0,13,0.6441478843025731,0.0545031067540509,0.10815620422363281,2.5409817695617676
0,14,0.6453781733319304,0.06419697578564354,0.058803558349609375,2.5409817695617676
0,15,0.652408116261993,0.05196354178258189,0.13493108749389648,2.5409817695617676
0,16,0.6546023298906374,0.051188961571740355,0.0722956657409668,2.5409817695617676
0,17,0.6603922771612465,0.04174373579074786,0.11013150215148926,2.5409817695617676
0,18,0.6641143747161544,0.04277896581035634,0.0820169448852539,2.5409817695617676
0,19,0.6666242821642973,0.034962054087225636,0.09419488906860352,2.5409817695617676
0,20,0.6724525743122961,0.03577466831487719,0.13020014762878418,2.5409817695617676
0,21,0.6782857111580107,0.038988858254898506,0.11501193046569824,2.5409817695617676
0,22,0.6807775753245257,0.03544833073725995,0.07192611694335938,2.5409817695617676
0,23,0.6853036933970591,0.0294457978503867,0.08700203895568848,2.5409817695617676
0,24,0.688874568319509,0.037605743600077846,0.07409119606018066,2.5409817695617676
0,25,0.6943323930064198,0.03436265850843334,0.1051790714263916,2.5409817695617676
0,26,0.7003991776373198,0.03444081785241393,0.11735391616821289,2.5409817695617676
0,27,0.7030603178076241,0.027465642655768674,0.07724595069885254,2.5409817695617676
0,28,0.7080884961812488,0.026756917806746494,0.10465264320373535,2.5409817695617676
0,29,0.7118109702933919,0.03022340811378932,0.0870351791381836,2.5409817695617676
0,30,0.7177058536572849,0.0249958196619533,0.12378644943237305,2.5409817695617676
0,31,0.7233174407211953,0.025158620196922832,0.11688351631164551,2.5409817695617676
0,32,0.7261632065179565,0.026832178655254224,0.07622718811035156,2.5409817695617676
0,33,0.7314112590450583,0.024873346181607636,0.09362053871154785,2.5409817695617676
0,34,0.7354877634777542,0.02698894986681899,0.08566880226135254,2.5409817695617676
0,35,0.7413299082679785,0.024376554282231733,0.12126517295837402,2.5409817695617676
0,36,0.7471497931096163,0.02746741156810306,0.12078976631164551,2.5409817695617676
0,37,0.7500691333367528,0.028328650572900238,0.07893753051757812,2.5409817695617676
0,38,0.7555514962800909,0.027887612969007436,0.10256290435791016,2.5409817695617676
0,39,0.7597536440496939,0.032199898940570515,0.08766818046569824,2.5409817695617676
0,40,0.7655231174754316,0.03330614696234946,0.12061786651611328,2.5409817695617676
0,41,0.8050257517518886,0.14,0.2758641242980957,2.5409817695617676
0,42,0.808161809587772,0.10998979715832224,0.10451936721801758,2.5409817695617676
0,43,0.8118118097680178,0.0822175300384329,0.11061286926269531,2.5409817695617676
0,44,0.8168759925436364,0.06866895777993309,0.12389397621154785,2.5409817695617676
0,45,0.8245451653568671,0.0589271430674968,0.17882370948791504,2.5409817695617676
0,46,0.8265798515920882,0.059763493637038256,0.08722400665283203,2.5409817695617676
0,47,0.8322999952271797,0.04453503793600122,0.1427443027496338,2.5409817695617676
0,48,0.8371584563915448,0.05051530351698619,0.13416218757629395,2.5409817695617676
0,49,0.840647470303732,0.06015637066664015,0.11156630516052246,2.5409817695617676
0,50,0.8452220357476528,0.06881150507972578,0.13266563415527344,2.5409817695617676
0,51,0.8490441202771256,0.06207027564374368,0.13815999031066895,2.5409817695617676
0,52,0.8524994397640833,0.06945417993879399,0.12528705596923828,2.5409817695617676
0,53,0.855447520402416,0.08184429550229444,0.13244104385375977,2.5409817695617676
0,54,0.8578900649845902,0.10004080156394779,0.1302022933959961,2.5409817695617676
0,55,0.8606394628056377,0.09815428385124594,0.15816783905029297,2.5409817695617676
0,56,0.8614028160767144,0.10130422195139782,0.1045844554901123,2.5409817695617676
0,57,0.8620271384839288,0.11471207257619198,0.12087559700012207,2.5409817695617676
0,58,0.8632342263514763,0.09001087492463933,0.14889836311340332,2.5409817695617676
0,59,0.8643139665130285,0.09423990601123688,0.10355830192565918,2.5409817695617676
0,60,0.8660219246855316,0.10459618684050531,0.1215355396270752,2.5409817695617676
0,61,0.8683304891119197,0.08146094520726477,0.15651178359985352,2.5409817695617676
0,62,0.86937610484757,0.08954995796726739,0.10027456283569336,2.5409817695617676
0,63,0.871645249563187,0.09882239030594941,0.16454315185546875,2.5409817695617676
0,64,0.8722359290153332,0.10245719361342798,0.08031320571899414,2.5409817695617676
0,65,0.8753544301884475,0.07986432953404121,0.17682743072509766,2.5409817695617676
0,66,0.8760122184703931,0.08673263823154798,0.08001494407653809,2.5409817695617676
0,67,0.8789264720003759,0.09604916834799238,0.16965007781982422,2.5409817695617676
0,68,0.8794042733215333,0.09950000000000003,0.07966399192810059,2.5409817695617676
0,69,0.8825827314543534,0.09799999999999998,0.18439674377441406,2.5409817695617676
0,70,0.8829352365457848,0.09650000000000003,0.07791018486022949,2.5409817695617676
0,71,0.8850540864431864,0.09499999999999997,0.14052271842956543,2.5409817695617676
0,72,0.8868199317774852,0.09106339835111787,0.1445319652557373,2.5409817695617676
0,73,0.8877912684484972,0.08793603618028079,0.1008305549621582,2.5409817695617676
0,74,0.8885108348699456,0.09050000000000002,0.09057807922363281,2.5409817695617676
0,75,0.8920901318506695,0.07246408631969026,0.21760344505310059,2.5409817695617676
0,76,0.8925709537882178,0.0847047935569214,0.08647847175598145,2.5409817695617676
0,77,0.8936434903343397,0.08599999999999997,0.09740424156188965,2.5409817695617676
0,78,0.8952567608276397,0.08450000000000002,0.13747596740722656,2.5409817695617676
0,79,0.8976035572477288,0.08087204655651503,0.15640711784362793,2.5409817695617676
0,80,0.8980357714262213,0.08150000000000002,0.07816219329833984,2.5409817695617676
0,81,0.8810720388011355,0.08000000000000007,0.34123921394348145,2.5409817695617676
0,82,0.8799591672448153,0.07850000000000007,0.21196508407592773,2.5409817695617676
0,83,0.8797400583534172,0.07700000000000007,0.22627854347229004,2.5409817695617676
0,84,0.8801182063000992,0.07550000000000001,0.12244677543640137,2.5409817695617676
0,85,0.8809962360496535,0.07400000000000001,0.16463685035705566,2.5409817695617676
0,86,0.8813384909048738,0.07250000000000006,0.08258533477783203,2.5409817695617676
0,87,0.8825032307736893,0.07100000000000006,0.1248166561126709,2.5409817695617676
0,88,0.8827062385787575,0.0695,0.07159638404846191,2.5409817695617676
0,89,0.8848685520904824,0.06800000000000006,0.16498756408691406,2.5409817695617676
0,90,0.885167957248062,0.0665,0.07732915878295898,2.5409817695617676
0,91,0.8860892160069984,0.06500000000000006,0.10412168502807617,2.5409817695617676
0,92,0.8870149011876267,0.0635,0.10457277297973633,2.5409817695617676
0,93,0.8875917812220293,0.062000000000000055,0.09433484077453613,2.5409817695617676
0,94,0.8893034209591846,0.0605,0.15708422660827637,2.5409817695617676
0,95,0.8899669730556359,0.05900000000000005,0.09372091293334961,2.5409817695617676
0,96,0.8906567619381582,0.05750000000000002,0.0862736701965332,2.5409817695617676
0,97,0.8917804547934415,0.05600000000000005,0.12808537483215332,2.5409817695617676
0,98,0.8934548287013921,0.05449999999999999,0.15129995346069336,2.5409817695617676
0,99,0.8939364076670308,0.05300000000000005,0.0909426212310791,2.5409817695617676
0,100,0.8958791518153444,0.05150000000000002,0.16091394424438477,2.5409817695617676
0,101,0.8960233883499105,0.050000000000000044,0.06808781623840332,2.5409817695617676
0,102,0.8979510503073146,0.048500000000000015,0.1594526767730713,2.5409817695617676
0,103,0.8986553452176486,0.04700000000000004,0.0929555892944336,2.5409817695617676
0,104,0.8993152519661135,0.04550000000000001,0.08384370803833008,2.5409817695617676
0,105,0.9009073293182089,0.04400000000000004,0.1540224552154541,2.5409817695617676
0,106,0.9027360364512186,0.04249999999999998,0.16072678565979004,2.5409817695617676
0,107,0.9034278912493616,0.041000000000000036,0.0904383659362793,2.5409817695617676
0,108,0.9046861867741043,0.039500000000000035,0.10852456092834473,2.5409817695617676
0,109,0.9056177948402303,0.038000000000000034,0.09841775894165039,2.5409817695617676
0,110,0.9073868874848083,0.036500000000000005,0.16963553428649902,2.5409817695617676
0,111,0.9090695828991867,0.03500000000000003,0.1691596508026123,2.5409817695617676
0,112,0.9100015257607246,0.033499999999999974,0.10654854774475098,2.5409817695617676
0,113,0.9117117973265058,0.03200000000000003,0.17579030990600586,2.5409817695617676
0,114,0.9131235315323737,0.030500000000000083,0.16979598999023438,2.5409817695617676
0,115,0.9141206559150984,0.029000000000000026,0.11154341697692871,2.5409817695617676
0,116,0.9158528326304376,0.02750000000000008,0.18370771408081055,2.5409817695617676
0,117,0.9171993474074853,0.026000000000000023,0.17734646797180176,2.5409817695617676
0,118,0.9186266918880686,0.024500000000000077,0.18490147590637207,2.5409817695617676
0,119,0.9199552507706614,0.02300000000000002,0.17470455169677734,2.5409817695617676
0,120,0.921382634077007,0.021500000000000075,0.1956346035003662,2.5409817695617676
0,121,0.8743376376544372,0.020000000000000073,0.6461575031280518,2.5409817695617676
0,122,0.8735470778112007,0.020000000000000073,0.2642998695373535,2.5409817695617676
0,123,0.8731733246820831,0.020000000000000018,0.22501420974731445,2.5409817695617676
0,124,0.8729520982657476,0.020000000000000073,0.11958527565002441,2.5409817695617676
0,125,0.8724263941605102,0.020000000000000018,0.21159672737121582,2.5409817695617676
0,126,0.8722813484307964,0.020000000000000018,0.09929466247558594,2.5409817695617676
0,127,0.8720664437822099,0.020000000000000018,0.13091707229614258,2.5409817695617676
0,128,0.87181583599208,0.020000000000000073,0.13291430473327637,2.5409817695617676
0,129,0.8716419614999704,0.020000000000000073,0.11489081382751465,2.5409817695617676
0,130,0.8714833414744757,0.020000000000000018,0.08729386329650879,2.5409817695617676
0,131,0.8712285883081076,0.020000000000000073,0.1190185546875,2.5409817695617676
0,132,0.8711781019898268,0.020000000000000018,0.06627392768859863,2.5409817695617676
0,133,0.8707133054587313,0.020000000000000018,0.17492222785949707,2.5409817695617676
0,134,0.8706043395908523,0.020000000000000073,0.0731198787689209,2.5409817695617676
0,135,0.8704486207356287,0.020000000000000073,0.08242678642272949,2.5409817695617676
0,136,0.870406579875657,0.020000000000000018,0.05828690528869629,2.5409817695617676
0,137,0.8700519814652158,0.020000000000000018,0.13181281089782715,2.5409817695617676
0,138,0.8700166592283417,0.020000000000000018,0.06540203094482422,2.5409817695617676
0,139,0.8698103088266009,0.020000000000000018,0.08895111083984375,2.5409817695617676
0,140,0.8697901380575441,0.020000000000000018,0.056060075759887695,2.5409817695617676
0,141,0.8694539237044081,0.020000000000000073,0.12829828262329102,2.5409817695617676
0,142,0.8694341111895632,0.020000000000000073,0.05660390853881836,2.5409817695617676
0,143,0.8691810679337596,0.020000000000000018,0.12508916854858398,2.5409817695617676
0,144,0.8691067146262702,0.020000000000000073,0.07130289077758789,2.5409817695617676
0,145,0.8690075794915963,0.020000000000000018,0.06588006019592285,2.5409817695617676
0,146,0.8688729233715875,0.020000000000000018,0.08301568031311035,2.5409817695617676
0,147,0.8687091676311249,0.020000000000000018,0.07151198387145996,2.5409817695617676
0,148,0.8686765460766579,0.020000000000000018,0.05520915985107422,2.5409817695617676
0,149,0.868420705201377,0.020000000000000018,0.10640597343444824,2.5409817695617676
0,150,0.8684007206872808,0.020000000000000018,0.05621695518493652,2.5409817695617676
0,1,0.6081687044025403,0.20000000000000007,0.7871110439300537,2.534648895263672
0,2,0.6065058995356802,0.19850000000000007,0.14613747596740723,2.5409817695617676
0,3,0.6070613625108268,0.197,0.11255717277526855,2.5409817695617676
0,4,0.6103215843489399,0.15294496471331276,0.11942267417907715,2.5409817695617676
0,5,0.6115249436789556,0.14265745118663542,0.06437373161315918,2.5409817695617676
0,6,0.6170646231022126,0.08921984639272751,0.10370445251464844,2.5409817695617676
0,7,0.618272240321095,0.0981257290021651,0.05929756164550781,2.5409817695617676
0,8,0.624675019136798,0.10460656745276531,0.1097869873046875,2.5409817695617676
0,9,0.6258118018899008,0.09076857472419186,0.05736207962036133,2.5409817695617676
0,10,0.6337609341238546,0.08094730368095826,0.14043831825256348,2.5409817695617676
0,11,0.6347902389858352,0.08218837770490628,0.05711650848388672,2.5409817695617676
0,12,0.6380469586815105,0.05235546393616597,0.08296084403991699,2.5409817695617676
0,13,0.6447520404000943,0.05339979063824418,0.12607049942016602,2.5409817695617676
0,14,0.6458379671686777,0.06347453269946246,0.05683183670043945,2.5409817695617676
0,15,0.6518927510791679,0.05425206096765989,0.11771440505981445,2.5409817695617676
0,16,0.6565317357150089,0.048785959358148,0.11243033409118652,2.5409817695617676
0,17,0.6592332126106075,0.04076708006614316,0.08007645606994629,2.5409817695617676
0,18,0.6621571196300043,0.03930677060551957,0.08166170120239258,2.5409817695617676
0,19,0.6680829849266138,0.036964858836068815,0.1191549301147461,2.5409817695617676
0,20,0.6737896078428016,0.034578322677142115,0.11288666725158691,2.5409817695617676
0,21,0.6764529838247269,0.035707609354643566,0.07514357566833496,2.5409817695617676
0,22,0.6812954421853415,0.03616360919273409,0.09541177749633789,2.5409817695617676
0,23,0.6826066927480168,0.0317130289210007,0.06139326095581055,2.5409817695617676
0,24,0.6926521624159925,0.030147593266966477,0.17467427253723145,2.5409817695617676
0,25,0.6947186900325544,0.03229127566984147,0.07590723037719727,2.5409817695617676
0,26,0.6980043946002359,0.03133467514906774,0.08070659637451172,2.5409817695617676
0,27,0.7051495213291116,0.033049871916091766,0.12603425979614258,2.5409817695617676
0,28,0.7065136686777456,0.02736351533487813,0.06237506866455078,2.5409817695617676
0,29,0.7135923129437098,0.025140590629663895,0.13996005058288574,2.5409817695617676
0,30,0.7179325566007109,0.02720335783967953,0.09511399269104004,2.5409817695617676
0,31,0.7207347779395165,0.022378946380289366,0.07752847671508789,2.5409817695617676
0,32,0.7286176792700142,0.026570709694541783,0.13550877571105957,2.5409817695617676
0,33,0.7303098314324374,0.026067355174794637,0.07124638557434082,2.5409817695617676
0,34,0.7372434171312916,0.024022869589979234,0.13239216804504395,2.5409817695617676
0,35,0.7414280876952745,0.025372223296683427,0.0912637710571289,2.5409817695617676
0,36,0.7444007177330366,0.025882334308119814,0.08389067649841309,2.5409817695617676
0,37,0.7527371220476449,0.02589367618108529,0.15850830078125,2.5409817695617676
0,38,0.7545856373304499,0.030034179799064753,0.0736393928527832,2.5409817695617676
0,39,0.7614007731742691,0.030033319755331855,0.13735437393188477,2.5409817695617676
0,40,0.7655311357064343,0.0323802733710582,0.09752655029296875,2.5409817695617676
0,41,0.8050158460191664,0.14,0.2914707660675049,2.5409817695617676
0,42,0.8084233602120812,0.10843499970469306,0.11341643333435059,2.5409817695617676
0,43,0.8120478292694817,0.08124324038038155,0.11737275123596191,2.5409817695617676
0,44,0.8184474622238678,0.06849749035542774,0.14746570587158203,2.5409817695617676
0,45,0.8232756114079016,0.0570057623536,0.13322710990905762,2.5409817695617676
0,46,0.8266565710333994,0.061789153541637165,0.11062002182006836,2.5409817695617676
0,47,0.8334975804641053,0.053667727062987614,0.1737806797027588,2.5409817695617676
0,48,0.835739852980649,0.04806371309774715,0.09808087348937988,2.5409817695617676
0,49,0.8417772909321489,0.05579134119799034,0.15721583366394043,2.5409817695617676
0,50,0.8463800025742791,0.0645732907777874,0.16238880157470703,2.5409817695617676
0,51,0.8494613850339181,0.06260686819791406,0.1288163661956787,2.5409817695617676
0,52,0.8529943306098947,0.06543237282559966,0.14527440071105957,2.5409817695617676
0,53,0.8572282310464334,0.07774490404311452,0.18031692504882812,2.5409817695617676
0,54,0.8592360868325841,0.09415798505268214,0.12275862693786621,2.5409817695617676
0,55,0.8612783323161135,0.09195648985174112,0.12615370750427246,2.5409817695617676
0,56,0.8627725117150036,0.09613818803658311,0.13568449020385742,2.5409817695617676
0,57,0.863186530951354,0.1064600330321187,0.10383296012878418,2.5409817695617676
0,58,0.8650007696255426,0.08928537241230006,0.16116809844970703,2.5409817695617676
0,59,0.8658875608266634,0.09050414663855122,0.09708452224731445,2.5409817695617676
0,60,0.8673873085818683,0.1006792688530177,0.11549663543701172,2.5409817695617676
0,61,0.869595345624061,0.08370434741129973,0.15569591522216797,2.5409817695617676
0,62,0.8705979405061168,0.08585171469999675,0.09508585929870605,2.5409817695617676
0,63,0.8728124460367039,0.09518517118040892,0.1541728973388672,2.5409817695617676
0,64,0.8738171792171219,0.09709469085300915,0.10008478164672852,2.5409817695617676
0,65,0.8757438757635607,0.07555411458281891,0.1462249755859375,2.5409817695617676
0,66,0.8775702118126144,0.0842950222989648,0.12159442901611328,2.5409817695617676
0,67,0.8794873210469023,0.09112020598576542,0.15924501419067383,2.5409817695617676
0,68,0.8810641138940287,0.09950000000000003,0.11706042289733887,2.5409817695617676
0,69,0.8828313322055126,0.09730326093253061,0.15156221389770508,2.5409817695617676
0,70,0.8846146545800744,0.09650000000000003,0.13650059700012207,2.5409817695617676
0,71,0.8853058025672437,0.09273263784740715,0.09935832023620605,2.5409817695617676
0,72,0.8875148305250715,0.09350000000000003,0.17224907875061035,2.5409817695617676
0,73,0.8880633929376232,0.0870722555731871,0.09185075759887695,2.5409817695617676
0,74,0.8905295359614436,0.09050000000000002,0.16640710830688477,2.5409817695617676
0,75,0.8908771880017928,0.07787396977541539,0.07938337326049805,2.5409817695617676
0,76,0.8935338744238248,0.08167034898491743,0.2081148624420166,2.5409817695617676
0,77,0.89396400969004,0.08600000000000008,0.08483409881591797,2.5409817695617676
0,78,0.8964029552639219,0.08450000000000002,0.16958260536193848,2.5409817695617676
0,79,0.8968105789933253,0.07989145614235249,0.08025145530700684,2.5409817695617676
0,80,0.8993571987822071,0.08150000000000002,0.17625880241394043,2.5409817695617676
0,81,0.8816078791870905,0.08000000000000007,0.34943366050720215,2.5409817695617676
0,82,0.8805603175838512,0.07850000000000001,0.21338891983032227,2.5409817695617676
0,83,0.8801950685942965,0.07700000000000007,0.24956607818603516,2.5409817695617676
0,84,0.8804773451837868,0.07550000000000001,0.12424325942993164,2.5409817695617676
0,85,0.8813260679578586,0.07400000000000001,0.15817642211914062,2.5409817695617676
0,86,0.8817600769580085,0.07250000000000006,0.10102677345275879,2.5409817695617676
0,87,0.882558636685933,0.07100000000000006,0.09765386581420898,2.5409817695617676
0,88,0.8831915113539459,0.0695,0.09467768669128418,2.5409817695617676
0,89,0.8848089621034497,0.06800000000000006,0.13352441787719727,2.5409817695617676
0,90,0.8854814359556893,0.0665,0.09397363662719727,2.5409817695617676
0,91,0.8860038498876392,0.06500000000000006,0.07770252227783203,2.5409817695617676
0,92,0.8866087166471068,0.0635,0.08487200736999512,2.5409817695617676
0,93,0.8885739115551625,0.062000000000000055,0.15078282356262207,2.5409817695617676
0,94,0.8891328976968178,0.0605,0.0886998176574707,2.5409817695617676
0,95,0.8898051891691612,0.05900000000000005,0.08683967590332031,2.5409817695617676
0,96,0.8905086214232689,0.05750000000000005,0.09406542778015137,2.5409817695617676
0,97,0.8921245997555705,0.05600000000000005,0.14834356307983398,2.5409817695617676
0,98,0.8935861940343042,0.05449999999999999,0.15138983726501465,2.5409817695617676
0,99,0.8942424530648794,0.05300000000000005,0.08997535705566406,2.5409817695617676
0,100,0.8946921316057789,0.05150000000000002,0.0844259262084961,2.5409817695617676
0,101,0.8963117067937996,0.050000000000000044,0.14631867408752441,2.5409817695617676
0,102,0.898036161293403,0.048500000000000015,0.16075515747070312,2.5409817695617676
0,103,0.8987101931831215,0.04700000000000004,0.08920788764953613,2.5409817695617676
0,104,0.8999502021468945,0.04550000000000001,0.11082243919372559,2.5409817695617676
0,105,0.9000735935065045,0.04400000000000004,0.07225918769836426,2.5409817695617676
0,106,0.9029252459573514,0.04249999999999998,0.24827265739440918,2.5409817695617676
0,107,0.903500529146271,0.041000000000000036,0.0887291431427002,2.5409817695617676
0,108,0.9046193959818173,0.039500000000000035,0.10290193557739258,2.5409817695617676
0,109,0.9060263466778516,0.038000000000000034,0.12465167045593262,2.5409817695617676
0,110,0.9070910766193259,0.03649999999999998,0.13692212104797363,2.5409817695617676
0,111,0.9089730022213341,0.03500000000000003,0.17762470245361328,2.5409817695617676
0,112,0.9100533133414501,0.033499999999999974,0.10976743698120117,2.5409817695617676
0,113,0.911513782423608,0.03200000000000003,0.17333555221557617,2.5409817695617676
0,114,0.9129918850288297,0.030500000000000083,0.17775416374206543,2.5409817695617676
0,115,0.9141023995183958,0.029000000000000026,0.11980438232421875,2.5409817695617676
0,116,0.9155575577064191,0.02750000000000008,0.17966055870056152,2.5409817695617676
0,117,0.9171053398394691,0.026000000000000023,0.1885511875152588,2.5409817695617676
0,118,0.918281693943749,0.024500000000000077,0.12962937355041504,2.5409817695617676
0,119,0.9200998315328599,0.02300000000000002,0.25002264976501465,2.5409817695617676
0,120,0.9210424763963606,0.021500000000000075,0.1152045726776123,2.5409817695617676
0,121,0.8741799181139556,0.020000000000000073,0.6299216747283936,2.5409817695617676
0,122,0.8733882568092143,0.020000000000000046,0.27564167976379395,2.5409817695617676
0,123,0.8731059377781811,0.020000000000000018,0.20479607582092285,2.5409817695617676
0,124,0.8726405306997598,0.020000000000000018,0.20540404319763184,2.5409817695617676
0,125,0.8723742652475037,0.020000000000000018,0.1393744945526123,2.5409817695617676
0,126,0.872188202674527,0.020000000000000018,0.11476826667785645,2.5409817695617676
0,127,0.8718161468116701,0.020000000000000073,0.19544267654418945,2.5409817695617676
0,128,0.8716879395235637,0.020000000000000073,0.09190607070922852,2.5409817695617676
0,129,0.8714640154743625,0.020000000000000018,0.12185001373291016,2.5409817695617676
0,130,0.8712901144096404,0.020000000000000018,0.09290742874145508,2.5409817695617676
0,131,0.8711665795123091,0.020000000000000073,0.1026618480682373,2.5409817695617676
0,132,0.8708527328150965,0.020000000000000018,0.12484121322631836,2.5409817695617676
0,133,0.8706907007548146,0.020000000000000018,0.1084129810333252,2.5409817695617676
0,134,0.8705343989108706,0.020000000000000018,0.07790255546569824,2.5409817695617676
0,135,0.8703822492085702,0.020000000000000073,0.09633111953735352,2.5409817695617676
0,136,0.8700090528941093,0.020000000000000018,0.14261651039123535,2.5409817695617676
0,137,0.8699434971515663,0.020000000000000018,0.0720815658569336,2.5409817695617676
0,138,0.8696800415283998,0.020000000000000018,0.10817456245422363,2.5409817695617676
0,139,0.8696481082501639,0.020000000000000018,0.0607144832611084,2.5409817695617676
0,140,0.8694516002387918,0.020000000000000018,0.08180999755859375,2.5409817695617676
0,141,0.8693000659423282,0.020000000000000018,0.09740591049194336,2.5409817695617676
0,142,0.8691287048559342,0.020000000000000018,0.07984495162963867,2.5409817695617676
0,143,0.869096474437409,0.020000000000000018,0.0614621639251709,2.5409817695617676
0,144,0.8689029687219965,0.020000000000000018,0.09891819953918457,2.5409817695617676
0,145,0.8688771404691226,0.020000000000000018,0.05986785888671875,2.5409817695617676
0,146,0.8686312880430261,0.020000000000000018,0.10742592811584473,2.5409817695617676
0,147,0.8686133865786898,0.020000000000000018,0.05501747131347656,2.5409817695617676
0,148,0.8684335936068006,0.020000000000000018,0.08540153503417969,2.5409817695617676
0,149,0.8683289321388181,0.020000000000000018,0.08444714546203613,2.5409817695617676
0,150,0.8681630143935543,0.020000000000000018,0.08336710929870605,2.5409817695617676
0,1,0.6081694630050936,0.20000000000000007,0.8061168193817139,2.534648895263672
0,2,0.6062670530418413,0.19850000000000007,0.13178610801696777,2.5409817695617676
0,3,0.6069815234621101,0.18212251018264242,0.10305356979370117,2.5409817695617676
0,4,0.6101082163089485,0.15666611988181578,0.10647010803222656,2.5409817695617676
0,5,0.6112809752397927,0.14399326827615921,0.06741619110107422,2.5409817695617676
0,6,0.6169938855065992,0.10469926522818851,0.11240482330322266,2.5409817695617676
0,7,0.6181669374384825,0.09392004907880402,0.06196904182434082,2.5409817695617676
0,8,0.62478488430015,0.10497362843850933,0.1070106029510498,2.5409817695617676
0,9,0.6258949954028566,0.08777469075513067,0.054871559143066406,2.5409817695617676
0,10,0.6329556130115084,0.08590128161095989,0.11830496788024902,2.5409817695617676
0,11,0.6340760992022649,0.08557169144584376,0.055028438568115234,2.5409817695617676
0,12,0.6402040210860365,0.05370288221682873,0.11367082595825195,2.5409817695617676
0,13,0.6434121628273948,0.05368681385074625,0.07322978973388672,2.5409817695617676
0,14,0.645509007810519,0.056966575291654276,0.06676673889160156,2.5409817695617676
0,15,0.6528977438032069,0.05739121127860736,0.12299871444702148,2.5409817695617676
0,16,0.6539975012155943,0.051619466198974506,0.0535585880279541,2.5409817695617676
0,17,0.6607011778694851,0.04335693529589668,0.11960172653198242,2.5409817695617676
0,18,0.6623605373470279,0.04096951205634092,0.06050300598144531,2.5409817695617676
0,19,0.6687800931139083,0.03563172683658511,0.1109006404876709,2.5409817695617676
0,20,0.6723571515681499,0.0325383868411212,0.08137774467468262,2.5409817695617676
0,21,0.6774659349968604,0.032224874469575226,0.09417963027954102,2.5409817695617676
0,22,0.6787078708523212,0.0380537513925322,0.056345462799072266,2.5409817695617676
0,23,0.6868211983810788,0.03152798362716447,0.1415421962738037,2.5409817695617676
0,24,0.6887131933648176,0.030688243237342427,0.06841444969177246,2.5409817695617676
0,25,0.6953516705520486,0.026802598036825165,0.12390828132629395,2.5409817695617676
0,26,0.6994431213322212,0.030305038976957466,0.08330249786376953,2.5409817695617676
0,27,0.7018690890254048,0.03330168682510204,0.06876230239868164,2.5409817695617676
0,28,0.7094998707913249,0.02673158678559462,0.12565898895263672,2.5409817695617676
0,29,0.7112704028196116,0.027649516836470656,0.06399798393249512,2.5409817695617676
0,30,0.7180950641939113,0.024822096833609697,0.11959600448608398,2.5409817695617676
0,31,0.7234161077904955,0.024641729352538055,0.10981082916259766,2.5409817695617676
0,32,0.72606363978437,0.024169659865096116,0.07120370864868164,2.5409817695617676
0,33,0.731301186093132,0.023580147995096445,0.09301352500915527,2.5409817695617676
0,34,0.7354397372937389,0.026872118009804158,0.08500289916992188,2.5409817695617676
0,35,0.7412365715558914,0.023506568327572586,0.11348199844360352,2.5409817695617676
0,36,0.7472682199396516,0.025884081083357158,0.11640763282775879,2.5409817695617676
0,37,0.7501896977769507,0.026719701404613216,0.08281731605529785,2.5409817695617676
0,38,0.7555264935660042,0.02692673378973698,0.09856271743774414,2.5409817695617676
0,39,0.7596928465182262,0.029585913578055623,0.08981704711914062,2.5409817695617676
0,40,0.7656641219812648,0.03057550291829736,0.11728763580322266,2.5409817695617676
0,41,0.805444370031478,0.14,0.2838270664215088,2.5409817695617676
0,42,0.8087807123560686,0.10709535797979275,0.10840773582458496,2.5409817695617676
0,43,0.8123784561338057,0.08029422041760481,0.10845208168029785,2.5409817695617676
0,44,0.8189001158773994,0.06785924433215218,0.13672804832458496,2.5409817695617676
0,45,0.8236282606215581,0.056309132137679074,0.12395668029785156,2.5409817695617676
0,46,0.8270473630856849,0.05645542672376813,0.0992436408996582,2.5409817695617676
0,47,0.834763507888184,0.05348401567185734,0.1729142665863037,2.5409817695617676
0,48,0.8370953156051784,0.044355522404582515,0.0923912525177002,2.5409817695617676
0,49,0.8414499480902813,0.050743200417688206,0.11467361450195312,2.5409817695617676
0,50,0.8477936246552634,0.05726652729529991,0.1630101203918457,2.5409817695617676
0,51,0.8497114000020954,0.06248391692719801,0.09463953971862793,2.5409817695617676
0,52,0.8545760840880086,0.061711263116120074,0.16318607330322266,2.5409817695617676
0,53,0.8581208484309684,0.07139826456258058,0.15018486976623535,2.5409817695617676
0,54,0.8604975407003606,0.08800366270065973,0.1168060302734375,2.5409817695617676
0,55,0.8627457251965058,0.09789002952629866,0.13416075706481934,2.5409817695617676
0,56,0.8646422699763961,0.09094392202463683,0.14080548286437988,2.5409817695617676
0,57,0.8651832269843833,0.09775039709195465,0.10967183113098145,2.5409817695617676
0,58,0.8671130032076996,0.11105448492379177,0.16642189025878906,2.5409817695617676
0,59,0.8676848124029859,0.08451212166245914,0.09714245796203613,2.5409817695617676
0,60,0.8690225025075151,0.09433941981375293,0.11810946464538574,2.5409817695617676
0,61,0.8711835402247577,0.09980366193889145,0.15614056587219238,2.5409817695617676
0,62,0.8721724334224383,0.081212178102537,0.10380005836486816,2.5409817695617676
0,63,0.8741517005842119,0.09038831936994152,0.1497056484222412,2.5409817695617676
0,64,0.8753107801068598,0.09919953993356379,0.09969758987426758,2.5409817695617676
0,65,0.8770712008337087,0.07595708021591363,0.13747501373291016,2.5409817695617676
0,66,0.8788335655348938,0.08018649293436075,0.11345291137695312,2.5409817695617676
0,67,0.8806282809741095,0.08660392180524246,0.13377904891967773,2.5409817695617676
0,68,0.8820753000790245,0.09630912773899492,0.10886311531066895,2.5409817695617676
0,69,0.8838025864539889,0.09799999999999998,0.1402726173400879,2.5409817695617676
0,70,0.8856697616724298,0.09650000000000003,0.13230299949645996,2.5409817695617676
0,71,0.8873979466898985,0.08696959933414772,0.14971184730529785,2.5409817695617676
0,72,0.8881733844567912,0.09350000000000003,0.10581564903259277,2.5409817695617676
0,73,0.8887512170600642,0.08527298897453695,0.08736681938171387,2.5409817695617676
0,74,0.8921773218022206,0.09050000000000002,0.2165358066558838,2.5409817695617676
0,75,0.8925947660470226,0.07567501474033933,0.08875679969787598,2.5409817695617676
0,76,0.8935976793593956,0.07922740945613349,0.10178208351135254,2.5409817695617676
0,77,0.8952128668338009,0.08599999999999997,0.13646650314331055,2.5409817695617676
0,78,0.8973464801442066,0.08450000000000002,0.15085291862487793,2.5409817695617676
0,79,0.897833697630174,0.08024535906188157,0.08460164070129395,2.5409817695617676
0,80,0.899985781771151,0.08150000000000002,0.1729445457458496,2.5409817695617676
0,81,0.8822728532057453,0.08000000000000007,0.3325216770172119,2.5409817695617676
0,82,0.8811506198294128,0.07850000000000001,0.205796480178833,2.5409817695617676
0,83,0.8807674252510846,0.07700000000000007,0.24857282638549805,2.5409817695617676
0,84,0.8810359688274193,0.07550000000000001,0.1184391975402832,2.5409817695617676
0,85,0.8817885494923299,0.07400000000000001,0.15860557556152344,2.5409817695617676
0,86,0.8821780307754048,0.07250000000000001,0.10066723823547363,2.5409817695617676
0,87,0.882936659322675,0.07100000000000006,0.09632349014282227,2.5409817695617676
0,88,0.8835159372436552,0.0695,0.09469342231750488,2.5409817695617676
0,89,0.8850900817205629,0.06800000000000006,0.1383228302001953,2.5409817695617676
0,90,0.8857063718775849,0.0665,0.09523725509643555,2.5409817695617676
0,91,0.8862183464614131,0.06500000000000006,0.08063459396362305,2.5409817695617676
0,92,0.8867843700966956,0.0635,0.08537578582763672,2.5409817695617676
0,93,0.8887470443723902,0.062000000000000055,0.15259623527526855,2.5409817695617676
0,94,0.8892846493739015,0.0605,0.08891034126281738,2.5409817695617676
0,95,0.8899300490957844,0.05900000000000005,0.08802127838134766,2.5409817695617676
0,96,0.8905553603521044,0.05750000000000005,0.09102416038513184,2.5409817695617676
0,97,0.8921557350870599,0.05600000000000005,0.14582586288452148,2.5409817695617676
0,98,0.8935661250830118,0.05449999999999999,0.15209031105041504,2.5409817695617676
0,99,0.8942623611160871,0.05300000000000005,0.08926796913146973,2.5409817695617676
0,100,0.8946915260294883,0.051500000000000046,0.08262896537780762,2.5409817695617676
0,101,0.8962833034620946,0.050000000000000044,0.1490797996520996,2.5409817695617676
0,102,0.897978823306903,0.048500000000000015,0.16355371475219727,2.5409817695617676
0,103,0.8986884122017472,0.04700000000000004,0.0926964282989502,2.5409817695617676
0,104,0.8991908598453168,0.04550000000000004,0.08684444427490234,2.5409817695617676
0,105,0.9012787044262711,0.04400000000000004,0.1712493896484375,2.5409817695617676
0,106,0.9016020657316773,0.04249999999999998,0.07672405242919922,2.5409817695617676
0,107,0.9038044419683393,0.041000000000000036,0.17925500869750977,2.5409817695617676
0,108,0.9049024426909675,0.03950000000000001,0.10626840591430664,2.5409817695617676
0,109,0.9054874089694872,0.038000000000000034,0.08230304718017578,2.5409817695617676
0,110,0.907497369677251,0.03649999999999998,0.1755542755126953,2.5409817695617676
0,111,0.9089603605908685,0.03500000000000003,0.1673746109008789,2.5409817695617676
0,112,0.9099665881801117,0.033499999999999974,0.10178589820861816,2.5409817695617676
0,113,0.9113946782500206,0.03200000000000003,0.16613197326660156,2.5409817695617676
0,114,0.91284737574603,0.030500000000000083,0.1723041534423828,2.5409817695617676
0,115,0.9142784500474361,0.029000000000000026,0.17223238945007324,2.5409817695617676
0,116,0.9156333855569865,0.02750000000000008,0.18193912506103516,2.5409817695617676
0,117,0.9167514782582888,0.026000000000000023,0.11857295036315918,2.5409817695617676
0,118,0.9185787815477386,0.024500000000000077,0.24894189834594727,2.5409817695617676
0,119,0.9195240991019007,0.02300000000000002,0.11887907981872559,2.5409817695617676
0,120,0.9213705845927833,0.021500000000000075,0.25534772872924805,2.5409817695617676
0,121,0.873992362357078,0.020000000000000073,0.6139833927154541,2.5409817695617676
0,122,0.8732080842232024,0.020000000000000018,0.2585790157318115,2.5409817695617676
0,123,0.8729202533822386,0.020000000000000073,0.17847919464111328,2.5409817695617676
0,124,0.8723964511692542,0.020000000000000018,0.223006010055542,2.5409817695617676
0,125,0.8722361976448336,0.020000000000000018,0.10162353515625,2.5409817695617676
0,126,0.8719893211984666,0.020000000000000018,0.1377854347229004,2.5409817695617676
0,127,0.8716521180960994,0.020000000000000018,0.1559603214263916,2.5409817695617676
0,128,0.8714603626560843,0.020000000000000018,0.11760997772216797,2.5409817695617676
0,129,0.8712921285795069,0.020000000000000018,0.08783888816833496,2.5409817695617676
0,130,0.8710648632688222,0.020000000000000018,0.11642789840698242,2.5409817695617676
0,131,0.870999024327406,0.020000000000000073,0.07009577751159668,2.5409817695617676
0,132,0.8705770836298778,0.020000000000000073,0.1667473316192627,2.5409817695617676
0,133,0.8704584886996387,0.020000000000000018,0.07443666458129883,2.5409817695617676
0,134,0.8702431877812402,0.020000000000000073,0.09962964057922363,2.5409817695617676
0,135,0.8701934134647289,0.020000000000000018,0.06068015098571777,2.5409817695617676
0,136,0.8698820046579191,0.020000000000000018,0.10903358459472656,2.5409817695617676
0,137,0.8698460126478667,0.020000000000000018,0.0576167106628418,2.5409817695617676
0,138,0.8695945208498601,0.020000000000000073,0.09605288505554199,2.5409817695617676
0,139,0.8695601443797292,0.020000000000000018,0.058791160583496094,2.5409817695617676
0,140,0.8691736153388516,0.020000000000000018,0.16192030906677246,2.5409817695617676
0,141,0.869115293463712,0.020000000000000073,0.0637977123260498,2.5409817695617676
0,142,0.8689937300078479,0.020000000000000018,0.07149720191955566,2.5409817695617676
0,143,0.8689322161986912,0.020000000000000018,0.07076025009155273,2.5409817695617676
0,144,0.8687689475370548,0.020000000000000018,0.07550621032714844,2.5409817695617676
0,145,0.8686495152744329,0.020000000000000018,0.0878756046295166,2.5409817695617676
0,146,0.8684701467323158,0.020000000000000018,0.07842588424682617,2.5409817695617676
0,147,0.86844042604954,0.020000000000000018,0.05904865264892578,2.5409817695617676
0,148,0.8682063090253269,0.020000000000000018,0.10596966743469238,2.5409817695617676
0,149,0.8681879250630791,0.020000000000000018,0.05476546287536621,2.5409817695617676
0,150,0.8680083339546725,0.020000000000000018,0.07911467552185059,2.5409817695617676
0,1,0.6081777412001255,0.20000000000000007,0.730682373046875,2.534648895263672
0,2,0.6058134969284219,0.19850000000000007,0.12407064437866211,2.5409817695617676
0,3,0.6068191689104312,0.1610144294737652,0.09774112701416016,2.5409817695617676
0,4,0.6088237889469981,0.15525620740411006,0.07833266258239746,2.5409817695617676
0,5,0.6122751141507954,0.13984050250966107,0.08745598793029785,2.5409817695617676
0,6,0.615791042491908,0.10471661363098839,0.07873654365539551,2.5409817695617676
0,7,0.6195181736043878,0.08755296954738079,0.08326101303100586,2.5409817695617676
0,8,0.6236739410543515,0.0939063957808407,0.08589839935302734,2.5409817695617676
0,9,0.6278052026128752,0.0759797973960975,0.0986487865447998,2.5409817695617676
0,10,0.6295158850739886,0.08302361915019141,0.07159996032714844,2.5409817695617676
0,11,0.6360134586781593,0.07789540052108379,0.12627530097961426,2.5409817695617676
0,12,0.6373656758959356,0.05506688644114799,0.05742335319519043,2.5409817695617676
0,13,0.6436637054743257,0.048735386510960654,0.11954116821289062,2.5409817695617676
0,14,0.644850122050649,0.0541798114110732,0.05850338935852051,2.5409817695617676
0,15,0.6517962448370045,0.04946991370478715,0.12039065361022949,2.5409817695617676
0,16,0.6556840069675514,0.05148996633416836,0.0814516544342041,2.5409817695617676
0,17,0.6578958701551798,0.04716892308298859,0.06991839408874512,2.5409817695617676
0,18,0.6635068223990246,0.03825356228672705,0.11501479148864746,2.5409817695617676
0,19,0.669473675117124,0.040478460594686294,0.10823750495910645,2.5409817695617676
0,20,0.6720450904704858,0.03433137977202416,0.06978249549865723,2.5409817695617676
0,21,0.6762723896609342,0.03322737357285821,0.08183717727661133,2.5409817695617676
0,22,0.679506824005049,0.03352235849480911,0.07139134407043457,2.5409817695617676
0,23,0.6856159271212372,0.034669428391559176,0.11409878730773926,2.5409817695617676
0,24,0.691454347676776,0.03029334144481799,0.1124105453491211,2.5409817695617676
0,25,0.6941954598845568,0.029779922494460043,0.06940817832946777,2.5409817695617676
0,26,0.6990112198299645,0.027323588222576967,0.08921623229980469,2.5409817695617676
0,27,0.7004727220710574,0.03206924622392915,0.06311917304992676,2.5409817695617676
0,28,0.7107989048037064,0.026289652302671662,0.18170690536499023,2.5409817695617676
0,29,0.7126411421724785,0.03249684708188871,0.0657656192779541,2.5409817695617676
0,30,0.7166999923915908,0.02321641942046493,0.08446812629699707,2.5409817695617676
0,31,0.7226667616348641,0.025071320689440735,0.09779644012451172,2.5409817695617676
0,32,0.724046633492924,0.02789024760862402,0.06083488464355469,2.5409817695617676
0,33,0.7340879881170697,0.02361979677409598,0.15558290481567383,2.5409817695617676
0,34,0.7362545395285671,0.024070636739272455,0.07071876525878906,2.5409817695617676
0,35,0.7404005977555572,0.02257027058006217,0.08990597724914551,2.5409817695617676
0,36,0.7481859466563311,0.023607412410105333,0.13320279121398926,2.5409817695617676
0,37,0.7500485966587129,0.025602376701606477,0.07081866264343262,2.5409817695617676
0,38,0.7564104343906132,0.026212919795070455,0.11644935607910156,2.5409817695617676
0,39,0.7616255202443605,0.025707294380856394,0.11236119270324707,2.5409817695617676
0,40,0.7651620116707385,0.027462614687361886,0.08765554428100586,2.5409817695617676
0,41,0.8059796500009103,0.14,0.28157901763916016,2.5409817695617676
0,42,0.8094967786599723,0.10268831596017303,0.09955930709838867,2.5409817695617676
0,43,0.812978792234351,0.07801363569934683,0.10418558120727539,2.5409817695617676
0,44,0.8196849685840784,0.06538526212937523,0.13234305381774902,2.5409817695617676
0,45,0.8244625549887745,0.054365894505160606,0.12846612930297852,2.5409817695617676
0,46,0.8279302997356617,0.04896175083657206,0.0985872745513916,2.5409817695617676
0,47,0.8359732606615295,0.05099092381542636,0.1709134578704834,2.5409817695617676
0,48,0.838296204103042,0.05650994436986445,0.08993363380432129,2.5409817695617676
0,49,0.8428670958367448,0.049425964285680135,0.11742448806762695,2.5409817695617676
0,50,0.8497366805810986,0.04678060754586699,0.16582918167114258,2.5409817695617676
0,51,0.8516740285103974,0.05644581963284301,0.09326767921447754,2.5409817695617676
0,52,0.8568529555198889,0.06461414635346374,0.1514279842376709,2.5409817695617676
0,53,0.8608378079545767,0.062282693619432616,0.15056920051574707,2.5409817695617676
0,54,0.8634821673430673,0.07525106833923823,0.11855792999267578,2.5409817695617676
0,55,0.8662858215927018,0.07603662588587712,0.14963650703430176,2.5409817695617676
0,56,0.869525927468646,0.09099422912120592,0.17152762413024902,2.5409817695617676
0,57,0.8707578508591709,0.08235615801561663,0.1146538257598877,2.5409817695617676
0,58,0.8716768592612605,0.09053920988788766,0.12134003639221191,2.5409817695617676
0,59,0.8728551820556045,0.10379344916258892,0.16020870208740234,2.5409817695617676
0,60,0.8733618581345624,0.08162026724894467,0.0993044376373291,2.5409817695617676
0,61,0.8748644248782479,0.09109327435324,0.14906096458435059,2.5409817695617676
0,62,0.8759573314994922,0.09221819841509304,0.09397435188293457,2.5409817695617676
0,63,0.8781988044605837,0.08033185393512943,0.15966391563415527,2.5409817695617676
0,64,0.8792366993664962,0.0899152935078088,0.09856843948364258,2.5409817695617676
0,65,0.8811623841789173,0.08833601712639394,0.15662670135498047,2.5409817695617676
0,66,0.8817604512378829,0.08223794117325844,0.08192062377929688,2.5409817695617676
0,67,0.8843026707525906,0.07840812965446287,0.1677720546722412,2.5409817695617676
0,68,0.8849406670030133,0.0902158222019186,0.08444023132324219,2.5409817695617676
0,69,0.8875071553496295,0.09799999999999998,0.1747148036956787,2.5409817695617676
0,70,0.8878691403228429,0.09650000000000003,0.0779876708984375,2.5409817695617676
0,71,0.8907550486951029,0.09499999999999997,0.1948378086090088,2.5409817695617676
0,72,0.8910863318541871,0.08311479927963261,0.07837343215942383,2.5409817695617676
0,73,0.8919968604772431,0.09199999999999997,0.10878205299377441,2.5409817695617676
0,74,0.893602013541247,0.09050000000000002,0.14251255989074707,2.5409817695617676
0,75,0.8956060068923907,0.06977069883244913,0.1564321517944336,2.5409817695617676
0,76,0.8961428756859147,0.07345382684206392,0.09599804878234863,2.5409817695617676
0,77,0.8980489723557041,0.08468616315983402,0.15568137168884277,2.5409817695617676
0,78,0.8983326966855325,0.0789607352633005,0.07724332809448242,2.5409817695617676
0,79,0.9004514302403223,0.07766194120514869,0.16269731521606445,2.5409817695617676
0,80,0.9020694752605793,0.08150000000000002,0.15426182746887207,2.5409817695617676
0,81,0.8845995443730277,0.08000000000000007,0.3379349708557129,2.5409817695617676
0,82,0.8832031009354898,0.07850000000000001,0.21215510368347168,2.5409817695617676
0,83,0.8826160874725884,0.07700000000000007,0.22418427467346191,2.5409817695617676
0,84,0.8827742581091318,0.07550000000000001,0.11941409111022949,2.5409817695617676
0,85,0.8833451595357312,0.07400000000000001,0.16077589988708496,2.5409817695617676
0,86,0.8836331534515327,0.07250000000000001,0.10837364196777344,2.5409817695617676
0,87,0.8841950409108372,0.07100000000000006,0.10281252861022949,2.5409817695617676
0,88,0.8846425511225995,0.0695,0.0984489917755127,2.5409817695617676
0,89,0.8861145612320518,0.06800000000000006,0.1366434097290039,2.5409817695617676
0,90,0.8865606479987368,0.0665,0.09225082397460938,2.5409817695617676
0,91,0.8870910086889654,0.06500000000000006,0.08725666999816895,2.5409817695617676
0,92,0.8876031644532765,0.0635,0.08838415145874023,2.5409817695617676
0,93,0.8894371989799345,0.062000000000000055,0.15070414543151855,2.5409817695617676
0,94,0.8899316768890674,0.0605,0.08917737007141113,2.5409817695617676
0,95,0.890576403921142,0.05900000000000005,0.08855128288269043,2.5409817695617676
0,96,0.8910758764893172,0.057499999999999996,0.09102582931518555,2.5409817695617676
0,97,0.8927012026113743,0.05600000000000005,0.15103673934936523,2.5409817695617676
0,98,0.8935430511209664,0.05449999999999999,0.11097455024719238,2.5409817695617676
0,99,0.8941957327293331,0.05300000000000005,0.09148120880126953,2.5409817695617676
0,100,0.8955109540587625,0.05150000000000002,0.14203882217407227,2.5409817695617676
0,101,0.8970991741228542,0.050000000000000044,0.14546704292297363,2.5409817695617676
0,102,0.8976618464596546,0.048500000000000015,0.08805012702941895,2.5409817695617676
0,103,0.8987148465569893,0.04700000000000004,0.09970712661743164,2.5409817695617676
0,104,0.8995187532962308,0.04550000000000001,0.08493614196777344,2.5409817695617676
0,105,0.9011054948603523,0.04400000000000004,0.15391206741333008,2.5409817695617676
0,106,0.9028391485427625,0.04249999999999998,0.1616988182067871,2.5409817695617676
0,107,0.9035485053339953,0.041000000000000036,0.08975529670715332,2.5409817695617676
0,108,0.9047512824495745,0.03950000000000001,0.10560083389282227,2.5409817695617676
0,109,0.9056558325618506,0.038000000000000034,0.09630537033081055,2.5409817695617676
0,110,0.9073875861823917,0.03650000000000003,0.1673290729522705,2.5409817695617676
0,111,0.9090087012828165,0.03500000000000003,0.16474175453186035,2.5409817695617676
0,112,0.9099452743017937,0.03350000000000003,0.10431170463562012,2.5409817695617676
0,113,0.9116157312253503,0.032000000000000084,0.1783919334411621,2.5409817695617676
0,114,0.912893415708097,0.030500000000000083,0.17365503311157227,2.5409817695617676
0,115,0.9138625337496633,0.029000000000000026,0.10706162452697754,2.5409817695617676
0,116,0.9155920124788024,0.02750000000000008,0.1893937587738037,2.5409817695617676
0,117,0.9168990322872256,0.026000000000000023,0.17466115951538086,2.5409817695617676
0,118,0.918308021325845,0.024500000000000077,0.18948054313659668,2.5409817695617676
0,119,0.9196208234840002,0.023000000000000076,0.1758899688720703,2.5409817695617676
0,120,0.9210334520490144,0.021500000000000075,0.18728065490722656,2.5409817695617676
0,121,0.8737156142453699,0.020000000000000073,0.6230864524841309,2.5409817695617676
0,122,0.8729431529871068,0.020000000000000018,0.2556915283203125,2.5409817695617676
0,123,0.8725334643432339,0.020000000000000018,0.22648167610168457,2.5409817695617676
0,124,0.8722673576011386,0.020000000000000018,0.14246606826782227,2.5409817695617676
0,125,0.8718385065393175,0.020000000000000018,0.17640399932861328,2.5409817695617676
0,126,0.8716250318985059,0.020000000000000073,0.12492561340332031,2.5409817695617676
0,127,0.8714468741890778,0.020000000000000018,0.09235787391662598,2.5409817695617676
0,128,0.8710971450575313,0.020000000000000073,0.1708056926727295,2.5409817695617676
0,129,0.8709634385044562,0.020000000000000018,0.08770585060119629,2.5409817695617676
0,130,0.8707566352882101,0.020000000000000073,0.11331629753112793,2.5409817695617676
0,131,0.8705760810627581,0.020000000000000018,0.08773350715637207,2.5409817695617676
0,132,0.8704703112729133,0.020000000000000018,0.09152770042419434,2.5409817695617676
0,133,0.8701457035752352,0.020000000000000073,0.10857319831848145,2.5409817695617676
0,134,0.8700098781808503,0.020000000000000018,0.09980130195617676,2.5409817695617676
0,135,0.8699586174619209,0.020000000000000018,0.05764889717102051,2.5409817695617676
0,136,0.8696560913691163,0.020000000000000018,0.11156582832336426,2.5409817695617676
0,137,0.8696109634993747,0.020000000000000018,0.06147265434265137,2.5409817695617676
0,138,0.8692372119664004,0.020000000000000018,0.15135955810546875,2.5409817695617676
0,139,0.8691930273754542,0.020000000000000018,0.05631661415100098,2.5409817695617676
0,140,0.8689131373194087,0.020000000000000018,0.10482430458068848,2.5409817695617676
0,141,0.8688773881629149,0.020000000000000018,0.05763506889343262,2.5409817695617676
0,142,0.8686818667577401,0.020000000000000018,0.07535886764526367,2.5409817695617676
0,143,0.8685790115920717,0.020000000000000018,0.08438301086425781,2.5409817695617676
0,144,0.8683801007753424,0.020000000000000018,0.0757436752319336,2.5409817695617676
0,145,0.8683459383020806,0.020000000000000018,0.05526566505432129,2.5409817695617676
0,146,0.8681093369991915,0.020000000000000018,0.10144305229187012,2.5409817695617676
0,147,0.8680883501665926,0.020000000000000018,0.05356955528259277,2.5409817695617676
0,148,0.8679138437091609,0.020000000000000018,0.07781243324279785,2.5409817695617676
0,149,0.8678322116455617,0.020000000000000018,0.08001971244812012,2.5409817695617676
0,150,0.8676692018984687,0.020000000000000018,0.08350300788879395,2.5409817695617676
0,1,0.6081766116285174,0.20000000000000007,0.8435792922973633,2.534648895263672
0,2,0.605670636840888,0.19850000000000007,0.1304309368133545,2.5409817695617676
0,3,0.6067892289136826,0.1556084918509002,0.10869312286376953,2.5409817695617676
0,4,0.6086947121253967,0.16368088594414254,0.08349752426147461,2.5409817695617676
0,5,0.6122151241435807,0.1349475904046642,0.09021496772766113,2.5409817695617676
0,6,0.6157719706504196,0.1016803744160073,0.08134126663208008,2.5409817695617676
0,7,0.6193939543009228,0.08493860499554551,0.08690810203552246,2.5409817695617676
0,8,0.6236298164045999,0.09079960179646429,0.09006595611572266,2.5409817695617676
0,9,0.627523581305307,0.0766757013506425,0.09389662742614746,2.5409817695617676
0,10,0.6318781285167937,0.07688823322330984,0.09700226783752441,2.5409817695617676
0,11,0.635588263855664,0.07792775898223636,0.08463191986083984,2.5409817695617676
0,12,0.6373391508969379,0.04945888955316313,0.06641340255737305,2.5409817695617676
0,13,0.644007679005975,0.04840301585528728,0.11652803421020508,2.5409817695617676
0,14,0.645149860873696,0.05345180740679001,0.05772089958190918,2.5409817695617676
0,15,0.6518363792338183,0.048082919922820766,0.12532687187194824,2.5409817695617676
0,16,0.6556672013784861,0.05249241539819571,0.08578896522521973,2.5409817695617676
0,17,0.6574499015900533,0.04774061189724499,0.06540989875793457,2.5409817695617676
0,18,0.6651160556340894,0.03609791019968123,0.13087010383605957,2.5409817695617676
0,19,0.6666916668251055,0.038689315651114,0.06114339828491211,2.5409817695617676
0,20,0.673256953819245,0.03275037491608046,0.11366772651672363,2.5409817695617676
0,21,0.6769267039359486,0.031831700896562065,0.0800330638885498,2.5409817695617676
0,22,0.6791286054023251,0.03404903019355854,0.06824374198913574,2.5409817695617676
0,23,0.686976537313299,0.0316090671798025,0.13587474822998047,2.5409817695617676
0,24,0.68866540002127,0.03707807005903496,0.0705113410949707,2.5409817695617676
0,25,0.6953399499783584,0.02801226371681198,0.12643218040466309,2.5409817695617676
0,26,0.6992456466506409,0.03410363745282141,0.08359313011169434,2.5409817695617676
0,27,0.7020600369745509,0.027275554792610457,0.0791785717010498,2.5409817695617676
0,28,0.7099279960421346,0.0272962518939317,0.12958478927612305,2.5409817695617676
0,29,0.7114595745442589,0.030630957794663516,0.06547212600708008,2.5409817695617676
0,30,0.7182094024656906,0.027618616077152547,0.11940240859985352,2.5409817695617676
0,31,0.7220940312854426,0.023860330228725357,0.08051490783691406,2.5409817695617676
0,32,0.7248307660087907,0.025246847516931292,0.076324462890625,2.5409817695617676
0,33,0.7334992584743985,0.02389292113875363,0.13948512077331543,2.5409817695617676
0,34,0.7352125112025558,0.02311367588214197,0.06747555732727051,2.5409817695617676
0,35,0.7424410261359073,0.02356807691802376,0.1336832046508789,2.5409817695617676
0,36,0.7467065008417314,0.02396323085070673,0.09326744079589844,2.5409817695617676
0,37,0.7491747455263134,0.024703140996465645,0.0746462345123291,2.5409817695617676
0,38,0.7583534448067029,0.02382000855800709,0.16941356658935547,2.5409817695617676
0,39,0.7604891591785394,0.02689515313833435,0.07522988319396973,2.5409817695617676
0,40,0.7654380963262374,0.02642260707841171,0.10361647605895996,2.5409817695617676
0,41,0.8062151389487182,0.14,0.30236268043518066,2.5409817695617676
0,42,0.809848962281857,0.10116736904392443,0.10637378692626953,2.5409817695617676
0,43,0.8132817096516682,0.07704510479189797,0.10720133781433105,2.5409817695617676
0,44,0.819953926893805,0.06458246268609558,0.14066338539123535,2.5409817695617676
0,45,0.8247490825931303,0.05388967043318271,0.12641096115112305,2.5409817695617676
0,46,0.8283509604386319,0.04837492799932375,0.10500741004943848,2.5409817695617676
0,47,0.836379771537293,0.04738441400795956,0.1768326759338379,2.5409817695617676
0,48,0.8386425524623546,0.05334615820189115,0.09372878074645996,2.5409817695617676
0,49,0.8433063136483052,0.051397381584262214,0.11566376686096191,2.5409817695617676
0,50,0.8503835472610654,0.04356217487062408,0.17291045188903809,2.5409817695617676
0,51,0.8523411053260719,0.05221616885717628,0.09364104270935059,2.5409817695617676
0,52,0.8575446469222147,0.0599438206538454,0.14737248420715332,2.5409817695617676
0,53,0.8616986780148598,0.059417720263631346,0.14812660217285156,2.5409817695617676
0,54,0.8644698145299718,0.07142290763161685,0.11489701271057129,2.5409817695617676
0,55,0.8674178335893583,0.07040765877661592,0.1305396556854248,2.5409817695617676
0,56,0.8709960359062567,0.08228242024741883,0.17342329025268555,2.5409817695617676
0,57,0.8723755928377619,0.07828928405739344,0.1226193904876709,2.5409817695617676
0,58,0.8735153376083059,0.08304940049759957,0.12234926223754883,2.5409817695617676
0,59,0.8743079087912563,0.09716610669449455,0.13236355781555176,2.5409817695617676
0,60,0.8745550160417469,0.0764491492213214,0.09632706642150879,2.5409817695617676
0,61,0.8768019489479286,0.08601388236347374,0.1596846580505371,2.5409817695617676
0,62,0.8778757929612339,0.09659090677963578,0.10013103485107422,2.5409817695617676
0,63,0.8791892246717148,0.07668089963447744,0.12367820739746094,2.5409817695617676
0,64,0.8799175214443273,0.08685215071883579,0.09384536743164062,2.5409817695617676
0,65,0.8827056610232187,0.09465150576182269,0.1740565299987793,2.5409817695617676
0,66,0.8837991096605222,0.09124090773366922,0.10404562950134277,2.5409817695617676
0,67,0.8851471809690509,0.07586113893282598,0.14248347282409668,2.5409817695617676
0,68,0.8866283280285769,0.08768332776748877,0.14695048332214355,2.5409817695617676
0,69,0.8881326195162117,0.0972881567542625,0.13658714294433594,2.5409817695617676
0,70,0.8898484698164648,0.09650000000000003,0.15824007987976074,2.5409817695617676
0,71,0.8910561193454443,0.09499999999999997,0.12182021141052246,2.5409817695617676
0,72,0.8925548971997016,0.07906453476888875,0.17332077026367188,2.5409817695617676
0,73,0.8939687303305951,0.0866774627773722,0.15768074989318848,2.5409817695617676
0,74,0.8944836674487503,0.0904452197797686,0.09321212768554688,2.5409817695617676
0,75,0.8963740710393466,0.0668705013624501,0.1774895191192627,2.5409817695617676
0,76,0.897564142849284,0.07069191452716372,0.12749314308166504,2.5409817695617676
0,77,0.8979605141825178,0.08285894054718357,0.09050559997558594,2.5409817695617676
0,78,0.9008832524848054,0.07576968169620546,0.22215628623962402,2.5409817695617676
0,79,0.901146111975937,0.07699835084908191,0.08657717704772949,2.5409817695617676
0,80,0.9019062120130424,0.08150000000000002,0.11520266532897949,2.5409817695617676
0,81,0.8855400612110684,0.08000000000000007,0.36284446716308594,2.5409817695617676
0,82,0.8839702643235153,0.07850000000000001,0.22929596900939941,2.5409817695617676
0,83,0.8833657437870682,0.07699999999999996,0.24529337882995605,2.5409817695617676
0,84,0.8836263372299107,0.07550000000000001,0.177398681640625,2.5409817695617676
0,85,0.8837284139772067,0.07400000000000007,0.12167739868164062,2.5409817695617676
0,86,0.8846051514671006,0.07250000000000001,0.17473888397216797,2.5409817695617676
0,87,0.8847931229465275,0.07100000000000006,0.08120560646057129,2.5409817695617676
0,88,0.8860586854234305,0.0695,0.16257238388061523,2.5409817695617676
0,89,0.8861644782121396,0.06800000000000006,0.06983804702758789,2.5409817695617676
0,90,0.887069460924117,0.0665,0.12369275093078613,2.5409817695617676
0,91,0.8871939655115505,0.06500000000000006,0.07642555236816406,2.5409817695617676
0,92,0.8891227084233656,0.0635,0.1684553623199463,2.5409817695617676
0,93,0.8893006521989282,0.062000000000000055,0.07648086547851562,2.5409817695617676
0,94,0.8901191011717737,0.0605,0.10471940040588379,2.5409817695617676
0,95,0.8901951114822351,0.05900000000000005,0.07132506370544434,2.5409817695617676
0,96,0.8924228352033494,0.057499999999999996,0.18081259727478027,2.5409817695617676
0,97,0.8925441128508951,0.05600000000000005,0.07264447212219238,2.5409817695617676
0,98,0.8937152018513188,0.05449999999999999,0.12003231048583984,2.5409817695617676
0,99,0.8938200421568372,0.05300000000000005,0.0744481086730957,2.5409817695617676
0,100,0.8965592970953689,0.05150000000000002,0.23604488372802734,2.5409817695617676
0,101,0.8968600785652172,0.050000000000000044,0.08237075805664062,2.5409817695617676
0,102,0.8977919392461675,0.048500000000000015,0.11029601097106934,2.5409817695617676
0,103,0.8990619162049207,0.04700000000000004,0.11326289176940918,2.5409817695617676
0,104,0.8991147363919879,0.04550000000000001,0.06597900390625,2.5409817695617676
0,105,0.902143396215926,0.04400000000000004,0.24477553367614746,2.5409817695617676
0,106,0.9026547142074046,0.04249999999999998,0.08627128601074219,2.5409817695617676
0,107,0.9036768634874488,0.041000000000000036,0.09760665893554688,2.5409817695617676
0,108,0.9050498330883239,0.03950000000000001,0.11646580696105957,2.5409817695617676
0,109,0.9053067045513552,0.038000000000000034,0.07404303550720215,2.5409817695617676
0,110,0.9081547707042503,0.03649999999999998,0.24956560134887695,2.5409817695617676
0,111,0.9088597397753935,0.03500000000000003,0.09710979461669922,2.5409817695617676
0,112,0.909965856483941,0.03350000000000003,0.10567855834960938,2.5409817695617676
0,113,0.9118197501742842,0.03200000000000003,0.18940210342407227,2.5409817695617676
0,114,0.9130241540182575,0.030500000000000083,0.15291309356689453,2.5409817695617676
0,115,0.9138511867512484,0.029000000000000026,0.10332465171813965,2.5409817695617676
0,116,0.9156293987444246,0.02750000000000008,0.19400548934936523,2.5409817695617676
0,117,0.9169409523834491,0.026000000000000023,0.1798391342163086,2.5409817695617676
0,118,0.9183382381008954,0.024500000000000077,0.1882307529449463,2.5409817695617676
0,119,0.91965105604377,0.023000000000000076,0.1814887523651123,2.5409817695617676
0,120,0.9210542046506307,0.021500000000000075,0.2066941261291504,2.5409817695617676
0,121,0.8736756653390185,0.020000000000000073,0.6280791759490967,2.5409817695617676
0,122,0.8728891478875678,0.020000000000000018,0.2666501998901367,2.5409817695617676
0,123,0.8725981199957202,0.020000000000000073,0.19126296043395996,2.5409817695617676
0,124,0.8721000332801907,0.020000000000000018,0.22667741775512695,2.5409817695617676
0,125,0.871878933485655,0.020000000000000018,0.13522672653198242,2.5409817695617676
0,126,0.8716760506002001,0.020000000000000073,0.10932517051696777,2.5409817695617676
0,127,0.8712489812241397,0.020000000000000018,0.19246411323547363,2.5409817695617676
0,128,0.8711247796293677,0.020000000000000018,0.08852577209472656,2.5409817695617676
0,129,0.8709331589458865,0.020000000000000018,0.11222338676452637,2.5409817695617676
0,130,0.870737949812082,0.020000000000000073,0.09357285499572754,2.5409817695617676
0,131,0.8706039218153362,0.020000000000000018,0.10113167762756348,2.5409817695617676
0,132,0.8702318808338384,0.020000000000000018,0.1447911262512207,2.5409817695617676
0,133,0.8700601129683058,0.020000000000000018,0.10543298721313477,2.5409817695617676
0,134,0.8699024457878448,0.020000000000000018,0.07473301887512207,2.5409817695617676
0,135,0.8698005104816267,0.020000000000000018,0.08672070503234863,2.5409817695617676
0,136,0.8695591851694213,0.020000000000000018,0.0874166488647461,2.5409817695617676
0,137,0.8694379486960366,0.020000000000000073,0.09124493598937988,2.5409817695617676
0,138,0.8692266320143813,0.020000000000000018,0.08495330810546875,2.5409817695617676
0,139,0.8691778904122534,0.020000000000000018,0.06490278244018555,2.5409817695617676
0,140,0.8688298877484859,0.020000000000000018,0.1445012092590332,2.5409817695617676
0,141,0.8687952996935128,0.020000000000000018,0.06332135200500488,2.5409817695617676
0,142,0.8686841489611448,0.020000000000000073,0.07526397705078125,2.5409817695617676
0,143,0.8685787475305071,0.020000000000000018,0.08458352088928223,2.5409817695617676
0,144,0.868370528010242,0.020000000000000018,0.08088541030883789,2.5409817695617676
0,145,0.8683346764121203,0.020000000000000018,0.06041741371154785,2.5409817695617676
0,146,0.8680713678146623,0.020000000000000018,0.11216163635253906,2.5409817695617676
0,147,0.868050075862866,0.020000000000000018,0.05674624443054199,2.5409817695617676
0,148,0.867876073658211,0.020000000000000018,0.08508658409118652,2.5409817695617676
0,149,0.8678389115514895,0.020000000000000018,0.0635840892791748,2.5409817695617676
0,150,0.8676733844945185,0.020000000000000018,0.07998967170715332,2.5409817695617676
0,1,0.6081667912342648,0.20000000000000007,0.8441848754882812,2.534648895263672
0,2,0.6055692067975558,0.19850000000000007,0.13158702850341797,2.5409817695617676
0,3,0.606737890449969,0.15153719754071193,0.10578703880310059,2.5409817695617676
0,4,0.6086941317733054,0.17132689998842499,0.08163928985595703,2.5409817695617676
0,5,0.6121777736049885,0.13150417924229996,0.0877237319946289,2.5409817695617676
0,6,0.6156625311429123,0.1010356068736703,0.08055329322814941,2.5409817695617676
0,7,0.6196724603132749,0.0825179605600036,0.09399008750915527,2.5409817695617676
0,8,0.6238553005455558,0.08888722771950663,0.08896183967590332,2.5409817695617676
0,9,0.6253975521363349,0.0775165619219732,0.06592011451721191,2.5409817695617676
0,10,0.6308458853389206,0.07743509339052479,0.12599873542785645,2.5409817695617676
0,11,0.6360234622052894,0.0795884336167283,0.12643027305603027,2.5409817695617676
0,12,0.638713483239753,0.05969305525582058,0.0989224910736084,2.5409817695617676
0,13,0.6409783296869263,0.04939193837150202,0.08589386940002441,2.5409817695617676
0,14,0.6481861881246357,0.04684504384574417,0.13230037689208984,2.5409817695617676
0,15,0.6494896153207262,0.053713261456696304,0.06020188331604004,2.5409817695617676
0,16,0.6561128531311307,0.04844054512911522,0.1259462833404541,2.5409817695617676
0,17,0.659657256367001,0.04654891863659383,0.07626199722290039,2.5409817695617676
0,18,0.6619148066986857,0.039193614503855834,0.0693514347076416,2.5409817695617676
0,19,0.6697598665191509,0.03636739810955403,0.13869929313659668,2.5409817695617676
0,20,0.671206973165739,0.03499236188536936,0.06352663040161133,2.5409817695617676
0,21,0.6777442143913838,0.03334593198942537,0.12113380432128906,2.5409817695617676
0,22,0.6812365240383388,0.03330322600225599,0.0775148868560791,2.5409817695617676
0,23,0.6836276383111897,0.03320746716859402,0.0810084342956543,2.5409817695617676
0,24,0.6915859403654909,0.031385554511333735,0.13763070106506348,2.5409817695617676
0,25,0.6930957891104998,0.032787552579592094,0.06297063827514648,2.5409817695617676
0,26,0.6999940030901484,0.02759846911426156,0.12911367416381836,2.5409817695617676
0,27,0.7039249642547402,0.025574692290544432,0.08793354034423828,2.5409817695617676
0,28,0.7061293179244144,0.02795964959071151,0.07592511177062988,2.5409817695617676
0,29,0.7143858977982271,0.026590824184155593,0.17186737060546875,2.5409817695617676
0,30,0.7159718294649299,0.032291776446445764,0.07301759719848633,2.5409817695617676
0,31,0.7233810569375471,0.02219149982982216,0.13308048248291016,2.5409817695617676
0,32,0.7275859771332275,0.024636170747959762,0.09707880020141602,2.5409817695617676
0,33,0.729951137821612,0.02687427441956669,0.07787394523620605,2.5409817695617676
0,34,0.7376224727048568,0.022580764721026325,0.13150334358215332,2.5409817695617676
0,35,0.7394420502571164,0.022437425724834537,0.07273244857788086,2.5409817695617676
0,36,0.7472959640212353,0.024008977643419804,0.14898395538330078,2.5409817695617676
0,37,0.7493789448376531,0.024998823696961714,0.07480120658874512,2.5409817695617676
0,38,0.7565836189190879,0.024145007792607198,0.1355760097503662,2.5409817695617676
0,39,0.7606743392293922,0.025833220283428937,0.0879509449005127,2.5409817695617676
0,40,0.7669208178280388,0.024454619042103887,0.12633633613586426,2.5409817695617676
0,41,0.8064155729700978,0.14,0.2929208278656006,2.5409817695617676
0,42,0.8101294734970657,0.1000175897303609,0.10236763954162598,2.5409817695617676
0,43,0.8135039621651646,0.07637395504911515,0.10499334335327148,2.5409817695617676
0,44,0.8202239851691564,0.06410132218356923,0.1375284194946289,2.5409817695617676
0,45,0.8250418264154582,0.05358708810394586,0.13310670852661133,2.5409817695617676
0,46,0.8286169033228578,0.0481215899248818,0.10191679000854492,2.5409817695617676
0,47,0.8365906991469005,0.04478140188051771,0.18323230743408203,2.5409817695617676
0,48,0.8388217374253887,0.05329977493657767,0.09780406951904297,2.5409817695617676
0,49,0.8437193632167757,0.049421746807494116,0.13225150108337402,2.5409817695617676
0,50,0.8508964758625166,0.04187261724551394,0.1824631690979004,2.5409817695617676
0,51,0.8528566610797271,0.04937289510452203,0.09838032722473145,2.5409817695617676
0,52,0.8571618831538155,0.056661454923605414,0.12718582153320312,2.5409817695617676
0,53,0.8629919252982227,0.06119550457195255,0.18434619903564453,2.5409817695617676
0,54,0.8646652228489451,0.06533557408424773,0.1103370189666748,2.5409817695617676
0,55,0.8681793418810823,0.06659243900273193,0.14403319358825684,2.5409817695617676
0,56,0.8718928190531473,0.07699322386065133,0.19750595092773438,2.5409817695617676
0,57,0.873332744877977,0.08709465430319263,0.12470078468322754,2.5409817695617676
0,58,0.8747212735631547,0.07747455474619913,0.13937807083129883,2.5409817695617676
0,59,0.8764754856448547,0.09176755083954513,0.1857614517211914,2.5409817695617676
0,60,0.876827864577717,0.09922077303566013,0.10890793800354004,2.5409817695617676
0,61,0.8775055236309435,0.08268524950071965,0.13493704795837402,2.5409817695617676
0,62,0.8792832185812346,0.09320376951901066,0.1783595085144043,2.5409817695617676
0,63,0.8802987655224502,0.07439581507004678,0.11656570434570312,2.5409817695617676
0,64,0.8822404511995118,0.08269390831299284,0.17724943161010742,2.5409817695617676
0,65,0.8832195284775719,0.09196559193789022,0.1237947940826416,2.5409817695617676
0,66,0.8850291070125595,0.08824625889544568,0.16859889030456543,2.5409817695617676
0,67,0.8855975383514503,0.07420304941576272,0.08667516708374023,2.5409817695617676
0,68,0.8881600052354799,0.08360184812170479,0.1737666130065918,2.5409817695617676
0,69,0.8887371722380918,0.09571787034813595,0.08755636215209961,2.5409817695617676
0,70,0.8910789506779936,0.09446127884746325,0.17725682258605957,2.5409817695617676
0,71,0.8914787035005163,0.09473698839705502,0.08681964874267578,2.5409817695617676
0,72,0.894138903324625,0.07501553471294586,0.20586419105529785,2.5409817695617676
0,73,0.8944448572499935,0.08374824603704689,0.09307289123535156,2.5409817695617676
0,74,0.8956252405901017,0.09050000000000002,0.13712477684020996,2.5409817695617676
0,75,0.897159356352024,0.07989264099620552,0.14584589004516602,2.5409817695617676
0,76,0.8985628464730565,0.06883088302432405,0.14108538627624512,2.5409817695617676
0,77,0.8989424996382187,0.08033465421765595,0.0900869369506836,2.5409817695617676
0,78,0.9014457934701322,0.07392597348513441,0.21856069564819336,2.5409817695617676
0,79,0.9016858284009706,0.0799610065157863,0.08453965187072754,2.5409817695617676
0,80,0.9030872847160242,0.08150000000000002,0.14796018600463867,2.5409817695617676
0,81,0.8863803913794617,0.08000000000000007,0.3456110954284668,2.5409817695617676
0,82,0.8847230388520493,0.07850000000000001,0.2257399559020996,2.5409817695617676
0,83,0.8839926437984228,0.07700000000000007,0.2200474739074707,2.5409817695617676
0,84,0.8841768621491575,0.07550000000000001,0.15002155303955078,2.5409817695617676
0,85,0.8842308200460979,0.07400000000000001,0.10505294799804688,2.5409817695617676
0,86,0.8850720560707056,0.07250000000000001,0.1589808464050293,2.5409817695617676
0,87,0.885260454406015,0.07100000000000006,0.07529163360595703,2.5409817695617676
0,88,0.8864063210479711,0.0695,0.15380311012268066,2.5409817695617676
0,89,0.886533965522299,0.06800000000000006,0.07134771347045898,2.5409817695617676
0,90,0.8877594601267632,0.0665,0.1429443359375,2.5409817695617676
0,91,0.8878605648765201,0.06500000000000006,0.06646609306335449,2.5409817695617676
0,92,0.8894153245683123,0.0635,0.14725708961486816,2.5409817695617676
0,93,0.8894772480610413,0.062000000000000055,0.06648898124694824,2.5409817695617676
0,94,0.8902463627698123,0.0605,0.10122513771057129,2.5409817695617676
0,95,0.8917204231639768,0.05900000000000005,0.15273237228393555,2.5409817695617676
0,96,0.8921108280558949,0.05750000000000005,0.09722781181335449,2.5409817695617676
0,97,0.8927254160801367,0.05600000000000005,0.09481525421142578,2.5409817695617676
0,98,0.8933250933251057,0.05449999999999999,0.09743523597717285,2.5409817695617676
0,99,0.8948646980496663,0.05300000000000005,0.1488969326019287,2.5409817695617676
0,100,0.8962391921270362,0.05150000000000002,0.15046906471252441,2.5409817695617676
0,101,0.8968935552503978,0.050000000000000044,0.08806037902832031,2.5409817695617676
0,102,0.8973067963674644,0.048500000000000015,0.08046102523803711,2.5409817695617676
0,103,0.8994876918065984,0.04700000000000004,0.17236685752868652,2.5409817695617676
0,104,0.8997309739133135,0.04550000000000001,0.07471323013305664,2.5409817695617676
0,105,0.9018315697085026,0.04400000000000004,0.1719527244567871,2.5409817695617676
0,106,0.9021735468135541,0.04249999999999998,0.0780477523803711,2.5409817695617676
0,107,0.9040843424300535,0.041000000000000036,0.17153596878051758,2.5409817695617676
0,108,0.9049376492250576,0.03950000000000001,0.10135841369628906,2.5409817695617676
0,109,0.9056801593649099,0.038000000000000034,0.1146388053894043,2.5409817695617676
0,110,0.9080235782932042,0.03650000000000003,0.2811851501464844,2.5409817695617676
0,111,0.9084944752778182,0.03500000000000003,0.0923309326171875,2.5409817695617676
0,112,0.9103003185384235,0.03350000000000003,0.19338154792785645,2.5409817695617676
0,113,0.9117073097814394,0.03200000000000003,0.19382429122924805,2.5409817695617676
0,114,0.9126801663678512,0.030500000000000083,0.11026501655578613,2.5409817695617676
0,115,0.9141657578708381,0.029000000000000026,0.19772028923034668,2.5409817695617676
0,116,0.9156403970151041,0.02750000000000008,0.19844961166381836,2.5409817695617676
0,117,0.9167229192890544,0.026000000000000023,0.12632107734680176,2.5409817695617676
0,118,0.9185163773554226,0.024500000000000077,0.3082103729248047,2.5409817695617676
0,119,0.9194192318218923,0.02300000000000002,0.12706327438354492,2.5409817695617676
0,120,0.9212124535718675,0.021500000000000075,0.27588510513305664,2.5409817695617676
0,121,0.8735722110227593,0.020000000000000046,0.6546134948730469,2.5409817695617676
0,122,0.8727972575119121,0.020000000000000073,0.2655458450317383,2.5409817695617676
0,123,0.8724947587509793,0.020000000000000018,0.19029974937438965,2.5409817695617676
0,124,0.8720280584237594,0.020000000000000018,0.2093946933746338,2.5409817695617676
0,125,0.8717424286968146,0.020000000000000018,0.14158987998962402,2.5409817695617676
0,126,0.871542634235784,0.020000000000000018,0.11359882354736328,2.5409817695617676
0,127,0.8711427359720986,0.020000000000000018,0.20288872718811035,2.5409817695617676
0,128,0.8710119088429791,0.020000000000000018,0.09196996688842773,2.5409817695617676
0,129,0.8708177972789707,0.020000000000000018,0.11678361892700195,2.5409817695617676
0,130,0.8706303888025211,0.020000000000000018,0.09421777725219727,2.5409817695617676
0,131,0.8703544536912834,0.020000000000000073,0.12442755699157715,2.5409817695617676
0,132,0.8703013202724235,0.020000000000000018,0.06404662132263184,2.5409817695617676
0,133,0.869910484772625,0.020000000000000018,0.15245294570922852,2.5409817695617676
0,134,0.8697347605856538,0.020000000000000018,0.09478354454040527,2.5409817695617676
0,135,0.86959830123985,0.020000000000000073,0.07621431350708008,2.5409817695617676
0,136,0.8694560402519438,0.020000000000000018,0.0883791446685791,2.5409817695617676
0,137,0.8692391929270273,0.020000000000000018,0.08266019821166992,2.5409817695617676
0,138,0.8691880201401931,0.020000000000000018,0.06263995170593262,2.5409817695617676
0,139,0.8689050453703944,0.020000000000000018,0.10940670967102051,2.5409817695617676
0,140,0.8688700539849281,0.020000000000000018,0.05839705467224121,2.5409817695617676
0,141,0.868673274991266,0.020000000000000018,0.08320498466491699,2.5409817695617676
0,142,0.8685544653192183,0.020000000000000018,0.08688855171203613,2.5409817695617676
0,143,0.8683613357592782,0.020000000000000073,0.08762788772583008,2.5409817695617676
0,144,0.8683279219714655,0.020000000000000018,0.05947589874267578,2.5409817695617676
0,145,0.8680817617256911,0.020000000000000018,0.12059140205383301,2.5409817695617676
0,146,0.8680572994420401,0.020000000000000018,0.06547904014587402,2.5409817695617676
0,147,0.8677303209405974,0.020000000000000018,0.14089369773864746,2.5409817695617676
0,148,0.8676296192216517,0.020000000000000073,0.08177614212036133,2.5409817695617676
0,149,0.8675043310521247,0.020000000000000018,0.0724802017211914,2.5409817695617676
0,150,0.8674720719796611,0.020000000000000018,0.06266975402832031,2.5409817695617676
0,1,0.6081692296727259,0.20000000000000007,0.7583270072937012,2.534648895263672
0,2,0.6053782907885006,0.19850000000000007,0.13587474822998047,2.5409817695617676
0,3,0.6068267398202393,0.15641551630987038,0.1083822250366211,2.5409817695617676
0,4,0.6087684699767419,0.17774046545134703,0.08034086227416992,2.5409817695617676
0,5,0.6120664566688906,0.12566788800866158,0.09675145149230957,2.5409817695617676
0,6,0.6156835278166068,0.11698844747381343,0.08859419822692871,2.5409817695617676
0,7,0.6196045467732008,0.07988675629656639,0.09357690811157227,2.5409817695617676
0,8,0.6235920040502949,0.08589189856627333,0.09671807289123535,2.5409817695617676
0,9,0.6273904950835552,0.08559357692421854,0.0942537784576416,2.5409817695617676
0,10,0.6290531173558501,0.07498436051468527,0.06993937492370605,2.5409817695617676
0,11,0.6346129405859062,0.07569889400039087,0.12072134017944336,2.5409817695617676
0,12,0.6402204212358695,0.07014025341585339,0.10588550567626953,2.5409817695617676
0,13,0.6425049397585455,0.04580917617000502,0.0766000747680664,2.5409817695617676
0,14,0.6450672005503679,0.04794153867936923,0.08221697807312012,2.5409817695617676
0,15,0.6530152131257447,0.04774607969432765,0.12740182876586914,2.5409817695617676
0,16,0.6542620504835917,0.05250259254059597,0.06082415580749512,2.5409817695617676
0,17,0.66026519529864,0.05019299302582436,0.11658287048339844,2.5409817695617676
0,18,0.6635334665698794,0.04359826370216435,0.07811474800109863,2.5409817695617676
0,19,0.666386478104894,0.03512291811448898,0.09095144271850586,2.5409817695617676
0,20,0.6741652421153084,0.034339030900549794,0.1518690586090088,2.5409817695617676
0,21,0.6755271447796166,0.03427112914277053,0.07352733612060547,2.5409817695617676
0,22,0.6821111216162516,0.030242196409680178,0.15436840057373047,2.5409817695617676
0,23,0.6852668502512751,0.031219055325105938,0.08282184600830078,2.5409817695617676
0,24,0.6881176303439515,0.034035438112286154,0.08010292053222656,2.5409817695617676
0,25,0.6961305268205447,0.029865897538007613,0.12840580940246582,2.5409817695617676
0,26,0.6978586691573693,0.030233009712976266,0.06458353996276855,2.5409817695617676
0,27,0.7044529458937598,0.026944809722600715,0.12102508544921875,2.5409817695617676
0,28,0.7095830068827733,0.02626714778245831,0.10957121849060059,2.5409817695617676
0,29,0.7127235312128171,0.02592419448551475,0.0822134017944336,2.5409817695617676
0,30,0.718047542329635,0.027004430804747903,0.10465836524963379,2.5409817695617676
0,31,0.7195329176066798,0.030860908805980025,0.0643012523651123,2.5409817695617676
0,32,0.7296694165306847,0.02350467913204357,0.17826342582702637,2.5409817695617676
0,33,0.7317416661940346,0.025246718856213324,0.07350039482116699,2.5409817695617676
0,34,0.7359440248277753,0.024203351390901018,0.0877995491027832,2.5409817695617676
0,35,0.7421467868707363,0.02330339007775628,0.11136555671691895,2.5409817695617676
0,36,0.7436122312568239,0.02363989857919835,0.07526278495788574,2.5409817695617676
0,37,0.753646257927759,0.02439609209261373,0.19040584564208984,2.5409817695617676
0,38,0.7558040171321366,0.02551869073244306,0.07691478729248047,2.5409817695617676
0,39,0.7603926151670575,0.023667085341042837,0.10472297668457031,2.5409817695617676
0,40,0.7670497752081561,0.02458349853271735,0.13268280029296875,2.5409817695617676
0,41,0.8066146890607049,0.14,0.29653310775756836,2.5409817695617676
0,42,0.8104043483531082,0.0985693166926972,0.10689687728881836,2.5409817695617676
0,43,0.8139825333455853,0.07528694232556199,0.11114788055419922,2.5409817695617676
0,44,0.8207047047426688,0.06333515044067728,0.143110990524292,2.5409817695617676
0,45,0.8255024630539136,0.05288360008218995,0.1337425708770752,2.5409817695617676
0,46,0.8289740750695558,0.04752778466062901,0.10289788246154785,2.5409817695617676
0,47,0.8371456687696227,0.04252791728758748,0.19910454750061035,2.5409817695617676
0,48,0.8394428653916546,0.048593661169395674,0.10050415992736816,2.5409817695617676
0,49,0.844229708420848,0.053109687453808285,0.13400840759277344,2.5409817695617676
0,50,0.8516041448731084,0.04999693029286767,0.17763352394104004,2.5409817695617676
0,51,0.8535069693067283,0.04443148348272852,0.09859013557434082,2.5409817695617676
0,52,0.8589610336184168,0.05134773488994493,0.15991687774658203,2.5409817695617676
0,53,0.8633324993172813,0.05939325734451706,0.15059208869934082,2.5409817695617676
0,54,0.8663496468245999,0.06452390703036825,0.12485074996948242,2.5409817695617676
0,55,0.869632702418484,0.06103785201260348,0.13675618171691895,2.5409817695617676
0,56,0.873540982373078,0.06897206528075817,0.17156219482421875,2.5409817695617676
0,57,0.8753344686602447,0.0797631080461646,0.12837505340576172,2.5409817695617676
0,58,0.8769963979759375,0.07499506323454658,0.1337571144104004,2.5409817695617676
0,59,0.8789943486684392,0.08228091102022717,0.1837329864501953,2.5409817695617676
0,60,0.8794945393431143,0.09165938499700155,0.11272668838500977,2.5409817695617676
0,61,0.879907248392974,0.07599524943966862,0.13325142860412598,2.5409817695617676
0,62,0.8814432073146183,0.08669463597276905,0.17066240310668945,2.5409817695617676
0,63,0.8824242723185607,0.09590650300439396,0.10628318786621094,2.5409817695617676
0,64,0.8841344437483245,0.07825563779314326,0.16660642623901367,2.5409817695617676
0,65,0.8850569257586058,0.08764359535530408,0.10520577430725098,2.5409817695617676
0,66,0.8870891873586935,0.09161869866688699,0.1646137237548828,2.5409817695617676
0,67,0.8879497718461689,0.08961530671270668,0.11139583587646484,2.5409817695617676
0,68,0.8894287413097648,0.08115887697269253,0.17607855796813965,2.5409817695617676
0,69,0.8907891183615575,0.09108857879386689,0.1493833065032959,2.5409817695617676
0,70,0.8923681386159084,0.09650000000000003,0.17504620552062988,2.5409817695617676
0,71,0.8935551104211741,0.09106174223555485,0.14302301406860352,2.5409817695617676
0,72,0.8950313266779253,0.09350000000000003,0.2246403694152832,2.5409817695617676
0,73,0.8964200634473872,0.07838269878563753,0.20109152793884277,2.5409817695617676
0,74,0.8977413380313797,0.08727667103829095,0.1941976547241211,2.5409817695617676
0,75,0.8985990679005352,0.07620208878475743,0.17702054977416992,2.5409817695617676
0,76,0.899005790105546,0.06957289856196647,0.10234403610229492,2.5409817695617676
0,77,0.9015270339599737,0.0789319400771813,0.26171064376831055,2.5409817695617676
0,78,0.9017119159353028,0.07270515925165366,0.10005760192871094,2.5409817695617676
0,79,0.9030862871243575,0.07473043363078025,0.19425320625305176,2.5409817695617676
0,80,0.9045090895861778,0.07979150795866452,0.21779465675354004,2.5409817695617676
0,81,0.8875241021104836,0.08000000000000007,0.36420536041259766,2.5409817695617676
0,82,0.8862861093212916,0.07850000000000001,0.18095946311950684,2.5409817695617676
0,83,0.8850316076549657,0.07699999999999996,0.24110627174377441,2.5409817695617676
0,84,0.8850438414852982,0.07550000000000001,0.16070318222045898,2.5409817695617676
0,85,0.8850833650999721,0.07400000000000001,0.11108732223510742,2.5409817695617676
0,86,0.8858540047379403,0.07250000000000001,0.16902732849121094,2.5409817695617676
0,87,0.886018400613469,0.07100000000000006,0.07262563705444336,2.5409817695617676
0,88,0.8861530456966857,0.0695,0.1811833381652832,2.5409817695617676
0,89,0.8862559015547549,0.06800000000000006,0.07132625579833984,2.5409817695617676
0,90,0.8877383541007956,0.0665,0.160872220993042,2.5409817695617676
0,91,0.8878496155155424,0.06500000000000006,0.07139921188354492,2.5409817695617676
0,92,0.8885968466610801,0.0635,0.10732746124267578,2.5409817695617676
0,93,0.8887022158783654,0.062000000000000055,0.06792879104614258,2.5409817695617676
0,94,0.89078014174459,0.0605,0.18015789985656738,2.5409817695617676
0,95,0.8909129231015236,0.05900000000000005,0.07787156105041504,2.5409817695617676
0,96,0.8918544901290029,0.05750000000000005,0.1168985366821289,2.5409817695617676
0,97,0.8926112475718477,0.05600000000000005,0.09326982498168945,2.5409817695617676
0,98,0.8939742646248956,0.05449999999999999,0.14577746391296387,2.5409817695617676
0,99,0.8955237688307752,0.05300000000000005,0.1517503261566162,2.5409817695617676
0,100,0.8959899112480578,0.05150000000000002,0.08731794357299805,2.5409817695617676
0,101,0.8970013546316784,0.050000000000000044,0.10305118560791016,2.5409817695617676
0,102,0.8977279036161879,0.048500000000000015,0.08852767944335938,2.5409817695617676
0,103,0.8992062610404604,0.04700000000000004,0.15971755981445312,2.5409817695617676
0,104,0.9008822542080874,0.04550000000000004,0.15766549110412598,2.5409817695617676
0,105,0.901524331539508,0.04400000000000004,0.0889589786529541,2.5409817695617676
0,106,0.9026523167667351,0.04249999999999998,0.10513520240783691,2.5409817695617676
0,107,0.9028115821707705,0.041000000000000036,0.06950902938842773,2.5409817695617676
0,108,0.9058551895427316,0.03950000000000001,0.2514510154724121,2.5409817695617676
0,109,0.9064271484238928,0.038000000000000034,0.09444975852966309,2.5409817695617676
0,110,0.9075272797398308,0.03649999999999998,0.10365629196166992,2.5409817695617676
0,111,0.9093547254175808,0.03500000000000003,0.18308687210083008,2.5409817695617676
0,112,0.9105470353596856,0.033499999999999974,0.14416766166687012,2.5409817695617676
0,113,0.9112503911583189,0.03200000000000003,0.09458112716674805,2.5409817695617676
0,114,0.9130298549842186,0.030500000000000083,0.1844315528869629,2.5409817695617676
0,115,0.9143060539903141,0.029000000000000026,0.16855239868164062,2.5409817695617676
0,116,0.9152612280483021,0.02750000000000008,0.1107032299041748,2.5409817695617676
0,117,0.9169814170523245,0.026000000000000023,0.19222164154052734,2.5409817695617676
0,118,0.9182604356457257,0.024500000000000077,0.18490338325500488,2.5409817695617676
0,119,0.9196417393392596,0.02300000000000002,0.184767484664917,2.5409817695617676
0,120,0.9209372031619241,0.021500000000000075,0.1805121898651123,2.5409817695617676
0,121,0.8734755367527071,0.020000000000000073,0.6651194095611572,2.5409817695617676
0,122,0.8727048793076467,0.020000000000000018,0.31052589416503906,2.5409817695617676
0,123,0.8723905032179601,0.020000000000000018,0.21673893928527832,2.5409817695617676
0,124,0.8718480470365464,0.020000000000000073,0.24888944625854492,2.5409817695617676
0,125,0.8716769137524313,0.020000000000000018,0.10891222953796387,2.5409817695617676
0,126,0.8714072576340861,0.020000000000000018,0.14256787300109863,2.5409817695617676
0,127,0.8710263466873747,0.020000000000000018,0.15927457809448242,2.5409817695617676
0,128,0.8708415566221417,0.020000000000000073,0.11539101600646973,2.5409817695617676
0,129,0.8706672941370064,0.020000000000000018,0.0857703685760498,2.5409817695617676
0,130,0.8704476975129611,0.020000000000000018,0.11333870887756348,2.5409817695617676
0,131,0.870374408510722,0.020000000000000018,0.06937813758850098,2.5409817695617676
0,132,0.8698916672880751,0.020000000000000018,0.1868598461151123,2.5409817695617676
0,133,0.8697722078694878,0.020000000000000018,0.08757138252258301,2.5409817695617676
0,134,0.8695582523236266,0.020000000000000018,0.1072075366973877,2.5409817695617676
0,135,0.8695133227040305,0.020000000000000018,0.06284904479980469,2.5409817695617676
0,136,0.8692318459252937,0.020000000000000018,0.1146080493927002,2.5409817695617676
0,137,0.8691877970953931,0.020000000000000018,0.06489205360412598,2.5409817695617676
0,138,0.8689042111233718,0.020000000000000018,0.11001920700073242,2.5409817695617676
0,139,0.8688729918395133,0.020000000000000018,0.05685544013977051,2.5409817695617676
0,140,0.8685583140801035,0.020000000000000018,0.1417853832244873,2.5409817695617676
0,141,0.868455238139181,0.020000000000000018,0.08586883544921875,2.5409817695617676
0,142,0.8682889557819642,0.020000000000000018,0.07493805885314941,2.5409817695617676
0,143,0.8682476200318205,0.020000000000000018,0.0616612434387207,2.5409817695617676
0,144,0.8680079622864565,0.020000000000000018,0.09985995292663574,2.5409817695617676
0,145,0.8679739574002527,0.020000000000000018,0.055886030197143555,2.5409817695617676
0,146,0.8677763082836234,0.020000000000000018,0.07911372184753418,2.5409817695617676
0,147,0.867702635758044,0.020000000000000018,0.08859086036682129,2.5409817695617676
0,148,0.8675284212866328,0.020000000000000018,0.08371663093566895,2.5409817695617676
0,149,0.867496188444383,0.020000000000000018,0.05876445770263672,2.5409817695617676
0,150,0.8673199612491976,0.020000000000000018,0.07991433143615723,2.5409817695617676
0,1,0.6081780866988791,0.20000000000000007,0.7107503414154053,2.534648895263672
0,2,0.6052954146186544,0.19850000000000007,0.12324213981628418,2.5409817695617676
0,3,0.6066194554155471,0.1575825446330794,0.10469770431518555,2.5409817695617676
0,4,0.6085326796930712,0.17199435055549972,0.07943940162658691,2.5409817695617676
0,5,0.6120259455508058,0.12103821877703047,0.08706498146057129,2.5409817695617676
0,6,0.6156373318947179,0.11976085608511655,0.07970499992370605,2.5409817695617676
0,7,0.6197538757203265,0.08510063793265032,0.10221147537231445,2.5409817695617676
0,8,0.6238973144215366,0.08350173566649133,0.09622859954833984,2.5409817695617676
0,9,0.6267342921418164,0.09569541026144679,0.08043551445007324,2.5409817695617676
0,10,0.6284689212417747,0.0724361720320037,0.05991697311401367,2.5409817695617676
0,11,0.6373688269271345,0.07429057859915544,0.14715361595153809,2.5409817695617676
0,12,0.6389191866755848,0.07660089058270936,0.0628516674041748,2.5409817695617676
0,13,0.6415688120351652,0.044643482541683266,0.07432889938354492,2.5409817695617676
0,14,0.6449202278586699,0.04705092104998021,0.06990218162536621,2.5409817695617676
0,15,0.6512697905271505,0.04646779518474009,0.11708569526672363,2.5409817695617676
0,16,0.6568369354496679,0.04906741304965434,0.10802125930786133,2.5409817695617676
0,17,0.6591682595663346,0.050006647228756806,0.06720924377441406,2.5409817695617676
0,18,0.6633505943678208,0.04460582767344223,0.08537054061889648,2.5409817695617676
0,19,0.6666782278351915,0.03432325616709564,0.07735276222229004,2.5409817695617676
0,20,0.6723816889876447,0.034620848789504666,0.10966229438781738,2.5409817695617676
0,21,0.6783450063109425,0.03133127275624459,0.11875700950622559,2.5409817695617676
0,22,0.6808909900240138,0.033096219943913874,0.08061981201171875,2.5409817695617676
0,23,0.6854974092714523,0.029684653033340336,0.09231138229370117,2.5409817695617676
0,24,0.6889005247656016,0.03381544735753572,0.0786898136138916,2.5409817695617676
0,25,0.6944810069833514,0.031079327262613088,0.1171879768371582,2.5409817695617676
0,26,0.700582499278741,0.02837186683861248,0.11246824264526367,2.5409817695617676
0,27,0.7033529793775539,0.029040064052712755,0.07290983200073242,2.5409817695617676
0,28,0.7082593449247008,0.02268699491579962,0.09056854248046875,2.5409817695617676
0,29,0.711988663402007,0.027568504929724513,0.08115482330322266,2.5409817695617676
0,30,0.7178330250506375,0.02515091229339106,0.11561083793640137,2.5409817695617676
0,31,0.7238127354828404,0.028172744570448383,0.11787891387939453,2.5409817695617676
0,32,0.7266388199845448,0.02959546106672406,0.0798802375793457,2.5409817695617676
0,33,0.7317681370842848,0.022540242427706136,0.0933220386505127,2.5409817695617676
0,34,0.7357039897137301,0.025272348053529292,0.08405065536499023,2.5409817695617676
0,35,0.7417579918232216,0.022981917718564282,0.1186368465423584,2.5409817695617676
0,36,0.747630099612052,0.02303353858265811,0.11245989799499512,2.5409817695617676
0,37,0.7506502468780372,0.02294576072068788,0.08135533332824707,2.5409817695617676
0,38,0.7564733628549886,0.024851318131015154,0.10702276229858398,2.5409817695617676
0,39,0.7611088408457616,0.02579428056901034,0.11297225952148438,2.5409817695617676
0,40,0.7670430789595534,0.02397329168453677,0.12091660499572754,2.5409817695617676
0,41,0.8069225644869349,0.14,0.27449727058410645,2.5409817695617676
0,42,0.8107398335212885,0.0972470914021979,0.10013198852539062,2.5409817695617676
0,43,0.8140056579613438,0.07464313417380852,0.100677490234375,2.5409817695617676
0,44,0.8197860601179472,0.06202232395123197,0.11707758903503418,2.5409817695617676
0,45,0.8275086823052766,0.053659178493863036,0.16504621505737305,2.5409817695617676
0,46,0.8295278476815735,0.04672904029287839,0.08362197875976562,2.5409817695617676
0,47,0.8358333448298292,0.045109969201436506,0.14169597625732422,2.5409817695617676
0,48,0.8410256641900942,0.04394636040015765,0.14171290397644043,2.5409817695617676
0,49,0.8460051261502683,0.0510904424455505,0.13356614112854004,2.5409817695617676
0,50,0.8493005782771309,0.04839804237611256,0.0994715690612793,2.5409817695617676
0,51,0.8565370571951982,0.04309541928934035,0.19808650016784668,2.5409817695617676
0,52,0.858574881401884,0.04772533702486281,0.10288381576538086,2.5409817695617676
0,53,0.8629086067324674,0.05496063583327215,0.13298463821411133,2.5409817695617676
0,54,0.8686130640127856,0.06649345860679745,0.18898534774780273,2.5409817695617676
0,55,0.8709888977303147,0.057987382765572915,0.16282343864440918,2.5409817695617676
0,56,0.8739270690935945,0.06565922577802397,0.13332009315490723,2.5409817695617676
0,57,0.8774778097421576,0.07367553587923437,0.20560860633850098,2.5409817695617676
0,58,0.8789210509956747,0.07815580148138046,0.11779260635375977,2.5409817695617676
0,59,0.8801494918176695,0.07409025010268466,0.14962458610534668,2.5409817695617676
0,60,0.8809907067118095,0.08651385950381452,0.13640952110290527,2.5409817695617676
0,61,0.8813279836308783,0.09451261886287166,0.09811592102050781,2.5409817695617676
0,62,0.8833495386691596,0.0805512010326791,0.16980671882629395,2.5409817695617676
0,63,0.8842190943620318,0.09095196799333827,0.10386919975280762,2.5409817695617676
0,64,0.8854212497531558,0.07433891020192018,0.1243894100189209,2.5409817695617676
0,65,0.8872431744301936,0.08369398681982287,0.15699243545532227,2.5409817695617676
0,66,0.888016354439624,0.09247572762689404,0.10063314437866211,2.5409817695617676
0,67,0.890036321382123,0.08612887921235846,0.1612534523010254,2.5409817695617676
0,68,0.8908793125783252,0.07756544396081633,0.10381960868835449,2.5409817695617676
0,69,0.892251417584375,0.08853764073524839,0.14062714576721191,2.5409817695617676
0,70,0.8935455779878809,0.09650000000000003,0.12328720092773438,2.5409817695617676
0,71,0.8950873191640245,0.08568545832013097,0.14731216430664062,2.5409817695617676
0,72,0.8962009721756129,0.09350000000000003,0.1212923526763916,2.5409817695617676
0,73,0.8976975277139004,0.0759478969906141,0.1673588752746582,2.5409817695617676
0,74,0.8989510266727028,0.08317413071669333,0.16075849533081055,2.5409817695617676
0,75,0.899362632409151,0.08899999999999997,0.09796953201293945,2.5409817695617676
0,76,0.9011380832275158,0.06617553600735138,0.16978883743286133,2.5409817695617676
0,77,0.9021503466532752,0.07539947524533563,0.13334941864013672,2.5409817695617676
0,78,0.9024586311752638,0.08450000000000002,0.09926366806030273,2.5409817695617676
0,79,0.9050485597100828,0.07816526449694794,0.24123382568359375,2.5409817695617676
0,80,0.9052449484967813,0.07751268469508588,0.08213567733764648,2.5409817695617676
0,81,0.8887645141330465,0.08000000000000007,0.3376917839050293,2.5409817695617676
0,82,0.8869618067783667,0.07850000000000001,0.22169923782348633,2.5409817695617676
0,83,0.8865360060720471,0.07699999999999996,0.1644725799560547,2.5409817695617676
0,84,0.8856803202962773,0.07550000000000001,0.21836066246032715,2.5409817695617676
0,85,0.8856002700792892,0.07399999999999995,0.0980985164642334,2.5409817695617676
0,86,0.8861251730522677,0.07250000000000001,0.14844322204589844,2.5409817695617676
0,87,0.8863000952804005,0.07099999999999995,0.09711408615112305,2.5409817695617676
0,88,0.8871861003942156,0.0695,0.11869430541992188,2.5409817695617676
0,89,0.8875674610893504,0.06800000000000006,0.08624601364135742,2.5409817695617676
0,90,0.888466262932575,0.0665,0.12448763847351074,2.5409817695617676
0,91,0.8888127266623049,0.06500000000000006,0.0876777172088623,2.5409817695617676
0,92,0.889079144890126,0.0635,0.077484130859375,2.5409817695617676
0,93,0.8907538524523695,0.062000000000000055,0.14365434646606445,2.5409817695617676
0,94,0.8909424587154202,0.0605,0.07211136817932129,2.5409817695617676
0,95,0.8919098468152193,0.05900000000000005,0.1124565601348877,2.5409817695617676
0,96,0.8919712042930772,0.057499999999999996,0.06765437126159668,2.5409817695617676
0,97,0.893877526823735,0.05600000000000005,0.1615920066833496,2.5409817695617676
0,98,0.8940781404840725,0.05449999999999999,0.07223129272460938,2.5409817695617676
0,99,0.8953695539567774,0.05300000000000005,0.12946367263793945,2.5409817695617676
0,100,0.8954664274631268,0.05150000000000002,0.06668567657470703,2.5409817695617676
0,101,0.8974219616887331,0.050000000000000044,0.16152572631835938,2.5409817695617676
0,102,0.8988170826706557,0.048500000000000015,0.14750361442565918,2.5409817695617676
0,103,0.8994867955253552,0.04700000000000004,0.08581829071044922,2.5409817695617676
0,104,0.9006912891663059,0.04550000000000004,0.10669493675231934,2.5409817695617676
0,105,0.9012523942477932,0.04400000000000004,0.08286905288696289,2.5409817695617676
0,106,0.9027700270848369,0.04249999999999998,0.14824557304382324,2.5409817695617676
0,107,0.9044981671185606,0.041000000000000036,0.20055317878723145,2.5409817695617676
0,108,0.9054173022610974,0.03949999999999998,0.11241412162780762,2.5409817695617676
0,109,0.9066723887919618,0.038000000000000034,0.12046432495117188,2.5409817695617676
0,110,0.9073976672968668,0.03649999999999998,0.0957334041595459,2.5409817695617676
0,111,0.9088287088152601,0.03500000000000003,0.15539884567260742,2.5409817695617676
0,112,0.9106414288558331,0.03350000000000003,0.17830991744995117,2.5409817695617676
0,113,0.9115676023089421,0.03200000000000003,0.09974312782287598,2.5409817695617676
0,114,0.9129531409951809,0.030500000000000083,0.1552116870880127,2.5409817695617676
0,115,0.914364318622084,0.029000000000000026,0.17725825309753418,2.5409817695617676
0,116,0.9157399428411626,0.02750000000000008,0.20354247093200684,2.5409817695617676
0,117,0.9170132109943918,0.026000000000000023,0.1779170036315918,2.5409817695617676
0,118,0.9180909535676,0.024500000000000077,0.12014198303222656,2.5409817695617676
0,119,0.9198472500188599,0.023000000000000076,0.29779982566833496,2.5409817695617676
0,120,0.9207410231266475,0.021500000000000075,0.14130449295043945,2.5409817695617676
0,121,0.8734150762522369,0.020000000000000073,0.6745774745941162,2.5409817695617676
0,122,0.8726388276063913,0.020000000000000046,0.27903079986572266,2.5409817695617676
0,123,0.8721774133317766,0.020000000000000018,0.26785922050476074,2.5409817695617676
0,124,0.8719692274152258,0.020000000000000073,0.11994194984436035,2.5409817695617676
0,125,0.8714073713375582,0.020000000000000018,0.21051239967346191,2.5409817695617676
0,126,0.871273320969947,0.020000000000000018,0.09668445587158203,2.5409817695617676
0,127,0.8710484235425586,0.020000000000000018,0.1217801570892334,2.5409817695617676
0,128,0.8706819191044624,0.020000000000000073,0.15140438079833984,2.5409817695617676
0,129,0.8705171310059807,0.020000000000000018,0.10634016990661621,2.5409817695617676
0,130,0.8703420654744899,0.020000000000000018,0.08258795738220215,2.5409817695617676
0,131,0.8701178304586867,0.020000000000000018,0.11432957649230957,2.5409817695617676
0,132,0.8699249009676782,0.020000000000000073,0.08741092681884766,2.5409817695617676
0,133,0.8698155862651509,0.020000000000000018,0.0921480655670166,2.5409817695617676
0,134,0.8694416701484133,0.020000000000000018,0.1396801471710205,2.5409817695617676
0,135,0.8692934835819828,0.020000000000000018,0.08614826202392578,2.5409817695617676
0,136,0.8691575470202249,0.020000000000000018,0.07076239585876465,2.5409817695617676
0,137,0.8690494309167602,0.020000000000000018,0.08018755912780762,2.5409817695617676
0,138,0.8688236294451848,0.020000000000000018,0.07705307006835938,2.5409817695617676
0,139,0.8687773054604506,0.020000000000000018,0.05855917930603027,2.5409817695617676
0,140,0.8684941320122977,0.020000000000000018,0.10682296752929688,2.5409817695617676
0,141,0.8684588278580371,0.020000000000000018,0.05692267417907715,2.5409817695617676
0,142,0.8682444283392763,0.020000000000000018,0.08483719825744629,2.5409817695617676
0,143,0.8681591240117853,0.020000000000000018,0.08267927169799805,2.5409817695617676
0,144,0.8679586737162273,0.020000000000000073,0.0797278881072998,2.5409817695617676
0,145,0.8679227116066878,0.020000000000000018,0.057218313217163086,2.5409817695617676
0,146,0.8676818879873047,0.020000000000000018,0.1052250862121582,2.5409817695617676
0,147,0.8676596180704838,0.020000000000000018,0.05275678634643555,2.5409817695617676
0,148,0.8674604894925007,0.020000000000000018,0.07966136932373047,2.5409817695617676
0,149,0.8673676865852324,0.020000000000000018,0.08011341094970703,2.5409817695617676
0,150,0.8672021020260114,0.020000000000000018,0.07912540435791016,2.5409817695617676
0,1,0.608170298224792,0.20000000000000007,0.5256223678588867,2.534648895263672
0,2,0.6052031126201383,0.1985,0.11974668502807617,2.5409817695617676
0,3,0.6065809788446072,0.15686814692815432,0.09897899627685547,2.5409817695617676
0,4,0.6084645436237515,0.16884631088847712,0.07578206062316895,2.5409817695617676
0,5,0.6119992190106334,0.11862137664046002,0.08371162414550781,2.5409817695617676
0,6,0.615546238623152,0.11771659075965324,0.07789182662963867,2.5409817695617676
0,7,0.6197345138214576,0.09191391076415234,0.09214234352111816,2.5409817695617676
0,8,0.623774921536139,0.0816640231348672,0.08142256736755371,2.5409817695617676
0,9,0.6269490178440892,0.09639008623911749,0.07748675346374512,2.5409817695617676
0,10,0.628655075126846,0.06987269688077091,0.061127662658691406,2.5409817695617676
0,11,0.637495947866025,0.07277437004919829,0.14816808700561523,2.5409817695617676
0,12,0.638769798443654,0.0758197849421911,0.061936140060424805,2.5409817695617676
0,13,0.6421314534733167,0.04229244265008847,0.08642196655273438,2.5409817695617676
0,14,0.6455797146570975,0.046319192869003656,0.07901740074157715,2.5409817695617676
0,15,0.6509861887030532,0.04902586254700769,0.10124611854553223,2.5409817695617676
0,16,0.6567016089355762,0.046426974559706236,0.10906791687011719,2.5409817695617676
0,17,0.6592399722518849,0.04737426715675763,0.07314252853393555,2.5409817695617676
0,18,0.6636617247569179,0.04307735277547586,0.08870601654052734,2.5409817695617676
0,19,0.666775048199097,0.03420159264522782,0.07936906814575195,2.5409817695617676
0,20,0.6722162153720436,0.03353148518906468,0.11191105842590332,2.5409817695617676
0,21,0.6782894449128618,0.03676512678590882,0.12305569648742676,2.5409817695617676
0,22,0.680908982537491,0.03095357067628446,0.0701146125793457,2.5409817695617676
0,23,0.6853383124050012,0.030772599028480174,0.08692765235900879,2.5409817695617676
0,24,0.6885152596641408,0.031117819015037962,0.08025598526000977,2.5409817695617676
0,25,0.6945112095733239,0.03337366524448104,0.12178301811218262,2.5409817695617676
0,26,0.7004654712673568,0.027585540838234612,0.12972736358642578,2.5409817695617676
0,27,0.7034658229341635,0.026798936290047592,0.08154654502868652,2.5409817695617676
0,28,0.7081474155248313,0.024639222471209643,0.09061312675476074,2.5409817695617676
0,29,0.7114609267278839,0.025377505048004623,0.08369731903076172,2.5409817695617676
0,30,0.7175639557885578,0.026952249223378133,0.1290130615234375,2.5409817695617676
0,31,0.7235896002481721,0.02756348552530774,0.11792707443237305,2.5409817695617676
0,32,0.7267569506438709,0.02609595136785281,0.08253192901611328,2.5409817695617676
0,33,0.7318975550474198,0.022200879225803938,0.10105538368225098,2.5409817695617676
0,34,0.7356482838402312,0.02526253838405923,0.08545374870300293,2.5409817695617676
0,35,0.7414086185813507,0.0231438060801209,0.12225341796875,2.5409817695617676
0,36,0.7475504210714381,0.023378568631135188,0.126908540725708,2.5409817695617676
0,37,0.7510507134169684,0.02350157773370376,0.0864400863647461,2.5409817695617676
0,38,0.7565572175852687,0.024050612950089367,0.11332964897155762,2.5409817695617676
0,39,0.7604589538469196,0.024565959053101993,0.0921022891998291,2.5409817695617676
0,40,0.7661771842269876,0.025456252479921893,0.11769747734069824,2.5409817695617676
0,41,0.8068716832029317,0.14,0.2811014652252197,2.5409817695617676
0,42,0.8108247448554011,0.09677051371674306,0.10617518424987793,2.5409817695617676
0,43,0.8143331899422996,0.07389990244519518,0.11161422729492188,2.5409817695617676
0,44,0.8200953872508757,0.061581605688905916,0.12142705917358398,2.5409817695617676
0,45,0.8277384834871753,0.0532939139272437,0.17000484466552734,2.5409817695617676
0,46,0.8297300873334241,0.0463819868601113,0.08250832557678223,2.5409817695617676
0,47,0.8361376919954149,0.04371714349522171,0.13929343223571777,2.5409817695617676
0,48,0.8413546907220526,0.04205046361470555,0.13056349754333496,2.5409817695617676
0,49,0.8462847444528646,0.04871410444203028,0.132401704788208,2.5409817695617676
0,50,0.8496329424884298,0.048545424251043245,0.1020040512084961,2.5409817695617676
0,51,0.8570824693510721,0.048988273316196596,0.1928706169128418,2.5409817695617676
0,52,0.8593009847849071,0.04561087282259313,0.10238146781921387,2.5409817695617676
0,53,0.8634556532876821,0.052419425883264315,0.1285414695739746,2.5409817695617676
0,54,0.8692184957331814,0.06441274010265896,0.16775846481323242,2.5409817695617676
0,55,0.8708746701915853,0.05716498611488441,0.10145401954650879,2.5409817695617676
0,56,0.8745035521903495,0.06223961767366715,0.13394522666931152,2.5409817695617676
0,57,0.8783147109252517,0.07057033929691925,0.17727899551391602,2.5409817695617676
0,58,0.8797538416075825,0.08073973806529566,0.11832642555236816,2.5409817695617676
0,59,0.8812301726866881,0.07337742378809431,0.13163971900939941,2.5409817695617676
0,60,0.8829686332226376,0.08192843939618388,0.16638875007629395,2.5409817695617676
0,61,0.8834248364634634,0.08995902944892853,0.11281728744506836,2.5409817695617676
0,62,0.8839441596762461,0.07724109032403192,0.13352322578430176,2.5409817695617676
0,63,0.8855799185429731,0.08777850609103699,0.17292475700378418,2.5409817695617676
0,64,0.8865216261370374,0.07589137162265636,0.10946154594421387,2.5409817695617676
0,65,0.8881313826355618,0.07991184956224284,0.16456007957458496,2.5409817695617676
0,66,0.8890354157359548,0.08916130873724748,0.10837340354919434,2.5409817695617676
0,67,0.8910213033483028,0.08310860682713406,0.18608784675598145,2.5409817695617676
0,68,0.8915655645079698,0.07789887522218386,0.09055113792419434,2.5409817695617676
0,69,0.893722364096218,0.08437308561388546,0.1952526569366455,2.5409817695617676
0,70,0.8942436665831316,0.09619054055848675,0.08877372741699219,2.5409817695617676
0,71,0.896332393715749,0.09499999999999997,0.17722725868225098,2.5409817695617676
0,72,0.8967123527699564,0.09183577572030488,0.08316755294799805,2.5409817695617676
0,73,0.8989442459371868,0.07304463211935808,0.1803121566772461,2.5409817695617676
0,74,0.8991515012766407,0.08075010105996461,0.0847787857055664,2.5409817695617676
0,75,0.9014216666695404,0.08899999999999997,0.1968226432800293,2.5409817695617676
0,76,0.9015813278198125,0.06556366813310888,0.07991695404052734,2.5409817695617676
0,77,0.9024778598756857,0.07294487237575631,0.1340939998626709,2.5409817695617676
0,78,0.9039577772259876,0.08350020593148133,0.1520683765411377,2.5409817695617676
0,79,0.9054002714327137,0.07499152571421197,0.1554253101348877,2.5409817695617676
0,80,0.9057345213751458,0.07602856028193683,0.09118771553039551,2.5409817695617676
0,81,0.889607706741699,0.08000000000000007,0.34865331649780273,2.5409817695617676
0,82,0.8877242668002602,0.07850000000000001,0.2210063934326172,2.5409817695617676
0,83,0.887242901587793,0.07700000000000007,0.16382694244384766,2.5409817695617676
0,84,0.8863301230319818,0.07550000000000001,0.21835947036743164,2.5409817695617676
0,85,0.8862139933954961,0.07399999999999995,0.10007596015930176,2.5409817695617676
0,86,0.8867464903525478,0.07250000000000001,0.15178298950195312,2.5409817695617676
0,87,0.8868470990627327,0.07099999999999995,0.0933084487915039,2.5409817695617676
0,88,0.887280088171813,0.0695,0.10039925575256348,2.5409817695617676
0,89,0.8876457749737601,0.06800000000000006,0.10645604133605957,2.5409817695617676
0,90,0.888963740865558,0.0665,0.15770220756530762,2.5409817695617676
0,91,0.889262008819856,0.06500000000000006,0.11968398094177246,2.5409817695617676
0,92,0.8897711874651011,0.0635,0.10183477401733398,2.5409817695617676
0,93,0.890172911614497,0.062000000000000055,0.09450173377990723,2.5409817695617676
0,94,0.8917571800292929,0.0605,0.14768528938293457,2.5409817695617676
0,95,0.8922263331397841,0.05900000000000005,0.09680294990539551,2.5409817695617676
0,96,0.8926509385734038,0.057499999999999996,0.0814366340637207,2.5409817695617676
0,97,0.8930452315191286,0.05600000000000005,0.0822591781616211,2.5409817695617676
0,98,0.8947572645644037,0.05449999999999999,0.14599394798278809,2.5409817695617676
0,99,0.8955423922074928,0.05300000000000005,0.11482357978820801,2.5409817695617676
0,100,0.8962095012671142,0.05150000000000002,0.09064292907714844,2.5409817695617676
0,101,0.8973989481679805,0.050000000000000044,0.14081335067749023,2.5409817695617676
0,102,0.8989597837052813,0.04849999999999999,0.1478285789489746,2.5409817695617676
0,103,0.8994902062564996,0.04700000000000004,0.08858060836791992,2.5409817695617676
0,104,0.9006202872326474,0.04550000000000001,0.10599470138549805,2.5409817695617676
0,105,0.9014879080606422,0.04400000000000004,0.09595203399658203,2.5409817695617676
0,106,0.9030470011457564,0.04249999999999998,0.15284132957458496,2.5409817695617676
0,107,0.9047104502385344,0.041000000000000036,0.16372418403625488,2.5409817695617676
0,108,0.9054260830975556,0.039500000000000035,0.09412598609924316,2.5409817695617676
0,109,0.906613618735305,0.038000000000000034,0.11063432693481445,2.5409817695617676
0,110,0.9074849909576639,0.03650000000000003,0.09845757484436035,2.5409817695617676
0,111,0.9098661514794245,0.03500000000000003,0.22937726974487305,2.5409817695617676
0,112,0.9103813110127429,0.033499999999999974,0.09117412567138672,2.5409817695617676
0,113,0.9115806290301265,0.032000000000000084,0.12231636047363281,2.5409817695617676
0,114,0.9134564274790362,0.030500000000000083,0.24248147010803223,2.5409817695617676
0,115,0.9142300183183452,0.029000000000000026,0.10512018203735352,2.5409817695617676
0,116,0.9154211350602567,0.02750000000000008,0.12089729309082031,2.5409817695617676
0,117,0.9172604679459332,0.026000000000000023,0.24701809883117676,2.5409817695617676
0,118,0.9181334350615097,0.024500000000000077,0.11401057243347168,2.5409817695617676
0,119,0.9198888903590785,0.023000000000000076,0.2512166500091553,2.5409817695617676
0,120,0.9207580008042695,0.021500000000000075,0.11568069458007812,2.5409817695617676
0,121,0.87338801209544,0.020000000000000073,0.6172282695770264,2.5409817695617676
0,122,0.872585990443651,0.020000000000000046,0.26996946334838867,2.5409817695617676
0,123,0.8722524154270456,0.020000000000000073,0.18973040580749512,2.5409817695617676
0,124,0.8717796100829076,0.020000000000000073,0.19493842124938965,2.5409817695617676
0,125,0.8714821141631711,0.020000000000000018,0.14191222190856934,2.5409817695617676
0,126,0.8712713077646638,0.020000000000000018,0.11218619346618652,2.5409817695617676
0,127,0.8708403102471439,0.020000000000000018,0.18560338020324707,2.5409817695617676
0,128,0.8707093342314857,0.020000000000000073,0.09411311149597168,2.5409817695617676
0,129,0.8704849720531024,0.020000000000000018,0.11786007881164551,2.5409817695617676
0,130,0.8702839898412909,0.020000000000000018,0.09725475311279297,2.5409817695617676
0,131,0.8701866947682974,0.020000000000000018,0.09502410888671875,2.5409817695617676
0,132,0.8697596708993574,0.020000000000000018,0.14969515800476074,2.5409817695617676
0,133,0.8695875642242191,0.020000000000000018,0.1006002426147461,2.5409817695617676
0,134,0.869420594469382,0.020000000000000018,0.0740206241607666,2.5409817695617676
0,135,0.8693202382310077,0.020000000000000018,0.0837259292602539,2.5409817695617676
0,136,0.8690857804080752,0.020000000000000018,0.08157515525817871,2.5409817695617676
0,137,0.8689937455008461,0.020000000000000073,0.08239269256591797,2.5409817695617676
0,138,0.8687686865474574,0.020000000000000018,0.08394455909729004,2.5409817695617676
0,139,0.868671839420982,0.020000000000000073,0.07970237731933594,2.5409817695617676
0,140,0.8683716149380643,0.020000000000000018,0.13499832153320312,2.5409817695617676
0,141,0.8683126268479187,0.020000000000000073,0.061379194259643555,2.5409817695617676
0,142,0.868097154776544,0.020000000000000018,0.09493041038513184,2.5409817695617676
0,143,0.8680645062434909,0.020000000000000018,0.05777454376220703,2.5409817695617676
0,144,0.8678688067737237,0.020000000000000018,0.07365012168884277,2.5409817695617676
0,145,0.8677817061416091,0.020000000000000018,0.08244466781616211,2.5409817695617676
0,146,0.8675810605605672,0.020000000000000018,0.07641482353210449,2.5409817695617676
0,147,0.8675484649199469,0.020000000000000018,0.055783987045288086,2.5409817695617676
0,148,0.8673009008225149,0.020000000000000018,0.1031794548034668,2.5409817695617676
0,149,0.8672784088282789,0.020000000000000018,0.056015729904174805,2.5409817695617676
0,150,0.8671120489309543,0.020000000000000018,0.0810704231262207,2.5409817695617676
0,1,0.6081639924516341,0.20000000000000007,0.8285231590270996,2.534648895263672
0,2,0.6051952007074005,0.1985,0.11937785148620605,2.5409817695617676
0,3,0.6065777303077072,0.15683262558131206,0.10065770149230957,2.5409817695617676
0,4,0.6084654951612223,0.16884411900092255,0.08005380630493164,2.5409817695617676
0,5,0.6120021495101586,0.11864249526775572,0.08563780784606934,2.5409817695617676
0,6,0.6156181574594768,0.11819011322991468,0.08353757858276367,2.5409817695617676
0,7,0.6197278170093151,0.09142813186373278,0.09770393371582031,2.5409817695617676
0,8,0.6237567325986304,0.08184892061142113,0.0885932445526123,2.5409817695617676
0,9,0.6251403823974316,0.0937319669714699,0.05785322189331055,2.5409817695617676
0,10,0.6308475670053149,0.06924012233524712,0.11074519157409668,2.5409817695617676
0,11,0.6360929253407601,0.07380679195653317,0.10417890548706055,2.5409817695617676
0,12,0.6385661452181577,0.07728365814364424,0.0725545883178711,2.5409817695617676
0,13,0.643272587868376,0.044634345870412595,0.09160375595092773,2.5409817695617676
0,14,0.644466680690778,0.04968147194825456,0.057045936584472656,2.5409817695617676
0,15,0.6524016684963294,0.0440188917316614,0.12511396408081055,2.5409817695617676
0,16,0.653851385875141,0.04917918551554312,0.06270313262939453,2.5409817695617676
0,17,0.6606282689647447,0.04695793776593482,0.11963653564453125,2.5409817695617676
0,18,0.6645462078465421,0.045807289664481776,0.08806538581848145,2.5409817695617676
0,19,0.6668846630970366,0.03357593314252438,0.07366180419921875,2.5409817695617676
0,20,0.6722860248124127,0.03317783431812149,0.10338878631591797,2.5409817695617676
0,21,0.6780200688329452,0.03535280957653175,0.11405777931213379,2.5409817695617676
0,22,0.6808941366140224,0.031022671892836473,0.07464814186096191,2.5409817695617676
0,23,0.6862669100200869,0.030278869598969527,0.09813356399536133,2.5409817695617676
0,24,0.6894260314763365,0.03011336011833443,0.07592129707336426,2.5409817695617676
0,25,0.6948258376878582,0.03519534268556279,0.11085844039916992,2.5409817695617676
0,26,0.7005633416598097,0.026484557796766617,0.11666631698608398,2.5409817695617676
0,27,0.7033931121115691,0.027654891504354406,0.07543039321899414,2.5409817695617676
0,28,0.7083543677885517,0.024332802406615395,0.09260034561157227,2.5409817695617676
0,29,0.711615389482694,0.025501967558974936,0.07666850090026855,2.5409817695617676
0,30,0.7173379184481816,0.024656636429602252,0.1110074520111084,2.5409817695617676
0,31,0.723602129707295,0.0277980222352886,0.12630319595336914,2.5409817695617676
0,32,0.7267136708315725,0.02719303192975664,0.07775640487670898,2.5409817695617676
0,33,0.7321501207437139,0.021758857279175814,0.10027694702148438,2.5409817695617676
0,34,0.7359787233935837,0.025644655219715817,0.08542132377624512,2.5409817695617676
0,35,0.7417733792238379,0.023190644468056854,0.11892008781433105,2.5409817695617676
0,36,0.7474665303765794,0.023522616182260814,0.11646676063537598,2.5409817695617676
0,37,0.7509597584797223,0.023773155774356125,0.09032917022705078,2.5409817695617676
0,38,0.7566504703161776,0.024205938596747578,0.1084294319152832,2.5409817695617676
0,39,0.7607884214442304,0.02421085468381501,0.09155559539794922,2.5409817695617676
0,40,0.7662091097087802,0.024489715454959704,0.11643552780151367,2.5409817695617676
0,41,0.8069302740363105,0.14,0.2806093692779541,2.5409817695617676
0,42,0.8108236888096592,0.0966150797041555,0.10059237480163574,2.5409817695617676
0,43,0.8140877440533393,0.07405703218397464,0.11759448051452637,2.5409817695617676
0,44,0.8199476576748671,0.061493831583975256,0.12567734718322754,2.5409817695617676
0,45,0.8277546726423886,0.05338040279529388,0.1715693473815918,2.5409817695617676
0,46,0.8298239223733483,0.04647383700969476,0.08983159065246582,2.5409817695617676
0,47,0.8360306664944133,0.043875830430082696,0.14811182022094727,2.5409817695617676
0,48,0.8413065781283167,0.04191173348023847,0.13732576370239258,2.5409817695617676
0,49,0.8462969172872565,0.04865297028419591,0.1315748691558838,2.5409817695617676
0,50,0.8495855207897068,0.04956475982934372,0.10157132148742676,2.5409817695617676
0,51,0.856019056688148,0.048832216427732056,0.1705915927886963,2.5409817695617676
0,52,0.860427490554821,0.045830411261068904,0.14372467994689941,2.5409817695617676
0,53,0.8632263074623258,0.052781892932888486,0.10492157936096191,2.5409817695617676
0,54,0.8689222039994848,0.06295959034670073,0.168471097946167,2.5409817695617676
0,55,0.871761441584021,0.0567734799575943,0.12397933006286621,2.5409817695617676
0,56,0.8746667079380093,0.06300286007017242,0.12562322616577148,2.5409817695617676
0,57,0.8782452286465166,0.07055172458949233,0.1628429889678955,2.5409817695617676
0,58,0.8798283989733852,0.08098693568149495,0.11733102798461914,2.5409817695617676
0,59,0.8812708439930452,0.07306020807032154,0.1305990219116211,2.5409817695617676
0,60,0.8830554545536439,0.0826681323393953,0.1663956642150879,2.5409817695617676
0,61,0.8834547091450953,0.08995707538798114,0.10183596611022949,2.5409817695617676
0,62,0.8839821954067417,0.07710903542898884,0.11974716186523438,2.5409817695617676
0,63,0.8856027143896438,0.08759841981391947,0.17601227760314941,2.5409817695617676
0,64,0.8865564001721575,0.07729612727349322,0.10768461227416992,2.5409817695617676
0,65,0.8883566918609389,0.0803128906005055,0.1698136329650879,2.5409817695617676
0,66,0.8892289964324865,0.08969807630541904,0.11342430114746094,2.5409817695617676
0,67,0.890996566575216,0.0830015483344998,0.17990398406982422,2.5409817695617676
0,68,0.8918479926715803,0.07684071754060284,0.1065361499786377,2.5409817695617676
0,69,0.8933472581199281,0.08563262130992111,0.15420103073120117,2.5409817695617676
0,70,0.8946031449855012,0.09576356288908128,0.12241482734680176,2.5409817695617676
0,71,0.8960389937188913,0.09499999999999997,0.14828085899353027,2.5409817695617676
0,72,0.8971127132808302,0.09321464257888146,0.11949491500854492,2.5409817695617676
0,73,0.8985466782225867,0.0739989081138922,0.14539289474487305,2.5409817695617676
0,74,0.899754670494981,0.08226646644032154,0.14004278182983398,2.5409817695617676
0,75,0.901068363173159,0.08899999999999997,0.15253734588623047,2.5409817695617676
0,76,0.9018653166338069,0.06544325407880458,0.1242530345916748,2.5409817695617676
0,77,0.902231963720139,0.07518474898452365,0.09370088577270508,2.5409817695617676
0,78,0.9047079862105176,0.08450000000000002,0.21310091018676758,2.5409817695617676
0,79,0.9048957189994474,0.07784754437270158,0.08585047721862793,2.5409817695617676
0,80,0.9054941767351787,0.07565031747486595,0.11301469802856445,2.5409817695617676
0,81,0.8895726843853675,0.08000000000000007,0.3880891799926758,2.5409817695617676
0,82,0.88768732944761,0.07850000000000001,0.23575448989868164,2.5409817695617676
0,83,0.8872362247107193,0.07699999999999996,0.18496417999267578,2.5409817695617676
0,84,0.8863246667523657,0.07550000000000001,0.25055932998657227,2.5409817695617676
0,85,0.8862121181738672,0.07400000000000007,0.12458229064941406,2.5409817695617676
0,86,0.886724327937588,0.07250000000000001,0.16733837127685547,2.5409817695617676
0,87,0.8868678241376098,0.07100000000000006,0.10067248344421387,2.5409817695617676
0,88,0.8873494788488822,0.0695,0.09848737716674805,2.5409817695617676
0,89,0.8877106574279091,0.06800000000000006,0.09790253639221191,2.5409817695617676
0,90,0.8889496393104789,0.0665,0.14031338691711426,2.5409817695617676
0,91,0.8892515292865104,0.06500000000000006,0.08869409561157227,2.5409817695617676
0,92,0.889756566405133,0.0635,0.0913999080657959,2.5409817695617676
0,93,0.8901721948729411,0.062000000000000055,0.09107303619384766,2.5409817695617676
0,94,0.8917673866836094,0.0605,0.14300918579101562,2.5409817695617676
0,95,0.8921946663781214,0.05900000000000005,0.08799600601196289,2.5409817695617676
0,96,0.8927193853384117,0.057499999999999996,0.08386588096618652,2.5409817695617676
0,97,0.8931425195734954,0.05600000000000005,0.08755683898925781,2.5409817695617676
0,98,0.8947334235412774,0.05449999999999999,0.14479398727416992,2.5409817695617676
0,99,0.8955164433782048,0.05300000000000005,0.10777044296264648,2.5409817695617676
0,100,0.8961751329232861,0.05150000000000002,0.09226608276367188,2.5409817695617676
0,101,0.8973818670065388,0.050000000000000044,0.14690947532653809,2.5409817695617676
0,102,0.8989771450667221,0.048500000000000015,0.1543560028076172,2.5409817695617676
0,103,0.8995126329077532,0.04700000000000004,0.0887308120727539,2.5409817695617676
0,104,0.9006674792967552,0.04550000000000004,0.10440230369567871,2.5409817695617676
0,105,0.9015418059479134,0.04400000000000004,0.09743380546569824,2.5409817695617676
0,106,0.9031047159599206,0.04249999999999998,0.15626001358032227,2.5409817695617676
0,107,0.9047465550320356,0.041000000000000036,0.16366791725158691,2.5409817695617676
0,108,0.9054399943568916,0.03950000000000001,0.0959010124206543,2.5409817695617676
0,109,0.9066336859668401,0.038000000000000034,0.1094059944152832,2.5409817695617676
0,110,0.9075285773595791,0.03650000000000003,0.1009523868560791,2.5409817695617676
0,111,0.9098877782815409,0.03500000000000003,0.2292172908782959,2.5409817695617676
0,112,0.9103954647886509,0.033499999999999974,0.0885307788848877,2.5409817695617676
0,113,0.9115936158755388,0.03200000000000003,0.11831116676330566,2.5409817695617676
0,114,0.9134775657661555,0.030500000000000083,0.24510598182678223,2.5409817695617676
0,115,0.914252512068864,0.029000000000000026,0.10339188575744629,2.5409817695617676
0,116,0.9154578686460961,0.02750000000000008,0.12317657470703125,2.5409817695617676
0,117,0.9172863954466011,0.02600000000000008,0.24414992332458496,2.5409817695617676
0,118,0.9181665312095643,0.024500000000000077,0.11945891380310059,2.5409817695617676
0,119,0.9199172874650574,0.023000000000000076,0.2561609745025635,2.5409817695617676
0,120,0.92078666654883,0.021500000000000075,0.11937952041625977,2.5409817695617676
0,121,0.8734197911191794,0.020000000000000073,0.6209657192230225,2.5409817695617676
0,122,0.872628976363768,0.020000000000000046,0.2512223720550537,2.5409817695617676
0,123,0.8722907073097261,0.020000000000000018,0.17029309272766113,2.5409817695617676
0,124,0.8717790207636853,0.020000000000000073,0.2089395523071289,2.5409817695617676
0,125,0.8715456771593273,0.020000000000000018,0.12775301933288574,2.5409817695617676
0,126,0.8713228020658927,0.020000000000000018,0.11192607879638672,2.5409817695617676
0,127,0.8708621926402983,0.020000000000000018,0.1979846954345703,2.5409817695617676
0,128,0.8707271994505112,0.020000000000000018,0.08997821807861328,2.5409817695617676
0,129,0.8705151460734777,0.020000000000000018,0.11409521102905273,2.5409817695617676
0,130,0.8703131698029098,0.020000000000000018,0.09182310104370117,2.5409817695617676
0,131,0.8702126270218118,0.020000000000000018,0.09274673461914062,2.5409817695617676
0,132,0.869766237156183,0.020000000000000073,0.16087079048156738,2.5409817695617676
0,133,0.8696007910847735,0.020000000000000018,0.09894704818725586,2.5409817695617676
0,134,0.8694313019062102,0.020000000000000018,0.07711124420166016,2.5409817695617676
0,135,0.8693265885268073,0.020000000000000018,0.10608530044555664,2.5409817695617676
0,136,0.8690973124797612,0.020000000000000018,0.08708381652832031,2.5409817695617676
0,137,0.8690115751614389,0.020000000000000073,0.0858011245727539,2.5409817695617676
0,138,0.8687847430642,0.020000000000000073,0.08235812187194824,2.5409817695617676
0,139,0.868738938754324,0.020000000000000018,0.059541940689086914,2.5409817695617676
0,140,0.8684679896439426,0.020000000000000018,0.11386919021606445,2.5409817695617676
0,141,0.868433365352103,0.020000000000000018,0.07374167442321777,2.5409817695617676
0,142,0.8681110917209524,0.020000000000000018,0.16179704666137695,2.5409817695617676
0,143,0.8680161434062246,0.020000000000000018,0.08323311805725098,2.5409817695617676
0,144,0.8678551002098811,0.020000000000000018,0.07137346267700195,2.5409817695617676
0,145,0.8678149106692334,0.020000000000000018,0.05809330940246582,2.5409817695617676
0,146,0.8675874776050384,0.020000000000000018,0.0988929271697998,2.5409817695617676
0,147,0.8675561386245199,0.020000000000000018,0.056490182876586914,2.5409817695617676
0,148,0.8673637388008982,0.020000000000000018,0.07743239402770996,2.5409817695617676
0,149,0.8672652730618624,0.020000000000000018,0.07971954345703125,2.5409817695617676
0,150,0.867105990577347,0.020000000000000018,0.07523679733276367,2.5409817695617676
0,1,0.6248027005767828,0.20000000000000007,0.7973525524139404,2.534648895263672
0,2,0.6218524185167571,0.1985,0.11408209800720215,2.5409817695617676
0,3,0.623614918871209,0.18240375315288804,0.11133837699890137,2.5409817695617676
0,4,0.6258193294450838,0.1536369524772614,0.08513689041137695,2.5409817695617676
0,5,0.6295646599353069,0.12987619550036011,0.08958101272583008,2.5409817695617676
0,6,0.6336642809150412,0.11917486379010434,0.08865141868591309,2.5409817695617676
0,7,0.6381213202318943,0.09398921399367677,0.09446930885314941,2.5409817695617676
0,8,0.6428463890051967,0.07050881155539701,0.09283041954040527,2.5409817695617676
0,9,0.6471826042371293,0.08223175346423828,0.09110665321350098,2.5409817695617676
0,10,0.6498156282892504,0.08685112338086154,0.07136702537536621,2.5409817695617676
0,11,0.6550255424818645,0.06443605647927253,0.10062694549560547,2.5409817695617676
0,12,0.6605247336300918,0.06713979072368936,0.10009479522705078,2.5409817695617676
0,13,0.6638011014012073,0.07128915204838548,0.07709479331970215,2.5409817695617676
0,14,0.668981016144298,0.05438108885027104,0.10122990608215332,2.5409817695617676
0,15,0.6723099912117911,0.0402333037789786,0.07204246520996094,2.5409817695617676
0,16,0.6777652757135365,0.04499480100248765,0.10709428787231445,2.5409817695617676
0,17,0.6840463808375612,0.0419575158500376,0.11686205863952637,2.5409817695617676
0,18,0.6873331364034676,0.04300644398403086,0.09350824356079102,2.5409817695617676
0,19,0.6927554189972769,0.04384930361742867,0.10225272178649902,2.5409817695617676
0,20,0.6962797064974184,0.042740722598768044,0.07928609848022461,2.5409817695617676
0,21,0.702164403687974,0.04129893940441176,0.11077022552490234,2.5409817695617676
0,22,0.7084729339048014,0.03412580859153258,0.12802839279174805,2.5409817695617676
0,23,0.711910023262428,0.03422404857389516,0.09115386009216309,2.5409817695617676
0,24,0.7173917840974255,0.03152504267681944,0.10184192657470703,2.5409817695617676
0,25,0.7212556794259672,0.027347401207960753,0.08306217193603516,2.5409817695617676
0,26,0.7274444460618471,0.026705303569185657,0.11254262924194336,2.5409817695617676
0,27,0.7336996714554006,0.02888935472185883,0.1149907112121582,2.5409817695617676
0,28,0.737278300045089,0.027057994583181477,0.08263373374938965,2.5409817695617676
0,29,0.7430360968214583,0.028300800018559613,0.09546232223510742,2.5409817695617676
0,30,0.7472356363794901,0.02824575623125858,0.08320426940917969,2.5409817695617676
0,31,0.7533909735257662,0.02640204944458535,0.11522173881530762,2.5409817695617676
0,32,0.7598746064171733,0.02904791846524457,0.1185760498046875,2.5409817695617676
0,33,0.7636656878434214,0.024093666990872342,0.08369898796081543,2.5409817695617676
0,34,0.7696435096882623,0.023185693597896795,0.10003352165222168,2.5409817695617676
0,35,0.7739618574044997,0.025208832068420284,0.08625531196594238,2.5409817695617676
0,36,0.7804216392158211,0.027116809975629597,0.12464499473571777,2.5409817695617676
0,37,0.7868270190970357,0.026221619530763296,0.12015342712402344,2.5409817695617676
0,38,0.7909667201736008,0.028154156114979956,0.08617043495178223,2.5409817695617676
0,39,0.7947473631200386,0.025875264260704967,0.08341717720031738,2.5409817695617676
0,40,0.8042603264250338,0.025486855251775076,0.147003173828125,2.5409817695617676
0,41,0.8555663658258365,0.14,0.3046126365661621,2.5409817695617676
0,42,0.859911744177534,0.10309044971043402,0.11208391189575195,2.5409817695617676
0,43,0.8640391308374495,0.08101407378361991,0.117767333984375,2.5409817695617676
0,44,0.871355896369301,0.06763401328320706,0.15068912506103516,2.5409817695617676
0,45,0.8762550305198953,0.056115781845541446,0.12063789367675781,2.5409817695617676
0,46,0.8816366487949998,0.056422555088955884,0.1295943260192871,2.5409817695617676
0,47,0.8872635684396993,0.058549661380325024,0.13409113883972168,2.5409817695617676
0,48,0.8908938815377161,0.0515036073456725,0.10173153877258301,2.5409817695617676
0,49,0.898628244287612,0.053860621033862466,0.17939066886901855,2.5409817695617676
0,50,0.9010143186077056,0.05546576577950757,0.09859204292297363,2.5409817695617676
0,51,0.9052678827869534,0.06374696554078962,0.12807846069335938,2.5409817695617676
0,52,0.9110749703351977,0.0729132019954789,0.17339277267456055,2.5409817695617676
0,53,0.9134567258347509,0.06604965850546118,0.12207722663879395,2.5409817695617676
0,54,0.9164145536300982,0.06741293816532234,0.1357564926147461,2.5409817695617676
0,55,0.9201888485322607,0.06988763019831046,0.17876839637756348,2.5409817695617676
0,56,0.9216854119964195,0.08051947560776285,0.1330888271331787,2.5409817695617676
0,57,0.9227653763875935,0.09257779311955117,0.14202475547790527,2.5409817695617676
0,58,0.9246887227368669,0.094527037531288,0.1809556484222412,2.5409817695617676
0,59,0.9245413571361394,0.07788768449287531,0.12150263786315918,2.5409817695617676
0,60,0.9237446304111805,0.08985442716251624,0.13349080085754395,2.5409817695617676
0,61,0.9246144802737485,0.09918832398975808,0.17426633834838867,2.5409817695617676
0,62,0.9245277740576745,0.09327175712163438,0.11284470558166504,2.5409817695617676
0,63,0.9254634816830196,0.10302516457236566,0.1955549716949463,2.5409817695617676
0,64,0.9259148173570964,0.09966141881468282,0.11274218559265137,2.5409817695617676
0,65,0.9273428164935151,0.07588185320897856,0.18210244178771973,2.5409817695617676
0,66,0.9277221927442502,0.08149226392952957,0.0870673656463623,2.5409817695617676
0,67,0.9295856118972942,0.094514087819764,0.1948685646057129,2.5409817695617676
0,68,0.9298625899090259,0.09950000000000003,0.09492230415344238,2.5409817695617676
0,69,0.9314663978801372,0.09799999999999998,0.19400620460510254,2.5409817695617676
0,70,0.9317025509908039,0.09010964403395882,0.0957334041595459,2.5409817695617676
0,71,0.9337726585317182,0.09499999999999997,0.19954633712768555,2.5409817695617676
0,72,0.9338954427223536,0.09072425792617855,0.08305573463439941,2.5409817695617676
0,73,0.9348478658577641,0.09199999999999997,0.14863109588623047,2.5409817695617676
0,74,0.9362564231948254,0.06957105504757943,0.1532139778137207,2.5409817695617676
0,75,0.9373980647153175,0.0613783366890025,0.14331436157226562,2.5409817695617676
0,76,0.9376157542276773,0.06473777641206635,0.08423733711242676,2.5409817695617676
0,77,0.939265612132825,0.07174412885781989,0.17174267768859863,2.5409817695617676
0,78,0.9393983665434125,0.07922903966204498,0.06980609893798828,2.5409817695617676
0,79,0.9416962639396596,0.06332140628850047,0.18380975723266602,2.5409817695617676
0,80,0.9419147564029713,0.06865354524076217,0.08038902282714844,2.5409817695617676
0,81,0.9270780548562588,0.08000000000000007,0.3495509624481201,2.5409817695617676
0,82,0.9252181147623433,0.07850000000000007,0.27701473236083984,2.5409817695617676
0,83,0.9245943446829168,0.07700000000000007,0.2528960704803467,2.5409817695617676
0,84,0.9248979485465105,0.07550000000000001,0.15949201583862305,2.5409817695617676
0,85,0.9246669504031866,0.07400000000000007,0.1791982650756836,2.5409817695617676
0,86,0.9256555390408865,0.07250000000000001,0.15462851524353027,2.5409817695617676
0,87,0.9260355704720531,0.07099999999999995,0.09499764442443848,2.5409817695617676
0,88,0.9272632514305151,0.0695,0.13809847831726074,2.5409817695617676
0,89,0.9273842564546493,0.06800000000000006,0.06803607940673828,2.5409817695617676
0,90,0.9291621028934716,0.0665,0.1441352367401123,2.5409817695617676
0,91,0.9292545518349941,0.06500000000000006,0.0633385181427002,2.5409817695617676
0,92,0.9301964316359681,0.06350000000000006,0.10239768028259277,2.5409817695617676
0,93,0.9317552449085125,0.062000000000000055,0.1373608112335205,2.5409817695617676
0,94,0.9324508949239887,0.060500000000000054,0.08662819862365723,2.5409817695617676
0,95,0.9330725467802772,0.05900000000000005,0.08137202262878418,2.5409817695617676
0,96,0.9338899416943859,0.057499999999999996,0.08431458473205566,2.5409817695617676
0,97,0.9356143497604881,0.05600000000000005,0.14757776260375977,2.5409817695617676
0,98,0.9365900730864333,0.05449999999999999,0.0882570743560791,2.5409817695617676
0,99,0.9374340520901676,0.05300000000000005,0.08584928512573242,2.5409817695617676
0,100,0.9390087762042768,0.05149999999999999,0.1476433277130127,2.5409817695617676
0,101,0.9409491017702023,0.050000000000000044,0.16141295433044434,2.5409817695617676
0,102,0.9417141970852947,0.04849999999999999,0.08904099464416504,2.5409817695617676
0,103,0.9431014826572022,0.04700000000000004,0.10463333129882812,2.5409817695617676
0,104,0.9440124364461715,0.045499999999999985,0.09362030029296875,2.5409817695617676
0,105,0.9460032025143614,0.04400000000000004,0.16102027893066406,2.5409817695617676
0,106,0.9479703706157598,0.04249999999999998,0.17020916938781738,2.5409817695617676
0,107,0.9489170895117078,0.041000000000000036,0.0948939323425293,2.5409817695617676
0,108,0.950262749202117,0.03949999999999998,0.10381793975830078,2.5409817695617676
0,109,0.9524105825924469,0.038000000000000034,0.17948007583618164,2.5409817695617676
0,110,0.9537905933533368,0.03649999999999998,0.15411591529846191,2.5409817695617676
0,111,0.9547035826044552,0.03500000000000009,0.09412312507629395,2.5409817695617676
0,112,0.9567747346352282,0.033499999999999974,0.18079376220703125,2.5409817695617676
0,113,0.9581615660736436,0.03200000000000003,0.16798686981201172,2.5409817695617676
0,114,0.9592312883438261,0.030500000000000083,0.11971092224121094,2.5409817695617676
0,115,0.9612249365692317,0.029000000000000026,0.19168353080749512,2.5409817695617676
0,116,0.9626109852176313,0.02750000000000008,0.17554426193237305,2.5409817695617676
0,117,0.964183665396485,0.026000000000000023,0.1841433048248291,2.5409817695617676
0,118,0.9655911259508299,0.024500000000000077,0.17607402801513672,2.5409817695617676
0,119,0.967150680133189,0.02300000000000002,0.18453168869018555,2.5409817695617676
0,120,0.9685608848605536,0.021500000000000075,0.18347907066345215,2.5409817695617676
0,121,0.9193390636437897,0.020000000000000018,0.6337347030639648,2.5409817695617676
0,122,0.9185430903784857,0.020000000000000018,0.2598433494567871,2.5409817695617676
0,123,0.9181571040620276,0.020000000000000073,0.23584604263305664,2.5409817695617676
0,124,0.9178570997412723,0.020000000000000018,0.12019467353820801,2.5409817695617676
0,125,0.9172774963678378,0.020000000000000018,0.21409130096435547,2.5409817695617676
0,126,0.9170997525704285,0.020000000000000018,0.09463953971862793,2.5409817695617676
0,127,0.9168297930044669,0.020000000000000018,0.13180017471313477,2.5409817695617676
0,128,0.9164851047460268,0.020000000000000018,0.1365201473236084,2.5409817695617676
0,129,0.916311158973812,0.020000000000000018,0.11429286003112793,2.5409817695617676
0,130,0.9160939899376397,0.020000000000000073,0.09615397453308105,2.5409817695617676
0,131,0.9156577322514083,0.020000000000000018,0.18765473365783691,2.5409817695617676
0,132,0.9155177277785144,0.020000000000000018,0.08309316635131836,2.5409817695617676
0,133,0.9152891953183335,0.020000000000000018,0.11244678497314453,2.5409817695617676
0,134,0.9152348090186061,0.020000000000000073,0.061586856842041016,2.5409817695617676
0,135,0.914960651132234,0.020000000000000018,0.09694743156433105,2.5409817695617676
0,136,0.9149076502973864,0.020000000000000018,0.06518721580505371,2.5409817695617676
0,137,0.914497972882675,0.020000000000000018,0.15104031562805176,2.5409817695617676
0,138,0.914455088862415,0.020000000000000018,0.06546306610107422,2.5409817695617676
0,139,0.9143048635635116,0.020000000000000018,0.0864109992980957,2.5409817695617676
0,140,0.9142220485433694,0.020000000000000018,0.07815289497375488,2.5409817695617676
0,141,0.9139275139717633,0.020000000000000018,0.10814523696899414,2.5409817695617676
0,142,0.913788386541561,0.020000000000000018,0.08747982978820801,2.5409817695617676
0,143,0.9136849578908368,0.020000000000000018,0.06885337829589844,2.5409817695617676
0,144,0.9136411696676128,0.020000000000000018,0.05857515335083008,2.5409817695617676
0,145,0.913177719254043,0.020000000000000018,0.15370535850524902,2.5409817695617676
0,146,0.9131428540751346,0.020000000000000018,0.05822181701660156,2.5409817695617676
0,147,0.9130329830138844,0.020000000000000018,0.07916975021362305,2.5409817695617676
0,148,0.9130042948408292,0.020000000000000018,0.05443859100341797,2.5409817695617676
0,149,0.9127549077046624,0.020000000000000073,0.09361886978149414,2.5409817695617676
0,150,0.9127326868881721,0.020000000000000018,0.05313253402709961,2.5409817695617676
0,1,0.6248304886881999,0.20000000000000007,0.8013081550598145,2.534648895263672
0,2,0.6217742803421116,0.1985,0.11313295364379883,2.5409817695617676
0,3,0.6235434417731072,0.18008631545389087,0.10082817077636719,2.5409817695617676
0,4,0.6257132303095214,0.15006964006603196,0.0792996883392334,2.5409817695617676
0,5,0.6297834565410729,0.13234613850217203,0.09508180618286133,2.5409817695617676
0,6,0.6341502427114761,0.11748229879592942,0.09101533889770508,2.5409817695617676
0,7,0.6376107484291128,0.10341231204181744,0.08423590660095215,2.5409817695617676
0,8,0.642157299960303,0.07044421531820833,0.09585309028625488,2.5409817695617676
0,9,0.6473462463686421,0.08023694438664886,0.09796595573425293,2.5409817695617676
0,10,0.6503490911089662,0.0861184532162157,0.07709479331970215,2.5409817695617676
0,11,0.6536211858539991,0.06459260486360419,0.07938623428344727,2.5409817695617676
0,12,0.6593311366418255,0.0646898528359432,0.09831118583679199,2.5409817695617676
0,13,0.6653907832802959,0.07043251787280802,0.10478568077087402,2.5409817695617676
0,14,0.6684671592723538,0.056389303402306634,0.07750439643859863,2.5409817695617676
0,15,0.6710286194802741,0.04508624909336689,0.06582951545715332,2.5409817695617676
0,16,0.6795632872897015,0.03965156311597062,0.12514376640319824,2.5409817695617676
0,17,0.6809923904700155,0.04685381829236279,0.05722212791442871,2.5409817695617676
0,18,0.6884106347493901,0.040216289644227965,0.11925959587097168,2.5409817695617676
0,19,0.6923411837435716,0.04486384705415791,0.07890105247497559,2.5409817695617676
0,20,0.6955188239863428,0.043993850188068895,0.07423615455627441,2.5409817695617676
0,21,0.7018540364778156,0.03602458323321589,0.11392426490783691,2.5409817695617676
0,22,0.7083724036644169,0.03905289530333067,0.1168220043182373,2.5409817695617676
0,23,0.7116179711811914,0.03429041999920157,0.07436490058898926,2.5409817695617676
0,24,0.7171303417456837,0.029324195545035736,0.09202885627746582,2.5409817695617676
0,25,0.7213084700730474,0.026513502142359813,0.08614873886108398,2.5409817695617676
0,26,0.7274466615765658,0.025714507949439747,0.12013673782348633,2.5409817695617676
0,27,0.7338812336783538,0.02726768867484497,0.11854290962219238,2.5409817695617676
0,28,0.7371529671064565,0.02840883101175995,0.07863974571228027,2.5409817695617676
0,29,0.7430016995373854,0.02690857412670511,0.09613943099975586,2.5409817695617676
0,30,0.7473622934494689,0.028029640315090476,0.08248114585876465,2.5409817695617676
0,31,0.753276119844539,0.026279372283997793,0.1075284481048584,2.5409817695617676
0,32,0.7600440944661796,0.028143759946309133,0.11888551712036133,2.5409817695617676
0,33,0.7635767478837058,0.02966574731157412,0.08237671852111816,2.5409817695617676
0,34,0.7702110654243192,0.02102071731738875,0.10715532302856445,2.5409817695617676
0,35,0.7747582299998633,0.023693406267489725,0.09067177772521973,2.5409817695617676
0,36,0.7809238980820112,0.025785572836906412,0.12677502632141113,2.5409817695617676
0,37,0.7872618486301647,0.02499413070112022,0.12777256965637207,2.5409817695617676
0,38,0.7908330065091992,0.026319429986977005,0.0893239974975586,2.5409817695617676
0,39,0.7973532291968068,0.024101164764089633,0.12438106536865234,2.5409817695617676
0,40,0.8020991538325348,0.0272203824148588,0.09623885154724121,2.5409817695617676
0,41,0.8558502579078403,0.14,0.3115267753601074,2.5409817695617676
0,42,0.8601952157759989,0.10279989800252853,0.10805583000183105,2.5409817695617676
0,43,0.8644218608786094,0.08096460126990745,0.11377334594726562,2.5409817695617676
0,44,0.870712359936153,0.06722313924769285,0.12245368957519531,2.5409817695617676
0,45,0.8784040005775613,0.05710453716794528,0.15682554244995117,2.5409817695617676
0,46,0.8805013990903018,0.055471312634837844,0.08550572395324707,2.5409817695617676
0,47,0.8875954111242323,0.05603086146039582,0.14867210388183594,2.5409817695617676
0,48,0.8930124668029649,0.04904420163608325,0.131026029586792,2.5409817695617676
0,49,0.8969234276607432,0.05192196649493741,0.11412668228149414,2.5409817695617676
0,50,0.9024729860311579,0.05865750405251002,0.14103007316589355,2.5409817695617676
0,51,0.9069850353680027,0.059613746682476765,0.13996553421020508,2.5409817695617676
0,52,0.9114732529593432,0.06992459562280895,0.1455984115600586,2.5409817695617676
0,53,0.9142938353945704,0.06255889417082416,0.12142801284790039,2.5409817695617676
0,54,0.9185772504357275,0.06389797978924516,0.16081976890563965,2.5409817695617676
0,55,0.9207070236187658,0.07317687600038925,0.12435579299926758,2.5409817695617676
0,56,0.9227561396971286,0.07639456365121677,0.13674497604370117,2.5409817695617676
0,57,0.9255599609663714,0.08663635951374027,0.18123364448547363,2.5409817695617676
0,58,0.9260012380555527,0.0888361220083137,0.12641334533691406,2.5409817695617676
0,59,0.9258439959827374,0.08665811944960178,0.1374979019165039,2.5409817695617676
0,60,0.9268839981591102,0.08396715884182293,0.17176198959350586,2.5409817695617676
0,61,0.9263892845459896,0.0942373375180735,0.11861467361450195,2.5409817695617676
0,62,0.9265257244974549,0.09045334995432797,0.1728520393371582,2.5409817695617676
0,63,0.9266790619786334,0.10012140985582163,0.11799764633178711,2.5409817695617676
0,64,0.9277983583499145,0.09478389177469082,0.17537546157836914,2.5409817695617676
0,65,0.9282441931307274,0.07430884624385392,0.1151738166809082,2.5409817695617676
0,66,0.9297322743094649,0.08030726342385885,0.17816781997680664,2.5409817695617676
0,67,0.9300499675941074,0.09494439617081796,0.08660721778869629,2.5409817695617676
0,68,0.9317614969882941,0.09950000000000003,0.19602084159851074,2.5409817695617676
0,69,0.9320298290182366,0.09799999999999998,0.08997035026550293,2.5409817695617676
0,70,0.9336446407973285,0.09650000000000003,0.20113372802734375,2.5409817695617676
0,71,0.9338867588247217,0.09499999999999997,0.08904361724853516,2.5409817695617676
0,72,0.9355189019427723,0.08735256990426676,0.18569016456604004,2.5409817695617676
0,73,0.9355966907189122,0.09199999999999997,0.08030414581298828,2.5409817695617676
0,74,0.9369871985447944,0.08110769254437622,0.15982842445373535,2.5409817695617676
0,75,0.9383594848904155,0.059912331339092795,0.14251041412353516,2.5409817695617676
0,76,0.9386892295736965,0.06152863593972879,0.10853862762451172,2.5409817695617676
0,77,0.9389299661276165,0.06850128626011653,0.09133005142211914,2.5409817695617676
0,78,0.9408732641599765,0.07606619789002411,0.17480826377868652,2.5409817695617676
0,79,0.9410022481893409,0.08299999999999996,0.07031965255737305,2.5409817695617676
0,80,0.9432480698838703,0.06785844625533544,0.1781024932861328,2.5409817695617676
0,81,0.9277465667230806,0.08000000000000007,0.3446662425994873,2.5409817695617676
0,82,0.9257814407437642,0.07850000000000007,0.2475125789642334,2.5409817695617676
0,83,0.9250708839534703,0.07699999999999996,0.25573253631591797,2.5409817695617676
0,84,0.9253310258579016,0.07550000000000001,0.15732192993164062,2.5409817695617676
0,85,0.9250441092233872,0.07399999999999995,0.1812906265258789,2.5409817695617676
0,86,0.9259532365009617,0.07250000000000001,0.1444394588470459,2.5409817695617676
0,87,0.9263053331393315,0.07100000000000006,0.09678339958190918,2.5409817695617676
0,88,0.927285816588403,0.0695,0.13109636306762695,2.5409817695617676
0,89,0.9279322228647116,0.06800000000000006,0.09766316413879395,2.5409817695617676
0,90,0.9291068988692499,0.0665,0.12242269515991211,2.5409817695617676
0,91,0.9297510062737329,0.06500000000000006,0.09026455879211426,2.5409817695617676
0,92,0.9300162783965633,0.06350000000000006,0.07478475570678711,2.5409817695617676
0,93,0.9321187687267216,0.062000000000000055,0.16712284088134766,2.5409817695617676
0,94,0.9321812029382406,0.060500000000000054,0.06316018104553223,2.5409817695617676
0,95,0.9334113913085714,0.05900000000000005,0.10645866394042969,2.5409817695617676
0,96,0.9335069911964873,0.057499999999999996,0.06510376930236816,2.5409817695617676
0,97,0.9359851937719803,0.05600000000000005,0.17690515518188477,2.5409817695617676
0,98,0.9361465251273122,0.05449999999999999,0.07030963897705078,2.5409817695617676
0,99,0.9380389995743836,0.05300000000000005,0.13633155822753906,2.5409817695617676
0,100,0.9382658705685292,0.05149999999999999,0.08299064636230469,2.5409817695617676
0,101,0.9413371754616058,0.050000000000000044,0.22562479972839355,2.5409817695617676
0,102,0.9418364940491777,0.04849999999999999,0.0841524600982666,2.5409817695617676
0,103,0.9429526762960551,0.04700000000000004,0.09165811538696289,2.5409817695617676
0,104,0.9445437938853407,0.045499999999999985,0.1114661693572998,2.5409817695617676
0,105,0.9459838529354414,0.04400000000000004,0.14223504066467285,2.5409817695617676
0,106,0.9479584263262179,0.04249999999999998,0.16939043998718262,2.5409817695617676
0,107,0.9488961076740241,0.041000000000000036,0.0949866771697998,2.5409817695617676
0,108,0.9503379710665933,0.03949999999999998,0.11671948432922363,2.5409817695617676
0,109,0.9524528934255504,0.038000000000000034,0.17679286003112793,2.5409817695617676
0,110,0.953869539625058,0.03649999999999998,0.1483936309814453,2.5409817695617676
0,111,0.9546820098947244,0.03500000000000003,0.09067988395690918,2.5409817695617676
0,112,0.9567643403675096,0.033499999999999974,0.18217921257019043,2.5409817695617676
0,113,0.958153762832877,0.03200000000000003,0.16949677467346191,2.5409817695617676
0,114,0.9592175495663473,0.030500000000000083,0.10268449783325195,2.5409817695617676
0,115,0.9612064053550637,0.029000000000000026,0.18488788604736328,2.5409817695617676
0,116,0.9625870603954224,0.02750000000000008,0.17595672607421875,2.5409817695617676
0,117,0.9641599735533587,0.026000000000000023,0.17938947677612305,2.5409817695617676
0,118,0.9654430751799883,0.024500000000000077,0.13223671913146973,2.5409817695617676
0,119,0.9673516273448399,0.02300000000000002,0.24763941764831543,2.5409817695617676
0,120,0.9683344982231537,0.021500000000000075,0.11701011657714844,2.5409817695617676
0,121,0.9192571599020007,0.020000000000000073,0.6407468318939209,2.5409817695617676
0,122,0.9184625678084202,0.020000000000000018,0.2747054100036621,2.5409817695617676
0,123,0.9180628026362653,0.020000000000000018,0.2587449550628662,2.5409817695617676
0,124,0.9177661126155883,0.020000000000000018,0.11862516403198242,2.5409817695617676
0,125,0.9172044622643523,0.020000000000000018,0.2097468376159668,2.5409817695617676
0,126,0.9170239412386736,0.020000000000000018,0.09170317649841309,2.5409817695617676
0,127,0.9167592883965952,0.020000000000000018,0.12218689918518066,2.5409817695617676
0,128,0.9164021348411766,0.020000000000000018,0.11911535263061523,2.5409817695617676
0,129,0.9162237557827582,0.020000000000000073,0.10928130149841309,2.5409817695617676
0,130,0.916005587392642,0.020000000000000073,0.09053945541381836,2.5409817695617676
0,131,0.9155732854934248,0.020000000000000073,0.1771540641784668,2.5409817695617676
0,132,0.9154312606024493,0.020000000000000018,0.07654285430908203,2.5409817695617676
0,133,0.9151942790941685,0.020000000000000018,0.10561108589172363,2.5409817695617676
0,134,0.9151377713829588,0.020000000000000018,0.06166648864746094,2.5409817695617676
0,135,0.914836366197228,0.020000000000000018,0.11158871650695801,2.5409817695617676
0,136,0.9147818675042526,0.020000000000000018,0.06801199913024902,2.5409817695617676
0,137,0.9144074780154309,0.020000000000000018,0.1361086368560791,2.5409817695617676
0,138,0.914368670743615,0.020000000000000018,0.06123661994934082,2.5409817695617676
0,139,0.9142102091231971,0.020000000000000018,0.08275794982910156,2.5409817695617676
0,140,0.9141130307442891,0.020000000000000018,0.07587933540344238,2.5409817695617676
0,141,0.9138205382822373,0.020000000000000018,0.10279679298400879,2.5409817695617676
0,142,0.913673199289297,0.020000000000000018,0.08678627014160156,2.5409817695617676
0,143,0.9135590060051624,0.020000000000000018,0.07087469100952148,2.5409817695617676
0,144,0.9135166947991422,0.020000000000000018,0.0579380989074707,2.5409817695617676
0,145,0.913111671783752,0.020000000000000018,0.1365525722503662,2.5409817695617676
0,146,0.9130817302906857,0.020000000000000018,0.05706167221069336,2.5409817695617676
0,147,0.9127821999364827,0.020000000000000018,0.11664628982543945,2.5409817695617676
0,148,0.9127588668198189,0.020000000000000018,0.05395197868347168,2.5409817695617676
0,149,0.9126237290270199,0.020000000000000018,0.08269238471984863,2.5409817695617676
0,150,0.9125995538741205,0.020000000000000073,0.053125858306884766,2.5409817695617676
0,1,0.6248382959525923,0.20000000000000007,0.8159146308898926,2.534648895263672
0,2,0.6217502870747438,0.1985,0.11478757858276367,2.5409817695617676
0,3,0.6235266881327968,0.17896077115048104,0.10252189636230469,2.5409817695617676
0,4,0.6257458588565725,0.14796577690716062,0.08034896850585938,2.5409817695617676
0,5,0.6293770378114036,0.1339909578732572,0.08230710029602051,2.5409817695617676
0,6,0.633396671546496,0.11245358010393025,0.0807504653930664,2.5409817695617676
0,7,0.6380128735165527,0.11075070262268427,0.09597420692443848,2.5409817695617676
0,8,0.6428694555425112,0.07666103974000338,0.09875345230102539,2.5409817695617676
0,9,0.6466101543165093,0.0791936877924111,0.08442449569702148,2.5409817695617676
0,10,0.6488113909976323,0.08460454336718137,0.07053685188293457,2.5409817695617676
0,11,0.6562628038229298,0.060893230117408104,0.11127638816833496,2.5409817695617676
0,12,0.6578564981281816,0.06675428018883489,0.05994439125061035,2.5409817695617676
0,13,0.6645059983312764,0.06579011379400357,0.1103370189666748,2.5409817695617676
0,14,0.6702924109488334,0.0635454128782329,0.10883092880249023,2.5409817695617676
0,15,0.672696196961394,0.044272635395886106,0.06851983070373535,2.5409817695617676
0,16,0.6777902504357696,0.03821303960822964,0.08770942687988281,2.5409817695617676
0,17,0.681701386801515,0.04402412901264696,0.0770254135131836,2.5409817695617676
0,18,0.6878802384588281,0.04254393235466769,0.11439776420593262,2.5409817695617676
0,19,0.6940167402871438,0.04209263744745739,0.11121082305908203,2.5409817695617676
0,20,0.6967841622291235,0.041011879700738496,0.07014703750610352,2.5409817695617676
0,21,0.7020084823109778,0.03593109306450126,0.08967185020446777,2.5409817695617676
0,22,0.7061255975247748,0.04226155223674366,0.07849597930908203,2.5409817695617676
0,23,0.712262327098586,0.032275884991337156,0.11142325401306152,2.5409817695617676
0,24,0.7185682531383388,0.03037982165186326,0.11482882499694824,2.5409817695617676
0,25,0.7217467380052811,0.02657813087945704,0.08346939086914062,2.5409817695617676
0,26,0.7272578930818079,0.025013861768641954,0.09760856628417969,2.5409817695617676
0,27,0.7314722452078679,0.02724325260729954,0.08071494102478027,2.5409817695617676
0,28,0.7379706740158645,0.027840816309337102,0.12915611267089844,2.5409817695617676
0,29,0.7443121602265919,0.027027126216352726,0.11745190620422363,2.5409817695617676
0,30,0.7476294617868455,0.025736144542295225,0.07680773735046387,2.5409817695617676
0,31,0.7536098364449484,0.02624414598130953,0.09725141525268555,2.5409817695617676
0,32,0.7579773186531914,0.026923761610892938,0.0849764347076416,2.5409817695617676
0,33,0.7644670465270751,0.028810828528654908,0.12060999870300293,2.5409817695617676
0,34,0.7708636768768279,0.021274026748645092,0.11687517166137695,2.5409817695617676
0,35,0.7742989728669339,0.02298081230129856,0.0778055191040039,2.5409817695617676
0,36,0.7806300775898196,0.023559689227681146,0.10303163528442383,2.5409817695617676
0,37,0.785490035228128,0.024569353325321952,0.09264540672302246,2.5409817695617676
0,38,0.7917140694428829,0.02652309863092872,0.1200261116027832,2.5409817695617676
0,39,0.798285200481532,0.02758837284814941,0.12500715255737305,2.5409817695617676
0,40,0.8021670453077219,0.025912136910192896,0.09541487693786621,2.5409817695617676
0,41,0.8560737308414124,0.14,0.32532668113708496,2.5409817695617676
0,42,0.8604206533132446,0.10261861995470833,0.10305094718933105,2.5409817695617676
0,43,0.8645537381742272,0.08053343268154134,0.11435294151306152,2.5409817695617676
0,44,0.8706173274376408,0.06686980197993242,0.12196564674377441,2.5409817695617676
0,45,0.8786013628154186,0.057143849806775227,0.16801214218139648,2.5409817695617676
0,46,0.88078344303202,0.05334153361199401,0.08493995666503906,2.5409817695617676
0,47,0.8892468132934543,0.05358799563270189,0.17190074920654297,2.5409817695617676
0,48,0.891818492385409,0.05511974505629191,0.09589600563049316,2.5409817695617676
0,49,0.8984141175596647,0.05063853534755791,0.14684438705444336,2.5409817695617676
0,50,0.9031440887101219,0.05650818607642971,0.13553833961486816,2.5409817695617676
0,51,0.9075287975852029,0.05752139134692413,0.1336815357208252,2.5409817695617676
0,52,0.9108781543322946,0.06686070034974623,0.11969542503356934,2.5409817695617676
0,53,0.9151331313184249,0.06183139380837366,0.14850425720214844,2.5409817695617676
0,54,0.9185811230147908,0.06222919759021117,0.14417338371276855,2.5409817695617676
0,55,0.9215019962559821,0.07027109005091492,0.12908220291137695,2.5409817695617676
0,56,0.9237938520878867,0.07378242163430304,0.1437211036682129,2.5409817695617676
0,57,0.9265922635846704,0.08420437229195488,0.17356491088867188,2.5409817695617676
0,58,0.9271168646430753,0.08550249968160295,0.1289067268371582,2.5409817695617676
0,59,0.9270804037415199,0.09802119999227732,0.14663052558898926,2.5409817695617676
0,60,0.9281982596863202,0.0810609591863265,0.1789546012878418,2.5409817695617676
0,61,0.9277343508522196,0.09100158532531588,0.11732339859008789,2.5409817695617676
0,62,0.9277591804842944,0.09004154628774241,0.17351913452148438,2.5409817695617676
0,63,0.9278364188067003,0.09708043984248282,0.1172327995300293,2.5409817695617676
0,64,0.9289297033190651,0.10550000000000004,0.17670083045959473,2.5409817695617676
0,65,0.9292925903587999,0.07703770292234968,0.11191296577453613,2.5409817695617676
0,66,0.930719378817325,0.0769554547835174,0.17873167991638184,2.5409817695617676
0,67,0.9310505065001502,0.09073376479592443,0.08947587013244629,2.5409817695617676
0,68,0.9327710307053592,0.09950000000000003,0.1970362663269043,2.5409817695617676
0,69,0.9329932561991654,0.09799999999999998,0.09581351280212402,2.5409817695617676
0,70,0.9345401090190242,0.09650000000000003,0.20314455032348633,2.5409817695617676
0,71,0.9348007156595799,0.09499999999999997,0.08704876899719238,2.5409817695617676
0,72,0.936434208072149,0.0849838743654342,0.19701838493347168,2.5409817695617676
0,73,0.9365307484255436,0.09199999999999997,0.08215594291687012,2.5409817695617676
0,74,0.9377943884402292,0.09050000000000002,0.15741515159606934,2.5409817695617676
0,75,0.9391677795365777,0.07305984669400256,0.14303159713745117,2.5409817695617676
0,76,0.9394775915371998,0.05997647780163773,0.1073610782623291,2.5409817695617676
0,77,0.9397035327274461,0.06677888711465307,0.09063839912414551,2.5409817695617676
0,78,0.9415538634904103,0.0743058986871653,0.16972613334655762,2.5409817695617676
0,79,0.9416907503630254,0.08207889159239268,0.07042431831359863,2.5409817695617676
0,80,0.9439058047247979,0.06657693757347738,0.18259644508361816,2.5409817695617676
0,81,0.9285148651680412,0.08000000000000007,0.34867119789123535,2.5409817695617676
0,82,0.9264736460011598,0.07850000000000001,0.24581360816955566,2.5409817695617676
0,83,0.9256690174557942,0.07700000000000007,0.24320626258850098,2.5409817695617676
0,84,0.9258623280486651,0.07550000000000001,0.16175556182861328,2.5409817695617676
0,85,0.9255144421397223,0.07400000000000007,0.18605661392211914,2.5409817695617676
0,86,0.9263884924416529,0.07250000000000001,0.1446056365966797,2.5409817695617676
0,87,0.9267192489483339,0.07100000000000006,0.09397530555725098,2.5409817695617676
0,88,0.9276766610136277,0.0695,0.11837434768676758,2.5409817695617676
0,89,0.9283253953507888,0.06800000000000006,0.09653997421264648,2.5409817695617676
0,90,0.9294653511574156,0.0665,0.11857485771179199,2.5409817695617676
0,91,0.9301067213408937,0.06500000000000006,0.09142351150512695,2.5409817695617676
0,92,0.931298034726162,0.06350000000000006,0.1316814422607422,2.5409817695617676
0,93,0.9318758912460751,0.062000000000000055,0.0889277458190918,2.5409817695617676
0,94,0.9321208185363377,0.060500000000000054,0.07421755790710449,2.5409817695617676
0,95,0.9342260616561118,0.05900000000000005,0.16434955596923828,2.5409817695617676
0,96,0.934314786242227,0.057499999999999996,0.06387543678283691,2.5409817695617676
0,97,0.9357022585787685,0.05600000000000005,0.10651779174804688,2.5409817695617676
0,98,0.935844382101291,0.05449999999999999,0.06498456001281738,2.5409817695617676
0,99,0.9384038064234175,0.05300000000000005,0.17641806602478027,2.5409817695617676
0,100,0.9387358174580008,0.05149999999999999,0.07866144180297852,2.5409817695617676
0,101,0.9409401188395813,0.050000000000000044,0.1683192253112793,2.5409817695617676
0,102,0.9414011652797103,0.04849999999999999,0.09187054634094238,2.5409817695617676
0,103,0.9436040846311323,0.04700000000000004,0.16709637641906738,2.5409817695617676
0,104,0.9446370806229154,0.045499999999999985,0.1079704761505127,2.5409817695617676
0,105,0.9455328039913158,0.04400000000000004,0.08863377571105957,2.5409817695617676
0,106,0.9482155074933714,0.04249999999999998,0.194260835647583,2.5409817695617676
0,107,0.9486898843907876,0.041000000000000036,0.08127832412719727,2.5409817695617676
0,108,0.9508306310819128,0.03949999999999998,0.1720278263092041,2.5409817695617676
0,109,0.9520127412657833,0.038000000000000034,0.10886907577514648,2.5409817695617676
0,110,0.9539077385717959,0.03649999999999998,0.1665782928466797,2.5409817695617676
0,111,0.9552111235048388,0.03500000000000003,0.11557626724243164,2.5409817695617676
0,112,0.95677435073185,0.033499999999999974,0.14376378059387207,2.5409817695617676
0,113,0.9582562008967656,0.03200000000000003,0.16226840019226074,2.5409817695617676
0,114,0.9598259507571789,0.030500000000000083,0.16764497756958008,2.5409817695617676
0,115,0.9607723514555371,0.029000000000000026,0.10111689567565918,2.5409817695617676
0,116,0.962880458586812,0.02750000000000008,0.20532441139221191,2.5409817695617676
0,117,0.964236343726592,0.026000000000000023,0.1507406234741211,2.5409817695617676
0,118,0.9656704167102261,0.024500000000000077,0.17875123023986816,2.5409817695617676
0,119,0.9672220612365087,0.02300000000000002,0.1871504783630371,2.5409817695617676
0,120,0.9687726050985581,0.021500000000000075,0.19214177131652832,2.5409817695617676
0,121,0.9193243861059941,0.020000000000000073,0.6283795833587646,2.5409817695617676
0,122,0.9185307385250601,0.020000000000000018,0.25925326347351074,2.5409817695617676
0,123,0.9181340742021404,0.020000000000000018,0.24152112007141113,2.5409817695617676
0,124,0.9178412095114772,0.020000000000000018,0.12573957443237305,2.5409817695617676
0,125,0.9172830447695458,0.020000000000000018,0.2111055850982666,2.5409817695617676
0,126,0.9170971498552658,0.020000000000000073,0.0917825698852539,2.5409817695617676
0,127,0.9168199820230105,0.020000000000000073,0.12189006805419922,2.5409817695617676
0,128,0.916467259554363,0.020000000000000018,0.12415933609008789,2.5409817695617676
0,129,0.9162875895489846,0.020000000000000018,0.11382293701171875,2.5409817695617676
0,130,0.916062710530058,0.020000000000000018,0.09088826179504395,2.5409817695617676
0,131,0.9156133637655159,0.020000000000000018,0.17696809768676758,2.5409817695617676
0,132,0.9154677059883407,0.020000000000000018,0.07772588729858398,2.5409817695617676
0,133,0.9152835966140233,0.020000000000000018,0.08931922912597656,2.5409817695617676
0,134,0.9152245793245151,0.020000000000000018,0.06037545204162598,2.5409817695617676
0,135,0.9148421641493916,0.020000000000000018,0.12593913078308105,2.5409817695617676
0,136,0.9147881747976083,0.020000000000000018,0.0644993782043457,2.5409817695617676
0,137,0.9144844815130058,0.020000000000000018,0.1098930835723877,2.5409817695617676
0,138,0.9143968059598169,0.020000000000000018,0.07949233055114746,2.5409817695617676
0,139,0.9142581633462113,0.020000000000000018,0.07463717460632324,2.5409817695617676
0,140,0.9140903918296988,0.020000000000000018,0.09528183937072754,2.5409817695617676
0,141,0.9137979940584511,0.020000000000000018,0.10410261154174805,2.5409817695617676
0,142,0.9137411699134829,0.020000000000000018,0.0659933090209961,2.5409817695617676
0,143,0.9134166350122845,0.020000000000000018,0.13199830055236816,2.5409817695617676
0,144,0.9133871640903533,0.020000000000000018,0.05627608299255371,2.5409817695617676
0,145,0.9130371398696344,0.020000000000000018,0.11384844779968262,2.5409817695617676
0,146,0.9130083260560349,0.020000000000000018,0.058029890060424805,2.5409817695617676
0,147,0.9128769229502675,0.020000000000000018,0.08199310302734375,2.5409817695617676
0,148,0.9128504467475994,0.020000000000000018,0.054766178131103516,2.5409817695617676
0,149,0.9124977514282064,0.020000000000000018,0.11852693557739258,2.5409817695617676
0,150,0.9124711379116366,0.020000000000000018,0.05356431007385254,2.5409817695617676
0,1,0.624835783802677,0.20000000000000007,0.8378159999847412,2.534648895263672
0,2,0.6217369298394643,0.1985,0.12708568572998047,2.5409817695617676
0,3,0.6234899590015703,0.17855235326239427,0.11111044883728027,2.5409817695617676
0,4,0.6257375256686375,0.14670182885304373,0.09046316146850586,2.5409817695617676
0,5,0.6293744599135915,0.13340935057479375,0.08602190017700195,2.5409817695617676
0,6,0.633565812565958,0.11306298504785939,0.08691787719726562,2.5409817695617676
0,7,0.638144357273642,0.10870789175327211,0.10139775276184082,2.5409817695617676
0,8,0.6429390828080093,0.07989579125198054,0.10090994834899902,2.5409817695617676
0,9,0.6466342213081664,0.0792567638832492,0.08592963218688965,2.5409817695617676
0,10,0.6493764937628574,0.08432106452719956,0.08044075965881348,2.5409817695617676
0,11,0.6550640210289347,0.06381888100203947,0.10588622093200684,2.5409817695617676
0,12,0.6608594351960879,0.06172592408818445,0.11472535133361816,2.5409817695617676
0,13,0.663954454309788,0.06853825537890312,0.08074164390563965,2.5409817695617676
0,14,0.6668671305456112,0.06181005182294108,0.07549357414245605,2.5409817695617676
0,15,0.6727577205051474,0.042811181695280864,0.1123497486114502,2.5409817695617676
0,16,0.6791862709597905,0.04017567111783693,0.10964751243591309,2.5409817695617676
0,17,0.682092257350191,0.04176679595771149,0.07979583740234375,2.5409817695617676
0,18,0.6876267281487045,0.03984821267559335,0.09569954872131348,2.5409817695617676
0,19,0.6890154095009305,0.047361266138869595,0.057753801345825195,2.5409817695617676
0,20,0.7000994422190001,0.03867256478928094,0.17117571830749512,2.5409817695617676
0,21,0.7022933251682306,0.03918218634437998,0.06952977180480957,2.5409817695617676
0,22,0.7060193757497797,0.038556081550220056,0.09209513664245605,2.5409817695617676
0,23,0.7121324420040794,0.03286422395389499,0.09199357032775879,2.5409817695617676
0,24,0.7138032391254137,0.03224886246262515,0.06444430351257324,2.5409817695617676
0,25,0.7249042281569771,0.026808799100322744,0.17244386672973633,2.5409817695617676
0,26,0.7272590417675735,0.02636334573528898,0.07187223434448242,2.5409817695617676
0,27,0.7318798764787904,0.025438948584970977,0.08969402313232422,2.5409817695617676
0,28,0.7384574319842645,0.02775808704233662,0.11092042922973633,2.5409817695617676
0,29,0.7401477068514644,0.030047050538567932,0.06959819793701172,2.5409817695617676
0,30,0.7508798023772731,0.023640542718603497,0.18146371841430664,2.5409817695617676
0,31,0.753192037445964,0.027669409795642697,0.07152724266052246,2.5409817695617676
0,32,0.7579806336868928,0.02572501663462179,0.09257006645202637,2.5409817695617676
0,33,0.7649207300677123,0.02796537099551688,0.11921262741088867,2.5409817695617676
0,34,0.7696871325256308,0.022970808665186082,0.09643244743347168,2.5409817695617676
0,35,0.7754981577031546,0.024153083512994056,0.12615346908569336,2.5409817695617676
0,36,0.7817564224369788,0.02340093000569199,0.13120651245117188,2.5409817695617676
0,37,0.7855562333589037,0.024653551282284636,0.08671879768371582,2.5409817695617676
0,38,0.7919576874946161,0.024429826210121575,0.11631226539611816,2.5409817695617676
0,39,0.7964252688636497,0.027962235287323667,0.09081172943115234,2.5409817695617676
0,40,0.8028108263033216,0.02468925862903537,0.12687158584594727,2.5409817695617676
0,41,0.8561192124633944,0.14,0.337634801864624,2.5409817695617676
0,42,0.8605223972183729,0.10227370894297438,0.1201467514038086,2.5409817695617676
0,43,0.8646939796872887,0.08030340464041108,0.11761784553527832,2.5409817695617676
0,44,0.8706907463260403,0.06665167081337298,0.1321265697479248,2.5409817695617676
0,45,0.8787106361481511,0.05700092235676668,0.21353507041931152,2.5409817695617676
0,46,0.8809939093815098,0.05264558912608985,0.36194610595703125,2.5409817695617676
0,47,0.8879680207211692,0.053660446168421694,0.184952974319458,2.5409817695617676
0,48,0.8934490038258727,0.052328718422589904,0.15168261528015137,2.5409817695617676
0,49,0.8973853125583097,0.05050990505633457,0.1620643138885498,2.5409817695617676
0,50,0.9030837318149878,0.0559218454938597,0.16603875160217285,2.5409817695617676
0,51,0.9078415472051912,0.056760907347450096,0.1617264747619629,2.5409817695617676
0,52,0.9110863553080419,0.0663034599795238,0.16388320922851562,2.5409817695617676
0,53,0.9152813928004873,0.062162845844823345,0.17612338066101074,2.5409817695617676
0,54,0.9189118230678501,0.06135402460533734,0.19439697265625,2.5409817695617676
0,55,0.9217057873284502,0.06959573264466545,0.1448519229888916,2.5409817695617676
0,56,0.9239064317103889,0.07252196725006688,0.1585984230041504,2.5409817695617676
0,57,0.9269460830477596,0.08294588746392662,0.21039843559265137,2.5409817695617676
0,58,0.9274918275440536,0.08426057065551718,0.16733193397521973,2.5409817695617676
0,59,0.9274868891197033,0.096540352368646,0.1864614486694336,2.5409817695617676
0,60,0.9286161754582603,0.07989925880135929,0.21424007415771484,2.5409817695617676
0,61,0.928152829220463,0.08982157265083113,0.14265227317810059,2.5409817695617676
0,62,0.9281184640091438,0.09803621035945365,0.22510027885437012,2.5409817695617676
0,63,0.9281761372249844,0.09651087351489307,0.15960407257080078,2.5409817695617676
0,64,0.9292036719739014,0.10550000000000004,0.20945072174072266,2.5409817695617676
0,65,0.929565460639173,0.08566806105641056,0.15058541297912598,2.5409817695617676
0,66,0.9310130984695997,0.07656636167725006,0.25975942611694336,2.5409817695617676
0,67,0.9313550519482814,0.09073219940632593,0.10877156257629395,2.5409817695617676
0,68,0.933046560817103,0.09950000000000003,0.2754096984863281,2.5409817695617676
0,69,0.9332639185447977,0.09799999999999998,0.13091635704040527,2.5409817695617676
0,70,0.9347151188293077,0.09650000000000003,0.2502143383026123,2.5409817695617676
0,71,0.9349635681706738,0.09499999999999997,0.1067044734954834,2.5409817695617676
0,72,0.9367825214965059,0.08392694151405311,0.2017204761505127,2.5409817695617676
0,73,0.9368506195405765,0.09199999999999997,0.11354827880859375,2.5409817695617676
0,74,0.9375370554291766,0.09050000000000002,0.2461380958557129,2.5409817695617676
0,75,0.9389880777605752,0.07295509652844812,0.2125566005706787,2.5409817695617676
0,76,0.9403819130024583,0.060400883377102366,0.20643973350524902,2.5409817695617676
0,77,0.9405711546543758,0.06666401418356727,0.10449051856994629,2.5409817695617676
0,78,0.9410254365552702,0.07341211060481045,0.1213686466217041,2.5409817695617676
0,79,0.9411746366180305,0.08109517779369058,0.07920217514038086,2.5409817695617676
0,80,0.944659441788982,0.06782688490023037,0.26318883895874023,2.5409817695617676
0,81,0.9287688491761799,0.08000000000000007,0.36440062522888184,2.5409817695617676
0,82,0.9266807325978972,0.07850000000000001,0.2685878276824951,2.5409817695617676
0,83,0.9257245422092306,0.07699999999999996,0.24468636512756348,2.5409817695617676
0,84,0.9259493472593295,0.07550000000000001,0.16880130767822266,2.5409817695617676
0,85,0.9255814318738169,0.07399999999999995,0.222337007522583,2.5409817695617676
0,86,0.9264020598840574,0.07250000000000001,0.15358638763427734,2.5409817695617676
0,87,0.92672731288226,0.07099999999999995,0.09958815574645996,2.5409817695617676
0,88,0.9279698919754671,0.0695,0.14469480514526367,2.5409817695617676
0,89,0.9280759018124157,0.06800000000000006,0.06885790824890137,2.5409817695617676
0,90,0.9296047385076656,0.0665,0.15106606483459473,2.5409817695617676
0,91,0.9297053542591898,0.065,0.06974434852600098,2.5409817695617676
0,92,0.9314911771442622,0.06350000000000006,0.1522526741027832,2.5409817695617676
0,93,0.9315311078968544,0.062000000000000055,0.06595635414123535,2.5409817695617676
0,94,0.9323275330390812,0.060500000000000054,0.09977531433105469,2.5409817695617676
0,95,0.9338184379038192,0.05900000000000005,0.14882683753967285,2.5409817695617676
0,96,0.9345749589952503,0.057499999999999996,0.08666157722473145,2.5409817695617676
0,97,0.9352697761222661,0.05600000000000005,0.08736610412597656,2.5409817695617676
0,98,0.9361681348852794,0.05449999999999999,0.0881643295288086,2.5409817695617676
0,99,0.9378942862108718,0.05300000000000005,0.14783549308776855,2.5409817695617676
0,100,0.9394457666012643,0.05149999999999999,0.13359284400939941,2.5409817695617676
0,101,0.9403890997292117,0.050000000000000044,0.10150814056396484,2.5409817695617676
0,102,0.9410778267190045,0.04849999999999999,0.09187865257263184,2.5409817695617676
0,103,0.942843612186592,0.04700000000000004,0.1539161205291748,2.5409817695617676
0,104,0.9450795163721695,0.045499999999999985,0.17139029502868652,2.5409817695617676
0,105,0.9461430212242015,0.04400000000000004,0.09839081764221191,2.5409817695617676
0,106,0.9476332457434068,0.04249999999999998,0.11088132858276367,2.5409817695617676
0,107,0.9485094078288967,0.041000000000000036,0.1004781723022461,2.5409817695617676
0,108,0.9512523126407318,0.03949999999999998,0.24764394760131836,2.5409817695617676
0,109,0.952026284122728,0.038000000000000034,0.09381699562072754,2.5409817695617676
0,110,0.9532940729855279,0.03649999999999998,0.101776123046875,2.5409817695617676
0,111,0.955446880812008,0.03500000000000009,0.18472003936767578,2.5409817695617676
0,112,0.9568066296440655,0.033499999999999974,0.14940571784973145,2.5409817695617676
0,113,0.9576809518382058,0.03200000000000003,0.09387516975402832,2.5409817695617676
0,114,0.9597479960803326,0.030500000000000083,0.18646979331970215,2.5409817695617676
0,115,0.9611409356430727,0.029000000000000026,0.17578530311584473,2.5409817695617676
0,116,0.9622615653341116,0.02750000000000008,0.11742901802062988,2.5409817695617676
0,117,0.9642372532583479,0.026000000000000023,0.19697022438049316,2.5409817695617676
0,118,0.9656040937773465,0.024500000000000077,0.1830742359161377,2.5409817695617676
0,119,0.9671715085718724,0.02300000000000002,0.19034457206726074,2.5409817695617676
0,120,0.9685816855001008,0.021500000000000075,0.1862325668334961,2.5409817695617676
0,121,0.9192181562927446,0.020000000000000073,0.6504709720611572,2.5409817695617676
0,122,0.9184283306454868,0.020000000000000018,0.27495598793029785,2.5409817695617676
0,123,0.9180402210772585,0.020000000000000018,0.2386183738708496,2.5409817695617676
0,124,0.9177451348554478,0.020000000000000018,0.12904739379882812,2.5409817695617676
0,125,0.9171748489834752,0.020000000000000073,0.257983922958374,2.5409817695617676
0,126,0.9169869260548709,0.020000000000000073,0.09606599807739258,2.5409817695617676
0,127,0.9167156814545345,0.020000000000000018,0.12613534927368164,2.5409817695617676
0,128,0.9164677724932686,0.020000000000000073,0.09735560417175293,2.5409817695617676
0,129,0.9160315761639213,0.020000000000000073,0.20182299613952637,2.5409817695617676
0,130,0.9158627152640841,0.020000000000000073,0.08601236343383789,2.5409817695617676
0,131,0.9156243961193029,0.020000000000000018,0.11180639266967773,2.5409817695617676
0,132,0.9154328160595937,0.020000000000000073,0.08252668380737305,2.5409817695617676
0,133,0.9152995821110709,0.020000000000000018,0.09763550758361816,2.5409817695617676
0,134,0.9149536027171707,0.020000000000000018,0.1098794937133789,2.5409817695617676
0,135,0.9148382763418945,0.020000000000000018,0.09937667846679688,2.5409817695617676
0,136,0.9146852288130672,0.020000000000000073,0.07779359817504883,2.5409817695617676
0,137,0.9145654837037301,0.020000000000000018,0.09189915657043457,2.5409817695617676
0,138,0.91416845517195,0.020000000000000018,0.15854978561401367,2.5409817695617676
0,139,0.914089920377852,0.020000000000000018,0.07799243927001953,2.5409817695617676
0,140,0.9139147350549697,0.020000000000000018,0.07694649696350098,2.5409817695617676
0,141,0.9136879154614348,0.020000000000000018,0.1204538345336914,2.5409817695617676
0,142,0.913488791118479,0.020000000000000018,0.0790407657623291,2.5409817695617676
0,143,0.9134377494778889,0.020000000000000018,0.07184505462646484,2.5409817695617676
0,144,0.9132097425459729,0.020000000000000018,0.08175206184387207,2.5409817695617676
0,145,0.9131401106466666,0.020000000000000018,0.07429695129394531,2.5409817695617676
0,146,0.9129291167658873,0.020000000000000018,0.08414697647094727,2.5409817695617676
0,147,0.9128318838613002,0.020000000000000018,0.08231282234191895,2.5409817695617676
0,148,0.9126350636894861,0.020000000000000018,0.08305859565734863,2.5409817695617676
0,149,0.9126025502109463,0.020000000000000018,0.05836296081542969,2.5409817695617676
0,150,0.9122586798521481,0.020000000000000018,0.1490478515625,2.5409817695617676
0,1,0.6248274249908705,0.20000000000000007,0.9066610336303711,2.534648895263672
0,2,0.6216243206905607,0.1985,0.1509859561920166,2.5409817695617676
0,3,0.6234147257427721,0.17602110001236315,0.12713384628295898,2.5409817695617676
0,4,0.6256445293652511,0.1414445874652187,0.10185766220092773,2.5409817695617676
0,5,0.6292969166286637,0.12888894228317238,0.11492657661437988,2.5409817695617676
0,6,0.6334748096517231,0.10917518200563359,0.08037042617797852,2.5409817695617676
0,7,0.638281198874971,0.10669258593575282,0.10578656196594238,2.5409817695617676
0,8,0.6431234811656281,0.08707672850876846,0.0983128547668457,2.5409817695617676
0,9,0.6458352510110014,0.076373844472162,0.08090710639953613,2.5409817695617676
0,10,0.6488698371352151,0.0819604685169315,0.11082983016967773,2.5409817695617676
0,11,0.6571627763252103,0.05939915948732377,0.16879987716674805,2.5409817695617676
0,12,0.6587077186483535,0.06307914772356693,0.06530475616455078,2.5409817695617676
0,13,0.6650033905653585,0.06419910893555714,0.11722087860107422,2.5409817695617676
0,14,0.6686556042099175,0.0702219972373126,0.07345247268676758,2.5409817695617676
0,15,0.6710446732919841,0.041849865432547984,0.06914424896240234,2.5409817695617676
0,16,0.6796431005454459,0.03757465269874216,0.14243650436401367,2.5409817695617676
0,17,0.6813380439088801,0.04381125492022564,0.09043288230895996,2.5409817695617676
0,18,0.6885606078314244,0.03862753352955439,0.14265203475952148,2.5409817695617676
0,19,0.6923274929090676,0.04133185478547674,0.09217619895935059,2.5409817695617676
0,20,0.695351418677812,0.04396576041388467,0.08870458602905273,2.5409817695617676
0,21,0.7019415536906538,0.04110490692386293,0.11923980712890625,2.5409817695617676
0,22,0.7085363163044378,0.03669297270838956,0.1206369400024414,2.5409817695617676
0,23,0.7120316400476989,0.03254226443558805,0.07907342910766602,2.5409817695617676
0,24,0.7175500227773606,0.033932525200500385,0.09386849403381348,2.5409817695617676
0,25,0.7211322644278458,0.029243276716634847,0.07629084587097168,2.5409817695617676
0,26,0.727309934623647,0.026011563248803382,0.1189277172088623,2.5409817695617676
0,27,0.7337834385014692,0.026190302874144256,0.1207418441772461,2.5409817695617676
0,28,0.7373906847057774,0.025549346314243104,0.08681130409240723,2.5409817695617676
0,29,0.743283664606655,0.026601089525324695,0.0978231430053711,2.5409817695617676
0,30,0.7475013665202707,0.02906206948192902,0.08483338356018066,2.5409817695617676
0,31,0.7535851845077841,0.025525151252334344,0.11788415908813477,2.5409817695617676
0,32,0.7600466997992603,0.026263700653292643,0.12379765510559082,2.5409817695617676
0,33,0.7638698244531912,0.02590107801538677,0.08970904350280762,2.5409817695617676
0,34,0.7700241427418413,0.027167847170947668,0.11146116256713867,2.5409817695617676
0,35,0.7743391361954319,0.022627934969572938,0.08929133415222168,2.5409817695617676
0,36,0.780759485883102,0.023277521217027308,0.13244056701660156,2.5409817695617676
0,37,0.7871457675382052,0.025063189203850644,0.1623530387878418,2.5409817695617676
0,38,0.791297594840509,0.0250389626959322,0.09953975677490234,2.5409817695617676
0,39,0.7977997815362929,0.02383363130453864,0.11145973205566406,2.5409817695617676
0,40,0.8022339635986927,0.026401696268991137,0.09760260581970215,2.5409817695617676
0,41,0.85647228498073,0.14,0.33531880378723145,2.5409817695617676
0,42,0.8610208799049348,0.10139011006266552,0.10805368423461914,2.5409817695617676
0,43,0.8652095134033081,0.07996819995205828,0.11518287658691406,2.5409817695617676
0,44,0.8711656054802387,0.06633566041650074,0.12592029571533203,2.5409817695617676
0,45,0.8792050531773614,0.05685197202269321,0.16517853736877441,2.5409817695617676
0,46,0.8813847324967699,0.04924003317861231,0.08758091926574707,2.5409817695617676
0,47,0.8899843399668919,0.05271970898026257,0.18227291107177734,2.5409817695617676
0,48,0.8925953597543429,0.05234153063153202,0.0946505069732666,2.5409817695617676
0,49,0.8993172731533647,0.049538819395758105,0.14983510971069336,2.5409817695617676
0,50,0.9040292849233056,0.05296448262774989,0.15322089195251465,2.5409817695617676
0,51,0.9085541619445322,0.055771410093065854,0.16887450218200684,2.5409817695617676
0,52,0.913188592125584,0.06122497098275559,0.18717598915100098,2.5409817695617676
0,53,0.9163244234963165,0.07169001438049949,0.15100431442260742,2.5409817695617676
0,54,0.9208859888251855,0.06272359425654717,0.2086315155029297,2.5409817695617676
0,55,0.9232921666637576,0.06455785443077056,0.16092658042907715,2.5409817695617676
0,56,0.92581174875509,0.06716721449489094,0.15635943412780762,2.5409817695617676
0,57,0.9290641453502133,0.07635581519807533,0.2541494369506836,2.5409817695617676
0,58,0.9298942998547883,0.08760583060723703,0.15823721885681152,2.5409817695617676
0,59,0.9301337176839197,0.08844481820156758,0.191328763961792,2.5409817695617676
0,60,0.9314891702396615,0.07369177377049352,0.2132740020751953,2.5409817695617676
0,61,0.9310328143326463,0.08267493638738099,0.13968968391418457,2.5409817695617676
0,62,0.9300285051554142,0.0933287796859128,0.1895885467529297,2.5409817695617676
0,63,0.931120978632477,0.09150397376321151,0.1999199390411377,2.5409817695617676
0,64,0.9312088260797808,0.10081275399726686,0.1527867317199707,2.5409817695617676
0,65,0.9322802359130791,0.09473445318811591,0.2363147735595703,2.5409817695617676
0,66,0.9326791938023914,0.07412146742186698,0.16568636894226074,2.5409817695617676
0,67,0.934036778176398,0.08464494486493457,0.25015997886657715,2.5409817695617676
0,68,0.9343014443902407,0.0993943578900176,0.11011719703674316,2.5409817695617676
0,69,0.9358809186879535,0.09799999999999998,0.27594566345214844,2.5409817695617676
0,70,0.9360795636569867,0.09650000000000003,0.13102030754089355,2.5409817695617676
0,71,0.9374464530374069,0.09490249534088746,0.2423858642578125,2.5409817695617676
0,72,0.9376190874222667,0.09350000000000003,0.12109613418579102,2.5409817695617676
0,73,0.9394456892345194,0.08842024284167938,0.2610595226287842,2.5409817695617676
0,74,0.9394814162984129,0.09050000000000002,0.08941078186035156,2.5409817695617676
0,75,0.9402545836718511,0.08013157335055032,0.19940495491027832,2.5409817695617676
0,76,0.9415869823453886,0.05953917331245806,0.22282671928405762,2.5409817695617676
0,77,0.9424847325277126,0.06273699336844618,0.21365714073181152,2.5409817695617676
0,78,0.942613762027195,0.06983032327428595,0.11564898490905762,2.5409817695617676
0,79,0.9440600552820406,0.0771413145005021,0.22560977935791016,2.5409817695617676
0,80,0.9441651068968386,0.08150000000000002,0.08948755264282227,2.5409817695617676
0,81,0.9302312704530825,0.08000000000000007,0.4916403293609619,2.5409817695617676
0,82,0.9279332481359878,0.07850000000000001,0.3690197467803955,2.5409817695617676
0,83,0.9268842963316033,0.07699999999999996,0.34208083152770996,2.5409817695617676
0,84,0.9269654185262041,0.07550000000000001,0.16250157356262207,2.5409817695617676
0,85,0.9268134016590599,0.07400000000000007,0.23991107940673828,2.5409817695617676
0,86,0.926866023343792,0.07250000000000001,0.0995340347290039,2.5409817695617676
0,87,0.9278493756998416,0.07099999999999995,0.16042542457580566,2.5409817695617676
0,88,0.9281771572357529,0.0695,0.09545707702636719,2.5409817695617676
0,89,0.929202353691736,0.06800000000000006,0.13257980346679688,2.5409817695617676
0,90,0.9298266252362475,0.0665,0.09827280044555664,2.5409817695617676
0,91,0.9308615481999551,0.06500000000000006,0.12403726577758789,2.5409817695617676
0,92,0.93150376210417,0.06350000000000006,0.09996986389160156,2.5409817695617676
0,93,0.9317533733576461,0.062000000000000055,0.08097314834594727,2.5409817695617676
0,94,0.9336410646709943,0.060500000000000054,0.1708240509033203,2.5409817695617676
0,95,0.9337249422661061,0.05900000000000005,0.07074832916259766,2.5409817695617676
0,96,0.9348534657351715,0.057499999999999996,0.11463761329650879,2.5409817695617676
0,97,0.9349589802669864,0.05600000000000005,0.08171796798706055,2.5409817695617676
0,98,0.9376313797832828,0.05449999999999999,0.19373202323913574,2.5409817695617676
0,99,0.9379080330647647,0.05300000000000005,0.07580900192260742,2.5409817695617676
0,100,0.9397862015097267,0.05149999999999999,0.1438770294189453,2.5409817695617676
0,101,0.9401003784840933,0.050000000000000044,0.07944297790527344,2.5409817695617676
0,102,0.9423272755510521,0.04849999999999999,0.18099594116210938,2.5409817695617676
0,103,0.9427029900500674,0.04700000000000004,0.07924556732177734,2.5409817695617676
0,104,0.9453112653468806,0.04550000000000004,0.18542265892028809,2.5409817695617676
0,105,0.9465933394466932,0.04400000000000004,0.12043476104736328,2.5409817695617676
0,106,0.9472850880424446,0.04249999999999998,0.09114384651184082,2.5409817695617676
0,107,0.9495770740924264,0.041000000000000036,0.19572687149047852,2.5409817695617676
0,108,0.9512394842617979,0.03949999999999998,0.18395519256591797,2.5409817695617676
0,109,0.9523112713060841,0.038000000000000034,0.10667061805725098,2.5409817695617676
0,110,0.9537954263596156,0.03649999999999998,0.12442898750305176,2.5409817695617676
0,111,0.9552050574277333,0.03500000000000003,0.1687631607055664,2.5409817695617676
0,112,0.9570337873508878,0.033499999999999974,0.19454026222229004,2.5409817695617676
0,113,0.9580300597763436,0.03200000000000003,0.10737085342407227,2.5409817695617676
0,114,0.9600226481774314,0.030500000000000083,0.20096969604492188,2.5409817695617676
0,115,0.9614016436854464,0.029000000000000026,0.1836390495300293,2.5409817695617676
0,116,0.9625046281792462,0.02750000000000008,0.12090659141540527,2.5409817695617676
0,117,0.9645251388955316,0.026000000000000023,0.22112441062927246,2.5409817695617676
0,118,0.9658783108991257,0.024500000000000077,0.18230724334716797,2.5409817695617676
0,119,0.9673866476936925,0.02300000000000002,0.20604252815246582,2.5409817695617676
0,120,0.9688447640155613,0.021500000000000075,0.18939518928527832,2.5409817695617676
0,121,0.9193550033566162,0.020000000000000018,0.7366642951965332,2.5409817695617676
0,122,0.9185599578245528,0.020000000000000018,0.30983614921569824,2.5409817695617676
0,123,0.9181816642701448,0.020000000000000018,0.2359311580657959,2.5409817695617676
0,124,0.9178920672864885,0.020000000000000018,0.12006282806396484,2.5409817695617676
0,125,0.9173071930550591,0.020000000000000018,0.2242720127105713,2.5409817695617676
0,126,0.9171146051800415,0.020000000000000018,0.10000109672546387,2.5409817695617676
0,127,0.9168320743137339,0.020000000000000018,0.13385701179504395,2.5409817695617676
0,128,0.9164864022622438,0.020000000000000018,0.13782072067260742,2.5409817695617676
0,129,0.9163095613900709,0.020000000000000018,0.11286401748657227,2.5409817695617676
0,130,0.916076775598092,0.020000000000000018,0.10084724426269531,2.5409817695617676
0,131,0.915606554504914,0.020000000000000073,0.22410321235656738,2.5409817695617676
0,132,0.915452088236,0.020000000000000018,0.08402514457702637,2.5409817695617676
0,133,0.9152202090218846,0.020000000000000018,0.12987780570983887,2.5409817695617676
0,134,0.9150433542091759,0.020000000000000018,0.08275938034057617,2.5409817695617676
0,135,0.9149752005118005,0.020000000000000018,0.08205938339233398,2.5409817695617676
0,136,0.9146322533587616,0.020000000000000018,0.12263631820678711,2.5409817695617676
0,137,0.9145851110797538,0.020000000000000018,0.09316754341125488,2.5409817695617676
0,138,0.9142705591541055,0.020000000000000073,0.11809372901916504,2.5409817695617676
0,139,0.9142240330640576,0.020000000000000018,0.07879137992858887,2.5409817695617676
0,140,0.9139203285207477,0.020000000000000018,0.13325190544128418,2.5409817695617676
0,141,0.9138853760078363,0.020000000000000018,0.06916189193725586,2.5409817695617676
0,142,0.9135364974473439,0.020000000000000018,0.1191256046295166,2.5409817695617676
0,143,0.9134965415889381,0.020000000000000018,0.06455516815185547,2.5409817695617676
0,144,0.9133130079142695,0.020000000000000018,0.10022544860839844,2.5409817695617676
0,145,0.9132795521862097,0.020000000000000018,0.06853818893432617,2.5409817695617676
0,146,0.9128724103807228,0.020000000000000018,0.15323829650878906,2.5409817695617676
0,147,0.9128466216753377,0.020000000000000018,0.05505943298339844,2.5409817695617676
0,148,0.912728433351658,0.020000000000000018,0.07444524765014648,2.5409817695617676
0,149,0.9125739141993544,0.020000000000000018,0.13248276710510254,2.5409817695617676
0,150,0.9123369474541767,0.020000000000000018,0.09670209884643555,2.5409817695617676
0,1,0.6248186704069013,0.20000000000000007,0.7142882347106934,2.534648895263672
0,2,0.6215945594424113,0.1985,0.10973572731018066,2.5409817695617676
0,3,0.6233824622516639,0.17511801541770677,0.09910988807678223,2.5409817695617676
0,4,0.6256155681256385,0.1396217556010999,0.07809185981750488,2.5409817695617676
0,5,0.6292689589886924,0.1274007924640933,0.08184599876403809,2.5409817695617676
0,6,0.6335007958676078,0.10832800584352942,0.07939505577087402,2.5409817695617676
0,7,0.6382980118578937,0.10457037519648615,0.09887194633483887,2.5409817695617676
0,8,0.6431700823327142,0.08683880530226296,0.09150815010070801,2.5409817695617676
0,9,0.6458264601732255,0.07567505777564176,0.0705106258392334,2.5409817695617676
0,10,0.6512703108182221,0.08121502236273848,0.09580111503601074,2.5409817695617676
0,11,0.6527242943103178,0.06269375252077891,0.0569913387298584,2.5409817695617676
0,12,0.6623650027740662,0.05845430539802576,0.14911842346191406,2.5409817695617676
0,13,0.6640438973688159,0.06645139513823706,0.06036520004272461,2.5409817695617676
0,14,0.6678669685423941,0.06744706381131638,0.08078193664550781,2.5409817695617676
0,15,0.6719388182575412,0.04256677285378352,0.07652616500854492,2.5409817695617676
0,16,0.6784289097262484,0.038560777880204844,0.10974979400634766,2.5409817695617676
0,17,0.6844577778668084,0.03936413680731077,0.11884617805480957,2.5409817695617676
0,18,0.6872130970657284,0.04122425550353337,0.07599782943725586,2.5409817695617676
0,19,0.6901774137893986,0.04142537209530317,0.06943464279174805,2.5409817695617676
0,20,0.6990932396573868,0.039914547664851585,0.1315765380859375,2.5409817695617676
0,21,0.7007170145481594,0.042297113053222035,0.05956006050109863,2.5409817695617676
0,22,0.7080387044124109,0.03774208160951842,0.11747527122497559,2.5409817695617676
0,23,0.7121595216898043,0.03366356953231886,0.08277058601379395,2.5409817695617676
0,24,0.7154025367257824,0.03374923333695656,0.07398748397827148,2.5409817695617676
0,25,0.7241352248853083,0.028562239992970362,0.13244152069091797,2.5409817695617676
0,26,0.7259968376047512,0.025978132854418412,0.06441235542297363,2.5409817695617676
0,27,0.7334641562483319,0.02508634155774314,0.1307384967803955,2.5409817695617676
0,28,0.7376245884023903,0.027161558740542935,0.08121395111083984,2.5409817695617676
0,29,0.7412116363908732,0.02675907511034392,0.08019375801086426,2.5409817695617676
0,30,0.750307462167487,0.02554734175160367,0.1362628936767578,2.5409817695617676
0,31,0.7524532119063665,0.02695138348089099,0.06878805160522461,2.5409817695617676
0,32,0.7596507193073325,0.02613690085450393,0.12508535385131836,2.5409817695617676
0,33,0.7640865839750717,0.027858744520979806,0.0821831226348877,2.5409817695617676
0,34,0.7678719381294294,0.026941760799588876,0.08360171318054199,2.5409817695617676
0,35,0.7772633271770718,0.021910977141247123,0.14300203323364258,2.5409817695617676
0,36,0.779400871865359,0.02367062541691123,0.06891012191772461,2.5409817695617676
0,37,0.7869945845494937,0.023646264530387318,0.13089227676391602,2.5409817695617676
0,38,0.7917966160218841,0.024674994905479752,0.09775209426879883,2.5409817695617676
0,39,0.7955522173608875,0.02637540508370506,0.08388113975524902,2.5409817695617676
0,40,0.8054039270566578,0.025193468810222996,0.1608130931854248,2.5409817695617676
0,41,0.8564855915673146,0.14,0.28954243659973145,2.5409817695617676
0,42,0.8609698057706369,0.1009352962626281,0.10219001770019531,2.5409817695617676
0,43,0.8652153034476675,0.07965494868546918,0.10842776298522949,2.5409817695617676
0,44,0.87273073780133,0.06672934654212392,0.14280104637145996,2.5409817695617676
0,45,0.8776654960537592,0.05560802400025777,0.11894488334655762,2.5409817695617676
0,46,0.883062785652317,0.04988797903620995,0.12344574928283691,2.5409817695617676
0,47,0.8888286678045558,0.05249552201972296,0.13134050369262695,2.5409817695617676
0,48,0.8941514935765366,0.05210533659479322,0.1282029151916504,2.5409817695617676
0,49,0.8993821722216686,0.048627732377630406,0.13788962364196777,2.5409817695617676
0,50,0.9043835160269571,0.05154510761737208,0.13449668884277344,2.5409817695617676
0,51,0.9091402408725306,0.05729765688957078,0.14108705520629883,2.5409817695617676
0,52,0.9135163501437006,0.05953589705968665,0.144517183303833,2.5409817695617676
0,53,0.9166919843663658,0.06922234229128377,0.11842703819274902,2.5409817695617676
0,54,0.9205529883472341,0.06174100160893414,0.1397857666015625,2.5409817695617676
0,55,0.9246564485429803,0.06314448946230633,0.1658189296722412,2.5409817695617676
0,56,0.9266988700750767,0.06560893850078231,0.12256789207458496,2.5409817695617676
0,57,0.928634501105775,0.07538340253078468,0.1408696174621582,2.5409817695617676
0,58,0.9312561207805988,0.08569984463778735,0.17718005180358887,2.5409817695617676
0,59,0.9316164436082801,0.08464339299572521,0.13026762008666992,2.5409817695617676
0,60,0.9313650675306149,0.07172789630510057,0.13988590240478516,2.5409817695617676
0,61,0.9323972496982708,0.08069330242303974,0.17735528945922852,2.5409817695617676
0,62,0.9318962926973458,0.09000577184874092,0.12260079383850098,2.5409817695617676
0,63,0.9320723705025975,0.08967772313215083,0.18705248832702637,2.5409817695617676
0,64,0.9321761313907674,0.09913284422605217,0.12083601951599121,2.5409817695617676
0,65,0.933240611415235,0.09384635023110333,0.18342947959899902,2.5409817695617676
0,66,0.9335510186825015,0.07323877575726312,0.11560177803039551,2.5409817695617676
0,67,0.9349512414437517,0.08311201476943308,0.1789848804473877,2.5409817695617676
0,68,0.9352331757582409,0.09754159183536393,0.08822870254516602,2.5409817695617676
0,69,0.9367497119501251,0.09799999999999998,0.1945204734802246,2.5409817695617676
0,70,0.9369308184563347,0.09650000000000003,0.09329748153686523,2.5409817695617676
0,71,0.9384199139670573,0.09265853800023682,0.1976628303527832,2.5409817695617676
0,72,0.9386373994080364,0.09350000000000003,0.08757472038269043,2.5409817695617676
0,73,0.939542571562953,0.08595156675141358,0.1610579490661621,2.5409817695617676
0,74,0.9408528899941906,0.09050000000000002,0.15096259117126465,2.5409817695617676
0,75,0.9410253029305852,0.07850678203856609,0.11191654205322266,2.5409817695617676
0,76,0.9416482404112867,0.05922870592511764,0.11569857597351074,2.5409817695617676
0,77,0.9428262093053192,0.06119407219521544,0.14091992378234863,2.5409817695617676
0,78,0.9443767997074852,0.06794406899378158,0.16653847694396973,2.5409817695617676
0,79,0.9444979602254531,0.075287916710024,0.08157634735107422,2.5409817695617676
0,80,0.9449573446730748,0.08150000000000002,0.1152498722076416,2.5409817695617676
0,81,0.9308786363673707,0.08000000000000007,0.3555266857147217,2.5409817695617676
0,82,0.9285136329578976,0.07850000000000001,0.23807597160339355,2.5409817695617676
0,83,0.9273169830835095,0.07700000000000001,0.2364652156829834,2.5409817695617676
0,84,0.9274409434794306,0.07550000000000001,0.1519777774810791,2.5409817695617676
0,85,0.9272961983589691,0.07400000000000007,0.21745562553405762,2.5409817695617676
0,86,0.9273358748932055,0.07250000000000001,0.10070157051086426,2.5409817695617676
0,87,0.9282484232718677,0.07099999999999995,0.1448512077331543,2.5409817695617676
0,88,0.928367863193291,0.0695,0.07076692581176758,2.5409817695617676
0,89,0.9298394385728856,0.06800000000000006,0.15378618240356445,2.5409817695617676
0,90,0.9299776289163153,0.0665,0.06765055656433105,2.5409817695617676
0,91,0.9315418566385029,0.06500000000000006,0.14607572555541992,2.5409817695617676
0,92,0.9316027887772658,0.06350000000000006,0.06578612327575684,2.5409817695617676
0,93,0.9323374098060132,0.062000000000000055,0.09997677803039551,2.5409817695617676
0,94,0.9337932738006244,0.060500000000000054,0.1369304656982422,2.5409817695617676
0,95,0.9344007602127901,0.05900000000000005,0.083251953125,2.5409817695617676
0,96,0.9349646930680712,0.057499999999999996,0.08108329772949219,2.5409817695617676
0,97,0.9357385341725808,0.05600000000000005,0.08347344398498535,2.5409817695617676
0,98,0.9374723009941699,0.05449999999999999,0.14407944679260254,2.5409817695617676
0,99,0.9383767217626088,0.05300000000000005,0.08540129661560059,2.5409817695617676
0,100,0.9392436678332658,0.05149999999999999,0.08320760726928711,2.5409817695617676
0,101,0.9408086729968348,0.050000000000000044,0.1381664276123047,2.5409817695617676
0,102,0.942781881804212,0.04849999999999999,0.16148042678833008,2.5409817695617676
0,103,0.9435492722379435,0.04700000000000004,0.08648085594177246,2.5409817695617676
0,104,0.9455918549413781,0.04550000000000004,0.15646576881408691,2.5409817695617676
0,105,0.9467996496592652,0.04400000000000004,0.10655784606933594,2.5409817695617676
0,106,0.9474024673626549,0.04249999999999998,0.07773208618164062,2.5409817695617676
0,107,0.9497073829819731,0.041000000000000036,0.17423415184020996,2.5409817695617676
0,108,0.951385598645985,0.03949999999999998,0.162827730178833,2.5409817695617676
0,109,0.9524520836703613,0.038000000000000034,0.10035872459411621,2.5409817695617676
0,110,0.9539016685370987,0.03649999999999998,0.11600780487060547,2.5409817695617676
0,111,0.95533710606639,0.03500000000000003,0.1586921215057373,2.5409817695617676
0,112,0.9571650307482069,0.03350000000000003,0.17914700508117676,2.5409817695617676
0,113,0.9581850825198737,0.03200000000000003,0.10525393486022949,2.5409817695617676
0,114,0.9601631526203876,0.030500000000000083,0.1845870018005371,2.5409817695617676
0,115,0.9615289527705584,0.029000000000000026,0.17049193382263184,2.5409817695617676
0,116,0.9626271900560918,0.02750000000000008,0.11201119422912598,2.5409817695617676
0,117,0.9646472104542418,0.026000000000000023,0.20842385292053223,2.5409817695617676
0,118,0.9660068866697784,0.024500000000000077,0.175978422164917,2.5409817695617676
0,119,0.9674981400990463,0.02300000000000002,0.19272398948669434,2.5409817695617676
0,120,0.9689662028354286,0.021500000000000075,0.18395137786865234,2.5409817695617676
0,121,0.9194264911715088,0.020000000000000073,0.6325931549072266,2.5409817695617676
0,122,0.9186297045051885,0.020000000000000073,0.2613816261291504,2.5409817695617676
0,123,0.9182515223657058,0.020000000000000018,0.22949433326721191,2.5409817695617676
0,124,0.9179606490650036,0.020000000000000073,0.11708283424377441,2.5409817695617676
0,125,0.9173741619970901,0.020000000000000018,0.21159577369689941,2.5409817695617676
0,126,0.9171813339641971,0.020000000000000073,0.09255313873291016,2.5409817695617676
0,127,0.9168992283874845,0.020000000000000018,0.12206172943115234,2.5409817695617676
0,128,0.9165536885298984,0.020000000000000018,0.12012457847595215,2.5409817695617676
0,129,0.916375959875575,0.020000000000000018,0.11060333251953125,2.5409817695617676
0,130,0.9161408293589457,0.020000000000000018,0.09193849563598633,2.5409817695617676
0,131,0.9156577620086297,0.020000000000000073,0.18284869194030762,2.5409817695617676
0,132,0.9155124638557119,0.020000000000000073,0.0825965404510498,2.5409817695617676
0,133,0.9153144017158061,0.020000000000000018,0.08875679969787598,2.5409817695617676
0,134,0.9151540581379557,0.020000000000000018,0.07610869407653809,2.5409817695617676
0,135,0.9149756497165644,0.020000000000000018,0.10148477554321289,2.5409817695617676
0,136,0.9147026445736828,0.020000000000000018,0.08683896064758301,2.5409817695617676
0,137,0.9146436312384083,0.020000000000000018,0.06938290596008301,2.5409817695617676
0,138,0.9143106115035048,0.020000000000000018,0.12037062644958496,2.5409817695617676
0,139,0.9142669292202176,0.020000000000000018,0.06318187713623047,2.5409817695617676
0,140,0.9139409049054401,0.020000000000000018,0.13046526908874512,2.5409817695617676
0,141,0.9139055633448878,0.020000000000000018,0.05877041816711426,2.5409817695617676
0,142,0.9136325414601376,0.020000000000000018,0.0922389030456543,2.5409817695617676
0,143,0.9136019209955917,0.020000000000000018,0.05752730369567871,2.5409817695617676
0,144,0.9131810211680256,0.020000000000000018,0.16521549224853516,2.5409817695617676
0,145,0.913139523023192,0.020000000000000018,0.05787086486816406,2.5409817695617676
0,146,0.9128788071984459,0.020000000000000018,0.09824514389038086,2.5409817695617676
0,147,0.9128560868258714,0.020000000000000018,0.05296611785888672,2.5409817695617676
0,148,0.9126437833412004,0.020000000000000018,0.07469892501831055,2.5409817695617676
0,149,0.9124351972847481,0.020000000000000018,0.13259530067443848,2.5409817695617676
0,150,0.9122262342340597,0.020000000000000018,0.07382917404174805,2.5409817695617676
0,1,0.6248390925706053,0.20000000000000007,0.6927294731140137,2.534648895263672
0,2,0.6215744865070902,0.1985,0.11439394950866699,2.5409817695617676
0,3,0.6234546775953527,0.1741801931099205,0.11082291603088379,2.5409817695617676
0,4,0.6256889804404003,0.13855082987544887,0.08311796188354492,2.5409817695617676
0,5,0.6293634815952807,0.13053585983503724,0.0883183479309082,2.5409817695617676
0,6,0.6339618087326394,0.10653327286243575,0.08952140808105469,2.5409817695617676
0,7,0.6385258862591183,0.10408642739560137,0.0947256088256836,2.5409817695617676
0,8,0.6428042114404018,0.08547632724038057,0.08753848075866699,2.5409817695617676
0,9,0.6463634411496908,0.07539484570395283,0.08094668388366699,2.5409817695617676
0,10,0.650468557900288,0.08021508981290315,0.09349608421325684,2.5409817695617676
0,11,0.6557296634626337,0.05994669046558032,0.09885168075561523,2.5409817695617676
0,12,0.6608706894702078,0.059732415231231406,0.10110068321228027,2.5409817695617676
0,13,0.6636273771543431,0.06451417110815882,0.07147812843322754,2.5409817695617676
0,14,0.6690144806829356,0.0663013331686646,0.09424066543579102,2.5409817695617676
0,15,0.6729484059635203,0.04237180426625664,0.07618594169616699,2.5409817695617676
0,16,0.6783156241726813,0.0382390889174532,0.09605646133422852,2.5409817695617676
0,17,0.6840148836403033,0.040500107699034005,0.1070704460144043,2.5409817695617676
0,18,0.6869928077509015,0.04092274011347197,0.07812380790710449,2.5409817695617676
0,19,0.6928253511445204,0.039122822518208755,0.10123944282531738,2.5409817695617676
0,20,0.6945276180321163,0.044298501266154755,0.06305646896362305,2.5409817695617676
0,21,0.705226607170208,0.039102517012001736,0.17276310920715332,2.5409817695617676
0,22,0.7072839293829671,0.03861027011810647,0.06763744354248047,2.5409817695617676
0,23,0.7113455745371853,0.031623969973040844,0.08307814598083496,2.5409817695617676
0,24,0.7174568681884356,0.031857167832159194,0.09295439720153809,2.5409817695617676
0,25,0.718649916429505,0.030255914334909373,0.05746293067932129,2.5409817695617676
0,26,0.7302038661619017,0.024434908834654268,0.1763148307800293,2.5409817695617676
0,27,0.7324304842473064,0.02667031658358543,0.07119369506835938,2.5409817695617676
0,28,0.7371190922237334,0.02451145723888737,0.0894479751586914,2.5409817695617676
0,29,0.7437632247491104,0.026133250855085777,0.10046124458312988,2.5409817695617676
0,30,0.7453334820725268,0.029914774492356466,0.06112337112426758,2.5409817695617676
0,31,0.7562679356947127,0.024649758533117683,0.16730308532714844,2.5409817695617676
0,32,0.7586205976571496,0.026709419388976086,0.07093191146850586,2.5409817695617676
0,33,0.7636089402078534,0.024760281655827887,0.08931303024291992,2.5409817695617676
0,34,0.7708507418040391,0.02718669174929922,0.11252427101135254,2.5409817695617676
0,35,0.7726103102160655,0.025575470004191136,0.06661057472229004,2.5409817695617676
0,36,0.783404765901802,0.021016740998724193,0.16944193840026855,2.5409817695617676
0,37,0.7860430782890995,0.024327841311520326,0.07835698127746582,2.5409817695617676
0,38,0.791574452049146,0.023428015375198896,0.10461926460266113,2.5409817695617676
0,39,0.7987706822107684,0.025005789427684277,0.12042975425720215,2.5409817695617676
0,40,0.8004956107475972,0.02738065243007093,0.06933164596557617,2.5409817695617676
0,41,0.8568258327144338,0.14,0.3051450252532959,2.5409817695617676
0,42,0.8614087058038469,0.10113144014429076,0.1021878719329834,2.5409817695617676
0,43,0.8652929782334873,0.07952604990178413,0.1065678596496582,2.5409817695617676
0,44,0.8716346126585084,0.06644812046030402,0.12158989906311035,2.5409817695617676
0,45,0.8794811185939764,0.05654641625741974,0.1562638282775879,2.5409817695617676
0,46,0.8816449663037476,0.04920650782367092,0.08431720733642578,2.5409817695617676
0,47,0.8903821549403754,0.050475825504976646,0.16952252388000488,2.5409817695617676
0,48,0.8930086178300571,0.05506315311461629,0.09703874588012695,2.5409817695617676
0,49,0.9008259314528978,0.04695454984538805,0.17487788200378418,2.5409817695617676
0,50,0.9032398752084431,0.05123183286151767,0.09365177154541016,2.5409817695617676
0,51,0.9094460308087298,0.05426630138694233,0.15209078788757324,2.5409817695617676
0,52,0.9138372401483678,0.05811477903167661,0.13629555702209473,2.5409817695617676
0,53,0.9169066128034815,0.06830892686125856,0.121673583984375,2.5409817695617676
0,54,0.9216718109855411,0.06040179628917197,0.17569780349731445,2.5409817695617676
0,55,0.9244748506250294,0.06107973406316658,0.13139986991882324,2.5409817695617676
0,56,0.9268932104585519,0.07050819118396945,0.12978458404541016,2.5409817695617676
0,57,0.9302507428446632,0.07299421650738747,0.17308998107910156,2.5409817695617676
0,58,0.9312591963943442,0.08355398041931228,0.12643933296203613,2.5409817695617676
0,59,0.9317326364450995,0.08614185336929103,0.13810253143310547,2.5409817695617676
0,60,0.9333081885664289,0.08258643266531096,0.17945408821105957,2.5409817695617676
0,61,0.9329027067977833,0.07805708083660168,0.11896729469299316,2.5409817695617676
0,62,0.9329601000484657,0.08814912889780613,0.18673944473266602,2.5409817695617676
0,63,0.9325416923397452,0.08849359305567606,0.11886954307556152,2.5409817695617676
0,64,0.9331734333430642,0.09755482529828974,0.1807544231414795,2.5409817695617676
0,65,0.9333820570863305,0.09158221010890077,0.11876583099365234,2.5409817695617676
0,66,0.934596465809916,0.07217947708456884,0.17857074737548828,2.5409817695617676
0,67,0.9350052343875945,0.08280340412910636,0.11896586418151855,2.5409817695617676
0,68,0.936470748055911,0.09611920536389307,0.18389487266540527,2.5409817695617676
0,69,0.9366840833728118,0.09799999999999998,0.08716440200805664,2.5409817695617676
0,70,0.9379092985290358,0.09650000000000003,0.19443821907043457,2.5409817695617676
0,71,0.9381010878571276,0.09326669887433192,0.09416317939758301,2.5409817695617676
0,72,0.9397609431276821,0.09350000000000003,0.20052433013916016,2.5409817695617676
0,73,0.939884862354372,0.08516535956530025,0.08448338508605957,2.5409817695617676
0,74,0.9403817046091729,0.09050000000000002,0.13747787475585938,2.5409817695617676
0,75,0.941776577310637,0.07727753233832058,0.145432710647583,2.5409817695617676
0,76,0.9429752698837205,0.06377732331356178,0.1661090850830078,2.5409817695617676
0,77,0.9431380437147943,0.0602585516978843,0.08956670761108398,2.5409817695617676
0,78,0.9434583615458725,0.06650938650438176,0.11785078048706055,2.5409817695617676
0,79,0.9435779078055709,0.07367226604169963,0.0705881118774414,2.5409817695617676
0,80,0.9466867682018213,0.08132859851319929,0.2393496036529541,2.5409817695617676
0,81,0.9311845406784772,0.08000000000000007,0.35965609550476074,2.5409817695617676
0,82,0.9288701948466728,0.07850000000000007,0.24321198463439941,2.5409817695617676
0,83,0.9276280622716262,0.07700000000000007,0.2352452278137207,2.5409817695617676
0,84,0.9277044391787279,0.07550000000000001,0.15642952919006348,2.5409817695617676
0,85,0.9274690749547425,0.07400000000000007,0.2279653549194336,2.5409817695617676
0,86,0.9275116690826488,0.07250000000000001,0.10113191604614258,2.5409817695617676
0,87,0.9284195047215806,0.07100000000000006,0.15549921989440918,2.5409817695617676
0,88,0.9285528088472577,0.0695,0.07518792152404785,2.5409817695617676
0,89,0.9299443493894174,0.06800000000000006,0.15070414543151855,2.5409817695617676
0,90,0.9300832547572679,0.0665,0.06751489639282227,2.5409817695617676
0,91,0.9316458883534107,0.06500000000000006,0.14594125747680664,2.5409817695617676
0,92,0.931695636726747,0.06350000000000006,0.062027931213378906,2.5409817695617676
0,93,0.9324719649754106,0.062000000000000055,0.10412096977233887,2.5409817695617676
0,94,0.9339250332546536,0.060500000000000054,0.1418294906616211,2.5409817695617676
0,95,0.9345048073032909,0.05900000000000005,0.08317947387695312,2.5409817695617676
0,96,0.9350905889710288,0.057499999999999996,0.08401250839233398,2.5409817695617676
0,97,0.9358557663656,0.05600000000000005,0.08467578887939453,2.5409817695617676
0,98,0.937597306570096,0.05449999999999999,0.14868831634521484,2.5409817695617676
0,99,0.938520525574175,0.05300000000000005,0.08672714233398438,2.5409817695617676
0,100,0.9393788238485887,0.05149999999999999,0.08393096923828125,2.5409817695617676
0,101,0.9409062567067394,0.050000000000000044,0.1329820156097412,2.5409817695617676
0,102,0.9428935196037962,0.04849999999999999,0.1664571762084961,2.5409817695617676
0,103,0.9436557514788122,0.04700000000000004,0.08838844299316406,2.5409817695617676
0,104,0.945649203832063,0.045499999999999985,0.15469670295715332,2.5409817695617676
0,105,0.9468879291134382,0.04400000000000004,0.1091451644897461,2.5409817695617676
0,106,0.9475921760436974,0.04249999999999998,0.08781313896179199,2.5409817695617676
0,107,0.9498522716481261,0.041000000000000036,0.17522835731506348,2.5409817695617676
0,108,0.9514348770587107,0.03949999999999998,0.15494561195373535,2.5409817695617676
0,109,0.9525556564172742,0.038000000000000034,0.09963011741638184,2.5409817695617676
0,110,0.953998481052564,0.03649999999999998,0.1165170669555664,2.5409817695617676
0,111,0.9562249580589324,0.03500000000000003,0.2184464931488037,2.5409817695617676
0,112,0.9568688122981558,0.033499999999999974,0.0916132926940918,2.5409817695617676
0,113,0.9582994127895611,0.03200000000000003,0.12131524085998535,2.5409817695617676
0,114,0.960456254860877,0.030500000000000083,0.23978471755981445,2.5409817695617676
0,115,0.9613748089786838,0.029000000000000026,0.10477185249328613,2.5409817695617676
0,116,0.9627300996621906,0.02750000000000008,0.11796331405639648,2.5409817695617676
0,117,0.9648313044332635,0.026000000000000023,0.25435948371887207,2.5409817695617676
0,118,0.9658437114230318,0.024500000000000077,0.10994172096252441,2.5409817695617676
0,119,0.9678124141825122,0.02300000000000002,0.2545342445373535,2.5409817695617676
0,120,0.9688344922825756,0.021500000000000075,0.11709308624267578,2.5409817695617676
0,121,0.9194714544183684,0.020000000000000018,0.6223161220550537,2.5409817695617676
0,122,0.9187076452919904,0.020000000000000073,0.27286291122436523,2.5409817695617676
0,123,0.9182889488938673,0.020000000000000073,0.22893834114074707,2.5409817695617676
0,124,0.9180008941230174,0.020000000000000073,0.11448931694030762,2.5409817695617676
0,125,0.917415557128932,0.020000000000000018,0.2134566307067871,2.5409817695617676
0,126,0.9172267082974317,0.020000000000000018,0.09354186058044434,2.5409817695617676
0,127,0.9169480996873391,0.020000000000000073,0.12209415435791016,2.5409817695617676
0,128,0.9165814511096935,0.020000000000000018,0.1255199909210205,2.5409817695617676
0,129,0.916400703831117,0.020000000000000018,0.11531448364257812,2.5409817695617676
0,130,0.9161608485121223,0.020000000000000018,0.09082436561584473,2.5409817695617676
0,131,0.9156871695370372,0.020000000000000018,0.17653918266296387,2.5409817695617676
0,132,0.915539540814249,0.020000000000000018,0.07920026779174805,2.5409817695617676
0,133,0.9153387790200731,0.020000000000000018,0.0945425033569336,2.5409817695617676
0,134,0.9152751582104314,0.020000000000000018,0.06336307525634766,2.5409817695617676
0,135,0.9148653511027275,0.020000000000000018,0.13084125518798828,2.5409817695617676
0,136,0.9148192441409551,0.020000000000000018,0.06268525123596191,2.5409817695617676
0,137,0.9145282124046101,0.020000000000000018,0.09768462181091309,2.5409817695617676
0,138,0.9144930561202183,0.020000000000000018,0.06020021438598633,2.5409817695617676
0,139,0.9140138381097063,0.020000000000000018,0.16355204582214355,2.5409817695617676
0,140,0.9139712239943354,0.020000000000000018,0.06346273422241211,2.5409817695617676
0,141,0.9138102495895838,0.020000000000000018,0.08221960067749023,2.5409817695617676
0,142,0.9137795206339079,0.020000000000000018,0.05667233467102051,2.5409817695617676
0,143,0.9133892027015142,0.020000000000000018,0.12156200408935547,2.5409817695617676
0,144,0.9133428761329836,0.020000000000000018,0.06589293479919434,2.5409817695617676
0,145,0.9132183028405241,0.020000000000000018,0.07917141914367676,2.5409817695617676
0,146,0.9130264276718946,0.020000000000000018,0.07692861557006836,2.5409817695617676
0,147,0.9129801067199284,0.020000000000000018,0.06162071228027344,2.5409817695617676
0,148,0.912423963007954,0.020000000000000018,0.2316582202911377,2.5409817695617676
0,149,0.9123842821176825,0.020000000000000018,0.061853647232055664,2.5409817695617676
0,150,0.9122257102509788,0.020000000000000018,0.09492921829223633,2.5409817695617676
0,1,0.6248400123907404,0.20000000000000007,0.7184464931488037,2.534648895263672
0,2,0.6215704216899756,0.1985,0.11827659606933594,2.5409817695617676
0,3,0.6233178085085842,0.17378831610842083,0.10805511474609375,2.5409817695617676
0,4,0.6255570339477605,0.13686309469545144,0.08321428298950195,2.5409817695617676
0,5,0.629654017537493,0.13346839622435547,0.09345889091491699,2.5409817695617676
0,6,0.6338191093879217,0.10778773226366134,0.08548831939697266,2.5409817695617676
0,7,0.6373751910211991,0.10100575457417149,0.08545660972595215,2.5409817695617676
0,8,0.6424522355676687,0.08552995550531528,0.10349488258361816,2.5409817695617676
0,9,0.6475199994062302,0.07479175417601935,0.09932136535644531,2.5409817695617676
0,10,0.6502233122014993,0.08005525452810325,0.07260417938232422,2.5409817695617676
0,11,0.6556413409898718,0.05814458695612723,0.09480953216552734,2.5409817695617676
0,12,0.6592604627157999,0.061317439021792985,0.07770395278930664,2.5409817695617676
0,13,0.6643419061195266,0.0636987492981822,0.09444022178649902,2.5409817695617676
0,14,0.6700198497476915,0.06833320945919175,0.10265421867370605,2.5409817695617676
0,15,0.6728841739816508,0.04030612593610283,0.07551836967468262,2.5409817695617676
0,16,0.6788663020962709,0.041193809498877076,0.1005563735961914,2.5409817695617676
0,17,0.6829787091301702,0.039531949025217505,0.08209872245788574,2.5409817695617676
0,18,0.6881702672125642,0.041231943519124514,0.10030913352966309,2.5409817695617676
0,19,0.694066577927242,0.04026620310075801,0.11232852935791016,2.5409817695617676
0,20,0.6969580658016508,0.04098136044499523,0.07533502578735352,2.5409817695617676
0,21,0.7024564311752025,0.03895262765090712,0.09363555908203125,2.5409817695617676
0,22,0.7065052313771463,0.039632641856118034,0.08220529556274414,2.5409817695617676
0,23,0.7124032941304761,0.030387909252676315,0.1140906810760498,2.5409817695617676
0,24,0.7186149177384428,0.03453085093762076,0.11354255676269531,2.5409817695617676
0,25,0.7217289590428797,0.0291852602927537,0.07723593711853027,2.5409817695617676
0,26,0.7273113999274463,0.026369569728224018,0.09664249420166016,2.5409817695617676
0,27,0.7316023735850671,0.02587287253573156,0.0873270034790039,2.5409817695617676
0,28,0.7378808148772473,0.0247104132408843,0.11503076553344727,2.5409817695617676
0,29,0.744402580989091,0.026466305280036573,0.11703610420227051,2.5409817695617676
0,30,0.7476931274084477,0.02761628546030548,0.07839584350585938,2.5409817695617676
0,31,0.7534965738512841,0.026593106510113595,0.09530425071716309,2.5409817695617676
0,32,0.7579064056623752,0.026607097043314654,0.08616805076599121,2.5409817695617676
0,33,0.7645608103792645,0.026152189815091487,0.11964535713195801,2.5409817695617676
0,34,0.7711043237869892,0.026132108064388593,0.1240851879119873,2.5409817695617676
0,35,0.7746341366772803,0.02843709770846936,0.08298397064208984,2.5409817695617676
0,36,0.7809256614677684,0.021893703542586906,0.10225248336791992,2.5409817695617676
0,37,0.785485779398498,0.023899060015190265,0.09011554718017578,2.5409817695617676
0,38,0.7919920728630471,0.024207908853812965,0.12932419776916504,2.5409817695617676
0,39,0.7985799309069311,0.0248194092075954,0.1289982795715332,2.5409817695617676
0,40,0.8024232772199817,0.02487159728026589,0.08885574340820312,2.5409817695617676
0,41,0.856916817593885,0.14,0.31035661697387695,2.5409817695617676
0,42,0.8613193556255418,0.10069117653745141,0.10004377365112305,2.5409817695617676
0,43,0.8655006263269616,0.07904457487303862,0.10923099517822266,2.5409817695617676
0,44,0.87185996951705,0.06623202395274619,0.12420654296875,2.5409817695617676
0,45,0.8796700889519895,0.05647966610981059,0.15999054908752441,2.5409817695617676
0,46,0.8818021399690847,0.048906120754487414,0.08434247970581055,2.5409817695617676
0,47,0.8905289462976853,0.049551183280314715,0.17005300521850586,2.5409817695617676
0,48,0.8931556535277378,0.05411131821797366,0.09389376640319824,2.5409817695617676
0,49,0.9009618935767689,0.049959129678268877,0.17013049125671387,2.5409817695617676
0,50,0.9032850881840739,0.05074902244322943,0.09766697883605957,2.5409817695617676
0,51,0.9107703478562861,0.05310544094376868,0.18436169624328613,2.5409817695617676
0,52,0.9130929446049164,0.05729180868549422,0.10375833511352539,2.5409817695617676
0,53,0.9182067622910063,0.06470833917425933,0.16162681579589844,2.5409817695617676
0,54,0.9214791963641288,0.06079844202853879,0.13015508651733398,2.5409817695617676
0,55,0.9244777576835507,0.0601120376975558,0.13383078575134277,2.5409817695617676
0,56,0.9283962668272405,0.06922842653778838,0.17283248901367188,2.5409817695617676
0,57,0.9300576018368178,0.07137229600233985,0.12901949882507324,2.5409817695617676
0,58,0.931415274097261,0.08228194681974199,0.14252948760986328,2.5409817695617676
0,59,0.9335549076212264,0.08155711903214191,0.18927979469299316,2.5409817695617676
0,60,0.9335504087575769,0.092468534153899,0.129439115524292,2.5409817695617676
0,61,0.9339060382372717,0.07675820441954706,0.18396878242492676,2.5409817695617676
0,62,0.9334059636698762,0.0862478747980372,0.12058162689208984,2.5409817695617676
0,63,0.933645106775818,0.08970324872676705,0.18043136596679688,2.5409817695617676
0,64,0.933553010246071,0.09655504858025088,0.12290048599243164,2.5409817695617676
0,65,0.9345383665676819,0.09518188617940648,0.1904890537261963,2.5409817695617676
0,66,0.9347291589412889,0.07365075066854632,0.11828804016113281,2.5409817695617676
0,67,0.9360967053408261,0.08200093545156195,0.18454837799072266,2.5409817695617676
0,68,0.9363225230801008,0.09656108374352268,0.0905153751373291,2.5409817695617676
0,69,0.937878991406816,0.09799999999999998,0.20160627365112305,2.5409817695617676
0,70,0.9379971947523987,0.09650000000000003,0.09771585464477539,2.5409817695617676
0,71,0.9393295190630722,0.09318371739181686,0.19852209091186523,2.5409817695617676
0,72,0.9395383978275541,0.09350000000000003,0.09000873565673828,2.5409817695617676
0,73,0.940835044870818,0.0852380264170689,0.1979227066040039,2.5409817695617676
0,74,0.9409138538212523,0.09050000000000002,0.08325028419494629,2.5409817695617676
0,75,0.9417418000002535,0.0797962743419296,0.14145255088806152,2.5409817695617676
0,76,0.9430372973667887,0.06375515530851339,0.14695954322814941,2.5409817695617676
0,77,0.9441044338793514,0.05943258943080032,0.16239333152770996,2.5409817695617676
0,78,0.944220926889038,0.0661413671746448,0.08518171310424805,2.5409817695617676
0,79,0.9445471547178423,0.07266535081175318,0.1141664981842041,2.5409817695617676
0,80,0.9446650148522092,0.08029884650883101,0.07469463348388672,2.5409817695617676
0,81,0.931389974618749,0.08000000000000007,0.358689546585083,2.5409817695617676
0,82,0.9289586324159226,0.07850000000000001,0.2630462646484375,2.5409817695617676
0,83,0.9279512444277065,0.07700000000000007,0.26062679290771484,2.5409817695617676
0,84,0.9278308398055872,0.07550000000000001,0.1584763526916504,2.5409817695617676
0,85,0.9275440760719587,0.07400000000000007,0.22465252876281738,2.5409817695617676
0,86,0.9275883348132221,0.07250000000000001,0.09943509101867676,2.5409817695617676
0,87,0.9285285877758297,0.07100000000000006,0.15024423599243164,2.5409817695617676
0,88,0.9288307948952595,0.0695,0.09168148040771484,2.5409817695617676
0,89,0.9298350630022386,0.06800000000000006,0.128509521484375,2.5409817695617676
0,90,0.9304759140542049,0.0665,0.10741257667541504,2.5409817695617676
0,91,0.9314272246106772,0.06500000000000006,0.12410998344421387,2.5409817695617676
0,92,0.9318027146540976,0.06350000000000006,0.08852267265319824,2.5409817695617676
0,93,0.9329061199936385,0.062000000000000055,0.11536574363708496,2.5409817695617676
0,94,0.9335752618144914,0.060500000000000054,0.08484315872192383,2.5409817695617676
0,95,0.9338258536073825,0.05900000000000005,0.07315921783447266,2.5409817695617676
0,96,0.9359432196529356,0.057499999999999996,0.16030168533325195,2.5409817695617676
0,97,0.9360579278551218,0.05600000000000005,0.06505870819091797,2.5409817695617676
0,98,0.9374368955766119,0.05449999999999999,0.10489988327026367,2.5409817695617676
0,99,0.9375984477149346,0.05300000000000005,0.0636599063873291,2.5409817695617676
0,100,0.940299626613373,0.05149999999999999,0.18068528175354004,2.5409817695617676
0,101,0.9406425270903853,0.050000000000000044,0.07423901557922363,2.5409817695617676
0,102,0.9428160883073798,0.04849999999999999,0.1580967903137207,2.5409817695617676
0,103,0.9440020528252357,0.04700000000000004,0.09973359107971191,2.5409817695617676
0,104,0.9445590214648754,0.045499999999999985,0.07661795616149902,2.5409817695617676
0,105,0.9469499818164351,0.04400000000000004,0.17943382263183594,2.5409817695617676
0,106,0.9474610616675364,0.04249999999999998,0.07927441596984863,2.5409817695617676
0,107,0.9499720773129731,0.041000000000000036,0.17938709259033203,2.5409817695617676
0,108,0.9512583900270453,0.039500000000000035,0.10906314849853516,2.5409817695617676
0,109,0.9528052577581152,0.038000000000000034,0.15412187576293945,2.5409817695617676
0,110,0.9543241575007687,0.03649999999999998,0.16567134857177734,2.5409817695617676
0,111,0.9554864819261173,0.03500000000000003,0.10960125923156738,2.5409817695617676
0,112,0.9570455291149513,0.033499999999999974,0.16761112213134766,2.5409817695617676
0,113,0.9587228344975205,0.03200000000000003,0.16933465003967285,2.5409817695617676
0,114,0.9599375673684082,0.030500000000000083,0.11224055290222168,2.5409817695617676
0,115,0.9614360936499757,0.029000000000000026,0.1768050193786621,2.5409817695617676
0,116,0.9631369584968341,0.02750000000000008,0.18416857719421387,2.5409817695617676
0,117,0.9644325575364675,0.026000000000000023,0.13369393348693848,2.5409817695617676
0,118,0.9663295181390056,0.024500000000000077,0.2500770092010498,2.5409817695617676
0,119,0.967293621426713,0.02300000000000002,0.11718916893005371,2.5409817695617676
0,120,0.9692937551088298,0.021500000000000075,0.2692837715148926,2.5409817695617676
0,121,0.91942636522176,0.020000000000000073,0.6250748634338379,2.5409817695617676
0,122,0.9186502984022673,0.020000000000000073,0.27467799186706543,2.5409817695617676
0,123,0.918239128159255,0.020000000000000018,0.23344135284423828,2.5409817695617676
0,124,0.9179476826313153,0.020000000000000073,0.11752605438232422,2.5409817695617676
0,125,0.9173663538003594,0.020000000000000073,0.21168947219848633,2.5409817695617676
0,126,0.9171791168475314,0.020000000000000018,0.0914468765258789,2.5409817695617676
0,127,0.9168963988828401,0.020000000000000018,0.12389230728149414,2.5409817695617676
0,128,0.916537302068934,0.020000000000000018,0.1206960678100586,2.5409817695617676
0,129,0.9163546620887268,0.020000000000000018,0.1157693862915039,2.5409817695617676
0,130,0.9161169000754175,0.020000000000000018,0.09145903587341309,2.5409817695617676
0,131,0.9156414724924737,0.020000000000000073,0.1795511245727539,2.5409817695617676
0,132,0.9154916858450551,0.020000000000000018,0.07840609550476074,2.5409817695617676
0,133,0.9152952086581265,0.020000000000000018,0.08621454238891602,2.5409817695617676
0,134,0.9151521573625524,0.020000000000000018,0.09204244613647461,2.5409817695617676
0,135,0.9148772074085944,0.020000000000000018,0.08582186698913574,2.5409817695617676
0,136,0.9148040661780905,0.020000000000000018,0.0751957893371582,2.5409817695617676
0,137,0.9144973894594175,0.020000000000000018,0.10367679595947266,2.5409817695617676
0,138,0.9142613128310485,0.020000000000000018,0.12360954284667969,2.5409817695617676
0,139,0.9141206928498896,0.020000000000000018,0.07402610778808594,2.5409817695617676
0,140,0.9140538426515885,0.020000000000000018,0.0718834400177002,2.5409817695617676
0,141,0.9137265983225165,0.020000000000000018,0.10473942756652832,2.5409817695617676
0,142,0.913624942751625,0.020000000000000018,0.0875701904296875,2.5409817695617676
0,143,0.9135032123838552,0.020000000000000018,0.07155132293701172,2.5409817695617676
0,144,0.9133697622827595,0.020000000000000018,0.08168768882751465,2.5409817695617676
0,145,0.9130438280202033,0.020000000000000018,0.10545492172241211,2.5409817695617676
0,146,0.9130044384330559,0.020000000000000018,0.06666159629821777,2.5409817695617676
0,147,0.9127059514362185,0.020000000000000018,0.13676714897155762,2.5409817695617676
0,148,0.9126779260593272,0.020000000000000018,0.05598306655883789,2.5409817695617676
0,149,0.9124352241863446,0.020000000000000018,0.09125137329101562,2.5409817695617676
0,150,0.9124123754701705,0.020000000000000018,0.0565340518951416,2.5409817695617676
0,1,0.6248416626260227,0.20000000000000007,0.8712289333343506,2.534648895263672
0,2,0.6215800052905087,0.1985,0.11790609359741211,2.5409817695617676
0,3,0.6234603976544074,0.1734040162948588,0.10645508766174316,2.5409817695617676
0,4,0.6256678208897845,0.1365436810712113,0.08065629005432129,2.5409817695617676
0,5,0.6292641347277528,0.13489153616782912,0.08569669723510742,2.5409817695617676
0,6,0.6333174246055242,0.1042974934705786,0.0789179801940918,2.5409817695617676
0,7,0.6381481106942843,0.10488044654986961,0.10115265846252441,2.5409817695617676
0,8,0.6431279371735259,0.08414311375360795,0.0999910831451416,2.5409817695617676
0,9,0.6459895494128324,0.07377229186002554,0.07427048683166504,2.5409817695617676
0,10,0.6506071819968491,0.07949437890591626,0.08486151695251465,2.5409817695617676
0,11,0.6537646086377613,0.05975576664185911,0.06542110443115234,2.5409817695617676
0,12,0.6587279064571505,0.06044117884826228,0.09249472618103027,2.5409817695617676
0,13,0.6652076081266431,0.062022255566558826,0.11124420166015625,2.5409817695617676
0,14,0.6685157521726344,0.06805259814400089,0.08111786842346191,2.5409817695617676
0,15,0.6712950149350803,0.04050531284832337,0.07565593719482422,2.5409817695617676
0,16,0.6797325112117136,0.04016662064157206,0.14543652534484863,2.5409817695617676
0,17,0.6813876295816579,0.042416025211799546,0.069793701171875,2.5409817695617676
0,18,0.6884983261722217,0.039457562976423444,0.12656903266906738,2.5409817695617676
0,19,0.6923558608788702,0.03968135088082703,0.07994413375854492,2.5409817695617676
0,20,0.6981285247373217,0.040926990522629714,0.09848189353942871,2.5409817695617676
0,21,0.7018883940437711,0.0401485406447204,0.07921242713928223,2.5409817695617676
0,22,0.7071977525869484,0.0409562533469775,0.10756444931030273,2.5409817695617676
0,23,0.7135000215485102,0.03103206088888577,0.11967110633850098,2.5409817695617676
0,24,0.7169581274213637,0.03196333639880433,0.07986807823181152,2.5409817695617676
0,25,0.7226446039651491,0.027546326145234,0.09784841537475586,2.5409817695617676
0,26,0.7263176232026988,0.028724554724149476,0.07531929016113281,2.5409817695617676
0,27,0.7325258450264697,0.025789823816577795,0.11252450942993164,2.5409817695617676
0,28,0.7390149494385403,0.025491333734685262,0.12229108810424805,2.5409817695617676
0,29,0.7426850014455133,0.025730157261732778,0.08324933052062988,2.5409817695617676
0,30,0.748652737217314,0.026161359332075196,0.09842491149902344,2.5409817695617676
0,31,0.7528717342390093,0.02823662623167933,0.08389925956726074,2.5409817695617676
0,32,0.7590038044302727,0.02566040922525903,0.11607122421264648,2.5409817695617676
0,33,0.7655015878388712,0.026169352495147846,0.11831831932067871,2.5409817695617676
0,34,0.7693299809379329,0.025658677603927704,0.08324217796325684,2.5409817695617676
0,35,0.7756477516813193,0.02684168383890917,0.1108555793762207,2.5409817695617676
0,36,0.7801448780100332,0.023171623079215165,0.09695672988891602,2.5409817695617676
0,37,0.7865314894800819,0.02322290104836955,0.13068079948425293,2.5409817695617676
0,38,0.7928242845956437,0.02341986070683899,0.12404751777648926,2.5409817695617676
0,39,0.7969510991508005,0.025084323348084747,0.08873367309570312,2.5409817695617676
0,40,0.8035008141079745,0.0236184546415813,0.10991358757019043,2.5409817695617676
0,41,0.8568664174000304,0.14,0.31037235260009766,2.5409817695617676
0,42,0.8613262085505251,0.10045488676698233,0.10504865646362305,2.5409817695617676
0,43,0.8656719603082629,0.07951535548833832,0.1112508773803711,2.5409817695617676
0,44,0.8717761509140336,0.06599589310388243,0.11877965927124023,2.5409817695617676
0,45,0.879751019289644,0.056564698671588975,0.1625196933746338,2.5409817695617676
0,46,0.8820404009795539,0.04902883011333303,0.08760666847229004,2.5409817695617676
0,47,0.8892051393751076,0.049927556897361614,0.14991259574890137,2.5409817695617676
0,48,0.8947714120977539,0.052187785111579954,0.13611292839050293,2.5409817695617676
0,49,0.8999837758330205,0.05134034525952946,0.14002561569213867,2.5409817695617676
0,50,0.90353781945684,0.050719490118121935,0.10741710662841797,2.5409817695617676
0,51,0.9099273865022484,0.052142415697413624,0.16310572624206543,2.5409817695617676
0,52,0.9143943036170296,0.056261595571609035,0.1537153720855713,2.5409817695617676
0,53,0.9175100182543927,0.0663005993996949,0.12558460235595703,2.5409817695617676
0,54,0.9222629460887397,0.05990038016539123,0.22251629829406738,2.5409817695617676
0,55,0.9248859244612722,0.05934715582652872,0.13398361206054688,2.5409817695617676
0,56,0.9277515926957084,0.06745405545598515,0.14906048774719238,2.5409817695617676
0,57,0.9311387235228807,0.07069498280135667,0.19923973083496094,2.5409817695617676
0,58,0.9321989778591124,0.08134230681096377,0.1371781826019287,2.5409817695617676
0,59,0.9327927277657277,0.08314905737255429,0.1488182544708252,2.5409817695617676
0,60,0.9344299103668925,0.09233316748038312,0.18722009658813477,2.5409817695617676
0,61,0.9340564378326424,0.07671665117729731,0.11867690086364746,2.5409817695617676
0,62,0.9342158931331157,0.08528218688881095,0.17919278144836426,2.5409817695617676
0,63,0.9337090127061994,0.09301668752668735,0.12386608123779297,2.5409817695617676
0,64,0.9341513578266224,0.09567696184955998,0.17905592918395996,2.5409817695617676
0,65,0.9343047136556561,0.10176037108042024,0.11870503425598145,2.5409817695617676
0,66,0.9355030213727892,0.07532414944035748,0.19353032112121582,2.5409817695617676
0,67,0.9358383778697249,0.08104222641785042,0.11952781677246094,2.5409817695617676
0,68,0.9373091117334629,0.09407344214065361,0.18276047706604004,2.5409817695617676
0,69,0.9375063218987286,0.09799999999999998,0.09737730026245117,2.5409817695617676
0,70,0.9387726261743496,0.09650000000000003,0.21245360374450684,2.5409817695617676
0,71,0.9389736192346384,0.09188128729404976,0.09676980972290039,2.5409817695617676
0,72,0.9404017639583326,0.09350000000000003,0.19788885116577148,2.5409817695617676
0,73,0.9405356507929168,0.08391337987138414,0.09312295913696289,2.5409817695617676
0,74,0.9412952156808211,0.09050000000000002,0.14881539344787598,2.5409817695617676
0,75,0.9425414647033141,0.08683139964128606,0.14354753494262695,2.5409817695617676
0,76,0.9431940955294361,0.06237590022666606,0.14031052589416504,2.5409817695617676
0,77,0.9433611846337812,0.05916923286494902,0.08869361877441406,2.5409817695617676
0,78,0.9446332631752599,0.06574348629689342,0.17141199111938477,2.5409817695617676
0,79,0.9447097740600817,0.07279551631620751,0.07244014739990234,2.5409817695617676
0,80,0.9465342533410277,0.07936221447691716,0.18527579307556152,2.5409817695617676
0,81,0.9316094535923272,0.08000000000000007,0.36243510246276855,2.5409817695617676
0,82,0.9291924894973501,0.07850000000000001,0.25900816917419434,2.5409817695617676
0,83,0.9280772162315322,0.07700000000000007,0.24854540824890137,2.5409817695617676
0,84,0.9280282197239682,0.07550000000000001,0.16291546821594238,2.5409817695617676
0,85,0.9277003936999326,0.07400000000000007,0.224259614944458,2.5409817695617676
0,86,0.9277488785231796,0.07250000000000001,0.09840869903564453,2.5409817695617676
0,87,0.9286223362432621,0.07100000000000006,0.1480541229248047,2.5409817695617676
0,88,0.9289300485477562,0.0695,0.09425783157348633,2.5409817695617676
0,89,0.9299544144768292,0.06800000000000006,0.125626802444458,2.5409817695617676
0,90,0.9305125314161986,0.0665,0.09944295883178711,2.5409817695617676
0,91,0.9314956883376005,0.065,0.12096095085144043,2.5409817695617676
0,92,0.9321290860498943,0.06350000000000006,0.09384298324584961,2.5409817695617676
0,93,0.9323993996627488,0.062000000000000055,0.07864546775817871,2.5409817695617676
0,94,0.9341629490933123,0.060500000000000054,0.1477344036102295,2.5409817695617676
0,95,0.9342745178770151,0.05900000000000005,0.06704068183898926,2.5409817695617676
0,96,0.9352274140126645,0.057499999999999996,0.0980226993560791,2.5409817695617676
0,97,0.9366359838431755,0.05600000000000005,0.14206171035766602,2.5409817695617676
0,98,0.9374369512720904,0.05449999999999999,0.08630585670471191,2.5409817695617676
0,99,0.938158618603137,0.05300000000000005,0.0810401439666748,2.5409817695617676
0,100,0.9399752071864094,0.05149999999999999,0.1134181022644043,2.5409817695617676
0,101,0.9400901157858704,0.050000000000000044,0.06251287460327148,2.5409817695617676
0,102,0.9432677080358465,0.04849999999999999,0.23500895500183105,2.5409817695617676
0,103,0.9439540789621068,0.04700000000000004,0.08712148666381836,2.5409817695617676
0,104,0.945121939051285,0.045499999999999985,0.09900712966918945,2.5409817695617676
0,105,0.946775306587935,0.04400000000000004,0.12845396995544434,2.5409817695617676
0,106,0.9470350969575123,0.04249999999999998,0.07044291496276855,2.5409817695617676
0,107,0.9503644302181815,0.041000000000000036,0.2557229995727539,2.5409817695617676
0,108,0.9511615122331895,0.03949999999999998,0.09635210037231445,2.5409817695617676
0,109,0.9523893793428324,0.038000000000000034,0.09911179542541504,2.5409817695617676
0,110,0.95452321076933,0.03649999999999998,0.18565964698791504,2.5409817695617676
0,111,0.9550814915763637,0.03500000000000003,0.0899658203125,2.5409817695617676
0,112,0.9570860418437745,0.033499999999999974,0.18518996238708496,2.5409817695617676
0,113,0.958729772644477,0.03200000000000003,0.1738433837890625,2.5409817695617676
0,114,0.9599369308290383,0.030500000000000083,0.11551260948181152,2.5409817695617676
0,115,0.9614585933664115,0.029000000000000026,0.17715930938720703,2.5409817695617676
0,116,0.9631600087554963,0.02750000000000008,0.18737316131591797,2.5409817695617676
0,117,0.9644016523627481,0.026000000000000023,0.11981558799743652,2.5409817695617676
0,118,0.9663058652146028,0.024500000000000077,0.25196409225463867,2.5409817695617676
0,119,0.9673322818211622,0.02300000000000002,0.11934256553649902,2.5409817695617676
0,120,0.9692815877610521,0.021500000000000075,0.2559034824371338,2.5409817695617676
0,121,0.9194255050951433,0.020000000000000073,0.6341817378997803,2.5409817695617676
0,122,0.9186220558639209,0.020000000000000018,0.2698667049407959,2.5409817695617676
0,123,0.9182248420408636,0.020000000000000018,0.23646306991577148,2.5409817695617676
0,124,0.9179338906157621,0.020000000000000018,0.11914634704589844,2.5409817695617676
0,125,0.9173597961662472,0.020000000000000018,0.21570181846618652,2.5409817695617676
0,126,0.9171707663040437,0.020000000000000018,0.09876847267150879,2.5409817695617676
0,127,0.9168921147863971,0.020000000000000073,0.1241455078125,2.5409817695617676
0,128,0.9166330489128507,0.020000000000000018,0.09779667854309082,2.5409817695617676
0,129,0.9161899079047223,0.020000000000000018,0.18132519721984863,2.5409817695617676
0,130,0.9160096925669112,0.020000000000000018,0.08495259284973145,2.5409817695617676
0,131,0.9157479889372893,0.020000000000000018,0.11617803573608398,2.5409817695617676
0,132,0.9155347361718735,0.020000000000000018,0.08571267127990723,2.5409817695617676
0,133,0.9154530700508265,0.020000000000000018,0.07282090187072754,2.5409817695617676
0,134,0.915009329903787,0.020000000000000018,0.1411740779876709,2.5409817695617676
0,135,0.914951625885998,0.020000000000000018,0.07083606719970703,2.5409817695617676
0,136,0.914775992571798,0.020000000000000018,0.08735871315002441,2.5409817695617676
0,137,0.9146286593620515,0.020000000000000018,0.09858989715576172,2.5409817695617676
0,138,0.9141708384674267,0.020000000000000018,0.15854454040527344,2.5409817695617676
0,139,0.9141014424230174,0.020000000000000018,0.06999802589416504,2.5409817695617676
0,140,0.9137500752240464,0.020000000000000073,0.14171195030212402,2.5409817695617676
0,141,0.9137092469371421,0.020000000000000018,0.06287264823913574,2.5409817695617676
0,142,0.9134620415884829,0.020000000000000018,0.09039759635925293,2.5409817695617676
0,143,0.9134381395648227,0.020000000000000018,0.05553913116455078,2.5409817695617676
0,144,0.9131566023112742,0.020000000000000018,0.10505962371826172,2.5409817695617676
0,145,0.9131305116413624,0.020000000000000018,0.057657718658447266,2.5409817695617676
0,146,0.9128355620392243,0.020000000000000018,0.1049187183380127,2.5409817695617676
0,147,0.912817456605205,0.020000000000000018,0.05462646484375,2.5409817695617676
0,148,0.9126057246425894,0.020000000000000018,0.08457159996032715,2.5409817695617676
0,149,0.9124573768332433,0.020000000000000018,0.11556529998779297,2.5409817695617676
0,150,0.9122520406094056,0.020000000000000018,0.08373904228210449,2.5409817695617676
0,1,0.6311559177707668,0.2,0.8212792873382568,2.534648895263672
0,2,0.6279406491406312,0.1985,0.11617088317871094,2.5409817695617676
0,3,0.6298213513863822,0.17850089660749335,0.10410761833190918,2.5409817695617676
0,4,0.6321616759313908,0.13227817269108477,0.08214044570922852,2.5409817695617676
0,5,0.6363741171662728,0.15488701200957244,0.09925413131713867,2.5409817695617676
0,6,0.6409846706689215,0.10311193153815967,0.08802533149719238,2.5409817695617676
0,7,0.6449113135782486,0.11181937145243825,0.0854637622833252,2.5409817695617676
0,8,0.6497568648520202,0.08169909376541273,0.09777116775512695,2.5409817695617676
0,9,0.6547723750733144,0.0702690817170959,0.09823083877563477,2.5409817695617676
0,10,0.6577410733197194,0.07541149904508548,0.07663297653198242,2.5409817695617676
0,11,0.6611224298851599,0.08021197652327561,0.07800745964050293,2.5409817695617676
0,12,0.667321313347421,0.05872077546328769,0.10554099082946777,2.5409817695617676
0,13,0.6738254393596976,0.060054419956904304,0.11598372459411621,2.5409817695617676
0,14,0.676557730113036,0.06353686453574325,0.07388949394226074,2.5409817695617676
0,15,0.6819553677494066,0.049864311998542465,0.09730362892150879,2.5409817695617676
0,16,0.6858499566792744,0.04305985488394615,0.08020520210266113,2.5409817695617676
0,17,0.6918718822165812,0.03756970233388501,0.10198283195495605,2.5409817695617676
0,18,0.698009824450634,0.04187814939932133,0.10953688621520996,2.5409817695617676
0,19,0.7010904878989053,0.039284458002622036,0.0745692253112793,2.5409817695617676
0,20,0.706774190889589,0.037965378135091155,0.09820175170898438,2.5409817695617676
0,21,0.7109436508428348,0.04031292385271612,0.0820159912109375,2.5409817695617676
0,22,0.7172515336956288,0.036183888618448456,0.11145234107971191,2.5409817695617676
0,23,0.7238492661043456,0.03476625401209599,0.11767458915710449,2.5409817695617676
0,24,0.726858384069857,0.03486691332519487,0.07284188270568848,2.5409817695617676
0,25,0.7326847223111892,0.029834114089345665,0.0956113338470459,2.5409817695617676
0,26,0.7371810106672734,0.031074418281709648,0.08847308158874512,2.5409817695617676
0,27,0.7439258066245681,0.026911713894619216,0.1182413101196289,2.5409817695617676
0,28,0.7503665801640296,0.026093376750869757,0.11320829391479492,2.5409817695617676
0,29,0.7537967101578325,0.025632744338996982,0.0779886245727539,2.5409817695617676
0,30,0.7596632941265635,0.024441708973001686,0.09222054481506348,2.5409817695617676
0,31,0.7643248490497576,0.028340215074863506,0.0832974910736084,2.5409817695617676
0,32,0.7713504447923963,0.025068729241755183,0.11869096755981445,2.5409817695617676
0,33,0.7780559784140944,0.024955204879971382,0.12056183815002441,2.5409817695617676
0,34,0.7816631171568257,0.027412260823143075,0.08583784103393555,2.5409817695617676
0,35,0.7882704878462574,0.027368339346280246,0.11956477165222168,2.5409817695617676
0,36,0.7933057045602719,0.023566126109137775,0.10943055152893066,2.5409817695617676
0,37,0.799712618448214,0.023015114758520916,0.1309053897857666,2.5409817695617676
0,38,0.8066102694766493,0.023670937997102626,0.13538217544555664,2.5409817695617676
0,39,0.8107108288211002,0.026764402365232365,0.0978398323059082,2.5409817695617676
0,40,0.8177182731733857,0.02514834853380732,0.1244194507598877,2.5409817695617676
0,41,0.8758940090982048,0.14,0.3302638530731201,2.5409817695617676
0,42,0.8805440015446755,0.10010492954311656,0.10527992248535156,2.5409817695617676
0,43,0.8849482576253335,0.0798163005319914,0.11911392211914062,2.5409817695617676
0,44,0.8912470530994754,0.06636087323370843,0.12165522575378418,2.5409817695617676
0,45,0.8993358169933074,0.05675604621835517,0.16124892234802246,2.5409817695617676
0,46,0.9016183938160737,0.0489665217810229,0.08933067321777344,2.5409817695617676
0,47,0.9088036394006557,0.05211082635068265,0.14701128005981445,2.5409817695617676
0,48,0.9144168619171672,0.05940587529216723,0.13580560684204102,2.5409817695617676
0,49,0.9196141122212098,0.06044562474116766,0.1431891918182373,2.5409817695617676
0,50,0.9244936775964879,0.05438206018088887,0.1405789852142334,2.5409817695617676
0,51,0.9291719626194979,0.05633757687755536,0.1457078456878662,2.5409817695617676
0,52,0.9334413097766362,0.05643074926620317,0.14406895637512207,2.5409817695617676
0,53,0.9364369483549179,0.06643031493883667,0.12003874778747559,2.5409817695617676
0,54,0.9409313616727736,0.07708592504134315,0.17859339714050293,2.5409817695617676
0,55,0.9431136156539222,0.061061996787455275,0.12331843376159668,2.5409817695617676
0,56,0.9462696219518363,0.07014205660889761,0.17833900451660156,2.5409817695617676
0,57,0.9475740190854632,0.07637242194287586,0.13586759567260742,2.5409817695617676
0,58,0.9494957845240265,0.08710938900182719,0.18650341033935547,2.5409817695617676
0,59,0.9496223032230406,0.08524232358363726,0.1293656826019287,2.5409817695617676
0,60,0.9503268150936133,0.0980427998898975,0.1917264461517334,2.5409817695617676
0,61,0.949491848730591,0.08059981216343537,0.1245582103729248,2.5409817695617676
0,62,0.9494468935405065,0.09027816674832356,0.1956636905670166,2.5409817695617676
0,63,0.9485375540685805,0.1002691961542449,0.1295328140258789,2.5409817695617676
0,64,0.9489927333612107,0.10550000000000004,0.19147515296936035,2.5409817695617676
0,65,0.9487731207313468,0.08925505287903446,0.12926959991455078,2.5409817695617676
0,66,0.9496550168576383,0.09884095076084631,0.16785025596618652,2.5409817695617676
0,67,0.9500094152552933,0.09530093296916808,0.13359618186950684,2.5409817695617676
0,68,0.9509458597014586,0.09950000000000003,0.1649644374847412,2.5409817695617676
0,69,0.9512642064606591,0.09563428460341439,0.13650846481323242,2.5409817695617676
0,70,0.9519065579337485,0.09650000000000003,0.15978240966796875,2.5409817695617676
0,71,0.952533666803772,0.09499999999999997,0.14174914360046387,2.5409817695617676
0,72,0.9536074705335651,0.09097978869003776,0.1632838249206543,2.5409817695617676
0,73,0.9541073150710156,0.08303011382225267,0.1340651512145996,2.5409817695617676
0,74,0.954295144614256,0.09050000000000002,0.08552074432373047,2.5409817695617676
0,75,0.9564993072846569,0.08899999999999997,0.21857094764709473,2.5409817695617676
0,76,0.9565520898588398,0.06114699305517568,0.08305931091308594,2.5409817695617676
0,77,0.9568611797844422,0.06806228945608361,0.11017394065856934,2.5409817695617676
0,78,0.9571331000552519,0.07559945589848749,0.08931946754455566,2.5409817695617676
0,79,0.959095974025254,0.07764849479479652,0.14907479286193848,2.5409817695617676
0,80,0.9610037301354355,0.08150000000000002,0.15925049781799316,2.5409817695617676
0,81,0.9466290580946484,0.08000000000000007,0.3554723262786865,2.5409817695617676
0,82,0.9444794335534126,0.07850000000000001,0.26042795181274414,2.5409817695617676
0,83,0.9435841951703332,0.07700000000000007,0.25089502334594727,2.5409817695617676
0,84,0.9439115304328776,0.07550000000000001,0.17351460456848145,2.5409817695617676
0,85,0.9433105205977903,0.07400000000000007,0.19915533065795898,2.5409817695617676
0,86,0.94412964655806,0.07250000000000001,0.15314388275146484,2.5409817695617676
0,87,0.9445858030730965,0.07099999999999995,0.10234951972961426,2.5409817695617676
0,88,0.9458603955822529,0.0695,0.1444694995880127,2.5409817695617676
0,89,0.9460224514900277,0.06800000000000006,0.06867074966430664,2.5409817695617676
0,90,0.9477565455179463,0.0665,0.14726901054382324,2.5409817695617676
0,91,0.9478452254039922,0.06500000000000006,0.06168317794799805,2.5409817695617676
0,92,0.9487804483054675,0.06350000000000006,0.12479209899902344,2.5409817695617676
0,93,0.9501733031091166,0.062000000000000055,0.15468859672546387,2.5409817695617676
0,94,0.9509772039770917,0.060500000000000054,0.08801627159118652,2.5409817695617676
0,95,0.9517501850165795,0.05900000000000005,0.09146404266357422,2.5409817695617676
0,96,0.9527624646019565,0.057499999999999996,0.08921551704406738,2.5409817695617676
0,97,0.9544228809570521,0.05600000000000005,0.14598321914672852,2.5409817695617676
0,98,0.9556466368831456,0.05449999999999999,0.09586548805236816,2.5409817695617676
0,99,0.9563685245139928,0.05300000000000005,0.07822513580322266,2.5409817695617676
0,100,0.9585636035267177,0.05149999999999999,0.12121462821960449,2.5409817695617676
0,101,0.9587989661287218,0.050000000000000044,0.07056832313537598,2.5409817695617676
0,102,0.9620434641292188,0.04849999999999999,0.24273014068603516,2.5409817695617676
0,103,0.9628421604265816,0.04700000000000004,0.09385156631469727,2.5409817695617676
0,104,0.9641634948008473,0.045499999999999985,0.09556102752685547,2.5409817695617676
0,105,0.9659899440366754,0.04400000000000004,0.12225127220153809,2.5409817695617676
0,106,0.9674841396487996,0.04249999999999998,0.14664983749389648,2.5409817695617676
0,107,0.9693785072598327,0.041000000000000036,0.16799163818359375,2.5409817695617676
0,108,0.9703294958391535,0.03949999999999998,0.09344291687011719,2.5409817695617676
0,109,0.9718980204131044,0.038000000000000034,0.11242294311523438,2.5409817695617676
0,110,0.9741077557693691,0.03649999999999998,0.18063902854919434,2.5409817695617676
0,111,0.9747661467100256,0.03500000000000003,0.08844828605651855,2.5409817695617676
0,112,0.9768403903474044,0.033499999999999974,0.1854093074798584,2.5409817695617676
0,113,0.9785797198196513,0.03200000000000003,0.18281030654907227,2.5409817695617676
0,114,0.9798869300626671,0.030500000000000083,0.1130826473236084,2.5409817695617676
0,115,0.9814882088955971,0.029000000000000026,0.18104314804077148,2.5409817695617676
0,116,0.9832776312751597,0.02750000000000008,0.18361258506774902,2.5409817695617676
0,117,0.9847932062345052,0.026000000000000023,0.18275928497314453,2.5409817695617676
0,118,0.986402640315057,0.024500000000000077,0.19103503227233887,2.5409817695617676
0,119,0.9879247937281223,0.02300000000000002,0.18192410469055176,2.5409817695617676
0,120,0.9895303118488454,0.021500000000000075,0.19417619705200195,2.5409817695617676
0,121,0.9388471318725651,0.020000000000000073,0.6315028667449951,2.5409817695617676
0,122,0.9381078822874471,0.020000000000000018,0.3006131649017334,2.5409817695617676
0,123,0.9376045304252962,0.020000000000000018,0.2594573497772217,2.5409817695617676
0,124,0.9373484166577113,0.020000000000000046,0.14491558074951172,2.5409817695617676
0,125,0.9368004305798883,0.020000000000000018,0.2324542999267578,2.5409817695617676
0,126,0.9366270343802952,0.020000000000000018,0.10647940635681152,2.5409817695617676
0,127,0.9363240192445322,0.020000000000000018,0.13590264320373535,2.5409817695617676
0,128,0.936061196179667,0.020000000000000018,0.09890198707580566,2.5409817695617676
0,129,0.9356413949692741,0.020000000000000018,0.16152548789978027,2.5409817695617676
0,130,0.935539676762464,0.020000000000000073,0.08707451820373535,2.5409817695617676
0,131,0.9352728411670364,0.020000000000000018,0.12141680717468262,2.5409817695617676
0,132,0.9349890523768817,0.020000000000000018,0.0970463752746582,2.5409817695617676
0,133,0.9348518816953981,0.020000000000000018,0.10016107559204102,2.5409817695617676
0,134,0.9344161163004097,0.020000000000000073,0.15064644813537598,2.5409817695617676
0,135,0.9342785499356503,0.020000000000000018,0.09365129470825195,2.5409817695617676
0,136,0.9341540121449546,0.020000000000000018,0.08936023712158203,2.5409817695617676
0,137,0.9338768548379436,0.020000000000000018,0.08100008964538574,2.5409817695617676
0,138,0.9337044075311792,0.020000000000000018,0.10245490074157715,2.5409817695617676
0,139,0.933422837632522,0.020000000000000018,0.08404874801635742,2.5409817695617676
0,140,0.9333743021754968,0.020000000000000018,0.061069488525390625,2.5409817695617676
0,141,0.9329482363462249,0.020000000000000018,0.14246749877929688,2.5409817695617676
0,142,0.9329237219115285,0.020000000000000018,0.05618739128112793,2.5409817695617676
0,143,0.93265371128075,0.020000000000000018,0.09051799774169922,2.5409817695617676
0,144,0.9326317711268368,0.020000000000000018,0.05723214149475098,2.5409817695617676
0,145,0.9323370973197648,0.020000000000000018,0.0999906063079834,2.5409817695617676
0,146,0.9323136722289811,0.020000000000000018,0.054639339447021484,2.5409817695617676
0,147,0.9320234700919143,0.020000000000000018,0.1030116081237793,2.5409817695617676
0,148,0.9319996950409576,0.020000000000000018,0.054376840591430664,2.5409817695617676
0,149,0.9319043044551238,0.020000000000000018,0.08323478698730469,2.5409817695617676
0,150,0.9315888390896122,0.020000000000000018,0.09716987609863281,2.5409817695617676
