Is_3D_Phase,Iteration,Envelope_Compliance_Nm,Max_Delta_Rho,Compute_Time_sec,Peak_VRAM_GB
0,1,0.6079439942921596,0.20000000000000007,0.7980835437774658,1.9709439277648926
0,2,0.6106892345976296,0.19850000000000007,0.1856398582458496,1.9772768020629883
0,3,0.6076908592214061,0.19700000000000006,0.11886167526245117,1.9772768020629883
0,4,0.611772025003055,0.19550000000000006,0.11058497428894043,1.9772768020629883
0,5,0.6133162073021863,0.1816562614321819,0.09387564659118652,1.9772768020629883
0,6,0.6175245483924223,0.1925,0.11165738105773926,1.9772768020629883
0,7,0.6209847153073274,0.1595544462985955,0.11463165283203125,1.9772768020629883
0,8,0.6248613622565911,0.1595544462985955,0.10925817489624023,1.9772768020629883
0,9,0.6284431802518688,0.15475139518836242,0.11219191551208496,1.9772768020629883
0,10,0.6325066371674808,0.15475139518836242,0.11987137794494629,1.9772768020629883
0,11,0.6363609195389401,0.1615905745632495,0.11579108238220215,1.9772768020629883
0,12,0.6397602932115287,0.1615905745632495,0.10461235046386719,1.9772768020629883
0,13,0.6445461114497943,0.18168841204669217,0.13677597045898438,1.9772768020629883
0,14,0.6495829834686543,0.18050000000000002,0.14028477668762207,1.9772768020629883
0,15,0.652497002231011,0.17571501459384417,0.10410642623901367,1.9772768020629883
0,16,0.6544518344702225,0.17690342664053632,0.07909655570983887,1.9772768020629883
0,17,0.661839776257658,0.17600000000000002,0.137620210647583,1.9772768020629883
0,18,0.6640930013684472,0.13803348897396084,0.08752131462097168,1.9772768020629883
0,19,0.6698442522597012,0.13653060888084637,0.1442866325378418,1.9772768020629883
0,20,0.6732411730628429,0.049484065714340816,0.10310673713684082,1.9772768020629883
0,21,0.676331380706402,0.06285429071607433,0.07989788055419922,1.9772768020629883
0,22,0.6826111544980582,0.042038308107255395,0.128403902053833,1.9772768020629883
0,23,0.683803262772364,0.03784882543142709,0.05681610107421875,1.9772768020629883
0,24,0.6928183623220229,0.09129018755871608,0.16380023956298828,1.9772768020629883
0,25,0.6945182064750253,0.03694184095265962,0.06133294105529785,1.9772768020629883
0,26,0.6982055522521387,0.06665208431784836,0.09168100357055664,1.9772768020629883
0,27,0.7026085263709214,0.1121409359718917,0.09326171875,1.9772768020629883
0,28,0.7106287696545543,0.13737680195045684,0.161146879196167,1.9772768020629883
0,29,0.712812258149625,0.13737680195045684,0.06734657287597656,1.9772768020629883
0,30,0.7163918188867253,0.07384223644428199,0.08312821388244629,1.9772768020629883
0,31,0.7237124588128125,0.14933151310858997,0.13225364685058594,1.9772768020629883
0,32,0.725311121034774,0.13914842942073827,0.06288838386535645,1.9772768020629883
0,33,0.7321119553239548,0.15200000000000002,0.1270284652709961,1.9772768020629883
0,34,0.7361101158729062,0.03899896765973132,0.08584928512573242,1.9772768020629883
0,35,0.7390906317195527,0.03831813542757423,0.0778648853302002,1.9772768020629883
0,36,0.7472590596357398,0.06862414775944009,0.15380287170410156,1.9772768020629883
0,37,0.7491386792864705,0.05160694919832648,0.06518006324768066,1.9772768020629883
0,38,0.7557204543078524,0.08298118008886521,0.20407652854919434,1.9772768020629883
0,39,0.7605670379971214,0.04550431587360104,0.13128662109375,1.9772768020629883
0,40,0.7637411524939418,0.04715303597683096,0.09874153137207031,1.9772768020629883
0,41,0.8026321204466633,0.14000000000000004,0.3630361557006836,1.9772768020629883
0,42,0.8045949346351757,0.13850000000000007,0.13681244850158691,1.9772768020629883
0,43,0.8084737673768096,0.137,0.15055584907531738,1.9772768020629883
0,44,0.8129784509302211,0.07162289210179928,0.15676450729370117,1.9772768020629883
0,45,0.8201119769557985,0.07451791858480072,0.21007561683654785,1.9772768020629883
0,46,0.8223257816679573,0.07129376987515934,0.09707212448120117,1.9772768020629883
0,47,0.8260564036981256,0.07412995640795528,0.15440750122070312,1.9772768020629883
0,48,0.8312329296898016,0.08153150964055034,0.17918062210083008,1.9772768020629883
0,49,0.833899147170124,0.09844459626177693,0.12310910224914551,1.9772768020629883
0,50,0.8367724584650083,0.11046459841724426,0.13058972358703613,1.9772768020629883
0,51,0.839289369495009,0.125,0.15002155303955078,1.9772768020629883
0,52,0.8410157895718142,0.12350000000000001,0.14348316192626953,1.9772768020629883
0,53,0.8413228117205824,0.12200000000000001,0.10425043106079102,1.9772768020629883
0,54,0.8429764605524598,0.12050000000000005,0.1769559383392334,1.9772768020629883
0,55,0.844151599130363,0.1072514784722165,0.09622025489807129,1.9772768020629883
0,56,0.8463376215998346,0.11743554513205001,0.14052104949951172,1.9772768020629883
0,57,0.8489552123675546,0.08895803847879935,0.2267606258392334,1.9772768020629883
0,58,0.8502576693318116,0.09683243276026665,0.12583136558532715,1.9772768020629883
0,59,0.8525639384473482,0.10355629093011032,0.19710016250610352,1.9772768020629883
0,60,0.8553048077008383,0.11150000000000004,0.18859148025512695,1.9772768020629883
0,61,0.8560087648063262,0.10999999999999999,0.1043708324432373,1.9772768020629883
0,62,0.8592788838156931,0.08057751109456968,0.15349912643432617,1.9772768020629883
0,63,0.8615316214197604,0.08400570768579552,0.18783950805664062,1.9772768020629883
0,64,0.8642406613507589,0.0950433448236101,0.16215896606445312,1.9772768020629883
0,65,0.8655835884528402,0.10399999999999998,0.09628105163574219,1.9772768020629883
0,66,0.8684468637849299,0.10250000000000004,0.1992480754852295,1.9772768020629883
0,67,0.8705072212055827,0.10099999999999998,0.1279139518737793,1.9772768020629883
0,68,0.8715783252842706,0.09950000000000003,0.0818643569946289,1.9772768020629883
0,69,0.8739361430681143,0.09799999999999998,0.13420391082763672,1.9772768020629883
0,70,0.8766213283903358,0.09650000000000003,0.18056249618530273,1.9772768020629883
0,71,0.8779423243864671,0.08980387569395154,0.10565423965454102,1.9772768020629883
0,72,0.8789313420122973,0.0860405781749114,0.09249472618103027,1.9772768020629883
0,73,0.881631145821183,0.09199999999999997,0.16759514808654785,1.9772768020629883
0,74,0.8842432576480135,0.09050000000000002,0.16686344146728516,1.9772768020629883
0,75,0.8855530804030358,0.08899999999999997,0.09408426284790039,1.9772768020629883
0,76,0.8863883736954472,0.08750000000000002,0.0902104377746582,1.9772768020629883
0,77,0.8889364680699081,0.08600000000000008,0.16395044326782227,1.9772768020629883
0,78,0.8913871373294571,0.08450000000000002,0.1621389389038086,1.9772768020629883
0,79,0.8925440821807082,0.08299999999999996,0.08913612365722656,1.9772768020629883
0,80,0.8933750498469115,0.08150000000000002,0.08577489852905273,1.9772768020629883
0,81,0.8762769707018595,0.08000000000000007,0.37981581687927246,1.9772768020629883
0,82,0.8760093452983344,0.07850000000000001,0.21349596977233887,1.9772768020629883
0,83,0.8762234944651298,0.07700000000000007,0.25042009353637695,1.9772768020629883
0,84,0.8772859058955815,0.07550000000000007,0.16185760498046875,1.9772768020629883
0,85,0.8778404580107381,0.07400000000000007,0.10293698310852051,1.9772768020629883
0,86,0.8790197724282489,0.07250000000000001,0.12433505058288574,1.9772768020629883
0,87,0.8792097786054269,0.07100000000000006,0.07128453254699707,1.9772768020629883
0,88,0.8818365465351774,0.0695,0.18245458602905273,1.9772768020629883
0,89,0.8821398530245546,0.06800000000000006,0.06354355812072754,1.9772768020629883
0,90,0.8835792632155945,0.0665,0.1103663444519043,1.9772768020629883
0,91,0.8837497915583417,0.06500000000000006,0.058965206146240234,1.9772768020629883
0,92,0.8864065175246543,0.06350000000000006,0.18314170837402344,1.9772768020629883
0,93,0.886675476350072,0.062000000000000055,0.06449031829833984,1.9772768020629883
0,94,0.8883833654279536,0.060500000000000026,0.13066792488098145,1.9772768020629883
0,95,0.8893250710694286,0.05900000000000005,0.10179662704467773,1.9772768020629883
0,96,0.8910064292743607,0.057499999999999996,0.15583467483520508,1.9772768020629883
0,97,0.8929417750029758,0.05600000000000005,0.17321372032165527,1.9772768020629883
0,98,0.8935948239740283,0.05449999999999999,0.09188151359558105,1.9772768020629883
0,99,0.8943720411050855,0.05300000000000005,0.09732651710510254,1.9772768020629883
0,100,0.8961766720657975,0.05149999999999999,0.1838231086730957,1.9772768020629883
0,101,0.8978265963579669,0.050000000000000044,0.16158628463745117,1.9772768020629883
0,102,0.8986291217982527,0.048500000000000015,0.10610365867614746,1.9772768020629883
0,103,0.8994004297954481,0.04700000000000004,0.09274029731750488,1.9772768020629883
0,104,0.9017319354843257,0.04550000000000001,0.2210526466369629,1.9772768020629883
0,105,0.9020898024029204,0.04400000000000004,0.08739733695983887,1.9772768020629883
0,106,0.9038581282933462,0.04250000000000004,0.18766164779663086,1.9772768020629883
0,107,0.9047241921297586,0.041000000000000036,0.10109925270080566,1.9772768020629883
0,108,0.9055165927604268,0.03950000000000001,0.09360432624816895,1.9772768020629883
0,109,0.9079673102496484,0.038000000000000034,0.2229170799255371,1.9772768020629883
0,110,0.9092439886600006,0.03650000000000003,0.161285400390625,1.9772768020629883
0,111,0.9100656298894994,0.03500000000000003,0.12759780883789062,1.9772768020629883
0,112,0.911864654072178,0.0335,0.20357394218444824,1.9772768020629883
0,113,0.9131457700807941,0.03200000000000003,0.16706180572509766,1.9772768020629883
0,114,0.9141093245607279,0.030500000000000083,0.1162557601928711,1.9772768020629883
0,115,0.915917840713989,0.029000000000000026,0.22298288345336914,1.9772768020629883
0,116,0.9172488307697728,0.02750000000000008,0.19355392456054688,1.9772768020629883
0,117,0.9186965542282364,0.026000000000000023,0.20258522033691406,1.9772768020629883
0,118,0.9198079822410874,0.024500000000000077,0.12216305732727051,1.9772768020629883
0,119,0.9216556920485852,0.02300000000000002,0.28435182571411133,1.9772768020629883
0,120,0.922636478387021,0.021500000000000075,0.1259901523590088,1.9772768020629883
0,121,0.876332921424289,0.020000000000000073,0.718907356262207,1.9772768020629883
0,122,0.8755025264712508,0.020000000000000073,0.3269636631011963,1.9772768020629883
0,123,0.8752480530186322,0.020000000000000025,0.21834516525268555,1.9772768020629883
0,124,0.8747935330163277,0.020000000000000046,0.21192193031311035,1.9772768020629883
0,125,0.8745308259284998,0.020000000000000018,0.14878177642822266,1.9772768020629883
0,126,0.8743604270556817,0.020000000000000018,0.1123509407043457,1.9772768020629883
0,127,0.8740566413244618,0.020000000000000018,0.2067859172821045,1.9772768020629883
0,128,0.873938354377666,0.020000000000000073,0.09515929222106934,1.9772768020629883
0,129,0.8737491089908052,0.020000000000000018,0.11872410774230957,1.9772768020629883
0,130,0.8735895939534012,0.020000000000000018,0.09093165397644043,1.9772768020629883
0,131,0.8734803200219129,0.020000000000000073,0.10424447059631348,1.9772768020629883
0,132,0.8731697488281897,0.020000000000000073,0.1963660717010498,1.9772768020629883
0,133,0.8730191543416079,0.020000000000000018,0.10703158378601074,1.9772768020629883
0,134,0.8728910450210651,0.020000000000000018,0.06895947456359863,1.9772768020629883
0,135,0.8727655077677797,0.020000000000000018,0.08295822143554688,1.9772768020629883
0,136,0.8725800158144837,0.020000000000000018,0.0821988582611084,1.9772768020629883
0,137,0.8724651728373728,0.020000000000000018,0.10013961791992188,1.9772768020629883
0,138,0.8722840907081999,0.020000000000000018,0.0838785171508789,1.9772768020629883
0,139,0.8722428078309232,0.020000000000000018,0.057418107986450195,1.9772768020629883
0,140,0.8720110624709374,0.020000000000000018,0.11293387413024902,1.9772768020629883
0,141,0.8719893241804684,0.020000000000000018,0.04966855049133301,1.9772768020629883
0,142,0.8717467205842302,0.020000000000000018,0.13068318367004395,1.9772768020629883
0,143,0.8716113527403796,0.020000000000000018,0.08740377426147461,1.9772768020629883
0,144,0.8715070781083902,0.020000000000000073,0.05697369575500488,1.9772768020629883
0,145,0.8714798574703833,0.020000000000000073,0.045995473861694336,1.9772768020629883
0,146,0.8713190510795268,0.020000000000000018,0.06634712219238281,1.9772768020629883
0,147,0.8713099385317526,0.020000000000000018,0.03698372840881348,1.9772768020629883
0,148,0.8710170981530139,0.020000000000000018,0.1262366771697998,1.9772768020629883
0,149,0.8710046716104619,0.020000000000000018,0.041776418685913086,1.9772768020629883
0,150,0.8708406666725497,0.020000000000000073,0.06934046745300293,1.9772768020629883
0,1,0.608322481667487,0.2,0.9163041114807129,3.960644245147705
0,2,0.6108974199870325,0.1985,0.1732313632965088,3.966977119445801
0,3,0.6079201352710683,0.19700000000000006,0.12053656578063965,3.966977119445801
0,4,0.6119510361476072,0.19550000000000006,0.11408066749572754,3.966977119445801
0,5,0.6135061853153086,0.1779008301081043,0.09670877456665039,3.966977119445801
0,6,0.6180521226935322,0.19250000000000006,0.11809921264648438,3.966977119445801
0,7,0.6204291768527805,0.12124336702670711,0.09403562545776367,3.966977119445801
0,8,0.6250428410420289,0.13471233675157845,0.1316204071044922,3.966977119445801
0,9,0.6277513929290042,0.12477559903311364,0.10505151748657227,3.966977119445801
0,10,0.6319518450090409,0.09834517987436843,0.11106491088867188,3.966977119445801
0,11,0.6368680623046752,0.1544249861758766,0.12387681007385254,3.966977119445801
0,12,0.6417592035330817,0.1544249861758766,0.11869382858276367,3.966977119445801
0,13,0.6444238543657512,0.15930995513531365,0.07996964454650879,3.966977119445801
0,14,0.64639310022038,0.15930995513531365,0.07527542114257812,3.966977119445801
0,15,0.6542440910553825,0.1708377377549463,0.15972566604614258,3.966977119445801
0,16,0.6558101787888717,0.11045841135521492,0.06727886199951172,3.966977119445801
0,17,0.6603677419068633,0.08964419679688637,0.10503149032592773,3.966977119445801
0,18,0.6645468428340595,0.053626593414959234,0.09633064270019531,3.966977119445801
0,19,0.6692600682209984,0.04637292837283338,0.11134052276611328,3.966977119445801
0,20,0.6745324101995328,0.04520688066099576,0.10957980155944824,3.966977119445801
0,21,0.6769413120811865,0.04758328022499225,0.0724036693572998,3.966977119445801
0,22,0.6815643655380144,0.042990129186170706,0.09699487686157227,3.966977119445801
0,23,0.6856447131941736,0.04469469890341904,0.09084439277648926,3.966977119445801
0,24,0.6907520704630473,0.032456167796631186,0.11484766006469727,3.966977119445801
0,25,0.6964146443517288,0.14825415060574004,0.110260009765625,3.966977119445801
0,26,0.6989002600347085,0.028123364887108426,0.06969881057739258,3.966977119445801
0,27,0.7038699709505929,0.07934394455481535,0.09926986694335938,3.966977119445801
0,28,0.7078776693836268,0.07934394455481535,0.08704304695129395,3.966977119445801
0,29,0.7133054284111471,0.05495238529188177,0.1243753433227539,3.966977119445801
0,30,0.7189541286869371,0.15650000000000003,0.13179469108581543,3.966977119445801
0,31,0.7215187416529374,0.036459785294587654,0.07468295097351074,3.966977119445801
0,32,0.7248692960543788,0.05559653858697301,0.07744383811950684,3.966977119445801
0,33,0.7308554772491002,0.03301540483055443,0.11043238639831543,3.966977119445801
0,34,0.7371935437387732,0.11825780783362622,0.12757158279418945,3.966977119445801
0,35,0.74028999970788,0.03931770834988757,0.08008933067321777,3.966977119445801
0,36,0.746575458366391,0.041854111321352194,0.13195562362670898,3.966977119445801
0,37,0.7508609790309426,0.04763768750721564,0.09674978256225586,3.966977119445801
0,38,0.7538561735947269,0.049002666395486005,0.07992053031921387,3.966977119445801
0,39,0.7617271681944948,0.07726683570678117,0.16004633903503418,3.966977119445801
0,40,0.7634202784812315,0.06260740724882788,0.07910990715026855,3.966977119445801
0,41,0.8029907465566115,0.14000000000000007,0.341472864151001,3.966977119445801
0,42,0.8051292392978844,0.13850000000000007,0.1193089485168457,3.966977119445801
0,43,0.8088375065346024,0.137,0.12264418601989746,3.966977119445801
0,44,0.8148537880296922,0.07194226006188709,0.18619894981384277,3.966977119445801
0,45,0.819227029303004,0.07500792748626095,0.1543419361114502,3.966977119445801
0,46,0.8223862572029316,0.07230753266649892,0.12828826904296875,3.966977119445801
0,47,0.8275019812442053,0.07291074251000351,0.1682281494140625,3.966977119445801
0,48,0.8306686971481073,0.08242873038336129,0.1246023178100586,3.966977119445801
0,49,0.8341600933641833,0.09755007730392162,0.13909244537353516,3.966977119445801
0,50,0.8379208319804805,0.10988573955058495,0.19879841804504395,3.966977119445801
0,51,0.8398052448405193,0.125,0.13739323616027832,3.966977119445801
0,52,0.8412827727808145,0.12350000000000001,0.15288162231445312,3.966977119445801
0,53,0.841839092704391,0.12200000000000001,0.17853975296020508,3.966977119445801
0,54,0.8422878023175393,0.12050000000000005,0.09545755386352539,3.966977119445801
0,55,0.845096145447825,0.10722510541028918,0.18297529220581055,3.966977119445801
0,56,0.8465090135548696,0.11750000000000005,0.10547375679016113,3.966977119445801
0,57,0.8486533511092094,0.08931661917057154,0.12056255340576172,3.966977119445801
0,58,0.8513489803273158,0.09653690903411549,0.17260003089904785,3.966977119445801
0,59,0.8527181425512214,0.10315197472696758,0.10631847381591797,3.966977119445801
0,60,0.8548813248743703,0.11121994651274636,0.1238100528717041,3.966977119445801
0,61,0.8570487759848633,0.10999999999999999,0.14092206954956055,3.966977119445801
0,62,0.8598401394441353,0.08232864884514257,0.13903594017028809,3.966977119445801
0,63,0.8613129726130535,0.08393984041928382,0.10064554214477539,3.966977119445801
0,64,0.8652918507111076,0.09485944994771023,0.21488046646118164,3.966977119445801
0,65,0.8661872910287792,0.10332450065131804,0.08227992057800293,3.966977119445801
0,66,0.8681329878903375,0.10250000000000004,0.10921740531921387,3.966977119445801
0,67,0.8685669465468345,0.10099999999999998,0.06887578964233398,3.966977119445801
0,68,0.8736728339252042,0.09950000000000003,0.26656389236450195,3.966977119445801
0,69,0.8745514038190902,0.09799999999999998,0.09414196014404297,3.966977119445801
0,70,0.8762586545265199,0.09650000000000003,0.1055305004119873,3.966977119445801
0,71,0.8765615740775075,0.08882781218070057,0.06542706489562988,3.966977119445801
0,72,0.8816831435200372,0.09350000000000003,0.256178617477417,3.966977119445801
0,73,0.8821385456262665,0.09199999999999997,0.06745672225952148,3.966977119445801
0,74,0.8839652184021991,0.09050000000000002,0.11307477951049805,3.966977119445801
0,75,0.8843635766961885,0.08899999999999997,0.07248497009277344,3.966977119445801
0,76,0.8891202818674002,0.08738446778441489,0.28943729400634766,3.966977119445801
0,77,0.8894986359269671,0.08599999999999997,0.07981204986572266,3.966977119445801
0,78,0.8911038851048467,0.08450000000000002,0.10947895050048828,3.966977119445801
0,79,0.8914103705607993,0.08299999999999996,0.06374192237854004,3.966977119445801
0,80,0.8959938855226539,0.08150000000000002,0.2617459297180176,3.966977119445801
0,81,0.877152250507814,0.08000000000000007,0.37894153594970703,3.966977119445801
0,82,0.8765908980346528,0.07850000000000007,0.21608209609985352,3.966977119445801
0,83,0.8768444070579207,0.07700000000000001,0.2640707492828369,3.966977119445801
0,84,0.8777847473433558,0.07550000000000007,0.16484308242797852,3.966977119445801
0,85,0.8784414359350223,0.07400000000000007,0.10281610488891602,3.966977119445801
0,86,0.8795873068723767,0.07250000000000006,0.11018085479736328,3.966977119445801
0,87,0.8797859010937765,0.07099999999999995,0.0681617259979248,3.966977119445801
0,88,0.882268754819511,0.0695,0.180769681930542,3.966977119445801
0,89,0.8826714592652696,0.06800000000000006,0.07589292526245117,3.966977119445801
0,90,0.8839290850040471,0.0665,0.10312819480895996,3.966977119445801
0,91,0.8849477739331728,0.06500000000000006,0.09430289268493652,3.966977119445801
0,92,0.8858259587763653,0.06350000000000003,0.08243393898010254,3.966977119445801
0,93,0.8877722578663724,0.062000000000000055,0.15726566314697266,3.966977119445801
0,94,0.8889576176478458,0.060500000000000026,0.10247349739074707,3.966977119445801
0,95,0.8897965586211842,0.05900000000000005,0.08804988861083984,3.966977119445801
0,96,0.8915288760362463,0.05750000000000005,0.15486764907836914,3.966977119445801
0,97,0.8934476635944397,0.05600000000000005,0.16852331161499023,3.966977119445801
0,98,0.8940544812363758,0.05449999999999999,0.08867239952087402,3.966977119445801
0,99,0.8948288098625627,0.05300000000000005,0.08318281173706055,3.966977119445801
0,100,0.8966208593348353,0.051500000000000046,0.15854191780090332,3.966977119445801
0,101,0.8983461840166203,0.050000000000000044,0.1538529396057129,3.966977119445801
0,102,0.8990575147195424,0.048500000000000015,0.08901119232177734,3.966977119445801
0,103,0.9002617437178044,0.04700000000000004,0.10787010192871094,3.966977119445801
0,104,0.9011836203140322,0.04550000000000001,0.09920144081115723,3.966977119445801
0,105,0.9028178709227774,0.04400000000000004,0.19021010398864746,3.966977119445801
0,106,0.9044898298157689,0.04250000000000001,0.18829798698425293,3.966977119445801
0,107,0.9052491823244767,0.041000000000000036,0.09723877906799316,3.966977119445801
0,108,0.9065089475878931,0.03950000000000001,0.11395549774169922,3.966977119445801
0,109,0.9084456822732416,0.038000000000000034,0.19087910652160645,3.966977119445801
0,110,0.9097429820698572,0.036500000000000005,0.15118622779846191,3.966977119445801
0,111,0.9105093270227977,0.03500000000000003,0.0892953872680664,3.966977119445801
0,112,0.912330650545803,0.0335,0.18815159797668457,3.966977119445801
0,113,0.9136157045630791,0.03200000000000003,0.1600017547607422,3.966977119445801
0,114,0.9145816353414868,0.030500000000000083,0.10377907752990723,3.966977119445801
0,115,0.9163871637973879,0.029000000000000026,0.19157671928405762,3.966977119445801
0,116,0.917729567659054,0.02750000000000008,0.1782076358795166,3.966977119445801
0,117,0.9191832140793771,0.026000000000000023,0.1900010108947754,3.966977119445801
0,118,0.9203058691962046,0.024500000000000077,0.13696694374084473,3.966977119445801
0,119,0.9221609437084001,0.02300000000000002,0.2753641605377197,3.966977119445801
0,120,0.9231399587218521,0.021500000000000075,0.11369085311889648,3.966977119445801
0,121,0.8767926468791566,0.020000000000000073,0.6965463161468506,3.966977119445801
0,122,0.8759578547603307,0.020000000000000073,0.30430078506469727,3.966977119445801
0,123,0.8756979944535683,0.020000000000000073,0.1928849220275879,3.966977119445801
0,124,0.8751905308581645,0.020000000000000046,0.2326672077178955,3.966977119445801
0,125,0.875021891749018,0.020000000000000018,0.10156059265136719,3.966977119445801
0,126,0.8747991203602243,0.020000000000000018,0.15721726417541504,3.966977119445801
0,127,0.8745098265320171,0.020000000000000073,0.15793395042419434,3.966977119445801
0,128,0.8743545093686125,0.020000000000000073,0.11338639259338379,3.966977119445801
0,129,0.8742036152203965,0.020000000000000018,0.08102178573608398,3.966977119445801
0,130,0.8740093656485932,0.020000000000000073,0.1138772964477539,3.966977119445801
0,131,0.8738620594283308,0.020000000000000073,0.08402490615844727,3.966977119445801
0,132,0.8737588334094183,0.020000000000000073,0.08346247673034668,3.966977119445801
0,133,0.8734563551395826,0.020000000000000073,0.14890336990356445,3.966977119445801
0,134,0.8732874550353952,0.020000000000000018,0.0971076488494873,3.966977119445801
0,135,0.8731686869723392,0.020000000000000018,0.06710433959960938,3.966977119445801
0,136,0.8730482539149549,0.020000000000000018,0.07675337791442871,3.966977119445801
0,137,0.8728663386407737,0.020000000000000018,0.0723118782043457,3.966977119445801
0,138,0.8727588661442112,0.020000000000000018,0.08903694152832031,3.966977119445801
0,139,0.8725850221413195,0.020000000000000018,0.06913995742797852,3.966977119445801
0,140,0.8725451500862619,0.020000000000000018,0.04958462715148926,3.966977119445801
0,141,0.872317480067307,0.020000000000000018,0.1040806770324707,3.966977119445801
0,142,0.8722954403206611,0.020000000000000018,0.04506373405456543,3.966977119445801
0,143,0.8720624120503424,0.020000000000000018,0.123504638671875,3.966977119445801
0,144,0.871905441258556,0.020000000000000018,0.10863828659057617,3.966977119445801
0,145,0.8718044340772193,0.020000000000000073,0.06418776512145996,3.966977119445801
0,146,0.8717800867757304,0.020000000000000073,0.044713497161865234,3.966977119445801
0,147,0.8716122391551043,0.020000000000000018,0.07826900482177734,3.966977119445801
0,148,0.8715968213970473,0.020000000000000018,0.04143834114074707,3.966977119445801
0,149,0.8713872604740021,0.020000000000000018,0.10238218307495117,3.966977119445801
0,150,0.8713771636590412,0.020000000000000018,0.04411196708679199,3.966977119445801
0,1,0.6083143075327397,0.2,0.9347727298736572,3.960644245147705
0,2,0.6100024817293921,0.19850000000000007,0.17442107200622559,3.966977119445801
0,3,0.6078492757777744,0.19700000000000006,0.1371474266052246,3.966977119445801
0,4,0.6111907043805453,0.1955,0.10887646675109863,3.966977119445801
0,5,0.6134239780470283,0.194,0.11690306663513184,3.966977119445801
0,6,0.617549661822576,0.1542226509478933,0.09794306755065918,3.966977119445801
0,7,0.6211933201557462,0.18356252669878528,0.10187983512878418,3.966977119445801
0,8,0.6249741918134736,0.12481235004613189,0.10072827339172363,3.966977119445801
0,9,0.6285879925385602,0.11810313340350724,0.0914158821105957,3.966977119445801
0,10,0.6324518666367396,0.07950327784963729,0.08914518356323242,3.966977119445801
0,11,0.6362658693466767,0.07506462333078168,0.09190011024475098,3.966977119445801
0,12,0.6405516936123384,0.07298905988028415,0.08701729774475098,3.966977119445801
0,13,0.6451211336886584,0.07477976753709997,0.09546494483947754,3.966977119445801
0,14,0.649291261510738,0.06383977838703314,0.09396076202392578,3.966977119445801
0,15,0.6513106473143544,0.06411321547934756,0.05637001991271973,3.966977119445801
0,16,0.6559580171345397,0.09646419577743094,0.08629059791564941,3.966977119445801
0,17,0.6589988177433872,0.05519664667287163,0.06364846229553223,3.966977119445801
0,18,0.6641364981893171,0.13687117561737094,0.10233783721923828,3.966977119445801
0,19,0.6699907544556851,0.043712164019848565,0.10846543312072754,3.966977119445801
0,20,0.6729012729446338,0.040400832789217134,0.07702922821044922,3.966977119445801
0,21,0.6778257556156557,0.042360634200137914,0.10694289207458496,3.966977119445801
0,22,0.679337107518901,0.043784750482849244,0.05359649658203125,3.966977119445801
0,23,0.6886356275715635,0.09560595349842554,0.1788311004638672,3.966977119445801
0,24,0.6904568434227731,0.03508209626891989,0.05817437171936035,3.966977119445801
0,25,0.694009839054465,0.029752272137341218,0.08211064338684082,3.966977119445801
0,26,0.700506005624691,0.03139916944723914,0.10640406608581543,3.966977119445801
0,27,0.7017103440671844,0.026795677286975295,0.057038068771362305,3.966977119445801
0,28,0.7109671018986611,0.055182647222581316,0.1562187671661377,3.966977119445801
0,29,0.7125805505915805,0.02918126389833886,0.05625104904174805,3.966977119445801
0,30,0.7170727852544845,0.027099482493849747,0.09370279312133789,3.966977119445801
0,31,0.7212804478543973,0.033325146544752715,0.07887530326843262,3.966977119445801
0,32,0.7270534192581306,0.04559055254175326,0.11722326278686523,3.966977119445801
0,33,0.7326428654012032,0.0327543009542991,0.10886240005493164,3.966977119445801
0,34,0.7356679128902712,0.0322161071155419,0.0749351978302002,3.966977119445801
0,35,0.7389318686294888,0.03586827051358721,0.07617640495300293,3.966977119445801
0,36,0.7479471755225346,0.03808722638886064,0.1657257080078125,3.966977119445801
0,37,0.7501002815858115,0.04319395450498609,0.07801651954650879,3.966977119445801
0,38,0.755121978966425,0.049816549492448736,0.10502028465270996,3.966977119445801
0,39,0.7593557181343429,0.0466477801130426,0.09487128257751465,3.966977119445801
0,40,0.7651096699204982,0.0384496952197223,0.11797165870666504,3.966977119445801
0,41,0.8033825185912967,0.14000000000000007,0.29792284965515137,3.966977119445801
0,42,0.8055172763382968,0.1385,0.1387035846710205,3.966977119445801
0,43,0.8093381344407852,0.137,0.11421632766723633,3.966977119445801
0,44,0.8140361068918283,0.0713661648761964,0.11970686912536621,3.966977119445801
0,45,0.8213427339661459,0.063542823164486,0.1820662021636963,3.966977119445801
0,46,0.8234730413009759,0.07838304602940438,0.08701777458190918,3.966977119445801
0,47,0.8273920030282655,0.06825776945739814,0.12173867225646973,3.966977119445801
0,48,0.8327853545866524,0.07454933939410513,0.1854841709136963,3.966977119445801
0,49,0.8354708354112619,0.08363991935546844,0.1143798828125,3.966977119445801
0,50,0.8385743721228469,0.09960376418310224,0.1252586841583252,3.966977119445801
0,51,0.8413511718539144,0.11948655535913011,0.1327965259552002,3.966977119445801
0,52,0.8439907018918182,0.1235,0.1620769500732422,3.966977119445801
0,53,0.8447547701161837,0.12200000000000001,0.10645914077758789,3.966977119445801
0,54,0.8450682864892747,0.12050000000000005,0.1099405288696289,3.966977119445801
0,55,0.8468288670791533,0.10464335671175906,0.1464252471923828,3.966977119445801
0,56,0.8481274540937171,0.10789442609847155,0.08977055549621582,3.966977119445801
0,57,0.8508082393569308,0.11599999999999999,0.1544961929321289,3.966977119445801
0,58,0.852114011573942,0.09124322427838061,0.09827041625976562,3.966977119445801
0,59,0.8548413635849492,0.09814435679961353,0.15385127067565918,3.966977119445801
0,60,0.8555628623108265,0.10558328952696916,0.06727194786071777,3.966977119445801
0,61,0.8593595715127945,0.10999999999999999,0.1668565273284912,3.966977119445801
0,62,0.8601467234609406,0.07591721340274038,0.07552123069763184,3.966977119445801
0,63,0.8638463014573707,0.08461421671078717,0.17637085914611816,3.966977119445801
0,64,0.8645407020080151,0.09302047662420021,0.06981682777404785,3.966977119445801
0,65,0.8676975100317146,0.10399999999999998,0.1460258960723877,3.966977119445801
0,66,0.8699462074212112,0.10250000000000004,0.14056825637817383,3.966977119445801
0,67,0.8711479425555742,0.10099999999999998,0.09914302825927734,3.966977119445801
0,68,0.8733580870814774,0.09950000000000003,0.1094214916229248,3.966977119445801
0,69,0.8753276437524833,0.09799999999999998,0.1388077735900879,3.966977119445801
0,70,0.8781127988620973,0.09650000000000003,0.15602612495422363,3.966977119445801
0,71,0.8792260255341897,0.08212697498235189,0.09241724014282227,3.966977119445801
0,72,0.8817490304602666,0.093419808775421,0.14810514450073242,3.966977119445801
0,73,0.8821229151588417,0.09199999999999997,0.06092524528503418,3.966977119445801
0,74,0.8851922791472167,0.09050000000000002,0.18106627464294434,3.966977119445801
0,75,0.8871865559116587,0.08899999999999997,0.1551988124847412,3.966977119445801
0,76,0.8884452456519176,0.08750000000000002,0.08457589149475098,3.966977119445801
0,77,0.8891511395529221,0.08599999999999997,0.07713079452514648,3.966977119445801
0,78,0.8921427617925977,0.08450000000000002,0.1725614070892334,3.966977119445801
0,79,0.8924134876567058,0.08299999999999996,0.06206250190734863,3.966977119445801
0,80,0.8956141084023237,0.08150000000000002,0.1952052116394043,3.966977119445801
0,81,0.877447966096313,0.08000000000000007,0.385714054107666,3.966977119445801
0,82,0.8769804850487852,0.07850000000000001,0.21985125541687012,3.966977119445801
0,83,0.8770772140543835,0.07700000000000007,0.26354479789733887,3.966977119445801
0,84,0.8780191424969095,0.07550000000000001,0.15059781074523926,3.966977119445801
0,85,0.8785548612245029,0.07400000000000007,0.08914351463317871,3.966977119445801
0,86,0.8797236756853896,0.07250000000000001,0.1046910285949707,3.966977119445801
0,87,0.8799243002168393,0.07100000000000006,0.05995988845825195,3.966977119445801
0,88,0.8824413768479725,0.0695,0.18587875366210938,3.966977119445801
0,89,0.8827429260976587,0.06800000000000006,0.05811190605163574,3.966977119445801
0,90,0.8841562817135027,0.06650000000000006,0.10305118560791016,3.966977119445801
0,91,0.8843091507177565,0.06500000000000006,0.06412959098815918,3.966977119445801
0,92,0.886927865935491,0.0635,0.17921209335327148,3.966977119445801
0,93,0.8872384861552067,0.062000000000000055,0.06398224830627441,3.966977119445801
0,94,0.88872202325023,0.060500000000000054,0.12135004997253418,3.966977119445801
0,95,0.8896626543805939,0.05900000000000005,0.08858251571655273,3.966977119445801
0,96,0.8913928033139182,0.05750000000000005,0.1475052833557129,3.966977119445801
0,97,0.8931746902030404,0.05600000000000005,0.15552210807800293,3.966977119445801
0,98,0.8938947655856349,0.05450000000000002,0.08716988563537598,3.966977119445801
0,99,0.894694561786374,0.05300000000000005,0.08650016784667969,3.966977119445801
0,100,0.8970531180949894,0.05150000000000002,0.189072847366333,3.966977119445801
0,101,0.8972260580775293,0.050000000000000044,0.059144020080566406,3.966977119445801
0,102,0.8991758672474148,0.048500000000000015,0.1694633960723877,3.966977119445801
0,103,0.8999297754389426,0.04700000000000004,0.09210515022277832,3.966977119445801
0,104,0.9006776265551304,0.04550000000000001,0.08345365524291992,3.966977119445801
0,105,0.9023794437125776,0.04400000000000004,0.18140006065368652,3.966977119445801
0,106,0.904164588497707,0.04250000000000001,0.16799569129943848,3.966977119445801
0,107,0.9049227147450815,0.041000000000000036,0.08457636833190918,3.966977119445801
0,108,0.9061883734309186,0.03950000000000001,0.10082387924194336,3.966977119445801
0,109,0.9081420214935754,0.038000000000000034,0.17999696731567383,3.966977119445801
0,110,0.9094292307933602,0.036500000000000005,0.14353203773498535,3.966977119445801
0,111,0.9101628648236713,0.03500000000000003,0.0832374095916748,3.966977119445801
0,112,0.9119949466300725,0.03350000000000003,0.1819441318511963,3.966977119445801
0,113,0.9133108605561171,0.03200000000000003,0.15068602561950684,3.966977119445801
0,114,0.9142666205015836,0.030500000000000083,0.1019141674041748,3.966977119445801
0,115,0.9160848851888679,0.029000000000000026,0.1907057762145996,3.966977119445801
0,116,0.9174462257625997,0.02750000000000008,0.18999648094177246,3.966977119445801
0,117,0.9188707090381734,0.026000000000000023,0.20049142837524414,3.966977119445801
0,118,0.9200006317749974,0.024500000000000077,0.12019562721252441,3.966977119445801
0,119,0.9218405474993747,0.02300000000000002,0.2885618209838867,3.966977119445801
0,120,0.9228091526731884,0.021500000000000075,0.11611008644104004,3.966977119445801
0,121,0.8764163249471044,0.020000000000000073,0.6963498592376709,3.966977119445801
0,122,0.8755952507664168,0.020000000000000073,0.27472710609436035,3.966977119445801
0,123,0.8753309906872,0.020000000000000073,0.18727970123291016,3.966977119445801
0,124,0.874840833775953,0.020000000000000046,0.21884608268737793,3.966977119445801
0,125,0.8746368309327299,0.020000000000000018,0.12343859672546387,3.966977119445801
0,126,0.8744552142581585,0.020000000000000018,0.10318303108215332,3.966977119445801
0,127,0.8741265519756833,0.020000000000000018,0.18713593482971191,3.966977119445801
0,128,0.8740102354075983,0.020000000000000073,0.10147929191589355,3.966977119445801
0,129,0.8738152764964704,0.020000000000000018,0.11930251121520996,3.966977119445801
0,130,0.8736540526945247,0.020000000000000073,0.09648275375366211,3.966977119445801
0,131,0.873437315150582,0.020000000000000073,0.11675906181335449,3.966977119445801
0,132,0.8733992173392594,0.020000000000000018,0.05425882339477539,3.966977119445801
0,133,0.8729993109474096,0.020000000000000073,0.18442368507385254,3.966977119445801
0,134,0.8729078382450537,0.020000000000000018,0.06998729705810547,3.966977119445801
0,135,0.872782272437133,0.020000000000000073,0.08246898651123047,3.966977119445801
0,136,0.8725994319305057,0.020000000000000018,0.06858968734741211,3.966977119445801
0,137,0.8724823647751289,0.020000000000000018,0.07813715934753418,3.966977119445801
0,138,0.8722874635521327,0.020000000000000018,0.07046866416931152,3.966977119445801
0,139,0.8721827213024147,0.020000000000000018,0.07911157608032227,3.966977119445801
0,140,0.8720132124462565,0.020000000000000018,0.08066082000732422,3.966977119445801
0,141,0.8719826729619549,0.020000000000000018,0.052507638931274414,3.966977119445801
0,142,0.871743327474816,0.020000000000000018,0.1053774356842041,3.966977119445801
0,143,0.871725891778298,0.020000000000000073,0.046065330505371094,3.966977119445801
0,144,0.8714787037407501,0.020000000000000018,0.12045979499816895,3.966977119445801
0,145,0.8713322703302626,0.020000000000000018,0.08275794982910156,3.966977119445801
0,146,0.8712429301242668,0.020000000000000018,0.05727720260620117,3.966977119445801
0,147,0.8712161945041434,0.020000000000000018,0.04293537139892578,3.966977119445801
0,148,0.8709655370216611,0.020000000000000018,0.12177205085754395,3.966977119445801
0,149,0.870952042830627,0.020000000000000018,0.04283547401428223,3.966977119445801
0,150,0.8707890694238769,0.020000000000000018,0.06962990760803223,3.966977119445801
0,1,0.6083299914994522,0.2,0.5907349586486816,3.960644245147705
0,2,0.609249486420226,0.1985,0.16730046272277832,3.966977119445801
0,3,0.6077954946215436,0.197,0.10976314544677734,3.966977119445801
0,4,0.6106698493650207,0.1955,0.09567546844482422,3.966977119445801
0,5,0.6132621570063906,0.11810850079100188,0.09024667739868164,3.966977119445801
0,6,0.6173053205850758,0.10702492335089031,0.09009385108947754,3.966977119445801
0,7,0.6210691875474823,0.10540523276919356,0.0837099552154541,3.966977119445801
0,8,0.6248097655644025,0.11055672166816999,0.08011078834533691,3.966977119445801
0,9,0.6285568410857348,0.09897177609307883,0.08658981323242188,3.966977119445801
0,10,0.6323795765281313,0.07301003933593098,0.0853722095489502,3.966977119445801
0,11,0.6358402383823343,0.08705793228086951,0.08966970443725586,3.966977119445801
0,12,0.6398153860548532,0.06925909462028801,0.09560084342956543,3.966977119445801
0,13,0.6445743837320302,0.0731416993721733,0.09871125221252441,3.966977119445801
0,14,0.6485486438085301,0.06379594912416553,0.08365583419799805,3.966977119445801
0,15,0.6509421068446193,0.06238773194556846,0.07390975952148438,3.966977119445801
0,16,0.6550920677499784,0.04382768525956715,0.08801603317260742,3.966977119445801
0,17,0.6606948221350479,0.040274025249107503,0.10992860794067383,3.966977119445801
0,18,0.6657930455344911,0.046756218491874946,0.11423277854919434,3.966977119445801
0,19,0.668195256715288,0.04518834325921406,0.06291794776916504,3.966977119445801
0,20,0.6729015091118054,0.03658205216579802,0.09592056274414062,3.966977119445801
0,21,0.6769166445544592,0.04450630172384651,0.08752870559692383,3.966977119445801
0,22,0.6819302180790796,0.03972220147718086,0.10494542121887207,3.966977119445801
0,23,0.6874647045157023,0.10241203638210118,0.11014223098754883,3.966977119445801
0,24,0.6896035936379452,0.048903459053193196,0.06099724769592285,3.966977119445801
0,25,0.6946677474301162,0.08637404579231288,0.09575080871582031,3.966977119445801
0,26,0.6987940268105318,0.03127559093350152,0.09023642539978027,3.966977119445801
0,27,0.7043271239175908,0.029361863337138028,0.12112021446228027,3.966977119445801
0,28,0.7098815888792946,0.038363443068327924,0.10995602607727051,3.966977119445801
0,29,0.7121591403054777,0.027147025889476595,0.061591386795043945,3.966977119445801
0,30,0.7171488960008485,0.04287238400244936,0.09582757949829102,3.966977119445801
0,31,0.7215835538998943,0.029547037746529226,0.09691381454467773,3.966977119445801
0,32,0.7272379390923205,0.026462814665539125,0.12054586410522461,3.966977119445801
0,33,0.7330352774132964,0.031328530710503344,0.11476993560791016,3.966977119445801
0,34,0.7357313741541602,0.03188584979974485,0.0695340633392334,3.966977119445801
0,35,0.7391467112612908,0.0327386598749323,0.07213211059570312,3.966977119445801
0,36,0.7475922362763285,0.032940430482077176,0.14985990524291992,3.966977119445801
0,37,0.749542132701225,0.03844912264812694,0.06573104858398438,3.966977119445801
0,38,0.7559021760370626,0.041603952151172297,0.12681031227111816,3.966977119445801
0,39,0.7609530331070006,0.042469699107363756,0.1143331527709961,3.966977119445801
0,40,0.7644739942305971,0.041255323845401426,0.09164810180664062,3.966977119445801
0,41,0.8037281443443207,0.14000000000000007,0.29290246963500977,3.966977119445801
0,42,0.8061115499512521,0.1385,0.10338211059570312,3.966977119445801
0,43,0.8100147368383309,0.137,0.11372661590576172,3.966977119445801
0,44,0.8159586776270722,0.07243797032449573,0.17645740509033203,3.966977119445801
0,45,0.8205040495407858,0.059262133259519734,0.15763449668884277,3.966977119445801
0,46,0.8237347774658383,0.06834845099948417,0.11346673965454102,3.966977119445801
0,47,0.8293922162953806,0.0645548458490307,0.19507360458374023,3.966977119445801
0,48,0.8332011489983171,0.06995043641311216,0.14605331420898438,3.966977119445801
0,49,0.8364036826166283,0.07485229850971098,0.141129732131958,3.966977119445801
0,50,0.8398827740876769,0.08844336087600568,0.1638331413269043,3.966977119445801
0,51,0.8437612149585696,0.1015283364627052,0.2057785987854004,3.966977119445801
0,52,0.8454879342085593,0.12350000000000005,0.12264156341552734,3.966977119445801
0,53,0.846979306289678,0.122,0.15068364143371582,3.966977119445801
0,54,0.8478265823314637,0.12050000000000005,0.14432263374328613,3.966977119445801
0,55,0.8480260939675148,0.119,0.09705042839050293,3.966977119445801
0,56,0.8505293490719997,0.09975426129262566,0.1815505027770996,3.966977119445801
0,57,0.8519933533219941,0.11158333012204213,0.09245824813842773,3.966977119445801
0,58,0.8540687686756452,0.08718964658756956,0.11530303955078125,3.966977119445801
0,59,0.856632894339704,0.09322651683587457,0.16684913635253906,3.966977119445801
0,60,0.857901382850192,0.09889179564318806,0.09385037422180176,3.966977119445801
0,61,0.859372888740174,0.10999999999999999,0.09772038459777832,3.966977119445801
0,62,0.862912675998997,0.07471046012455229,0.17257261276245117,3.966977119445801
0,63,0.8637815745925632,0.08126427170481865,0.07948422431945801,3.966977119445801
0,64,0.8666014799090962,0.09428422535243142,0.13093852996826172,3.966977119445801
0,65,0.8687541296809966,0.1019053246366749,0.15047144889831543,3.966977119445801
0,66,0.8703670498665712,0.10157482819854369,0.10666561126708984,3.966977119445801
0,67,0.8715467462110518,0.10099999999999998,0.10329985618591309,3.966977119445801
0,68,0.8757792628481323,0.09950000000000003,0.2325143814086914,3.966977119445801
0,69,0.8765385911974765,0.09799999999999998,0.08130645751953125,3.966977119445801
0,70,0.8780847393059847,0.09650000000000003,0.09463119506835938,3.966977119445801
0,71,0.8783732512346327,0.09138779601770997,0.05884099006652832,3.966977119445801
0,72,0.8831701998436443,0.08622812819933867,0.25121092796325684,3.966977119445801
0,73,0.8836756793425891,0.09199999999999997,0.06779718399047852,3.966977119445801
0,74,0.8853571420295583,0.09050000000000002,0.1037294864654541,3.966977119445801
0,75,0.8856785652300576,0.08899999999999997,0.0591738224029541,3.966977119445801
0,76,0.8902695817016277,0.08750000000000002,0.24898910522460938,3.966977119445801
0,77,0.890627906034301,0.08600000000000008,0.06214332580566406,3.966977119445801
0,78,0.8921531102662031,0.08450000000000002,0.10861968994140625,3.966977119445801
0,79,0.892995850887073,0.07982606374199047,0.08613300323486328,3.966977119445801
0,80,0.895299906871232,0.08150000000000002,0.15913915634155273,3.966977119445801
0,81,0.8782672557832606,0.08000000000000007,0.4032285213470459,3.966977119445801
0,82,0.8774869535508459,0.07850000000000001,0.24350214004516602,3.966977119445801
0,83,0.877582668337461,0.07700000000000007,0.24157238006591797,3.966977119445801
0,84,0.8781408793991093,0.07550000000000001,0.10886478424072266,3.966977119445801
0,85,0.8793450393522495,0.07400000000000007,0.15567278861999512,3.966977119445801
0,86,0.8797471640654349,0.07250000000000001,0.08064532279968262,3.966977119445801
0,87,0.8811474937097675,0.07100000000000006,0.13535070419311523,3.966977119445801
0,88,0.881380323942225,0.0695,0.06669282913208008,3.966977119445801
0,89,0.8838745200498908,0.06800000000000006,0.17441391944885254,3.966977119445801
0,90,0.8841724875211454,0.0665,0.06489276885986328,3.966977119445801
0,91,0.8853577193106317,0.06500000000000006,0.09934210777282715,3.966977119445801
0,92,0.8862383781904518,0.0635,0.0873422622680664,3.966977119445801
0,93,0.8870367071824143,0.062000000000000055,0.0865168571472168,3.966977119445801
0,94,0.8889878436190821,0.0605,0.16425704956054688,3.966977119445801
0,95,0.8900637827949025,0.05900000000000005,0.11670184135437012,3.966977119445801
0,96,0.8908647914566453,0.057499999999999996,0.10930705070495605,3.966977119445801
0,97,0.8925407498408505,0.05600000000000005,0.1828477382659912,3.966977119445801
0,98,0.8943525535102173,0.05450000000000002,0.19973492622375488,3.966977119445801
0,99,0.8949204915246363,0.05300000000000005,0.12309837341308594,3.966977119445801
0,100,0.8956482607402063,0.05150000000000002,0.08210206031799316,3.966977119445801
0,101,0.8973173148127245,0.050000000000000044,0.16384172439575195,3.966977119445801
0,102,0.898982673303867,0.048500000000000015,0.15260696411132812,3.966977119445801
0,103,0.8996858561202248,0.04700000000000004,0.08491301536560059,3.966977119445801
0,104,0.9008378195039288,0.04550000000000001,0.10495996475219727,3.966977119445801
0,105,0.9018091297047326,0.04400000000000004,0.0982518196105957,3.966977119445801
0,106,0.9034550492974,0.04250000000000001,0.1891639232635498,3.966977119445801
0,107,0.9051695245611152,0.041000000000000036,0.19123339653015137,3.966977119445801
0,108,0.9059755280855788,0.03950000000000001,0.1031646728515625,3.966977119445801
0,109,0.9072591736368593,0.038000000000000034,0.1168208122253418,3.966977119445801
0,110,0.9091815107145793,0.036500000000000005,0.19955968856811523,3.966977119445801
0,111,0.9104813913985452,0.03500000000000009,0.16244721412658691,3.966977119445801
0,112,0.91129090854204,0.033499999999999974,0.1084892749786377,3.966977119445801
0,113,0.9131086955802055,0.03200000000000003,0.20380735397338867,3.966977119445801
0,114,0.9144439987711925,0.030500000000000083,0.17455434799194336,3.966977119445801
0,115,0.9154144715328192,0.029000000000000026,0.11390399932861328,3.966977119445801
0,116,0.9171860680969861,0.02750000000000008,0.20531821250915527,3.966977119445801
0,117,0.9185350663452998,0.026000000000000023,0.19071483612060547,3.966977119445801
0,118,0.9199802749065029,0.024500000000000077,0.19712448120117188,3.966977119445801
0,119,0.921315130206346,0.02300000000000002,0.18462610244750977,3.966977119445801
0,120,0.922764240968667,0.021500000000000075,0.20199942588806152,3.966977119445801
0,121,0.8760720311495007,0.020000000000000073,0.7125651836395264,3.966977119445801
0,122,0.8752767888192429,0.020000000000000073,0.29057741165161133,3.966977119445801
0,123,0.8750063034635669,0.020000000000000025,0.19793176651000977,3.966977119445801
0,124,0.8745471521835075,0.020000000000000073,0.21233320236206055,3.966977119445801
0,125,0.874281576884973,0.020000000000000073,0.1411304473876953,3.966977119445801
0,126,0.8741056541046618,0.020000000000000073,0.11677336692810059,3.966977119445801
0,127,0.8737752810604753,0.020000000000000018,0.21071982383728027,3.966977119445801
0,128,0.8736587712471791,0.020000000000000073,0.08986711502075195,3.966977119445801
0,129,0.8734471297286087,0.020000000000000073,0.1253664493560791,3.966977119445801
0,130,0.8732845982027884,0.020000000000000018,0.09267854690551758,3.966977119445801
0,131,0.8730648180992728,0.020000000000000018,0.11831021308898926,3.966977119445801
0,132,0.873022819557496,0.020000000000000018,0.05755281448364258,3.966977119445801
0,133,0.8726082730941018,0.020000000000000018,0.2272653579711914,3.966977119445801
0,134,0.8725133164451568,0.020000000000000018,0.0767662525177002,3.966977119445801
0,135,0.8724005733760931,0.020000000000000018,0.09721183776855469,3.966977119445801
0,136,0.8721940419956595,0.020000000000000018,0.09591317176818848,3.966977119445801
0,137,0.8720719796808936,0.020000000000000018,0.11864161491394043,3.966977119445801
0,138,0.8718828002241354,0.020000000000000018,0.08447599411010742,3.966977119445801
0,139,0.8717634779169676,0.020000000000000018,0.10596036911010742,3.966977119445801
0,140,0.8715803910521558,0.020000000000000073,0.09547734260559082,3.966977119445801
0,141,0.8715461092841923,0.020000000000000018,0.06523823738098145,3.966977119445801
0,142,0.8711962890851461,0.020000000000000018,0.22061538696289062,3.966977119445801
0,143,0.8711659899354935,0.020000000000000018,0.0535893440246582,3.966977119445801
0,144,0.8710447007241229,0.020000000000000018,0.06901836395263672,3.966977119445801
0,145,0.8709302261782574,0.020000000000000018,0.10286378860473633,3.966977119445801
0,146,0.8707750291440335,0.020000000000000018,0.07252693176269531,3.966977119445801
0,147,0.870748915005253,0.020000000000000018,0.0540008544921875,3.966977119445801
0,148,0.8705802645785288,0.020000000000000018,0.08051657676696777,3.966977119445801
0,149,0.8705706455434754,0.020000000000000018,0.05026960372924805,3.966977119445801
0,150,0.8702779817637925,0.020000000000000018,0.14646625518798828,3.966977119445801
0,1,0.6083119890708826,0.2,0.7369418144226074,3.960644245147705
0,2,0.6089785525785059,0.19850000000000007,0.1661381721496582,3.966977119445801
0,3,0.6077626623333574,0.197,0.14771032333374023,3.966977119445801
0,4,0.610586551777645,0.1955,0.12961077690124512,3.966977119445801
0,5,0.6134272164443093,0.12580768865657443,0.11478519439697266,3.966977119445801
0,6,0.6172585329620197,0.10429996734256242,0.11866998672485352,3.966977119445801
0,7,0.6205238096623602,0.1163051037062679,0.11723732948303223,3.966977119445801
0,8,0.6245615253242092,0.11096733187404462,0.10934877395629883,3.966977119445801
0,9,0.6286042390585009,0.09792317285173346,0.10634446144104004,3.966977119445801
0,10,0.632453269296487,0.07658567327338228,0.10605096817016602,3.966977119445801
0,11,0.6363403836959505,0.06702894222228195,0.13129830360412598,3.966977119445801
0,12,0.6402185767537587,0.07597536044561426,0.11913013458251953,3.966977119445801
0,13,0.6436672546727955,0.0709179783332623,0.09138631820678711,3.966977119445801
0,14,0.6476720218805072,0.06437094636894314,0.10451030731201172,3.966977119445801
0,15,0.6525418216172089,0.11313649789166004,0.11772322654724121,3.966977119445801
0,16,0.6573158648663477,0.039675364864827145,0.11459112167358398,3.966977119445801
0,17,0.6598659318285315,0.04174935926551515,0.08689284324645996,3.966977119445801
0,18,0.6644928729101902,0.0450548532564915,0.11502981185913086,3.966977119445801
0,19,0.6674868236677383,0.044650391766593134,0.08892583847045898,3.966977119445801
0,20,0.6724757166996294,0.05124474135443094,0.14178824424743652,3.966977119445801
0,21,0.6785212037250377,0.05398693395658794,0.13310742378234863,3.966977119445801
0,22,0.6813191309863427,0.04085109437825474,0.08379101753234863,3.966977119445801
0,23,0.6862536560695168,0.03809467459142135,0.11133909225463867,3.966977119445801
0,24,0.6895812184269238,0.03211055096357285,0.08551716804504395,3.966977119445801
0,25,0.6948751220287872,0.03820529735087452,0.16844582557678223,3.966977119445801
0,26,0.7005734587791353,0.030197812120537848,0.14798259735107422,3.966977119445801
0,27,0.7033183171391163,0.030048244196268614,0.08605241775512695,3.966977119445801
0,28,0.7086796263235389,0.03126275342174842,0.11988258361816406,3.966977119445801
0,29,0.7120943398368111,0.026015932615667037,0.10913228988647461,3.966977119445801
0,30,0.7175774750934187,0.029352073216183633,0.14603233337402344,3.966977119445801
0,31,0.7232770823024447,0.02552844358041728,0.21877026557922363,3.966977119445801
0,32,0.7263644677706917,0.029686415841190472,0.08446216583251953,3.966977119445801
0,33,0.7317452338677359,0.029762182612938615,0.10833334922790527,3.966977119445801
0,34,0.7354966964933235,0.03216183879033174,0.09312629699707031,3.966977119445801
0,35,0.7408680800359677,0.03452481131838525,0.12460112571716309,3.966977119445801
0,36,0.7467795239084944,0.031765044216125804,0.15214085578918457,3.966977119445801
0,37,0.7501724626414259,0.03608083959466979,0.09517526626586914,3.966977119445801
0,38,0.7557974510641972,0.040568046972300875,0.1193544864654541,3.966977119445801
0,39,0.7594971612358821,0.04652798109999967,0.08516502380371094,3.966977119445801
0,40,0.7647751787332289,0.04650322553978059,0.12514233589172363,3.966977119445801
0,41,0.8038656862382538,0.14000000000000007,0.32838892936706543,3.966977119445801
0,42,0.8063517932618169,0.1385,0.12403154373168945,3.966977119445801
0,43,0.8102094816514841,0.08761594484584412,0.13919687271118164,3.966977119445801
0,44,0.8149101039089615,0.07162436370612069,0.13480234146118164,3.966977119445801
0,45,0.8224312296183613,0.06098999796444238,0.2192823886871338,3.966977119445801
0,46,0.824608580146712,0.06429346506855771,0.1139531135559082,3.966977119445801
0,47,0.828592709371683,0.07453803510525625,0.13074636459350586,3.966977119445801
0,48,0.8344815247366595,0.06797259501566055,0.20331621170043945,3.966977119445801
0,49,0.8369965643061041,0.07393060946219487,0.12405967712402344,3.966977119445801
0,50,0.8403942920526642,0.08352626397948593,0.13413143157958984,3.966977119445801
0,51,0.8444276408524334,0.09684705514822889,0.20276546478271484,3.966977119445801
0,52,0.8463680922672946,0.11887495047107777,0.1439507007598877,3.966977119445801
0,53,0.8480123393600594,0.122,0.1705021858215332,3.966977119445801
0,54,0.8489545859740889,0.12050000000000005,0.16751670837402344,3.966977119445801
0,55,0.8490705260897432,0.119,0.11438512802124023,3.966977119445801
0,56,0.8515547109980097,0.09731019777845595,0.17695975303649902,3.966977119445801
0,57,0.8528722855739795,0.10699571498440674,0.0912163257598877,3.966977119445801
0,58,0.8547778519090463,0.1072544163206125,0.11330509185791016,3.966977119445801
0,59,0.8571926584290406,0.09091361700159317,0.1598954200744629,3.966977119445801
0,60,0.8584635964174958,0.09661700587865629,0.10281777381896973,3.966977119445801
0,61,0.8600002622733438,0.10768024325252468,0.09816670417785645,3.966977119445801
0,62,0.8620182335162612,0.08940609067516614,0.10758686065673828,3.966977119445801
0,63,0.8648837915940186,0.07993152562619832,0.15629267692565918,3.966977119445801
0,64,0.8670024080936742,0.09089956429410295,0.10956835746765137,3.966977119445801
0,65,0.8682242028880147,0.09948360248658594,0.08618760108947754,3.966977119445801
0,66,0.8721308578024051,0.10250000000000004,0.2172250747680664,3.966977119445801
0,67,0.8729374520490385,0.10099999999999998,0.07787418365478516,3.966977119445801
0,68,0.8744997531313865,0.09950000000000003,0.10253405570983887,3.966977119445801
0,69,0.8748805672103135,0.09799999999999998,0.061562299728393555,3.966977119445801
0,70,0.8797040167168539,0.09293323934202335,0.260195255279541,3.966977119445801
0,71,0.8803518197203618,0.08930493692959995,0.07356882095336914,3.966977119445801
0,72,0.8820379044935738,0.08571257750784289,0.10744547843933105,3.966977119445801
0,73,0.8823733223097305,0.09199999999999997,0.0637812614440918,3.966977119445801
0,74,0.8868933045533363,0.09050000000000002,0.26078319549560547,3.966977119445801
0,75,0.887441931257965,0.08413362701850091,0.07712793350219727,3.966977119445801
0,76,0.8888718804920848,0.08750000000000002,0.11380624771118164,3.966977119445801
0,77,0.8891568829657384,0.08600000000000008,0.06903839111328125,3.966977119445801
0,78,0.8937081156144213,0.07649670859412361,0.26134777069091797,3.966977119445801
0,79,0.894046546306936,0.07696515993969177,0.06626462936401367,3.966977119445801
0,80,0.8954956618938774,0.08150000000000002,0.10337233543395996,3.966977119445801
0,81,0.8781452346552072,0.08000000000000007,0.3565347194671631,3.966977119445801
0,82,0.8775448540135113,0.07850000000000001,0.21335744857788086,3.966977119445801
0,83,0.8774919116578808,0.07700000000000007,0.2688407897949219,3.966977119445801
0,84,0.8783535665957032,0.07550000000000001,0.15825247764587402,3.966977119445801
0,85,0.878828113026866,0.07400000000000001,0.0998389720916748,3.966977119445801
0,86,0.8799920566742726,0.07250000000000006,0.13248562812805176,3.966977119445801
0,87,0.8801817062134287,0.07100000000000006,0.09399294853210449,3.966977119445801
0,88,0.88255537308662,0.0695,0.2938404083251953,3.966977119445801
0,89,0.8829043029860946,0.06800000000000006,0.10670638084411621,3.966977119445801
0,90,0.8841121878861933,0.0665,0.11641097068786621,3.966977119445801
0,91,0.885023462122589,0.06500000000000006,0.09418535232543945,3.966977119445801
0,92,0.8858090470125771,0.06350000000000006,0.09160399436950684,3.966977119445801
0,93,0.8877167848853031,0.062000000000000055,0.16666650772094727,3.966977119445801
0,94,0.8886281909277167,0.0605,0.09714436531066895,3.966977119445801
0,95,0.8894250729274576,0.05900000000000005,0.08905482292175293,3.966977119445801
0,96,0.8910873558514198,0.057499999999999996,0.16225171089172363,3.966977119445801
0,97,0.8929040688557106,0.05600000000000005,0.16421961784362793,3.966977119445801
0,98,0.8934927366141714,0.05449999999999999,0.0887598991394043,3.966977119445801
0,99,0.8942587565159801,0.05300000000000005,0.08792448043823242,3.966977119445801
0,100,0.8959729743406174,0.05150000000000002,0.1667931079864502,3.966977119445801
0,101,0.8976491611776377,0.050000000000000044,0.15933704376220703,3.966977119445801
0,102,0.8983729068441266,0.048500000000000015,0.09436750411987305,3.966977119445801
0,103,0.8990428768417597,0.04700000000000004,0.08538675308227539,3.966977119445801
0,104,0.9013222732627278,0.04550000000000001,0.21718358993530273,3.966977119445801
0,105,0.9016537185510929,0.04400000000000004,0.0905001163482666,3.966977119445801
0,106,0.9035317296097776,0.04250000000000001,0.1809368133544922,3.966977119445801
0,107,0.9044406487855646,0.041000000000000036,0.09872269630432129,3.966977119445801
0,108,0.9052185944896785,0.03950000000000001,0.08182263374328613,3.966977119445801
0,109,0.9076960812969423,0.038000000000000034,0.20778465270996094,3.966977119445801
0,110,0.9089930683699953,0.036500000000000005,0.15878009796142578,3.966977119445801
0,111,0.9097845514647718,0.03500000000000009,0.09063172340393066,3.966977119445801
0,112,0.9115908074774379,0.033499999999999974,0.19976115226745605,3.966977119445801
0,113,0.9129141538361748,0.032000000000000084,0.1725614070892334,3.966977119445801
0,114,0.9138995285622812,0.030500000000000083,0.10873103141784668,3.966977119445801
0,115,0.91569335815169,0.029000000000000026,0.20082664489746094,3.966977119445801
0,116,0.9170378051792486,0.02750000000000008,0.1853630542755127,3.966977119445801
0,117,0.9184585492818409,0.026000000000000023,0.19152593612670898,3.966977119445801
0,118,0.9195911756554489,0.024500000000000077,0.13410687446594238,3.966977119445801
0,119,0.9214334658371183,0.02300000000000002,0.2912783622741699,3.966977119445801
0,120,0.9224057801097247,0.021500000000000075,0.1219029426574707,3.966977119445801
0,121,0.8759341786299027,0.020000000000000073,0.7197561264038086,3.966977119445801
0,122,0.8751440622300084,0.020000000000000018,0.29190778732299805,3.966977119445801
0,123,0.8748740249727691,0.020000000000000073,0.20247244834899902,3.966977119445801
0,124,0.8744146973325162,0.020000000000000073,0.21999645233154297,3.966977119445801
0,125,0.8741522240391866,0.020000000000000018,0.1537940502166748,3.966977119445801
0,126,0.8739739315052881,0.020000000000000073,0.13101530075073242,3.966977119445801
0,127,0.873641417892841,0.020000000000000018,0.21074128150939941,3.966977119445801
0,128,0.8735280725575196,0.020000000000000018,0.08413147926330566,3.966977119445801
0,129,0.8733095870129512,0.020000000000000018,0.12204480171203613,3.966977119445801
0,130,0.8731365045713371,0.020000000000000018,0.0879673957824707,3.966977119445801
0,131,0.872904613994206,0.020000000000000018,0.13018417358398438,3.966977119445801
0,132,0.872864746669471,0.020000000000000018,0.06953120231628418,3.966977119445801
0,133,0.8724355310548366,0.020000000000000018,0.20753192901611328,3.966977119445801
0,134,0.8723369734751276,0.020000000000000018,0.08390450477600098,3.966977119445801
0,135,0.8721417512530933,0.020000000000000018,0.11959123611450195,3.966977119445801
0,136,0.872102876322087,0.020000000000000018,0.07612252235412598,3.966977119445801
0,137,0.8718207943961057,0.020000000000000018,0.13846111297607422,3.966977119445801
0,138,0.8717906523404335,0.020000000000000073,0.06477689743041992,3.966977119445801
0,139,0.8715930184681342,0.020000000000000018,0.09090995788574219,3.966977119445801
0,140,0.871429578322058,0.020000000000000018,0.10168170928955078,3.966977119445801
0,141,0.8712473121696314,0.020000000000000018,0.08201313018798828,3.966977119445801
0,142,0.8712092232911997,0.020000000000000018,0.05443382263183594,3.966977119445801
0,143,0.8708717587827512,0.020000000000000018,0.18567895889282227,3.966977119445801
0,144,0.8708436252703229,0.020000000000000073,0.061136484146118164,3.966977119445801
0,145,0.8707215264369912,0.020000000000000046,0.07532143592834473,3.966977119445801
0,146,0.870688869058831,0.020000000000000018,0.06399106979370117,3.966977119445801
0,147,0.8705207944156071,0.020000000000000018,0.06701207160949707,3.966977119445801
0,148,0.8703554167378871,0.020000000000000018,0.10786581039428711,3.966977119445801
0,149,0.8701986753670973,0.020000000000000018,0.07003021240234375,3.966977119445801
0,150,0.8701709611547603,0.020000000000000018,0.05105853080749512,3.966977119445801
0,1,0.6083202356833706,0.2,0.6180360317230225,3.960644245147705
0,2,0.607516644560655,0.1985,0.13117408752441406,3.966977119445801
0,3,0.6073353610612577,0.19700000000000006,0.09510588645935059,3.966977119445801
0,4,0.6106305326467751,0.15840320410901387,0.09983968734741211,3.966977119445801
0,5,0.6122809950541245,0.1313752336422913,0.05976390838623047,3.966977119445801
0,6,0.617639165530655,0.09629158442008046,0.09377908706665039,3.966977119445801
0,7,0.6184495396944518,0.11281841119157365,0.03965306282043457,3.966977119445801
0,8,0.6251448595511201,0.09112828104051929,0.10504841804504395,3.966977119445801
0,9,0.6261277462921131,0.10165171310664323,0.044017791748046875,3.966977119445801
0,10,0.6341594858392812,0.0897992202941631,0.1420454978942871,3.966977119445801
0,11,0.6351858793312234,0.05982689012106901,0.04829740524291992,3.966977119445801
0,12,0.638682115655813,0.06011749886642703,0.07506966590881348,3.966977119445801
0,13,0.6440814726864632,0.059728417433884684,0.08761739730834961,3.966977119445801
0,14,0.6451378488672599,0.06568129386204036,0.04575681686401367,3.966977119445801
0,15,0.6543102122389242,0.059937815351876145,0.1661360263824463,3.966977119445801
0,16,0.6559538787491603,0.05030086490530561,0.05302739143371582,3.966977119445801
0,17,0.6587546896049616,0.04362176859754463,0.06448674201965332,3.966977119445801
0,18,0.6644220382422209,0.03525661909072286,0.08442807197570801,3.966977119445801
0,19,0.6656085671683994,0.04117688649030926,0.04928469657897949,3.966977119445801
0,20,0.6754458475869131,0.04140026113696027,0.17239785194396973,3.966977119445801
0,21,0.6774531880258233,0.04002447112277452,0.06425309181213379,3.966977119445801
0,22,0.6803601179984538,0.029315937082000643,0.07153105735778809,3.966977119445801
0,23,0.6863999269404412,0.03865980100544031,0.09718990325927734,3.966977119445801
0,24,0.6874235265667034,0.03754339560308495,0.051117897033691406,3.966977119445801
0,25,0.6973947871920867,0.03427921691642366,0.15773344039916992,3.966977119445801
0,26,0.6992213136460848,0.029828395514264194,0.06114673614501953,3.966977119445801
0,27,0.703247078253818,0.026850270979198454,0.08331727981567383,3.966977119445801
0,28,0.7069274950429837,0.0287264912659424,0.07052159309387207,3.966977119445801
0,29,0.7127938206938974,0.026374933407869117,0.10357522964477539,3.966977119445801
0,30,0.7187233120838823,0.028077043135034563,0.11649847030639648,3.966977119445801
0,31,0.7220134082968037,0.025209076387666562,0.07079434394836426,3.966977119445801
0,32,0.7273491376757302,0.02641626507161987,0.0904850959777832,3.966977119445801
0,33,0.7309452575451544,0.02662208508222763,0.07552313804626465,3.966977119445801
0,34,0.7362295996834537,0.029887211772889,0.1033012866973877,3.966977119445801
0,35,0.7421940434884852,0.0269210364315966,0.11377429962158203,3.966977119445801
0,36,0.7455108858933177,0.02983771665120427,0.07446455955505371,3.966977119445801
0,37,0.7510702325082317,0.029650538670651816,0.09312272071838379,3.966977119445801
0,38,0.754870505099674,0.03163427274448283,0.0787348747253418,3.966977119445801
0,39,0.760430749607709,0.03662685173484548,0.10807609558105469,3.966977119445801
0,40,0.7663030964906523,0.03838110639459169,0.11680865287780762,3.966977119445801
0,41,0.8048220393325636,0.14,0.3190302848815918,3.966977119445801
0,42,0.8077847916831642,0.11294986777797955,0.10399770736694336,3.966977119445801
0,43,0.81142327741574,0.084310379237853,0.10466551780700684,3.966977119445801
0,44,0.8177786160164096,0.07111336027676252,0.13940739631652832,3.966977119445801
0,45,0.8225531967705518,0.0646583873474128,0.12249493598937988,3.966977119445801
0,46,0.8258438660587876,0.05161163972286409,0.09125661849975586,3.966977119445801
0,47,0.8318888739273476,0.0522719419181682,0.15007495880126953,3.966977119445801
0,48,0.8363095430723175,0.06259167760154993,0.12676072120666504,3.966977119445801
0,49,0.8392306574528363,0.06640853243259315,0.12224483489990234,3.966977119445801
0,50,0.8443463231403026,0.06306417555057464,0.16143584251403809,3.966977119445801
0,51,0.8471349736325662,0.07177580876827394,0.11178398132324219,3.966977119445801
0,52,0.8503070716984691,0.08378396858296411,0.12410926818847656,3.966977119445801
0,53,0.8538612361784614,0.10094292719350961,0.1641397476196289,3.966977119445801
0,54,0.8553150569761011,0.11168084425583058,0.10934901237487793,3.966977119445801
0,55,0.8565551262976561,0.11396578331574417,0.12340354919433594,3.966977119445801
0,56,0.8571377397606044,0.11750000000000005,0.13061165809631348,3.966977119445801
0,57,0.8575783212264633,0.09516327728053531,0.08744144439697266,3.966977119445801
0,58,0.8602904920990591,0.0941266044582163,0.17027044296264648,3.966977119445801
0,59,0.8614899843404232,0.10645981463028698,0.09029793739318848,3.966977119445801
0,60,0.8633074999011248,0.08762637134404172,0.11637210845947266,3.966977119445801
0,61,0.8656705911202595,0.08985030858194631,0.16785359382629395,3.966977119445801
0,62,0.8667614144737695,0.099065568020689,0.09461545944213867,3.966977119445801
0,63,0.8688250404558391,0.10612549352036338,0.12966394424438477,3.966977119445801
0,64,0.869260300851366,0.07857308549856667,0.06884598731994629,3.966977119445801
0,65,0.8732801065183114,0.08825624976915813,0.18883538246154785,3.966977119445801
0,66,0.8741447397522334,0.09515062212292491,0.07786321640014648,3.966977119445801
0,67,0.8765370954206868,0.09611178510661444,0.13404083251953125,3.966977119445801
0,68,0.8783001090109817,0.09950000000000003,0.1372818946838379,3.966977119445801
0,69,0.8795221150927772,0.09799999999999998,0.1001129150390625,3.966977119445801
0,70,0.8804700691612,0.09650000000000003,0.08032107353210449,3.966977119445801
0,71,0.8843511162079782,0.09499999999999997,0.23386549949645996,3.966977119445801
0,72,0.8848658317437812,0.08235430279394029,0.076507568359375,3.966977119445801
0,73,0.8862553622359282,0.09199999999999997,0.11544489860534668,3.966977119445801
0,74,0.8880593907661053,0.09050000000000002,0.13889169692993164,3.966977119445801
0,75,0.8901600212411993,0.07720570994309828,0.1482679843902588,3.966977119445801
0,76,0.8909673304196312,0.08750000000000002,0.0853569507598877,3.966977119445801
0,77,0.8918536631225336,0.08600000000000008,0.07749605178833008,3.966977119445801
0,78,0.8941028139919998,0.06655833191546756,0.15860939025878906,3.966977119445801
0,79,0.8966301996473061,0.07924518862901797,0.15948224067687988,3.966977119445801
0,80,0.8971584496021983,0.08150000000000002,0.07529973983764648,3.966977119445801
0,81,0.8800757363369696,0.08000000000000007,0.355074405670166,3.966977119445801
0,82,0.879221548986211,0.07850000000000001,0.2106778621673584,3.966977119445801
0,83,0.8789740361740216,0.07700000000000007,0.26236414909362793,3.966977119445801
0,84,0.8796589296593509,0.07550000000000001,0.15352630615234375,3.966977119445801
0,85,0.8800749003731045,0.07400000000000001,0.09086155891418457,3.966977119445801
0,86,0.8811614520592284,0.07250000000000006,0.12687373161315918,3.966977119445801
0,87,0.8813602191605268,0.07100000000000001,0.058017730712890625,3.966977119445801
0,88,0.8834957487199977,0.0695,0.15778183937072754,3.966977119445801
0,89,0.8838110600724098,0.06800000000000006,0.06378650665283203,3.966977119445801
0,90,0.8848721554501873,0.0665,0.0937354564666748,3.966977119445801
0,91,0.8857966167882532,0.06500000000000006,0.08033967018127441,3.966977119445801
0,92,0.886488666566414,0.0635,0.07658720016479492,3.966977119445801
0,93,0.8882614145289804,0.061999999999999944,0.14805984497070312,3.966977119445801
0,94,0.8890340647471875,0.0605,0.08866190910339355,3.966977119445801
0,95,0.8897019024400842,0.05900000000000005,0.0789637565612793,3.966977119445801
0,96,0.890869206892868,0.057499999999999996,0.11707925796508789,3.966977119445801
0,97,0.8927578723688152,0.05600000000000005,0.16401147842407227,3.966977119445801
0,98,0.8940811793301051,0.05450000000000005,0.14203786849975586,3.966977119445801
0,99,0.8948210205888143,0.05300000000000005,0.0789651870727539,3.966977119445801
0,100,0.895266828602543,0.05150000000000002,0.07172918319702148,3.966977119445801
0,101,0.8972610124937562,0.050000000000000044,0.1746368408203125,3.966977119445801
0,102,0.8975385028995388,0.04849999999999999,0.06721305847167969,3.966977119445801
0,103,0.8996176727102561,0.04700000000000004,0.17021870613098145,3.966977119445801
0,104,0.8999389446381691,0.04550000000000001,0.0673379898071289,3.966977119445801
0,105,0.9019769174093234,0.04400000000000004,0.17661666870117188,3.966977119445801
0,106,0.9027675421470778,0.04250000000000001,0.0889139175415039,3.966977119445801
0,107,0.9034937622008827,0.041000000000000036,0.07740187644958496,3.966977119445801
0,108,0.9058950531191532,0.039500000000000035,0.19031453132629395,3.966977119445801
0,109,0.9071360343350995,0.038000000000000034,0.13773775100708008,3.966977119445801
0,110,0.9079051346847223,0.036500000000000005,0.08268308639526367,3.966977119445801
0,111,0.9096991448887217,0.03500000000000009,0.18055343627929688,3.966977119445801
0,112,0.9110175109803847,0.03350000000000003,0.15333962440490723,3.966977119445801
0,113,0.9119556075847485,0.03200000000000003,0.09379458427429199,3.966977119445801
0,114,0.9137738692269222,0.030500000000000083,0.18790435791015625,3.966977119445801
0,115,0.9151143051264181,0.02900000000000008,0.16890406608581543,3.966977119445801
0,116,0.9161408521208072,0.02750000000000008,0.10599184036254883,3.966977119445801
0,117,0.9179302408232419,0.026000000000000023,0.21379899978637695,3.966977119445801
0,118,0.9192847925661474,0.024500000000000077,0.19584870338439941,3.966977119445801
0,119,0.9207059982088237,0.02300000000000002,0.20418095588684082,3.966977119445801
0,120,0.9220427475886914,0.021500000000000075,0.1865541934967041,3.966977119445801
0,121,0.8751620054998953,0.020000000000000073,0.6924028396606445,3.966977119445801
0,122,0.8743786290404212,0.020000000000000018,0.27159976959228516,3.966977119445801
0,123,0.8740975935388855,0.020000000000000073,0.1800546646118164,3.966977119445801
0,124,0.8735766487275493,0.020000000000000018,0.227569580078125,3.966977119445801
0,125,0.8733982316232841,0.020000000000000018,0.09455657005310059,3.966977119445801
0,126,0.8731593568475299,0.020000000000000018,0.13741493225097656,3.966977119445801
0,127,0.8728339965688482,0.020000000000000018,0.18367385864257812,3.966977119445801
0,128,0.8726522971340901,0.020000000000000018,0.12183427810668945,3.966977119445801
0,129,0.8724973781646085,0.020000000000000018,0.08214163780212402,3.966977119445801
0,130,0.872277645361099,0.020000000000000018,0.11187100410461426,3.966977119445801
0,131,0.8721014240177296,0.020000000000000018,0.0853271484375,3.966977119445801
0,132,0.8719669894425893,0.020000000000000018,0.09037137031555176,3.966977119445801
0,133,0.8716320410659172,0.020000000000000018,0.13724684715270996,3.966977119445801
0,134,0.8714437966934498,0.020000000000000018,0.10764765739440918,3.966977119445801
0,135,0.8713149773391635,0.020000000000000018,0.06525468826293945,3.966977119445801
0,136,0.8712588707796876,0.020000000000000073,0.05820322036743164,3.966977119445801
0,137,0.8709460365983341,0.020000000000000018,0.11247897148132324,3.966977119445801
0,138,0.870912052506013,0.020000000000000018,0.055516719818115234,3.966977119445801
0,139,0.8707041875039048,0.020000000000000018,0.08642196655273438,3.966977119445801
0,140,0.8705674369358096,0.020000000000000018,0.11599564552307129,3.966977119445801
0,141,0.8703809110795614,0.020000000000000018,0.07820630073547363,3.966977119445801
0,142,0.8703484675946426,0.020000000000000018,0.051316022872924805,3.966977119445801
0,143,0.8700887873733842,0.020000000000000018,0.13202548027038574,3.966977119445801
0,144,0.870056972428611,0.020000000000000018,0.04388022422790527,3.966977119445801
0,145,0.8698091307076654,0.020000000000000018,0.10224723815917969,3.966977119445801
0,146,0.8697806191860294,0.020000000000000018,0.04260897636413574,3.966977119445801
0,147,0.8696103614455124,0.020000000000000018,0.06656002998352051,3.966977119445801
0,148,0.8695569143746678,0.020000000000000018,0.0605316162109375,3.966977119445801
0,149,0.8693804281084434,0.020000000000000018,0.06830430030822754,3.966977119445801
0,150,0.8692557745111116,0.020000000000000018,0.07714724540710449,3.966977119445801
0,1,0.6083124253951084,0.2,0.807030200958252,3.960644245147705
0,2,0.607259933494015,0.19850000000000007,0.13372063636779785,3.966977119445801
0,3,0.6072297013301353,0.19700000000000006,0.0923776626586914,3.966977119445801
0,4,0.6106908843134319,0.1526316067556468,0.10051751136779785,3.966977119445801
0,5,0.6120730726766803,0.1409159536187653,0.05081987380981445,3.966977119445801
0,6,0.6172608728528372,0.09332434251799826,0.08739209175109863,3.966977119445801
0,7,0.6183900449838244,0.1075027085889122,0.0429997444152832,3.966977119445801
0,8,0.6251141677153758,0.08582284488965508,0.09986424446105957,3.966977119445801
0,9,0.6261866869810577,0.10081337898354303,0.0424647331237793,3.966977119445801
0,10,0.6342032898523597,0.0883484734257961,0.14723443984985352,3.966977119445801
0,11,0.6352134173911398,0.05991676753316744,0.044092655181884766,3.966977119445801
0,12,0.6387443248478281,0.056690576593653286,0.0770566463470459,3.966977119445801
0,13,0.641747767525048,0.05939039492241416,0.06643366813659668,3.966977119445801
0,14,0.6475371677957891,0.061661321016330706,0.09189748764038086,3.966977119445801
0,15,0.653079670951993,0.059699693899825546,0.10802531242370605,3.966977119445801
0,16,0.6548207706274578,0.05368090019623273,0.05492901802062988,3.966977119445801
0,17,0.6609202212496372,0.04083046631540699,0.10902070999145508,3.966977119445801
0,18,0.664804775543061,0.0396735244869606,0.07138752937316895,3.966977119445801
0,19,0.6673975582282466,0.03585857912778734,0.06104731559753418,3.966977119445801
0,20,0.6748776097107584,0.038183578885436775,0.12039780616760254,3.966977119445801
0,21,0.6760116337327566,0.04192593173307935,0.04542255401611328,3.966977119445801
0,22,0.6823565885248636,0.02976335678815012,0.10807180404663086,3.966977119445801
0,23,0.6861411390408568,0.036997793458368955,0.07187080383300781,3.966977119445801
0,24,0.6886615673819201,0.034733391582204565,0.06169843673706055,3.966977119445801
0,25,0.696632878162399,0.03271693763943695,0.1309521198272705,3.966977119445801
0,26,0.6981346664091672,0.03676274957515302,0.05077242851257324,3.966977119445801
0,27,0.7046617236371724,0.02666355969563905,0.1221306324005127,3.966977119445801
0,28,0.708339015542617,0.028872247589338262,0.06881999969482422,3.966977119445801
0,29,0.7112620573783841,0.028002982062714565,0.07724881172180176,3.966977119445801
0,30,0.7194068929774781,0.0250882924988568,0.1490929126739502,3.966977119445801
0,31,0.7211187322978383,0.028534530101118838,0.05629444122314453,3.966977119445801
0,32,0.7278863057391958,0.02294288197586858,0.11577057838439941,3.966977119445801
0,33,0.7319623052860389,0.02608197763275366,0.08572888374328613,3.966977119445801
0,34,0.734819754049356,0.025247506425447486,0.09787845611572266,3.966977119445801
0,35,0.740803885853218,0.03011302438628971,0.10928463935852051,3.966977119445801
0,36,0.7468905467428946,0.026748307390242698,0.11432671546936035,3.966977119445801
0,37,0.7505132531289361,0.02960808033194129,0.08189272880554199,3.966977119445801
0,38,0.7537238944605665,0.03213420418178414,0.07343935966491699,3.966977119445801
0,39,0.7600249337213455,0.033504710031903584,0.1198740005493164,3.966977119445801
0,40,0.7662427406007695,0.036190744810312814,0.11806035041809082,3.966977119445801
0,41,0.8049835847612947,0.14,0.2892334461212158,3.966977119445801
0,42,0.8080185151706936,0.11194862516387849,0.10375285148620605,3.966977119445801
0,43,0.8116901025653838,0.08329845622471399,0.10667276382446289,3.966977119445801
0,44,0.8167128144827478,0.06970106990811153,0.11714982986450195,3.966977119445801
0,45,0.8244402018884689,0.061934955685136184,0.1763772964477539,3.966977119445801
0,46,0.8265212082198719,0.051115687541821164,0.08851933479309082,3.966977119445801
0,47,0.8309426391805059,0.049038565257468414,0.11217045783996582,3.966977119445801
0,48,0.8379712923377309,0.0572543226270017,0.18260955810546875,3.966977119445801
0,49,0.8400774105222777,0.06892255939387859,0.10577607154846191,3.966977119445801
0,50,0.8439925662204888,0.06539552624941491,0.13596224784851074,3.966977119445801
0,51,0.8488942665407959,0.0668028646876011,0.16469430923461914,3.966977119445801
0,52,0.8513886498501829,0.07899432057891353,0.11528611183166504,3.966977119445801
0,53,0.8540565799516722,0.09242053719218923,0.12595057487487793,3.966977119445801
0,54,0.8570797785809393,0.10972435311809825,0.18296098709106445,3.966977119445801
0,55,0.8581308458742786,0.10918161353236139,0.10633349418640137,3.966977119445801
0,56,0.8589173040988471,0.11750000000000002,0.11659526824951172,3.966977119445801
0,57,0.8595320300919942,0.10539969161512974,0.13128328323364258,3.966977119445801
0,58,0.8604282666101206,0.09695602454113905,0.08532881736755371,3.966977119445801
0,59,0.8630441881473737,0.10206416209649749,0.15331101417541504,3.966977119445801
0,60,0.8642610997522937,0.0847807121435391,0.08357810974121094,3.966977119445801
0,61,0.8664966326575647,0.08732823492324115,0.1607351303100586,3.966977119445801
0,62,0.8677103240247477,0.09641984941597381,0.0873711109161377,3.966977119445801
0,63,0.870051930629933,0.10205931996024231,0.1495816707611084,3.966977119445801
0,64,0.8713009276123741,0.07834884901919581,0.08366537094116211,3.966977119445801
0,65,0.8739665768110139,0.0843679352263641,0.16161584854125977,3.966977119445801
0,66,0.8745274878471052,0.0921355018963167,0.07235836982727051,3.966977119445801
0,67,0.8778976701033782,0.09505946695813094,0.18851852416992188,3.966977119445801
0,68,0.8784078210207185,0.09950000000000003,0.09056663513183594,3.966977119445801
0,69,0.881779257274508,0.09799999999999998,0.1979665756225586,3.966977119445801
0,70,0.8821509444834463,0.09650000000000003,0.06697416305541992,3.966977119445801
0,71,0.8834050664311706,0.09499999999999997,0.10236763954162598,3.966977119445801
0,72,0.8852255699340232,0.07935289636196863,0.13828277587890625,3.966977119445801
0,73,0.8876564734304107,0.09199999999999997,0.15144634246826172,3.966977119445801
0,74,0.8884694122493919,0.09050000000000002,0.08509135246276855,3.966977119445801
0,75,0.8908133271825304,0.07604174355250026,0.15662741661071777,3.966977119445801
0,76,0.8911921547953043,0.08750000000000002,0.07088637351989746,3.966977119445801
0,77,0.8936589505897151,0.08600000000000008,0.1600649356842041,3.966977119445801
0,78,0.8953452385421075,0.06991455878395669,0.14021706581115723,3.966977119445801
0,79,0.896397905229326,0.07801392230598803,0.0891885757446289,3.966977119445801
0,80,0.8968590734683297,0.08150000000000002,0.07240533828735352,3.966977119445801
0,81,0.8803382361994693,0.08000000000000007,0.36855506896972656,3.966977119445801
0,82,0.879467984772268,0.07850000000000001,0.21285581588745117,3.966977119445801
0,83,0.879314783041128,0.07700000000000007,0.24907422065734863,3.966977119445801
0,84,0.8797120008423234,0.07550000000000001,0.11784505844116211,3.966977119445801
0,85,0.8807294448790979,0.07400000000000001,0.14927959442138672,3.966977119445801
0,86,0.8810883368285913,0.07250000000000001,0.07102131843566895,3.966977119445801
0,87,0.8823485997555409,0.07100000000000001,0.11871004104614258,3.966977119445801
0,88,0.8825694260902948,0.0695,0.05769968032836914,3.966977119445801
0,89,0.8847633299429054,0.06800000000000006,0.15527582168579102,3.966977119445801
0,90,0.8850454742011789,0.0665,0.06305098533630371,3.966977119445801
0,91,0.8860221507509032,0.06500000000000006,0.09512495994567871,3.966977119445801
0,92,0.8869425815356242,0.0635,0.08069825172424316,3.966977119445801
0,93,0.8875636639863327,0.062000000000000055,0.07595086097717285,3.966977119445801
0,94,0.8893681529380153,0.060500000000000054,0.14630460739135742,3.966977119445801
0,95,0.8901763570110952,0.05900000000000005,0.09287214279174805,3.966977119445801
0,96,0.8908729613103661,0.05750000000000002,0.08543705940246582,3.966977119445801
0,97,0.8923207408280835,0.05600000000000005,0.16004538536071777,3.966977119445801
0,98,0.8940181291178726,0.05449999999999999,0.16290807723999023,3.966977119445801
0,99,0.8945759215920994,0.05300000000000005,0.08080363273620605,3.966977119445801
0,100,0.8952436387944122,0.05150000000000002,0.07671594619750977,3.966977119445801
0,101,0.8968587779960635,0.050000000000000044,0.15577244758605957,3.966977119445801
0,102,0.8985185598259142,0.04850000000000004,0.1524796485900879,3.966977119445801
0,103,0.8991551126462771,0.04700000000000004,0.08116531372070312,3.966977119445801
0,104,0.9002511218250908,0.04550000000000001,0.0947880744934082,3.966977119445801
0,105,0.9004067760178317,0.04400000000000004,0.055550575256347656,3.966977119445801
0,106,0.9034917731554197,0.04250000000000001,0.25428175926208496,3.966977119445801
0,107,0.9040543898407026,0.041000000000000036,0.08254718780517578,3.966977119445801
0,108,0.9051708745151926,0.039500000000000035,0.09178566932678223,3.966977119445801
0,109,0.9066097002427217,0.038000000000000034,0.1137702465057373,3.966977119445801
0,110,0.9086187607292446,0.03650000000000003,0.2228987216949463,3.966977119445801
0,111,0.9092343767388427,0.03500000000000003,0.08256268501281738,3.966977119445801
0,112,0.9104627474382327,0.03350000000000003,0.10378003120422363,3.966977119445801
0,113,0.9125400417386818,0.03200000000000003,0.23945903778076172,3.966977119445801
0,114,0.9133907056777202,0.030500000000000083,0.1032869815826416,3.966977119445801
0,115,0.9146298330362996,0.029000000000000026,0.12922883033752441,3.966977119445801
0,116,0.9166360712170307,0.02750000000000008,0.2632415294647217,3.966977119445801
0,117,0.9175609190319163,0.026000000000000023,0.1049797534942627,3.966977119445801
0,118,0.9192157725944272,0.024500000000000077,0.1983020305633545,3.966977119445801
0,119,0.9205388012470606,0.02300000000000002,0.18250298500061035,3.966977119445801
0,120,0.9219756504071768,0.021500000000000075,0.1952826976776123,3.966977119445801
0,121,0.8750035602305037,0.020000000000000018,0.6901249885559082,3.966977119445801
0,122,0.8742127801796902,0.020000000000000018,0.2843618392944336,3.966977119445801
0,123,0.873934400658156,0.020000000000000018,0.1996762752532959,3.966977119445801
0,124,0.8734252409932763,0.020000000000000018,0.2371811866760254,3.966977119445801
0,125,0.8732473314334998,0.020000000000000073,0.09500789642333984,3.966977119445801
0,126,0.873008179851885,0.020000000000000018,0.13716530799865723,3.966977119445801
0,127,0.872675263351377,0.020000000000000073,0.16287636756896973,3.966977119445801
0,128,0.8724793706898937,0.020000000000000073,0.13410139083862305,3.966977119445801
0,129,0.8723268732547506,0.020000000000000018,0.09485745429992676,3.966977119445801
0,130,0.8720963441134172,0.020000000000000018,0.13842248916625977,3.966977119445801
0,131,0.8719161008555699,0.020000000000000018,0.09461426734924316,3.966977119445801
0,132,0.8717837648160147,0.020000000000000018,0.09395027160644531,3.966977119445801
0,133,0.8714504725286245,0.020000000000000018,0.14908719062805176,3.966977119445801
0,134,0.8712490983526575,0.020000000000000018,0.11068868637084961,3.966977119445801
0,135,0.8711205273604732,0.020000000000000018,0.06232452392578125,3.966977119445801
0,136,0.8710649112123066,0.020000000000000018,0.06027579307556152,3.966977119445801
0,137,0.870858824558161,0.020000000000000018,0.0676121711730957,3.966977119445801
0,138,0.8706711319197566,0.020000000000000018,0.10802865028381348,3.966977119445801
0,139,0.8704659625202702,0.020000000000000018,0.08226752281188965,3.966977119445801
0,140,0.8704336867853188,0.020000000000000018,0.06253814697265625,3.966977119445801
0,141,0.870233724743626,0.020000000000000073,0.09697556495666504,3.966977119445801
0,142,0.8702094672349029,0.020000000000000018,0.0444796085357666,3.966977119445801
0,143,0.8699179234802555,0.020000000000000018,0.12079405784606934,3.966977119445801
0,144,0.8698940125680035,0.020000000000000073,0.04380917549133301,3.966977119445801
0,145,0.8697109751860972,0.020000000000000018,0.0969235897064209,3.966977119445801
0,146,0.8696588311993343,0.020000000000000018,0.08409237861633301,3.966977119445801
0,147,0.8694834798839195,0.020000000000000018,0.0847318172454834,3.966977119445801
0,148,0.8693642865658207,0.020000000000000018,0.08971214294433594,3.966977119445801
0,149,0.8692003797955696,0.020000000000000018,0.07639169692993164,3.966977119445801
0,150,0.8691784036592811,0.020000000000000018,0.04766273498535156,3.966977119445801
0,1,0.6083068625652085,0.2,0.8219461441040039,3.960644245147705
0,2,0.6071380230193334,0.1985,0.13613176345825195,3.966977119445801
0,3,0.607224521098326,0.19700000000000006,0.10561847686767578,3.966977119445801
0,4,0.6105621103434489,0.14982096833825298,0.09846663475036621,3.966977119445801
0,5,0.6121731078884307,0.1456159936661905,0.05910801887512207,3.966977119445801
0,6,0.6175015782828264,0.09197980938377126,0.09410429000854492,3.966977119445801
0,7,0.6183971534810553,0.10558442346152175,0.046175241470336914,3.966977119445801
0,8,0.6253712929505755,0.08533533445882846,0.11170554161071777,3.966977119445801
0,9,0.6262379080193061,0.09655181753029562,0.045388221740722656,3.966977119445801
0,10,0.6338261497281208,0.08521580483662383,0.1292726993560791,3.966977119445801
0,11,0.6347840786704415,0.062306722862339736,0.04287886619567871,3.966977119445801
0,12,0.6379006440206396,0.05634597723063017,0.06740069389343262,3.966977119445801
0,13,0.6452899429881314,0.05778397295981064,0.1152045726776123,3.966977119445801
0,14,0.6464155652158685,0.0667120703622518,0.04704141616821289,3.966977119445801
0,15,0.652324282977716,0.0564345148794555,0.11608386039733887,3.966977119445801
0,16,0.6555141142418586,0.051537374002692204,0.07070708274841309,3.966977119445801
0,17,0.658324129866112,0.0407459184229213,0.07112288475036621,3.966977119445801
0,18,0.6663185177514046,0.03642176202211078,0.12919259071350098,3.966977119445801
0,19,0.6679100924512652,0.03708860865284325,0.05189919471740723,3.966977119445801
0,20,0.6737547824096549,0.0373595048192914,0.11403369903564453,3.966977119445801
0,21,0.6770624402317464,0.04059262289374266,0.06688880920410156,3.966977119445801
0,22,0.6797739235515287,0.03234462677458827,0.06564950942993164,3.966977119445801
0,23,0.6878863158972318,0.033854027182901425,0.130263090133667,3.966977119445801
0,24,0.6894295212444506,0.033530918341598714,0.05167722702026367,3.966977119445801
0,25,0.6954545273251425,0.03311044346346892,0.11198878288269043,3.966977119445801
0,26,0.6992271249097075,0.034842115595237755,0.07172298431396484,3.966977119445801
0,27,0.7046573016386533,0.026516570084946567,0.1011514663696289,3.966977119445801
0,28,0.7087261437663501,0.030037748737336334,0.08670520782470703,3.966977119445801
0,29,0.7117113344076373,0.025626730331995584,0.07097578048706055,3.966977119445801
0,30,0.7173500547448661,0.02615951377991288,0.10690855979919434,3.966977119445801
0,31,0.7233938561864757,0.026380307544464077,0.1179647445678711,3.966977119445801
0,32,0.7268175050238754,0.025842741902219024,0.08435344696044922,3.966977119445801
0,33,0.7321799018117001,0.02611720705327969,0.09445643424987793,3.966977119445801
0,34,0.7356962223853742,0.026009204619675486,0.07345914840698242,3.966977119445801
0,35,0.741023348747468,0.029508689887751904,0.10147738456726074,3.966977119445801
0,36,0.7470048705168968,0.026929228716701115,0.11323142051696777,3.966977119445801
0,37,0.7504374505098889,0.029751490019975457,0.07664155960083008,3.966977119445801
0,38,0.7559690829919932,0.029792146326501623,0.10632681846618652,3.966977119445801
0,39,0.7597168400164895,0.03271104476464348,0.08048748970031738,3.966977119445801
0,40,0.7652316389703046,0.0373664989491469,0.11073040962219238,3.966977119445801
0,41,0.8049220273556507,0.14,0.2965812683105469,3.966977119445801
0,42,0.8081233982348357,0.11144432680652583,0.11260819435119629,3.966977119445801
0,43,0.8119067736930802,0.08411493523809865,0.10887742042541504,3.966977119445801
0,44,0.8182303655909839,0.07007428550724848,0.13850688934326172,3.966977119445801
0,45,0.8230445181283572,0.061433426071854536,0.13305926322937012,3.966977119445801
0,46,0.8263758585461096,0.0514075620985886,0.09390020370483398,3.966977119445801
0,47,0.8325570106324525,0.04610508086711185,0.14824700355529785,3.966977119445801
0,48,0.8370000697996545,0.05596856915432502,0.12914204597473145,3.966977119445801
0,49,0.8399091946548772,0.06658398296240997,0.09200549125671387,3.966977119445801
0,50,0.8453273942915764,0.06198253647744467,0.15470671653747559,3.966977119445801
0,51,0.848443878482207,0.06719250362463802,0.11539244651794434,3.966977119445801
0,52,0.8516458369258861,0.07639738844314592,0.12129807472229004,3.966977119445801
0,53,0.8554187317855027,0.08728947462833214,0.1743941307067871,3.966977119445801
0,54,0.8572052621624799,0.10802900079223732,0.12311148643493652,3.966977119445801
0,55,0.8586535271010818,0.10560379066426298,0.13309669494628906,3.966977119445801
0,56,0.8596086395468825,0.11012986349327464,0.1476435661315918,3.966977119445801
0,57,0.8597714828121898,0.11599999999999999,0.08532834053039551,3.966977119445801
0,58,0.8620121452971129,0.09485567300857334,0.16401362419128418,3.966977119445801
0,59,0.8632332204046862,0.10052493375872695,0.0895838737487793,3.966977119445801
0,60,0.8650002496663266,0.09568278179382983,0.1164860725402832,3.966977119445801
0,61,0.8673643585001267,0.08529401006692872,0.1791706085205078,3.966977119445801
0,62,0.8683813567005482,0.0934395022548472,0.0926969051361084,3.966977119445801
0,63,0.8705117904857623,0.10023030105342323,0.15089130401611328,3.966977119445801
0,64,0.8711838239156136,0.07746329989522394,0.0773928165435791,3.966977119445801
0,65,0.8746187157121916,0.08383365798502451,0.17573213577270508,3.966977119445801
0,66,0.8753107405916591,0.09091388186284888,0.07526469230651855,3.966977119445801
0,67,0.8779413250966733,0.09962418820105756,0.1477670669555664,3.966977119445801
0,68,0.8782845254972946,0.09950000000000003,0.0749974250793457,3.966977119445801
0,69,0.8820758157575871,0.09799999999999998,0.22717642784118652,3.966977119445801
0,70,0.8826442744832141,0.09650000000000003,0.08537793159484863,3.966977119445801
0,71,0.8839206884363093,0.09499999999999997,0.11179184913635254,3.966977119445801
0,72,0.8857293964356697,0.0781341666850911,0.14598608016967773,3.966977119445801
0,73,0.8881328901773702,0.08823549013253118,0.15817689895629883,3.966977119445801
0,74,0.8888075734426022,0.09050000000000002,0.07599449157714844,3.966977119445801
0,75,0.8911854539251816,0.07264669076521035,0.1706397533416748,3.966977119445801
0,76,0.8915962516125859,0.08500010188948359,0.06953883171081543,3.966977119445801
0,77,0.8939669133774751,0.08600000000000008,0.15622925758361816,3.966977119445801
0,78,0.8958476480393502,0.08450000000000002,0.1532895565032959,3.966977119445801
0,79,0.8967092204644662,0.0779724991188776,0.08805465698242188,3.966977119445801
0,80,0.8971536975143339,0.08150000000000002,0.08025145530700684,3.966977119445801
0,81,0.8807016223640978,0.08000000000000007,0.35082006454467773,3.966977119445801
0,82,0.8797781730147829,0.07850000000000001,0.21555566787719727,3.966977119445801
0,83,0.8796495830380378,0.07700000000000007,0.24602413177490234,3.966977119445801
0,84,0.8800630412543979,0.07550000000000001,0.11278486251831055,3.966977119445801
0,85,0.8810386445202795,0.07400000000000001,0.14928317070007324,3.966977119445801
0,86,0.8815656111390746,0.07250000000000001,0.09011435508728027,3.966977119445801
0,87,0.8822853561718563,0.07100000000000006,0.08235645294189453,3.966977119445801
0,88,0.8829501041208022,0.0695,0.08082962036132812,3.966977119445801
0,89,0.8847813227296852,0.06800000000000006,0.15253734588623047,3.966977119445801
0,90,0.8854365211043198,0.0665,0.0838632583618164,3.966977119445801
0,91,0.886118698560308,0.06500000000000006,0.07633590698242188,3.966977119445801
0,92,0.8867900100681569,0.0635,0.07761168479919434,3.966977119445801
0,93,0.8886537146258588,0.062000000000000055,0.14713406562805176,3.966977119445801
0,94,0.8893304438906733,0.060500000000000054,0.08218574523925781,3.966977119445801
0,95,0.8900165975198873,0.05900000000000005,0.07981371879577637,3.966977119445801
0,96,0.8908510368300041,0.05750000000000002,0.09257817268371582,3.966977119445801
0,97,0.8925409876115543,0.05600000000000005,0.1440563201904297,3.966977119445801
0,98,0.8940869663710616,0.05450000000000005,0.15129399299621582,3.966977119445801
0,99,0.8947992923576171,0.05300000000000005,0.08190369606018066,3.966977119445801
0,100,0.895920645879487,0.05150000000000002,0.10094141960144043,3.966977119445801
0,101,0.8964927101325306,0.050000000000000044,0.07847785949707031,3.966977119445801
0,102,0.8979701310979107,0.04850000000000004,0.15187525749206543,3.966977119445801
0,103,0.8997001925824687,0.04700000000000004,0.17152094841003418,3.966977119445801
0,104,0.9005807441201221,0.04550000000000001,0.09588980674743652,3.966977119445801
0,105,0.9016931860407291,0.04400000000000004,0.10622000694274902,3.966977119445801
0,106,0.902302348620688,0.04250000000000001,0.08128595352172852,3.966977119445801
0,107,0.9038207335304285,0.041000000000000036,0.15767621994018555,3.966977119445801
0,108,0.9056775559084014,0.03949999999999998,0.1841297149658203,3.966977119445801
0,109,0.906657346045623,0.038000000000000034,0.09882307052612305,3.966977119445801
0,110,0.9079594292385431,0.036500000000000005,0.11937832832336426,3.966977119445801
0,111,0.9099779895067692,0.03500000000000003,0.2505042552947998,3.966977119445801
0,112,0.9105628109127781,0.033499999999999974,0.08949065208435059,3.966977119445801
0,113,0.911858932623534,0.03200000000000003,0.12390685081481934,3.966977119445801
0,114,0.9138943361683012,0.030500000000000083,0.2676072120666504,3.966977119445801
0,115,0.9147656862740382,0.029000000000000026,0.11797118186950684,3.966977119445801
0,116,0.9160225876509798,0.02750000000000008,0.1342754364013672,3.966977119445801
0,117,0.9180266655419458,0.026000000000000023,0.2925128936767578,3.966977119445801
0,118,0.918982472029458,0.024500000000000077,0.11652660369873047,3.966977119445801
0,119,0.9208025023100488,0.02300000000000002,0.33460402488708496,3.966977119445801
0,120,0.9217262604744108,0.021500000000000075,0.13195276260375977,3.966977119445801
0,121,0.8749650761974713,0.020000000000000073,0.7665674686431885,3.966977119445801
0,122,0.8741741402764605,0.020000000000000073,0.2772331237792969,3.966977119445801
0,123,0.8738935183977754,0.020000000000000018,0.1898057460784912,3.966977119445801
0,124,0.873379894672772,0.020000000000000073,0.24269318580627441,3.966977119445801
0,125,0.8732005181331228,0.020000000000000018,0.09996414184570312,3.966977119445801
0,126,0.8729542090439876,0.020000000000000073,0.13621091842651367,3.966977119445801
0,127,0.8726262589441722,0.020000000000000018,0.15890765190124512,3.966977119445801
0,128,0.872429660373233,0.020000000000000018,0.1201329231262207,3.966977119445801
0,129,0.8722755623784306,0.020000000000000018,0.07936429977416992,3.966977119445801
0,130,0.8720349630839597,0.020000000000000018,0.1181631088256836,3.966977119445801
0,131,0.8718567258707255,0.020000000000000018,0.08535099029541016,3.966977119445801
0,132,0.8717208098242089,0.020000000000000018,0.0895693302154541,3.966977119445801
0,133,0.8713795420033825,0.020000000000000018,0.1461045742034912,3.966977119445801
0,134,0.8711884073817413,0.020000000000000018,0.10080552101135254,3.966977119445801
0,135,0.8710626015956295,0.020000000000000073,0.06463980674743652,3.966977119445801
0,136,0.8710038960370999,0.020000000000000018,0.05961155891418457,3.966977119445801
0,137,0.8706915089931897,0.020000000000000018,0.1087503433227539,3.966977119445801
0,138,0.8706578400951537,0.020000000000000018,0.05155205726623535,3.966977119445801
0,139,0.8704480977242677,0.020000000000000018,0.0755915641784668,3.966977119445801
0,140,0.8703148901822941,0.020000000000000018,0.08978772163391113,3.966977119445801
0,141,0.8701396342213533,0.020000000000000018,0.07778000831604004,3.966977119445801
0,142,0.8701060622304715,0.020000000000000018,0.06714606285095215,3.966977119445801
0,143,0.8697977123893379,0.020000000000000018,0.16468334197998047,3.966977119445801
0,144,0.8697568680924412,0.020000000000000018,0.05202674865722656,3.966977119445801
0,145,0.8696413451007838,0.020000000000000018,0.06508064270019531,3.966977119445801
0,146,0.8695198567868692,0.020000000000000018,0.08390974998474121,3.966977119445801
0,147,0.869360847834866,0.020000000000000018,0.06611037254333496,3.966977119445801
0,148,0.8693254302653277,0.020000000000000018,0.0575566291809082,3.966977119445801
0,149,0.869072576161805,0.020000000000000018,0.11482787132263184,3.966977119445801
0,150,0.8690542760946673,0.020000000000000018,0.04917764663696289,3.966977119445801
0,1,0.6083063366671586,0.2,0.7804811000823975,3.960644245147705
0,2,0.6065326859770652,0.19850000000000007,0.12581872940063477,3.966977119445801
0,3,0.6071347131089164,0.197,0.09657621383666992,3.966977119445801
0,4,0.610416636024192,0.15863665221947099,0.10434770584106445,3.966977119445801
0,5,0.6115641471398268,0.14019734514048954,0.05005383491516113,3.966977119445801
0,6,0.6170886185531044,0.09641182442862728,0.09555935859680176,3.966977119445801
0,7,0.6183177142330019,0.09612497529890773,0.05445265769958496,3.966977119445801
0,8,0.6249250455303342,0.10818759601091765,0.11466312408447266,3.966977119445801
0,9,0.6260606380000802,0.08960884878016062,0.0459592342376709,3.966977119445801
0,10,0.6339502791738926,0.08857629700438485,0.14274215698242188,3.966977119445801
0,11,0.634893793346198,0.0877421088349919,0.04048514366149902,3.966977119445801
0,12,0.6380243874799754,0.050189486514206516,0.07078242301940918,3.966977119445801
0,13,0.6449132569917778,0.05241175453963709,0.11196279525756836,3.966977119445801
0,14,0.6460061332781165,0.06291950161000026,0.04275202751159668,3.966977119445801
0,15,0.6520820809512212,0.05550313173931998,0.10411810874938965,3.966977119445801
0,16,0.6554300787831169,0.047669760617550905,0.06305670738220215,3.966977119445801
0,17,0.6580581298463392,0.04082274731263036,0.06418561935424805,3.966977119445801
0,18,0.666195810152358,0.03690095307716701,0.1337723731994629,3.966977119445801
0,19,0.6675181501719816,0.03801233776326185,0.04792451858520508,3.966977119445801
0,20,0.6736944028160782,0.0341301918398329,0.11098432540893555,3.966977119445801
0,21,0.6767964395873426,0.03566458990999488,0.07762336730957031,3.966977119445801
0,22,0.6821528976930412,0.03372440285291056,0.1022191047668457,3.966977119445801
0,23,0.6861677636982288,0.034590757701045693,0.0799245834350586,3.966977119445801
0,24,0.6891307799386024,0.02857096213626331,0.06934094429016113,3.966977119445801
0,25,0.6948114642443797,0.034316644692861664,0.10488557815551758,3.966977119445801
0,26,0.7003503658227226,0.02934118018901888,0.10479021072387695,3.966977119445801
0,27,0.7037096285627051,0.03304811619831327,0.07550716400146484,3.966977119445801
0,28,0.7086159519637457,0.025928565960606775,0.08790898323059082,3.966977119445801
0,29,0.7120429384851403,0.0270382249099671,0.07429170608520508,3.966977119445801
0,30,0.7176102728980152,0.030181451099302148,0.10923075675964355,3.966977119445801
0,31,0.7234681556673782,0.023024439911672134,0.12146949768066406,3.966977119445801
0,32,0.7268545072217598,0.02508512732067314,0.07582926750183105,3.966977119445801
0,33,0.7322754754509911,0.02487090328785979,0.10453343391418457,3.966977119445801
0,34,0.7357041873268158,0.024870581299071604,0.07349967956542969,3.966977119445801
0,35,0.7411298684214915,0.02741591259529097,0.10402178764343262,3.966977119445801
0,36,0.7471576384748333,0.023906988050809375,0.12420153617858887,3.966977119445801
0,37,0.7506140929370646,0.026932629026268806,0.0789785385131836,3.966977119445801
0,38,0.7563078622459869,0.026718631110893343,0.09990429878234863,3.966977119445801
0,39,0.7600262115685628,0.02956214286552561,0.08070564270019531,3.966977119445801
0,40,0.765406867851739,0.03252541485102811,0.10773682594299316,3.966977119445801
0,41,0.8054269843117887,0.14,0.2933022975921631,3.966977119445801
0,42,0.8088762195173477,0.1082871646774205,0.10261392593383789,3.966977119445801
0,43,0.8124494459136578,0.08112540018613357,0.10590219497680664,3.966977119445801
0,44,0.8176845873006611,0.06767419926292328,0.11084532737731934,3.966977119445801
0,45,0.8255832327328834,0.05846632865176138,0.17540383338928223,3.966977119445801
0,46,0.8277062962636104,0.06030570034782501,0.0823056697845459,3.966977119445801
0,47,0.832193517575317,0.05596052864472578,0.11063694953918457,3.966977119445801
0,48,0.8395439052522229,0.04457151773432955,0.18211650848388672,3.966977119445801
0,49,0.8416420838539636,0.05378664628686913,0.08838248252868652,3.966977119445801
0,50,0.8457858982067596,0.06247523372783481,0.1198573112487793,3.966977119445801
0,51,0.8514496882871427,0.06013736302321926,0.16239476203918457,3.966977119445801
0,52,0.8542934505766151,0.06441202651688138,0.11658644676208496,3.966977119445801
0,53,0.8571975073754163,0.07387881199525814,0.12396454811096191,3.966977119445801
0,54,0.860813816955989,0.09214829971597116,0.16279268264770508,3.966977119445801
0,55,0.8624739873326229,0.10251686926305548,0.11279654502868652,3.966977119445801
0,56,0.863977551842992,0.0947100287739373,0.12136173248291016,3.966977119445801
0,57,0.8656188008740442,0.10464517735950574,0.1605973243713379,3.966977119445801
0,58,0.8659230573169168,0.11069270793426877,0.08713817596435547,3.966977119445801
0,59,0.8668476674503589,0.08716211752802272,0.10746407508850098,3.966977119445801
0,60,0.8690035653833219,0.09913586644465977,0.1573336124420166,3.966977119445801
0,61,0.8700573442484496,0.08318180927486751,0.08843016624450684,3.966977119445801
0,62,0.8717627008483098,0.0840099868346681,0.12048029899597168,3.966977119445801
0,63,0.872657867022024,0.09462756132353356,0.08966994285583496,3.966977119445801
0,64,0.8751285059361766,0.09746797042650979,0.15979599952697754,3.966977119445801
0,65,0.8768517085244838,0.07475925928730653,0.11143207550048828,3.966977119445801
0,66,0.8782954431963166,0.0826887534581936,0.1045377254486084,3.966977119445801
0,67,0.8807287756505272,0.09073877573167355,0.16734814643859863,3.966977119445801
0,68,0.8811728571522424,0.09950000000000003,0.06506133079528809,3.966977119445801
0,69,0.8845029286880624,0.09733223789595646,0.1963346004486084,3.966977119445801
0,70,0.8848373354121766,0.09650000000000003,0.06734132766723633,3.966977119445801
0,71,0.8867622609968058,0.09008876956328882,0.14051270484924316,3.966977119445801
0,72,0.8883660034813604,0.09350000000000003,0.13638687133789062,3.966977119445801
0,73,0.8898157511312978,0.08543519407188438,0.12438201904296875,3.966977119445801
0,74,0.8904763769385267,0.09050000000000002,0.07680153846740723,3.966977119445801
0,75,0.89345743358346,0.07890536970377304,0.20710372924804688,3.966977119445801
0,76,0.8937488696938725,0.08100427185881609,0.06989908218383789,3.966977119445801
0,77,0.8955904785022473,0.08599999999999997,0.13950300216674805,3.966977119445801
0,78,0.8972263915132677,0.08450000000000002,0.1413557529449463,3.966977119445801
0,79,0.8988010025449826,0.07986878485402726,0.13199305534362793,3.966977119445801
0,80,0.8991910624866291,0.08150000000000002,0.07320165634155273,3.966977119445801
0,81,0.8823706715179456,0.08000000000000007,0.3616194725036621,3.966977119445801
0,82,0.881195389825301,0.07850000000000001,0.22303032875061035,3.966977119445801
0,83,0.8809326045177372,0.07700000000000007,0.22827506065368652,3.966977119445801
0,84,0.8812494465539346,0.07550000000000001,0.1085808277130127,3.966977119445801
0,85,0.8820468684328177,0.07400000000000001,0.16130542755126953,3.966977119445801
0,86,0.8823782726175621,0.07250000000000006,0.08286619186401367,3.966977119445801
0,87,0.883442741701548,0.07099999999999995,0.12914347648620605,3.966977119445801
0,88,0.8836314276412702,0.0695,0.06416916847229004,3.966977119445801
0,89,0.8856857837153029,0.06800000000000006,0.1916499137878418,3.966977119445801
0,90,0.8859533426571996,0.0665,0.07146763801574707,3.966977119445801
0,91,0.8868612178786554,0.06500000000000006,0.09973716735839844,3.966977119445801
0,92,0.8877376099519512,0.0635,0.0964207649230957,3.966977119445801
0,93,0.888283878320084,0.062000000000000055,0.08526921272277832,3.966977119445801
0,94,0.8899557170740058,0.060500000000000054,0.15723586082458496,3.966977119445801
0,95,0.8905653595513763,0.05900000000000005,0.09230756759643555,3.966977119445801
0,96,0.8912189319839658,0.05750000000000005,0.09263825416564941,3.966977119445801
0,97,0.8919985615394622,0.05600000000000005,0.09888315200805664,3.966977119445801
0,98,0.8936274184077364,0.05449999999999999,0.1627347469329834,3.966977119445801
0,99,0.895113689513132,0.05300000000000005,0.16160154342651367,3.966977119445801
0,100,0.8957979045572391,0.051500000000000046,0.08588814735412598,3.966977119445801
0,101,0.8962602757637366,0.050000000000000044,0.07629084587097168,3.966977119445801
0,102,0.8978681902839858,0.048500000000000015,0.14912962913513184,3.966977119445801
0,103,0.8995818097778836,0.04700000000000004,0.16716623306274414,3.966977119445801
0,104,0.9002354807545488,0.04550000000000001,0.07768011093139648,3.966977119445801
0,105,0.9007587111397488,0.04400000000000004,0.07430195808410645,3.966977119445801
0,106,0.9024573656671242,0.04249999999999998,0.15477275848388672,3.966977119445801
0,107,0.9042206895553131,0.041000000000000036,0.18022680282592773,3.966977119445801
0,108,0.9051814703883514,0.03949999999999998,0.10019659996032715,3.966977119445801
0,109,0.9064996769455922,0.038000000000000034,0.11855244636535645,3.966977119445801
0,110,0.9080540567331203,0.03649999999999998,0.1596677303314209,3.966977119445801
0,111,0.9093771173424603,0.03500000000000003,0.1679248809814453,3.966977119445801
0,112,0.9104553021782007,0.033499999999999974,0.11363005638122559,3.966977119445801
0,113,0.9119005725859917,0.03200000000000003,0.17268013954162598,3.966977119445801
0,114,0.9133725497249263,0.030500000000000083,0.1785271167755127,3.966977119445801
0,115,0.9144991851679717,0.029000000000000026,0.10964322090148926,3.966977119445801
0,116,0.9159547293907517,0.02750000000000008,0.2027583122253418,3.966977119445801
0,117,0.9175198177562738,0.026000000000000023,0.19828462600708008,3.966977119445801
0,118,0.9186666012908757,0.024500000000000077,0.12144875526428223,3.966977119445801
0,119,0.92051298367551,0.02300000000000002,0.27930736541748047,3.966977119445801
0,120,0.9214604001506457,0.021500000000000075,0.11964225769042969,3.966977119445801
0,121,0.8745331820421227,0.020000000000000073,0.6929898262023926,3.966977119445801
0,122,0.8737593815160862,0.020000000000000073,0.28411102294921875,3.966977119445801
0,123,0.8733666815341853,0.020000000000000018,0.238419771194458,3.966977119445801
0,124,0.8731514509664333,0.020000000000000073,0.11316323280334473,3.966977119445801
0,125,0.8726358362520039,0.020000000000000018,0.21878361701965332,3.966977119445801
0,126,0.8725052041377601,0.020000000000000073,0.0847170352935791,3.966977119445801
0,127,0.8722865846605226,0.020000000000000018,0.11837196350097656,3.966977119445801
0,128,0.8719782955234192,0.020000000000000018,0.1515951156616211,3.966977119445801
0,129,0.8717944628076997,0.020000000000000018,0.10779094696044922,3.966977119445801
0,130,0.8716375431876523,0.020000000000000018,0.07636094093322754,3.966977119445801
0,131,0.871405371489449,0.020000000000000018,0.1138603687286377,3.966977119445801
0,132,0.8713484240698863,0.020000000000000073,0.06579709053039551,3.966977119445801
0,133,0.8709479687594377,0.020000000000000018,0.15058493614196777,3.966977119445801
0,134,0.8708697881508257,0.020000000000000018,0.0664069652557373,3.966977119445801
0,135,0.8707900567507901,0.020000000000000018,0.06474018096923828,3.966977119445801
0,136,0.8705594700773205,0.020000000000000018,0.07406735420227051,3.966977119445801
0,137,0.8703576995425122,0.020000000000000018,0.10872387886047363,3.966977119445801
0,138,0.8700165945970391,0.020000000000000018,0.14725780487060547,3.966977119445801
0,139,0.8699562535481326,0.020000000000000073,0.062157392501831055,3.966977119445801
0,140,0.86980320924237,0.020000000000000018,0.060240983963012695,3.966977119445801
0,141,0.8696482428833675,0.020000000000000073,0.09163689613342285,3.966977119445801
0,142,0.8694769835115438,0.020000000000000073,0.06913208961486816,3.966977119445801
0,143,0.8694403511717272,0.020000000000000018,0.052407264709472656,3.966977119445801
0,144,0.8692448205118828,0.020000000000000018,0.09047174453735352,3.966977119445801
0,145,0.869216437975894,0.020000000000000018,0.04358863830566406,3.966977119445801
0,146,0.8689627705019037,0.020000000000000018,0.09733295440673828,3.966977119445801
0,147,0.8689403487261174,0.020000000000000018,0.04481983184814453,3.966977119445801
0,148,0.8687830913720116,0.020000000000000018,0.06986427307128906,3.966977119445801
0,149,0.8686827733472546,0.020000000000000018,0.07514786720275879,3.966977119445801
0,150,0.8685200510786667,0.020000000000000018,0.06755304336547852,3.966977119445801
0,1,0.6083162965497341,0.2,0.7803926467895508,3.960644245147705
0,2,0.6063799776098778,0.1985,0.15580463409423828,3.966977119445801
0,3,0.6071143332984346,0.17809282111441493,0.10449528694152832,3.966977119445801
0,4,0.6103970045449618,0.15598841485340198,0.1032862663269043,3.966977119445801
0,5,0.6115133113295081,0.14645940454349393,0.05532264709472656,3.966977119445801
0,6,0.6170096150355863,0.10714616113003927,0.09791016578674316,3.966977119445801
0,7,0.618248163810941,0.09272527162583899,0.0653834342956543,3.966977119445801
0,8,0.6248699334972596,0.10531198920724016,0.10026216506958008,3.966977119445801
0,9,0.6259910403680953,0.0861672897491158,0.04460883140563965,3.966977119445801
0,10,0.6340007089893365,0.08630684974227798,0.14129924774169922,3.966977119445801
0,11,0.6349284363511154,0.08549369920988925,0.04404449462890625,3.966977119445801
0,12,0.6387598909849093,0.05039394983717338,0.09158968925476074,3.966977119445801
0,13,0.6424139281318885,0.053957958659046734,0.08260202407836914,3.966977119445801
0,14,0.6473235413525257,0.056159123442705794,0.11208939552307129,3.966977119445801
0,15,0.6529138938951271,0.059596279107355876,0.11770272254943848,3.966977119445801
0,16,0.6552352356474476,0.05088035683532044,0.07186532020568848,3.966977119445801
0,17,0.657959102337192,0.0495355349139569,0.062186479568481445,3.966977119445801
0,18,0.665836509539089,0.04064719981760856,0.1226949691772461,3.966977119445801
0,19,0.6674107145789119,0.039793039124246476,0.04989171028137207,3.966977119445801
0,20,0.6734650085511709,0.034836959579080506,0.12467598915100098,3.966977119445801
0,21,0.6770345163735415,0.0356430045275673,0.0745401382446289,3.966977119445801
0,22,0.6820766575346826,0.03208108403446597,0.1101222038269043,3.966977119445801
0,23,0.6862826275625565,0.033843196385729524,0.08846807479858398,3.966977119445801
0,24,0.6891005283566096,0.027979809002507627,0.07169175148010254,3.966977119445801
0,25,0.694778743395065,0.03365569144385905,0.11182236671447754,3.966977119445801
0,26,0.7004881364618527,0.028685862689928787,0.10500955581665039,3.966977119445801
0,27,0.7033772965368323,0.031407562811910705,0.06872153282165527,3.966977119445801
0,28,0.7085143192887094,0.030824664632567722,0.08730959892272949,3.966977119445801
0,29,0.7122960463544474,0.027056411130451985,0.07232904434204102,3.966977119445801
0,30,0.7181688883743296,0.024849489960281357,0.10851478576660156,3.966977119445801
0,31,0.7236012584571019,0.025423513342222925,0.10492634773254395,3.966977119445801
0,32,0.7265665084049946,0.02340211262201608,0.0663292407989502,3.966977119445801
0,33,0.7319374552097377,0.024178631538730788,0.09168267250061035,3.966977119445801
0,34,0.7336913893668473,0.02717854845650225,0.05374503135681152,3.966977119445801
0,35,0.7438774325098192,0.022901879465226205,0.1737222671508789,3.966977119445801
0,36,0.746082021574991,0.026516262044565808,0.06659126281738281,3.966977119445801
0,37,0.750511011182285,0.025373938830663745,0.08320164680480957,3.966977119445801
0,38,0.7568653804743124,0.02677832381022216,0.10956811904907227,3.966977119445801
0,39,0.7583756600296818,0.03003628051368512,0.06423425674438477,3.966977119445801
0,40,0.7680494843111212,0.02900498554146147,0.16961407661437988,3.966977119445801
0,41,0.8057544918435375,0.14,0.2776780128479004,3.966977119445801
0,42,0.80894845476828,0.10637449764105467,0.09707474708557129,3.966977119445801
0,43,0.8128155494016911,0.08011062256648738,0.10364317893981934,3.966977119445801
0,44,0.8192989808877975,0.06744867577328606,0.13872003555297852,3.966977119445801
0,45,0.8241989148090096,0.056380419320196884,0.1288435459136963,3.966977119445801
0,46,0.8276469020302242,0.056099346914490256,0.09544038772583008,3.966977119445801
0,47,0.8341014696441519,0.056252180675333885,0.14539384841918945,3.966977119445801
0,48,0.8386881550349806,0.04555172299497212,0.1320817470550537,3.966977119445801
0,49,0.8416362983292146,0.0511243155175396,0.10221028327941895,3.966977119445801
0,50,0.8485149820754254,0.05842753383693833,0.18599319458007812,3.966977119445801
0,51,0.8506966061933058,0.0657542484160516,0.09353232383728027,3.966977119445801
0,52,0.8544549742649032,0.06136723128156285,0.11995744705200195,3.966977119445801
0,53,0.8588609776110216,0.07284077918718224,0.19188165664672852,3.966977119445801
0,54,0.8611305276251311,0.0870110482249492,0.11753726005554199,3.966977119445801
0,55,0.8634454487483,0.09639151437759275,0.12546110153198242,3.966977119445801
0,56,0.866050422822389,0.0909276732183261,0.16336798667907715,3.966977119445801
0,57,0.8667585882045028,0.09579042573487051,0.1053004264831543,3.966977119445801
0,58,0.8672158562724237,0.10878366389150096,0.11631274223327637,3.966977119445801
0,59,0.8683591395756172,0.08456035033272302,0.15792346000671387,3.966977119445801
0,60,0.8694322483026113,0.09435823398622367,0.0895688533782959,3.966977119445801
0,61,0.8714802510665263,0.10148233538356899,0.1504814624786377,3.966977119445801
0,62,0.8725490676285543,0.08182441024215004,0.08710432052612305,3.966977119445801
0,63,0.8748505682705188,0.09093968477993442,0.1538105010986328,3.966977119445801
0,64,0.8759011975956357,0.09800580163912287,0.08641862869262695,3.966977119445801
0,65,0.8776941488669773,0.08248193413739979,0.1356046199798584,3.966977119445801
0,66,0.8793715474728842,0.07938673579364908,0.10390210151672363,3.966977119445801
0,67,0.8812045530848731,0.08623707208527964,0.13808894157409668,3.966977119445801
0,68,0.8826467479133484,0.0967227429017572,0.1032264232635498,3.966977119445801
0,69,0.884397862567797,0.09799999999999998,0.13843178749084473,3.966977119445801
0,70,0.8861734693925313,0.09650000000000003,0.15670418739318848,3.966977119445801
0,71,0.8879122749741173,0.08703539222466827,0.15161871910095215,3.966977119445801
0,72,0.8886024674060942,0.09350000000000003,0.09929585456848145,3.966977119445801
0,73,0.8891898709059878,0.08555341833652519,0.08017945289611816,3.966977119445801
0,74,0.8926820420909651,0.09050000000000002,0.23247790336608887,3.966977119445801
0,75,0.8930985548332033,0.07586813086631194,0.08785176277160645,3.966977119445801
0,76,0.8940850744185203,0.07933606466200027,0.10230040550231934,3.966977119445801
0,77,0.8957684872638674,0.08600000000000008,0.14777708053588867,3.966977119445801
0,78,0.897902574875954,0.08450000000000002,0.16277265548706055,3.966977119445801
0,79,0.8984668881522873,0.07864913372331195,0.08532929420471191,3.966977119445801
0,80,0.9005220085630155,0.08150000000000002,0.17110562324523926,3.966977119445801
0,81,0.8828375399938815,0.08000000000000007,0.3760507106781006,3.966977119445801
0,82,0.881691437664078,0.07850000000000001,0.2060248851776123,3.966977119445801
0,83,0.8813083175007671,0.07700000000000007,0.2670862674713135,3.966977119445801
0,84,0.881561624969531,0.07550000000000001,0.12480711936950684,3.966977119445801
0,85,0.8823371346145537,0.07400000000000001,0.16772675514221191,3.966977119445801
0,86,0.8827229276465676,0.07250000000000006,0.09389638900756836,3.966977119445801
0,87,0.8834246133751715,0.07100000000000006,0.08786153793334961,3.966977119445801
0,88,0.8839962110288624,0.0695,0.10036039352416992,3.966977119445801
0,89,0.8855585293104754,0.06800000000000006,0.13268256187438965,3.966977119445801
0,90,0.8861502227560992,0.0665,0.08383059501647949,3.966977119445801
0,91,0.8867136085205904,0.06500000000000006,0.07895946502685547,3.966977119445801
0,92,0.887295576568672,0.0635,0.07880496978759766,3.966977119445801
0,93,0.8891778728163864,0.062000000000000055,0.14800572395324707,3.966977119445801
0,94,0.8897278751588482,0.0605,0.08629870414733887,3.966977119445801
0,95,0.8903712760625934,0.05900000000000005,0.08157706260681152,3.966977119445801
0,96,0.8909814757005581,0.057499999999999996,0.08565545082092285,3.966977119445801
0,97,0.8925950631289445,0.05600000000000005,0.14169764518737793,3.966977119445801
0,98,0.8939794258010427,0.05449999999999999,0.14934802055358887,3.966977119445801
0,99,0.8946268995162525,0.05300000000000005,0.08150458335876465,3.966977119445801
0,100,0.8950488271185071,0.051500000000000046,0.07917475700378418,3.966977119445801
0,101,0.8967116663039127,0.050000000000000044,0.16449761390686035,3.966977119445801
0,102,0.8984186710039362,0.048500000000000015,0.16764235496520996,3.966977119445801
0,103,0.8991493305255807,0.04700000000000004,0.08715081214904785,3.966977119445801
0,104,0.9003387813607142,0.04550000000000001,0.10673403739929199,3.966977119445801
0,105,0.9008943802601554,0.04400000000000004,0.07757234573364258,3.966977119445801
0,106,0.9023898201981035,0.04249999999999998,0.15176820755004883,3.966977119445801
0,107,0.9042186123133116,0.041000000000000036,0.1752777099609375,3.966977119445801
0,108,0.9051759047463435,0.039500000000000035,0.09589266777038574,3.966977119445801
0,109,0.9064558654001477,0.038000000000000034,0.10551190376281738,3.966977119445801
0,110,0.9076813221643562,0.03649999999999998,0.1624317169189453,3.966977119445801
0,111,0.9093679153452761,0.03500000000000003,0.17130374908447266,3.966977119445801
0,112,0.9102589001906154,0.033499999999999974,0.09533429145812988,3.966977119445801
0,113,0.911971870451743,0.03200000000000003,0.18269729614257812,3.966977119445801
0,114,0.9131915836500017,0.030500000000000083,0.12165451049804688,3.966977119445801
0,115,0.9146041368825721,0.029000000000000026,0.17153382301330566,3.966977119445801
0,116,0.9160366017558117,0.02750000000000008,0.18634700775146484,3.966977119445801
0,117,0.9171976705498769,0.02600000000000008,0.11610913276672363,3.966977119445801
0,118,0.9190477438792856,0.024500000000000077,0.2673978805541992,3.966977119445801
0,119,0.9199851693383319,0.02300000000000002,0.11661338806152344,3.966977119445801
0,120,0.9218098415862226,0.021500000000000075,0.2683405876159668,3.966977119445801
0,121,0.874412026394332,0.020000000000000073,0.6808443069458008,3.966977119445801
0,122,0.8736255660129917,0.020000000000000073,0.28577136993408203,3.966977119445801
0,123,0.8733376089930165,0.020000000000000073,0.19676518440246582,3.966977119445801
0,124,0.8728447841040741,0.020000000000000018,0.22042560577392578,3.966977119445801
0,125,0.872636684943733,0.020000000000000018,0.12341165542602539,3.966977119445801
0,126,0.8724392928062834,0.020000000000000073,0.10123991966247559,3.966977119445801
0,127,0.8720340202961495,0.020000000000000073,0.18917179107666016,3.966977119445801
0,128,0.8719085665989263,0.020000000000000018,0.08045506477355957,3.966977119445801
0,129,0.8716871190830645,0.020000000000000073,0.11062097549438477,3.966977119445801
0,130,0.8715173755280016,0.020000000000000073,0.0790102481842041,3.966977119445801
0,131,0.8713885186762936,0.020000000000000018,0.09755706787109375,3.966977119445801
0,132,0.8710288231329384,0.020000000000000018,0.16104936599731445,3.966977119445801
0,133,0.8708284660750316,0.020000000000000018,0.11484003067016602,3.966977119445801
0,134,0.870679204625096,0.020000000000000018,0.07231736183166504,3.966977119445801
0,135,0.8705683745328572,0.020000000000000018,0.08343887329101562,3.966977119445801
0,136,0.8703382414569221,0.020000000000000018,0.09195089340209961,3.966977119445801
0,137,0.8701946518743559,0.020000000000000018,0.10079360008239746,3.966977119445801
0,138,0.8699757515145501,0.020000000000000018,0.09666991233825684,3.966977119445801
0,139,0.8699292510401995,0.020000000000000073,0.060413360595703125,3.966977119445801
0,140,0.8695993513296563,0.020000000000000018,0.1666860580444336,3.966977119445801
0,141,0.8695597232929229,0.020000000000000018,0.06130504608154297,3.966977119445801
0,142,0.8694578498990877,0.020000000000000073,0.06521987915039062,3.966977119445801
0,143,0.869345982776779,0.020000000000000018,0.08133673667907715,3.966977119445801
0,144,0.8691445418153774,0.020000000000000018,0.07451224327087402,3.966977119445801
0,145,0.8691104674482162,0.020000000000000018,0.04597640037536621,3.966977119445801
0,146,0.8687621017189278,0.020000000000000018,0.15896892547607422,3.966977119445801
0,147,0.8687064145231918,0.020000000000000018,0.05652475357055664,3.966977119445801
0,148,0.8686759621083688,0.020000000000000018,0.0462031364440918,3.966977119445801
0,149,0.8685218758479971,0.020000000000000018,0.06604456901550293,3.966977119445801
0,150,0.8684392860186719,0.020000000000000018,0.06868481636047363,3.966977119445801
